screen_id,usability,layout_quality,visual_complexity,screen_mean
52214,2.8,3.1,3.5,3.13
17476,2.5,2.8,2.2,2.5
1165,2.8,3.15,3.5,3.15
59041,3.2,3.5,2.8,3.17
2844,3.5,3.8,3.2,3.5
26390,2.5,2.8,2.2,2.5
24971,3.5,3.8,2.2,3.17
19321,3.5,3.8,2.2,3.17
58713,3.8,4.2,2.5,3.5
16870,3.5,3.8,2.2,3.17
54764,2.5,2.3,3.1,2.63
58988,3.5,3.8,2.7,3.33
68868,3.5,3.8,2.7,3.33
46124,3.5,3.25,2.75,3.17
15815,3.2,3.0,2.5,2.9
48987,2.5,2.8,1.9,2.4
38037,2.8,3.1,3.5,3.13
12105,3.5,3.8,2.2,3.17
1197,2.5,2.8,1.9,2.4
16286,2.5,2.0,1.5,2.0
24676,2.8,3.1,3.5,3.13
2560,3.2,3.5,2.1,2.93
43510,2.5,3.0,2.2,2.57
4972,2.5,2.8,3.1,2.8
11742,4.2,4.0,2.5,3.57
47138,2.8,3.1,1.9,2.6
2336,2.5,3.0,2.0,2.5
57382,3.6,3.8,2.5,3.3
52984,4.2,3.8,1.5,3.17
56432,4.2,4.0,2.1,3.43
46098,3.5,3.25,2.0,2.92
37888,2.8,3.1,3.5,3.13
24791,2.5,2.2,3.0,2.57
39834,2.5,2.8,2.2,2.5
48913,3.2,3.5,3.0,3.23
28655,3.5,3.25,2.75,3.17
63417,3.6,3.8,2.5,3.3
67317,3.5,3.0,3.25,3.25
10418,2.5,2.3,2.0,2.27
60148,3.2,3.5,2.8,3.17
63171,4.2,4.0,2.5,3.57
20767,2.5,3.0,3.2,2.9
56231,2.5,3.0,2.2,2.57
3808,3.2,3.5,2.1,2.93
32799,3.8,4.0,2.5,3.43
28634,2.5,2.0,2.2,2.23
20505,3.5,3.2,2.8,3.17
24466,3.2,3.5,2.1,2.93
8102,3.5,3.8,3.2,3.5
60444,2.5,2.8,3.2,2.83
32555,3.8,4.0,2.5,3.43
16853,3.25,3.0,2.5,2.92
16226,2.5,2.8,3.1,2.8
35308,2.5,3.0,2.2,2.57
16480,2.5,3.0,1.5,2.33
3400,2.5,2.8,3.2,2.83
65930,3.2,3.5,2.8,3.17
33029,3.5,3.25,2.75,3.17
49832,3.2,3.5,2.8,3.17
27726,2.5,2.8,4.2,3.17
63252,2.5,3.0,1.8,2.43
12896,2.5,3.0,2.1,2.53
58264,3.2,3.5,2.8,3.17
40482,2.5,3.0,3.2,2.9
4555,3.5,3.25,2.75,3.17
18361,3.2,3.5,2.8,3.17
911,3.5,3.2,4.0,3.57
7079,2.5,2.2,3.0,2.57
35220,3.5,3.8,2.2,3.17
15280,3.5,3.25,2.75,3.17
46547,2.8,3.2,3.5,3.17
29617,2.5,2.8,2.2,2.5
64763,3.5,3.25,2.75,3.17
51510,2.8,3.1,3.5,3.13
50826,3.5,3.8,2.2,3.17
68408,3.5,3.2,2.0,2.9
66845,3.2,3.5,2.8,3.17
34176,3.25,3.5,2.1,2.95
48130,3.2,3.5,2.8,3.17
22954,2.5,2.3,3.1,2.63
56632,3.2,3.5,2.8,3.17
14665,3.5,3.25,2.75,3.17
13049,3.8,4.2,2.5,3.5
53758,2.5,2.8,3.2,2.83
25264,3.5,3.8,2.2,3.17
6107,3.2,3.5,2.8,3.17
29381,3.5,3.8,2.7,3.33
9905,3.5,3.25,2.0,2.92
15340,3.8,3.5,2.2,3.17
66436,3.5,3.8,2.2,3.17
25609,2.5,3.0,2.75,2.75
67140,3.5,3.8,2.2,3.17
16753,3.5,3.8,2.2,3.17
3532,3.5,3.2,2.8,3.17
28641,2.8,3.1,2.5,2.8
40118,2.5,2.8,1.7,2.33
51983,2.1,2.3,3.5,2.63
65057,2.8,3.1,2.5,2.8
34368,3.5,3.25,2.75,3.17
20968,2.5,2.8,3.2,2.83
34706,2.5,3.0,2.2,2.57
3375,2.5,3.0,2.2,2.57
24058,2.1,2.3,3.8,2.73
54358,2.5,3.0,2.75,2.75
27880,3.2,3.8,2.5,3.17
56461,3.5,3.25,2.0,2.92
71744,2.8,3.2,2.5,2.83
55214,2.5,3.0,1.8,2.43
52874,3.5,3.8,2.2,3.17
14790,3.2,3.0,2.5,2.9
50219,2.8,3.1,2.3,2.73
5194,3.25,3.5,2.75,3.17
21568,3.25,3.5,2.75,3.17
45392,3.5,3.25,2.75,3.17
58223,2.5,3.0,2.2,2.57
26385,3.2,3.5,2.8,3.17
21012,2.8,3.1,3.5,3.13
40664,4.5,4.2,2.1,3.6
3528,3.8,4.2,2.5,3.5
28107,3.2,3.5,2.8,3.17
70985,2.5,2.8,2.2,2.5
52267,3.5,3.8,2.7,3.33
55555,2.5,2.8,3.2,2.83
46858,3.8,3.9,2.5,3.4
24742,2.8,3.1,2.5,2.8
55294,2.8,3.1,2.5,2.8
31727,3.5,3.8,2.2,3.17
65628,3.2,3.5,2.8,3.17
60766,4.2,4.0,2.5,3.57
61284,2.8,3.1,2.5,2.8
13729,3.2,3.5,2.8,3.17
25333,4.5,3.8,2.2,3.5
64256,3.5,3.0,1.5,2.67
12124,2.5,2.8,3.2,2.83
63120,3.5,3.25,2.75,3.17
31053,3.5,3.25,2.0,2.92
36688,3.5,3.8,2.2,3.17
27926,2.5,3.0,4.2,3.23
14426,4.2,4.0,2.5,3.57
24148,3.2,3.5,2.8,3.17
70167,2.5,2.8,2.2,2.5
7224,2.5,2.0,1.5,2.0
47510,3.5,3.8,2.7,3.33
67764,2.1,2.3,3.8,2.73
5750,3.25,3.0,3.75,3.33
30999,2.5,3.0,1.5,2.33
24252,3.2,3.5,2.8,3.17
53347,2.5,3.0,2.75,2.75
43113,3.2,3.5,2.8,3.17
36338,2.5,3.0,3.2,2.9
6836,3.5,3.8,2.2,3.17
7027,3.5,3.25,2.0,2.92
52498,3.2,2.8,3.5,3.17
40447,3.2,3.0,2.5,2.9
19589,3.2,3.5,2.8,3.17
27748,4.5,4.25,2.75,3.83
19327,2.5,2.8,3.2,2.83
26498,2.5,2.8,2.2,2.5
59269,3.5,3.0,2.0,2.83
47149,3.2,3.5,2.8,3.17
4572,2.5,3.0,1.5,2.33
27614,3.2,3.5,2.8,3.17
59392,2.5,2.3,2.0,2.27
48628,2.5,3.0,1.8,2.43
38465,3.2,3.5,2.1,2.93
69226,3.2,3.5,2.1,2.93
48551,2.8,3.1,3.5,3.13
36583,2.5,2.8,3.2,2.83
34197,3.5,3.25,2.75,3.17
24725,2.5,2.0,1.5,2.0
19243,4.2,4.0,2.5,3.57
43780,3.5,3.25,2.75,3.17
42764,2.5,3.0,2.75,2.75
16102,2.5,2.8,2.2,2.5
59946,2.8,3.1,3.5,3.13
13128,3.5,3.8,2.2,3.17
66790,2.5,2.0,1.5,2.0
17370,3.5,3.8,2.7,3.33
20314,3.5,3.25,2.75,3.17
51437,3.2,3.5,2.8,3.17
20787,2.5,2.8,3.7,3.0
62285,3.2,3.5,2.1,2.93
54995,3.2,3.5,2.1,2.93
38051,2.5,2.2,3.8,2.83
49356,2.1,2.5,1.8,2.13
14255,2.8,3.1,3.5,3.13
35616,3.5,3.25,2.75,3.17
35410,3.5,3.25,2.75,3.17
49325,3.5,3.2,2.8,3.17
41043,3.8,4.0,2.5,3.43
45014,3.2,3.8,2.5,3.17
26807,2.5,2.2,4.1,2.93
8987,3.8,4.2,2.5,3.5
4662,3.5,3.8,2.2,3.17
66769,2.5,3.0,2.2,2.57
72188,3.5,3.25,2.0,2.92
10766,2.5,2.3,2.0,2.27
5498,3.5,3.25,2.75,3.17
57676,2.5,3.0,1.5,2.33
17680,2.5,2.0,1.0,1.83
55067,2.8,3.1,3.5,3.13
68368,3.2,3.5,2.1,2.93
45595,2.5,2.3,3.1,2.63
59643,3.5,3.8,2.2,3.17
27871,3.2,3.0,2.5,2.9
60783,2.5,2.3,3.1,2.63
52325,2.5,2.2,3.8,2.83
32794,3.5,3.2,2.0,2.9
17494,3.2,3.5,2.8,3.17
29637,3.2,3.5,2.8,3.17
38915,2.5,2.0,1.5,2.0
20679,3.5,3.8,2.2,3.17
40137,2.8,3.1,2.3,2.73
10194,3.2,3.5,2.8,3.17
7890,3.2,3.5,2.8,3.17
5776,2.8,3.1,3.5,3.13
67727,3.5,3.25,2.75,3.17
57608,3.5,3.2,2.8,3.17
27653,3.2,3.5,2.8,3.17
9035,2.8,3.1,2.5,2.8
43196,2.5,3.0,1.5,2.33
60343,2.8,3.1,2.5,2.8
22064,2.5,2.0,1.5,2.0
43656,3.5,3.8,2.2,3.17
70129,2.5,3.0,1.5,2.33
17152,3.5,3.8,2.2,3.17
67394,3.5,3.25,2.0,2.92
51293,3.5,3.8,2.7,3.33
29946,2.5,2.3,3.1,2.63
65557,2.5,2.8,2.2,2.5
52187,2.5,3.0,2.2,2.57
43655,4.2,4.0,2.5,3.57
50209,3.5,3.8,2.2,3.17
23363,2.5,2.0,1.5,2.0
9801,3.2,3.5,2.8,3.17
3493,2.5,2.3,3.8,2.87
60380,2.5,2.3,3.8,2.87
20894,3.8,4.0,2.5,3.43
45743,3.5,3.25,2.75,3.17
7871,3.2,3.5,2.8,3.17
6146,3.8,4.2,2.5,3.5
70798,3.2,3.0,2.5,2.9
45126,3.5,3.8,2.7,3.33
70543,2.8,3.1,2.5,2.8
10033,2.5,3.0,3.2,2.9
49515,3.5,3.8,2.7,3.33
31714,3.5,3.25,2.75,3.17
42440,3.2,3.5,2.8,3.17
11286,2.5,2.8,3.2,2.83
17513,2.5,3.0,2.75,2.75
71230,2.5,2.8,1.9,2.4
34257,3.2,3.5,2.8,3.17
67979,2.8,3.1,3.5,3.13
64908,3.2,3.5,2.8,3.17
63230,3.2,3.5,2.1,2.93
30520,3.2,3.5,3.8,3.5
26053,2.1,2.3,1.8,2.07
13871,3.2,3.5,2.8,3.17
26139,3.5,3.25,2.0,2.92
67905,2.5,2.8,3.2,2.83
47521,2.5,3.0,1.5,2.33
7477,3.2,3.5,2.8,3.17
15278,2.5,2.2,2.0,2.23
15712,2.5,2.3,3.8,2.87
58401,2.5,2.8,3.2,2.83
42245,2.5,3.0,2.2,2.57
63879,3.5,3.25,2.75,3.17
14613,3.6,3.8,2.5,3.3
9418,3.5,3.2,2.8,3.17
60257,2.1,2.3,1.5,1.97
45295,3.2,3.5,2.8,3.17
60597,2.5,2.3,3.8,2.87
18417,2.5,3.0,4.2,3.23
18579,3.2,3.5,2.8,3.17
5366,2.5,2.8,3.1,2.8
41533,3.5,3.8,2.7,3.33
7470,3.5,3.25,2.75,3.17
46393,2.1,2.3,1.5,1.97
2114,3.2,3.5,2.1,2.93
27758,2.5,2.3,2.7,2.5
44929,3.2,3.0,2.5,2.9
67512,3.5,3.75,2.25,3.17
5003,3.5,3.25,2.75,3.17
38113,3.2,3.5,2.8,3.17
8539,3.5,4.0,2.2,3.23
24203,3.5,3.2,2.0,2.9
7122,2.5,2.8,3.2,2.83
45739,3.2,3.0,2.5,2.9
59915,3.5,3.8,2.7,3.33
58276,3.2,3.5,2.1,2.93
55664,2.8,3.2,2.5,2.83
23515,2.8,3.1,2.5,2.8
57165,2.5,3.0,3.75,3.08
30793,3.2,3.5,2.8,3.17
36558,3.2,3.5,2.8,3.17
54449,2.5,3.0,2.2,2.57
9972,2.5,2.8,3.2,2.83
34900,3.5,3.25,2.75,3.17
3913,2.5,2.8,3.2,2.83
69333,3.5,3.8,2.7,3.33
44296,3.2,3.5,2.8,3.17
39988,2.5,3.0,3.2,2.9
18105,2.5,2.8,3.1,2.8
26586,3.5,3.8,2.2,3.17
25060,3.2,3.5,2.8,3.17
14287,3.2,3.5,2.8,3.17
32645,3.5,3.8,2.2,3.17
11384,2.5,3.0,2.2,2.57
48854,3.5,3.8,2.2,3.17
46660,3.25,3.5,3.75,3.5
25402,3.2,3.5,2.8,3.17
48862,2.5,2.0,1.0,1.83
24779,2.1,2.5,1.2,1.93
10485,3.2,3.5,2.8,3.17
14764,2.5,2.2,2.8,2.5
56828,3.5,3.25,2.75,3.17
51682,2.5,2.8,3.1,2.8
13927,3.2,3.0,2.5,2.9
25326,3.2,3.0,2.5,2.9
145,2.5,3.0,1.8,2.43
69686,2.5,2.3,2.7,2.5
12070,3.5,3.8,2.2,3.17
667,3.5,3.8,2.2,3.17
32158,2.8,3.1,3.5,3.13
14754,3.5,3.8,2.2,3.17
44089,3.5,3.2,2.1,2.93
25968,3.5,3.25,3.0,3.25
28678,3.2,3.5,2.8,3.17
54284,3.5,3.25,2.75,3.17
4221,3.5,3.8,2.2,3.17
2436,3.2,3.5,2.8,3.17
45735,2.8,3.1,2.5,2.8
18838,3.5,3.8,2.2,3.17
57836,2.5,2.8,3.2,2.83
71673,3.8,4.0,2.5,3.43
68220,2.5,2.8,1.9,2.4
47750,3.2,3.5,2.8,3.17
48062,3.8,4.0,2.2,3.33
41356,3.5,3.8,2.2,3.17
26274,3.2,3.5,2.8,3.17
61826,3.5,3.8,2.2,3.17
41374,3.5,3.8,2.2,3.17
63277,2.5,3.0,2.2,2.57
37076,2.8,3.1,2.5,2.8
22840,2.5,3.0,2.0,2.5
16322,2.8,3.1,2.5,2.8
16497,2.5,2.3,3.1,2.63
53612,2.5,3.0,3.2,2.9
38652,2.8,3.1,2.5,2.8
33689,2.5,3.0,2.2,2.57
38158,3.8,3.9,2.5,3.4
37340,2.5,3.0,3.2,2.9
40981,3.2,3.5,3.8,3.5
66980,3.8,4.2,2.5,3.5
5822,2.8,3.1,3.5,3.13
13618,3.8,3.9,2.5,3.4
54561,2.5,2.8,3.2,2.83
53198,2.5,2.8,3.1,2.8
52762,3.5,3.8,2.7,3.33
16585,3.2,3.8,2.5,3.17
14043,3.5,3.8,2.2,3.17
36777,3.5,3.8,2.2,3.17
58168,3.25,3.5,3.75,3.5
32736,3.5,3.0,1.5,2.67
62838,2.5,2.8,2.2,2.5
66843,2.5,3.0,2.2,2.57
17349,2.1,2.3,3.5,2.63
2663,3.8,4.2,2.5,3.5
22912,2.5,2.8,2.2,2.5
22829,3.2,3.5,2.8,3.17
45553,3.2,3.5,2.8,3.17
39792,2.5,2.8,2.2,2.5
1936,2.8,3.1,2.5,2.8
38034,2.5,2.8,3.1,2.8
22412,3.5,3.8,2.7,3.33
28682,2.5,2.8,3.2,2.83
40687,2.8,3.1,3.5,3.13
267,2.5,3.0,2.2,2.57
67642,2.5,3.0,3.2,2.9
70847,2.5,2.3,1.8,2.2
1505,2.5,2.3,2.7,2.5
39454,3.5,3.75,2.25,3.17
63315,3.5,3.8,2.7,3.33
66807,3.25,3.5,3.75,3.5
66476,3.5,3.25,3.0,3.25
46441,3.5,3.8,2.7,3.33
16555,2.5,2.8,2.2,2.5
13358,3.5,3.8,2.2,3.17
5312,3.25,3.0,3.5,3.25
45822,3.5,3.8,2.2,3.17
65189,3.5,3.8,2.2,3.17
10976,2.1,2.3,1.8,2.07
8859,3.5,3.8,2.7,3.33
1626,3.2,3.5,2.8,3.17
71042,3.5,3.25,2.75,3.17
59810,2.8,3.1,3.5,3.13
66006,3.2,3.5,3.8,3.5
2586,3.5,4.0,2.75,3.42
2123,3.8,4.0,2.5,3.43
37037,3.5,3.25,2.0,2.92
42224,2.8,3.1,2.5,2.8
41911,2.5,2.3,3.8,2.87
2433,3.8,3.9,2.5,3.4
6703,2.8,3.1,2.5,2.8
36680,3.2,3.5,2.8,3.17
69503,3.5,3.25,2.75,3.17
13912,2.5,2.0,3.0,2.5
2111,2.5,3.0,2.2,2.57
35249,3.2,3.5,2.1,2.93
1013,3.5,3.8,3.2,3.5
36007,3.25,3.5,3.0,3.25
27767,3.5,3.8,2.7,3.33
7106,3.2,3.5,2.8,3.17
61791,2.5,2.8,2.2,2.5
61859,3.2,3.5,2.8,3.17
40218,2.8,3.1,3.5,3.13
29123,2.1,2.3,3.8,2.73
38106,2.5,2.2,2.0,2.23
56134,3.2,3.0,2.5,2.9
8109,3.8,4.0,2.5,3.43
58313,3.2,3.5,2.8,3.17
61746,2.5,2.8,2.2,2.5
46782,3.5,3.25,2.75,3.17
53795,3.2,3.5,2.8,3.17
5753,2.8,3.1,2.5,2.8
42286,3.5,3.2,2.0,2.9
20465,2.8,3.1,3.5,3.13
22810,2.8,3.2,2.5,2.83
29831,2.5,2.3,2.0,2.27
24620,3.5,3.8,2.2,3.17
883,3.8,4.0,2.5,3.43
13903,3.5,3.25,2.75,3.17
48264,2.5,3.0,2.2,2.57
58669,3.5,3.2,2.8,3.17
45923,2.8,2.5,3.1,2.8
14063,3.5,3.25,2.75,3.17
59454,2.5,2.8,2.2,2.5
30913,2.5,2.8,3.1,2.8
13825,2.5,2.8,3.7,3.0
1333,3.5,3.8,2.2,3.17
48594,2.5,2.8,2.2,2.5
41630,3.5,3.8,2.2,3.17
43337,2.8,3.1,2.5,2.8
70607,2.8,2.5,3.2,2.83
66271,2.5,3.0,1.8,2.43
45197,2.5,3.0,2.75,2.75
20625,3.2,2.8,2.5,2.83
13808,3.5,3.8,2.7,3.33
8324,3.2,3.5,3.0,3.23
43667,3.5,3.8,2.2,3.17
15360,3.2,3.0,2.5,2.9
66186,3.5,3.8,2.2,3.17
22557,3.5,3.8,2.2,3.17
14572,2.5,2.8,2.2,2.5
49273,3.2,3.0,2.5,2.9
14539,3.5,3.8,2.2,3.17
54672,3.5,3.8,2.2,3.17
66853,3.2,3.5,2.8,3.17
25781,2.8,3.1,2.5,2.8
36856,2.8,3.1,3.3,3.07
18026,3.2,3.0,2.5,2.9
72138,3.5,3.2,2.8,3.17
6874,3.5,3.25,2.0,2.92
47668,3.2,3.5,2.8,3.17
26473,3.2,3.5,2.8,3.17
48248,3.2,3.5,2.8,3.17
49238,3.2,3.5,2.8,3.17
12667,3.5,3.25,2.1,2.95
50884,2.5,2.8,2.2,2.5
15475,2.1,2.3,3.5,2.63
3787,3.25,3.0,3.5,3.25
53486,3.5,3.8,2.7,3.33
48562,2.5,2.8,3.1,2.8
47384,3.5,3.8,2.7,3.33
44625,3.5,3.8,2.7,3.33
31107,3.2,3.5,2.8,3.17
71607,3.5,3.8,2.2,3.17
27492,3.2,3.5,2.8,3.17
23711,2.5,3.0,3.2,2.9
54328,3.2,3.5,2.8,3.17
57393,3.5,3.25,2.75,3.17
30950,3.5,3.75,2.8,3.35
26008,2.8,3.2,2.5,2.83
27791,2.5,2.3,3.8,2.87
36347,4.2,4.0,2.5,3.57
18748,2.5,3.0,2.0,2.5
9690,3.2,3.5,2.8,3.17
5272,3.5,3.25,2.0,2.92
30037,3.5,3.2,2.8,3.17
40349,3.5,3.25,2.75,3.17
31096,3.5,3.25,2.75,3.17
71226,2.5,2.8,2.2,2.5
59706,2.5,2.3,3.1,2.63
71688,3.5,3.25,2.75,3.17
14861,3.2,3.5,2.8,3.17
1062,3.8,3.5,2.2,3.17
40412,3.2,3.5,2.8,3.17
51020,3.8,4.2,2.5,3.5
47250,3.5,4.0,2.2,3.23
16683,3.2,3.5,2.8,3.17
14905,3.8,4.0,2.5,3.43
45634,2.5,2.8,2.2,2.5
24294,2.5,3.0,2.2,2.57
43542,2.5,2.8,3.1,2.8
9582,3.5,3.8,2.7,3.33
18846,2.5,3.0,2.75,2.75
71494,3.5,3.8,3.2,3.5
33353,2.5,2.3,3.8,2.87
68106,2.0,2.5,1.5,2.0
14589,3.2,3.5,2.1,2.93
6801,3.5,3.25,2.75,3.17
26353,3.2,3.5,3.0,3.23
34667,2.8,3.1,2.2,2.7
29107,1.8,2.1,4.5,2.8
20644,3.5,4.0,2.5,3.33
39135,3.2,3.5,2.8,3.17
65034,3.5,3.8,2.7,3.33
4599,3.5,3.25,2.75,3.17
56571,3.2,3.8,2.5,3.17
30199,3.5,3.8,2.7,3.33
50383,3.2,3.0,2.1,2.77
63250,2.5,2.8,1.7,2.33
53235,3.5,3.8,2.7,3.33
45003,2.5,2.8,2.2,2.5
1053,3.5,3.25,2.75,3.17
54217,3.8,3.9,2.5,3.4
63944,3.5,3.8,2.2,3.17
46709,3.5,3.8,2.7,3.33
3000,3.2,3.5,2.8,3.17
71396,3.2,3.5,2.8,3.17
53905,2.5,3.0,2.0,2.5
16958,3.2,3.5,2.8,3.17
71911,2.5,2.8,2.2,2.5
67942,2.5,2.2,3.8,2.83
18965,3.2,3.5,2.8,3.17
27723,2.1,2.3,3.0,2.47
17733,2.5,2.8,3.7,3.0
68691,3.2,3.5,2.8,3.17
17198,2.5,3.0,1.5,2.33
59102,4.2,4.0,2.5,3.57
9785,3.5,3.8,2.7,3.33
20503,3.5,3.8,2.2,3.17
28259,2.1,2.3,3.8,2.73
2890,2.5,3.0,1.5,2.33
49913,3.5,3.2,2.0,2.9
24127,2.5,2.8,3.1,2.8
57482,2.1,2.3,3.8,2.73
3296,2.5,2.2,2.0,2.23
23671,2.5,3.0,1.8,2.43
55514,3.2,3.5,2.1,2.93
51885,2.5,2.8,3.2,2.83
66283,2.8,3.1,3.5,3.13
27691,3.8,3.9,2.5,3.4
43514,2.5,3.0,2.2,2.57
42435,3.5,3.8,2.7,3.33
2679,3.2,3.5,2.1,2.93
69681,2.8,3.1,3.5,3.13
69852,2.1,2.3,1.8,2.07
65839,2.1,1.8,4.5,2.8
13372,3.5,3.8,2.2,3.17
16195,4.2,3.8,2.5,3.5
51888,3.2,3.5,2.8,3.17
964,2.5,2.3,3.1,2.63
64760,2.8,3.1,3.5,3.13
28550,2.5,3.0,2.0,2.5
12936,3.5,3.8,2.7,3.33
10211,2.8,3.2,2.1,2.7
32362,2.5,2.2,2.8,2.5
60941,3.5,3.8,2.7,3.33
18744,2.5,2.8,2.2,2.5
5207,3.5,3.25,2.75,3.17
27565,2.5,3.0,3.75,3.08
20896,2.5,2.3,3.1,2.63
59022,3.5,3.75,2.25,3.17
39377,3.6,3.8,2.5,3.3
46524,2.5,2.3,3.1,2.63
56698,2.5,3.0,3.2,2.9
3842,4.2,3.85,3.1,3.72
47109,3.2,3.0,2.5,2.9
10647,2.5,3.0,2.1,2.53
9732,3.2,3.5,2.8,3.17
15037,3.8,4.0,2.5,3.43
7358,3.8,4.2,2.5,3.5
68264,2.1,2.3,2.0,2.13
55736,3.2,2.8,2.1,2.7
69597,3.5,3.8,2.2,3.17
20009,3.5,3.8,2.2,3.17
46137,2.5,2.8,1.9,2.4
12390,2.1,2.3,2.0,2.13
65098,3.5,3.8,2.2,3.17
34645,2.8,3.1,2.3,2.73
48491,3.2,3.5,2.8,3.17
46576,3.5,3.25,2.75,3.17
19949,2.5,2.3,3.1,2.63
38577,3.5,3.8,2.7,3.33
18522,3.5,3.25,2.75,3.17
12798,2.5,2.0,1.5,2.0
30573,2.8,3.1,2.5,2.8
34357,3.25,3.5,2.75,3.17
69296,2.5,2.0,1.5,2.0
71481,2.5,2.3,4.1,2.97
6254,2.5,3.0,1.5,2.33
9053,3.2,3.5,2.8,3.17
66764,2.5,2.8,2.2,2.5
12676,3.8,3.9,2.7,3.47
69292,2.5,3.0,2.0,2.5
33930,4.5,4.2,2.1,3.6
24092,3.5,3.25,2.75,3.17
55114,3.25,3.5,2.75,3.17
26683,2.5,2.0,1.5,2.0
54161,1.5,2.0,1.0,1.5
16888,3.5,3.8,2.7,3.33
3365,3.25,3.5,2.75,3.17
61552,3.8,4.0,2.5,3.43
47035,3.2,3.5,2.8,3.17
68325,3.2,3.5,3.0,3.23
67658,2.5,3.0,3.2,2.9
37035,3.2,3.5,2.8,3.17
9152,3.2,3.5,2.8,3.17
5099,2.5,2.8,3.2,2.83
59545,3.2,3.5,2.8,3.17
20447,3.5,3.8,2.2,3.17
71005,2.5,3.0,2.1,2.53
71278,4.2,4.0,2.5,3.57
25881,2.5,3.0,2.2,2.57
67027,3.5,3.25,2.0,2.92
20959,3.5,3.25,2.75,3.17
9309,3.5,3.25,2.75,3.17
62780,3.2,3.5,3.8,3.5
6351,2.8,3.1,2.5,2.8
21964,2.5,2.0,1.5,2.0
68145,3.5,3.75,2.8,3.35
37416,3.2,3.5,2.8,3.17
11636,3.5,3.8,2.7,3.33
22114,3.5,3.25,2.75,3.17
58719,2.8,3.1,2.5,2.8
70926,2.5,2.3,2.7,2.5
3228,2.5,2.0,3.0,2.5
61688,2.8,3.1,2.5,2.8
71334,3.1,3.5,2.8,3.13
37382,3.5,3.8,2.2,3.17
62952,3.2,3.5,2.8,3.17
54340,2.8,3.2,2.1,2.7
66994,3.8,4.0,3.2,3.67
58615,3.5,3.25,2.0,2.92
63509,3.5,3.8,2.7,3.33
26600,3.5,3.2,2.8,3.17
27870,3.2,3.0,2.5,2.9
2074,3.2,3.5,3.0,3.23
6200,2.5,2.8,3.1,2.8
56429,3.2,3.5,2.8,3.17
17277,2.8,3.15,3.5,3.15
35475,3.5,3.2,2.0,2.9
67497,2.1,2.3,3.5,2.63
12605,4.2,4.0,2.5,3.57
66631,2.5,3.0,2.2,2.57
41230,2.5,2.0,2.75,2.42
24924,3.5,3.8,2.2,3.17
23402,3.5,3.2,2.0,2.9
63912,3.2,3.5,2.8,3.17
70540,2.5,2.0,3.5,2.67
40547,2.5,3.0,3.2,2.9
33397,3.5,3.8,2.7,3.33
30370,3.2,3.0,2.5,2.9
64169,3.5,3.8,2.2,3.17
62493,1.5,2.0,1.0,1.5
67443,3.5,3.25,2.75,3.17
25240,3.2,2.8,2.5,2.83
24954,3.2,3.8,2.5,3.17
11568,3.5,3.8,2.2,3.17
53676,2.5,3.0,3.5,3.0
23005,3.2,3.5,2.8,3.17
36524,3.25,3.5,2.75,3.17
31987,2.5,3.0,2.2,2.57
28686,3.5,3.8,2.7,3.33
67010,2.5,2.0,3.0,2.5
14634,2.5,2.0,1.5,2.0
8710,2.5,2.0,3.0,2.5
61108,2.1,2.3,3.5,2.63
28729,3.5,3.8,2.2,3.17
33487,4.5,4.2,1.8,3.5
52356,3.8,4.0,2.5,3.43
43773,2.8,3.1,3.5,3.13
3660,3.5,3.8,2.7,3.33
54932,2.5,2.8,2.2,2.5
65680,3.5,3.8,2.2,3.17
45549,2.5,2.8,2.0,2.43
32217,3.5,3.8,2.2,3.17
71931,2.5,3.0,2.2,2.57
11833,3.5,3.25,3.75,3.5
17728,3.5,3.8,2.7,3.33
67820,3.2,3.5,2.1,2.93
8941,3.2,3.5,2.8,3.17
2752,2.5,3.0,1.8,2.43
22059,3.5,3.25,2.75,3.17
48359,3.5,3.25,2.75,3.17
8430,3.25,3.5,3.0,3.25
27782,2.5,3.0,3.75,3.08
12579,2.5,3.0,2.2,2.57
17296,3.5,3.25,2.75,3.17
49366,2.5,2.8,2.2,2.5
38903,3.5,4.0,2.2,3.23
33151,3.5,3.25,2.0,2.92
58187,2.5,3.0,1.5,2.33
61943,2.0,2.5,1.5,2.0
30920,2.5,2.2,3.1,2.6
39020,2.5,2.0,1.5,2.0
50007,3.8,4.0,2.5,3.43
43900,3.2,3.5,2.8,3.17
17749,2.8,3.1,3.5,3.13
35642,2.5,2.2,3.1,2.6
69326,3.8,4.2,2.5,3.5
48085,3.2,3.5,2.8,3.17
22821,3.2,3.5,2.1,2.93
27058,3.2,3.5,2.8,3.17
12953,3.2,3.5,2.1,2.93
56896,3.2,3.5,2.8,3.17
390,3.5,3.25,2.75,3.17
10100,3.2,3.5,2.8,3.17
44438,3.8,4.0,2.5,3.43
70996,2.5,2.3,3.1,2.63
63214,2.5,2.2,3.8,2.83
45685,2.1,2.3,3.5,2.63
55476,4.2,4.0,2.5,3.57
57594,3.5,3.8,2.7,3.33
72014,2.8,3.1,3.5,3.13
59065,3.5,3.8,2.7,3.33
58748,3.5,3.8,2.2,3.17
54386,2.5,2.0,1.5,2.0
2325,3.5,3.8,2.2,3.17
34331,2.8,3.1,3.5,3.13
38667,2.8,3.1,2.3,2.73
1469,3.5,3.8,2.2,3.17
7592,3.5,3.25,2.75,3.17
53963,2.5,3.0,2.2,2.57
70690,2.5,2.0,1.8,2.1
32144,2.5,2.8,2.2,2.5
51142,2.5,3.0,2.2,2.57
30934,3.5,3.8,2.2,3.17
9460,3.5,3.75,2.25,3.17
65961,3.8,4.0,2.5,3.43
1835,4.2,4.0,2.1,3.43
57615,3.5,3.8,2.2,3.17
69360,2.5,2.2,2.0,2.23
30056,3.5,3.8,2.2,3.17
43617,1.85,2.1,4.25,2.73
30636,3.2,3.5,2.8,3.17
54158,3.2,3.5,2.8,3.17
3716,3.2,3.5,2.8,3.17
31860,2.5,3.0,1.5,2.33
36762,3.2,3.0,3.5,3.23
56171,2.5,3.0,3.2,2.9
2977,3.5,3.25,2.75,3.17
46698,3.8,3.5,2.2,3.17
18512,2.5,3.0,2.2,2.57
22927,2.1,2.3,4.5,2.97
37944,2.8,3.1,3.5,3.13
54037,2.8,3.1,3.5,3.13
7202,3.2,3.5,2.8,3.17
35261,3.5,3.25,2.75,3.17
5480,3.5,3.25,2.75,3.17
59463,3.5,3.8,2.2,3.17
69525,3.2,3.0,2.1,2.77
21755,3.5,3.8,2.7,3.33
5062,3.5,3.25,2.0,2.92
47630,3.2,3.5,2.8,3.17
30096,2.8,3.1,3.5,3.13
37016,2.5,2.3,3.8,2.87
4628,2.5,2.8,2.2,2.5
65033,3.5,3.25,2.75,3.17
10023,3.25,3.5,2.75,3.17
30280,2.5,2.8,3.2,2.83
29233,2.5,2.0,3.5,2.67
24099,2.8,3.1,3.5,3.13
38583,3.5,3.25,3.75,3.5
61898,3.5,3.8,2.2,3.17
48318,3.5,3.2,2.8,3.17
50034,2.8,3.1,3.5,3.13
5328,2.5,2.8,3.1,2.8
31557,3.5,3.2,2.0,2.9
40852,3.2,3.5,2.8,3.17
39373,2.1,2.3,3.8,2.73
39396,2.5,2.3,3.1,2.63
54698,2.5,2.8,3.2,2.83
24327,3.2,3.5,2.8,3.17
43886,2.5,3.0,1.5,2.33
41391,2.5,3.0,3.25,2.92
62390,3.5,3.8,2.2,3.17
69429,3.2,3.5,2.8,3.17
8267,3.2,3.5,2.8,3.17
62534,2.5,2.8,3.1,2.8
58682,2.5,2.8,3.7,3.0
21465,3.2,3.5,2.8,3.17
53604,3.2,3.5,2.8,3.17
15662,3.2,2.8,3.5,3.17
29024,2.5,2.8,3.2,2.83
44167,2.5,3.0,2.75,2.75
53937,2.5,2.3,3.1,2.63
51794,2.5,2.2,3.0,2.57
50876,3.2,3.5,3.0,3.23
32470,3.5,3.8,2.2,3.17
16267,3.2,2.8,2.5,2.83
6403,3.2,3.5,2.8,3.17
7782,3.5,3.25,2.0,2.92
59659,3.5,3.25,2.75,3.17
2576,3.8,4.0,3.2,3.67
54527,2.5,2.3,3.1,2.63
30715,2.8,3.1,3.5,3.13
25058,2.8,3.1,2.5,2.8
63218,2.5,2.3,3.1,2.63
23377,2.8,3.1,2.5,2.8
19900,2.5,3.0,2.2,2.57
11613,2.1,2.3,4.5,2.97
13071,2.5,2.8,2.2,2.5
26388,3.2,3.5,2.8,3.17
41509,3.2,3.5,2.8,3.17
5036,2.5,2.3,3.1,2.63
66075,2.5,2.8,3.7,3.0
60777,2.5,2.2,2.8,2.5
14878,3.2,3.5,2.8,3.17
40242,3.5,3.8,2.2,3.17
37552,3.5,3.8,2.2,3.17
68450,3.2,3.5,2.8,3.17
51579,2.5,2.0,1.5,2.0
48030,2.5,3.0,2.2,2.57
23088,3.2,3.5,2.8,3.17
57526,2.5,3.0,2.2,2.57
56120,3.2,3.5,2.8,3.17
35566,2.5,2.8,2.2,2.5
42818,3.6,3.8,2.9,3.43
36599,2.8,3.1,2.3,2.73
26335,3.2,3.5,3.0,3.23
19916,1.0,1.5,1.0,1.17
53393,4.2,4.0,2.5,3.57
55522,3.2,3.5,2.1,2.93
10350,3.25,3.5,2.75,3.17
68897,2.5,3.0,1.5,2.33
59649,2.8,3.5,2.2,2.83
66746,3.5,4.0,2.75,3.42
60877,3.6,3.8,2.9,3.43
68409,2.5,2.8,2.2,2.5
17164,3.5,3.8,2.2,3.17
61440,3.8,3.9,2.5,3.4
38250,3.5,3.25,2.75,3.17
24696,2.5,3.0,1.5,2.33
21883,3.8,3.9,2.5,3.4
63066,2.8,3.2,3.5,3.17
8148,3.2,3.5,2.8,3.17
56093,3.2,3.5,2.8,3.17
44318,3.2,3.5,2.8,3.17
40816,3.5,3.2,2.1,2.93
13334,3.5,3.8,2.2,3.17
46885,3.5,3.25,2.0,2.92
26662,3.5,3.8,2.2,3.17
70480,3.5,3.8,2.2,3.17
65980,2.5,2.3,3.1,2.63
18129,2.8,3.1,3.5,3.13
40303,3.2,3.5,2.8,3.17
18906,4.5,4.2,1.8,3.5
62894,3.2,3.5,2.8,3.17
4083,2.5,2.8,3.2,2.83
5420,3.5,3.25,2.0,2.92
45198,3.5,3.8,2.2,3.17
46979,3.5,3.25,2.75,3.17
49299,2.5,2.0,1.5,2.0
31175,3.5,3.8,2.2,3.17
7662,3.5,3.8,2.2,3.17
59914,2.8,3.1,2.3,2.73
68823,3.5,3.8,2.2,3.17
3942,3.5,3.25,2.75,3.17
50441,2.1,1.8,4.5,2.8
63801,3.2,3.0,2.5,2.9
57585,3.8,3.9,2.5,3.4
68859,2.5,3.0,2.2,2.57
43465,3.8,3.5,2.7,3.33
38359,2.5,3.0,1.5,2.33
64839,3.25,3.0,2.75,3.0
69771,3.5,3.8,2.2,3.17
46276,3.5,3.8,2.2,3.17
39628,2.8,3.1,3.5,3.13
69190,3.2,3.0,2.5,2.9
20737,3.5,3.25,2.0,2.92
59181,2.5,2.8,3.2,2.83
66815,3.8,4.2,2.5,3.5
41482,2.5,3.0,3.2,2.9
39902,3.2,3.5,2.8,3.17
27359,2.5,2.8,2.2,2.5
5970,2.8,3.2,2.5,2.83
26546,3.5,3.25,2.0,2.92
65445,4.2,4.0,2.5,3.57
52103,2.8,3.1,2.5,2.8
286,3.5,3.25,2.75,3.17
60596,3.2,3.5,2.8,3.17
61386,2.5,3.0,2.2,2.57
44524,2.5,2.3,3.7,2.83
42153,3.6,3.8,2.9,3.43
51393,3.5,3.2,2.1,2.93
26041,3.2,3.5,2.8,3.17
28411,2.5,2.8,2.2,2.5
39235,3.2,3.5,2.8,3.17
15183,2.5,2.8,2.2,2.5
57200,3.2,3.5,2.1,2.93
29151,4.2,4.0,2.1,3.43
2573,3.2,3.5,2.8,3.17
28216,3.2,3.5,2.1,2.93
3251,2.5,3.0,1.5,2.33
31355,4.5,4.25,2.0,3.58
68921,3.25,3.5,3.75,3.5
45797,2.8,3.1,2.3,2.73
15389,3.2,3.5,2.8,3.17
19246,3.2,3.5,2.8,3.17
20141,3.5,3.8,2.2,3.17
25511,2.1,2.3,3.8,2.73
35508,3.5,3.8,2.2,3.17
55963,3.5,3.8,2.2,3.17
20312,3.5,3.8,2.7,3.33
56741,2.5,2.0,2.25,2.25
24342,2.5,2.8,3.2,2.83
14299,3.2,3.5,2.1,2.93
37578,3.5,3.8,2.2,3.17
3711,3.5,3.8,2.7,3.33
32200,2.8,3.2,2.0,2.67
45949,3.2,3.5,2.8,3.17
40915,3.2,3.5,2.1,2.93
37635,3.2,3.5,2.8,3.17
14144,3.8,4.2,2.5,3.5
23894,3.5,3.25,2.75,3.17
64985,3.2,3.5,2.8,3.17
37926,3.5,3.2,1.8,2.83
35951,2.5,2.8,1.5,2.27
69650,2.5,2.0,1.5,2.0
60862,2.8,3.1,3.5,3.13
48589,2.1,2.3,3.5,2.63
7423,2.8,2.5,2.0,2.43
56069,3.5,3.8,2.7,3.33
1129,3.5,3.25,2.75,3.17
66520,2.5,2.3,3.8,2.87
68094,3.2,3.5,3.8,3.5
60583,1.0,1.0,1.0,1.0
48031,2.5,3.0,2.1,2.53
35335,3.2,3.0,3.5,3.23
41642,2.5,2.8,2.2,2.5
10371,2.8,3.1,2.2,2.7
72210,3.2,3.5,2.1,2.93
33536,3.5,3.2,2.8,3.17
29956,2.8,3.1,2.5,2.8
59805,2.8,3.1,3.5,3.13
35983,3.5,3.25,2.75,3.17
66315,2.8,3.2,2.1,2.7
68836,2.5,3.0,2.2,2.57
7868,2.5,3.0,3.2,2.9
65169,3.2,3.5,2.8,3.17
37857,3.5,3.25,2.75,3.17
45670,2.8,3.2,2.5,2.83
59427,3.2,3.5,2.8,3.17
5857,2.5,2.8,3.2,2.83
46171,2.8,3.1,3.5,3.13
6278,3.2,3.0,3.5,3.23
49804,2.5,3.0,1.5,2.33
69225,3.5,3.8,2.2,3.17
24799,2.1,2.0,3.5,2.53
42417,2.5,3.0,1.5,2.33
24731,3.8,3.9,2.5,3.4
28294,3.2,3.5,2.8,3.17
38986,3.2,3.5,2.1,2.93
42225,2.8,3.1,2.5,2.8
11923,2.5,2.8,3.2,2.83
35906,3.25,3.5,2.75,3.17
32526,4.5,4.0,1.5,3.33
54278,2.5,2.8,2.2,2.5
5491,3.8,4.2,2.5,3.5
62667,2.5,2.8,2.2,2.5
369,3.5,3.25,2.75,3.17
57903,3.5,3.8,2.2,3.17
21135,2.8,3.1,2.5,2.8
65489,3.2,3.0,2.5,2.9
41002,3.8,4.0,3.2,3.67
70617,3.2,3.5,2.8,3.17
18533,2.8,3.1,3.5,3.13
51088,2.5,2.3,3.1,2.63
45391,3.2,3.5,2.8,3.17
1177,3.2,3.5,3.0,3.23
69778,2.5,3.0,1.5,2.33
36237,3.8,4.2,2.5,3.5
49074,3.2,3.5,2.8,3.17
47332,2.8,3.15,3.5,3.15
53881,3.5,3.75,2.25,3.17
11803,3.5,3.25,2.75,3.17
15596,3.5,3.8,2.2,3.17
5249,2.1,2.3,2.0,2.13
38503,3.5,3.8,2.7,3.33
19067,3.2,3.5,3.0,3.23
67162,2.5,2.8,3.1,2.8
40630,3.5,3.8,2.2,3.17
22283,3.5,3.2,2.8,3.17
13338,2.5,3.0,2.0,2.5
27429,2.5,2.2,3.0,2.57
35257,3.5,3.8,2.2,3.17
3193,2.8,3.1,2.2,2.7
24196,2.5,2.0,2.2,2.23
4020,3.5,3.25,2.75,3.17
3190,2.8,3.1,2.0,2.63
32608,2.5,2.0,1.5,2.0
60299,2.0,2.5,1.5,2.0
68034,2.5,3.0,1.5,2.33
35260,2.5,2.3,3.1,2.63
28659,2.1,2.3,1.8,2.07
59714,2.8,3.1,3.5,3.13
7733,2.5,2.8,2.2,2.5
64922,3.8,3.5,2.2,3.17
38011,3.8,4.0,2.5,3.43
26861,2.8,3.1,2.2,2.7
65117,3.5,3.8,2.2,3.17
1547,3.5,3.8,2.2,3.17
41208,3.2,3.5,2.8,3.17
11280,3.5,3.8,2.2,3.17
59517,2.5,2.8,3.2,2.83
45746,2.5,3.0,2.2,2.57
13465,3.5,3.8,2.7,3.33
7778,3.5,3.8,2.2,3.17
33414,3.5,3.8,2.2,3.17
25032,2.8,3.2,1.5,2.5
53,2.8,3.1,2.5,2.8
14578,3.5,3.8,2.2,3.17
61619,2.8,3.1,2.3,2.73
8107,3.5,3.2,2.0,2.9
53098,3.2,3.5,2.8,3.17
12698,2.5,2.0,1.5,2.0
59850,3.2,3.0,2.5,2.9
12048,3.5,3.2,2.1,2.93
7637,3.5,3.8,2.2,3.17
26548,3.5,3.25,2.75,3.17
23390,3.8,4.2,2.5,3.5
65396,4.2,4.0,2.5,3.57
11343,3.2,3.5,2.1,2.93
51030,3.5,3.8,2.2,3.17
20281,3.5,3.2,2.8,3.17
2600,3.2,3.5,2.8,3.17
18445,2.5,2.8,2.2,2.5
41415,2.8,3.1,2.5,2.8
54311,3.2,3.5,2.1,2.93
17670,2.5,2.3,3.1,2.63
47308,3.5,3.8,2.2,3.17
7526,2.5,2.8,2.2,2.5
24636,2.8,3.1,2.2,2.7
40855,2.8,3.1,3.5,3.13
56310,2.5,3.0,2.2,2.57
27149,2.5,2.3,3.1,2.63
60666,3.2,3.5,2.8,3.17
34624,2.5,2.3,3.1,2.63
21318,2.5,3.0,1.8,2.43
49988,3.2,3.0,2.5,2.9
50070,3.5,3.8,2.7,3.33
8501,2.5,2.8,1.9,2.4
59451,3.5,3.8,2.2,3.17
57527,4.2,3.8,2.1,3.37
1768,2.5,2.25,3.0,2.58
61398,2.5,2.2,3.1,2.6
6409,3.5,3.8,2.2,3.17
21046,2.5,3.0,2.75,2.75
8560,3.5,3.8,2.2,3.17
30753,2.1,2.3,1.5,1.97
9347,3.2,3.5,2.1,2.93
48233,2.5,2.8,3.7,3.0
11691,3.2,2.8,3.5,3.17
71218,3.2,3.5,2.8,3.17
30807,2.8,3.2,2.5,2.83
48038,2.5,2.3,3.1,2.63
54801,3.8,3.9,2.5,3.4
69844,2.5,3.0,2.2,2.57
8164,3.25,3.5,2.75,3.17
35015,3.5,3.8,2.7,3.33
36416,3.2,3.5,2.8,3.17
72130,4.2,4.0,2.5,3.57
57317,3.2,3.5,2.8,3.17
23328,3.5,3.75,2.25,3.17
15093,3.5,3.25,2.75,3.17
49086,3.2,3.5,2.1,2.93
55711,2.1,2.3,3.8,2.73
9126,3.5,3.2,2.1,2.93
51424,3.2,3.8,2.1,3.03
26265,3.2,3.5,3.8,3.5
16835,4.2,4.0,2.5,3.57
56170,2.5,2.8,2.2,2.5
6103,3.2,3.5,2.8,3.17
30132,3.5,3.8,2.2,3.17
66121,3.8,4.0,2.5,3.43
55273,3.2,3.5,2.8,3.17
49609,3.2,3.5,2.8,3.17
63152,3.5,4.0,3.2,3.57
18109,4.2,3.8,2.1,3.37
62546,2.5,2.8,3.2,2.83
47430,3.5,3.8,2.7,3.33
61701,3.2,3.5,2.1,2.93
12746,4.2,4.0,2.5,3.57
33244,3.2,3.5,2.1,2.93
45297,2.8,2.5,3.7,3.0
38462,3.2,3.5,2.1,2.93
53773,1.5,2.0,3.5,2.33
3473,3.5,3.25,2.75,3.17
14599,2.5,3.0,2.2,2.57
43547,2.5,3.0,2.0,2.5
52844,3.5,3.8,2.7,3.33
32856,3.2,3.5,2.8,3.17
10841,3.2,3.5,2.1,2.93
66063,3.5,3.8,2.7,3.33
37920,4.2,3.8,2.5,3.5
64298,3.5,3.8,2.7,3.33
42549,3.8,4.2,2.1,3.37
17095,3.5,3.2,2.0,2.9
38810,2.5,2.8,2.2,2.5
8325,3.2,3.5,2.8,3.17
34208,3.5,3.8,2.2,3.17
51977,2.5,3.0,3.2,2.9
68832,3.2,3.5,2.8,3.17
6472,3.5,3.8,2.7,3.33
40502,2.5,2.8,2.2,2.5
56795,1.8,2.1,4.2,2.7
20324,3.2,3.5,2.8,3.17
38965,2.1,2.3,1.5,1.97
219,2.5,2.8,3.1,2.8
5852,2.5,2.0,1.5,2.0
44553,3.8,3.5,2.2,3.17
8607,3.6,3.85,2.75,3.4
53019,3.5,3.8,2.2,3.17
28115,3.5,3.2,2.0,2.9
50643,2.5,2.0,1.5,2.0
63333,3.5,3.8,2.7,3.33
70621,2.5,3.0,3.75,3.08
45668,2.5,3.0,3.2,2.9
61197,3.5,3.25,2.75,3.17
42068,3.8,3.5,2.2,3.17
40845,2.5,2.8,3.2,2.83
3897,2.5,2.2,3.8,2.83
64522,2.5,2.8,1.9,2.4
5835,4.5,4.2,2.1,3.6
49108,3.2,3.5,2.8,3.17
27981,3.8,4.2,2.5,3.5
31560,2.8,3.1,2.5,2.8
66208,2.5,3.0,1.5,2.33
26426,3.2,3.5,2.1,2.93
64848,3.2,3.5,2.8,3.17
71601,3.6,3.8,2.5,3.3
15799,3.5,3.8,2.2,3.17
28706,3.2,3.5,2.1,2.93
68158,3.5,3.75,2.25,3.17
39946,2.8,3.1,2.5,2.8
26328,2.5,2.8,2.3,2.53
5961,3.2,3.5,2.8,3.17
40835,3.2,3.5,2.8,3.17
47679,2.5,2.3,3.1,2.63
50302,3.5,3.8,2.2,3.17
54236,2.5,2.3,2.7,2.5
3525,4.2,3.8,2.5,3.5
32543,3.5,3.8,2.7,3.33
11903,2.5,2.8,2.2,2.5
42813,3.5,3.75,2.25,3.17
66162,2.5,3.0,2.1,2.53
31783,2.1,2.3,3.5,2.63
22290,2.5,2.3,3.1,2.63
42368,2.5,3.0,3.75,3.08
24222,3.5,3.25,2.75,3.17
3372,2.5,3.0,2.2,2.57
62647,2.5,2.8,3.1,2.8
27284,3.25,3.5,2.75,3.17
32803,3.5,3.75,2.25,3.17
28765,2.5,2.2,3.1,2.6
68074,2.5,2.8,3.7,3.0
49340,2.5,2.3,3.8,2.87
56423,2.8,3.1,3.5,3.13
68061,3.2,3.5,2.8,3.17
28526,3.2,3.5,2.8,3.17
46784,2.5,2.0,3.0,2.5
10679,2.5,2.2,3.8,2.83
4424,2.5,3.0,3.2,2.9
7544,2.5,3.0,2.2,2.57
22881,3.2,3.5,2.1,2.93
1571,3.5,3.8,2.7,3.33
2617,4.2,4.0,2.5,3.57
57634,3.8,4.0,2.5,3.43
37038,3.2,3.0,2.5,2.9
42438,3.5,3.8,2.7,3.33
46745,3.2,3.5,2.8,3.17
60109,3.2,2.8,3.5,3.17
26106,4.2,4.0,2.5,3.57
55710,3.5,3.25,2.75,3.17
41582,3.2,3.5,2.1,2.93
52745,3.25,3.5,2.75,3.17
57095,3.2,3.5,2.8,3.17
42590,3.5,3.8,2.7,3.33
39765,2.5,2.0,3.75,2.75
62337,3.5,3.8,2.2,3.17
11133,2.5,2.8,3.1,2.8
16246,2.8,3.1,2.5,2.8
29684,3.2,3.0,2.5,2.9
2487,3.2,3.5,2.8,3.17
36911,2.1,2.3,3.8,2.73
55806,3.5,3.25,2.75,3.17
26293,3.5,3.8,2.2,3.17
30432,3.2,3.0,2.5,2.9
53944,2.8,3.1,3.5,3.13
48425,3.5,3.8,2.7,3.33
34633,3.5,3.25,2.0,2.92
41396,3.2,2.8,2.1,2.7
46634,3.5,3.8,2.2,3.17
4516,3.2,3.5,2.8,3.17
33016,2.5,3.0,1.5,2.33
3828,3.2,3.5,2.8,3.17
59326,3.2,3.5,2.8,3.17
46445,2.5,2.8,1.9,2.4
32195,3.8,4.2,2.5,3.5
3354,2.8,3.1,2.5,2.8
5653,3.5,3.25,2.0,2.92
40138,2.5,2.3,2.7,2.5
28165,3.2,3.5,2.8,3.17
30457,3.5,3.25,2.75,3.17
26806,3.2,3.5,2.0,2.9
2543,2.5,3.0,1.8,2.43
18084,3.5,3.8,1.5,2.93
57711,2.8,3.1,3.5,3.13
22972,2.5,2.8,2.2,2.5
31059,3.5,3.75,2.25,3.17
18007,3.2,3.5,3.8,3.5
59130,3.2,3.5,2.8,3.17
45528,2.1,2.3,4.5,2.97
7713,4.2,4.0,2.5,3.57
60358,2.5,2.8,2.2,2.5
55681,2.5,2.8,2.2,2.5
22516,3.2,3.5,2.1,2.93
22909,3.5,3.25,2.75,3.17
24535,3.5,3.8,2.2,3.17
58850,3.5,3.8,3.2,3.5
42124,3.5,3.8,2.7,3.33
2854,3.8,4.0,2.5,3.43
57929,2.8,3.2,2.1,2.7
48932,2.8,2.5,3.7,3.0
60232,3.8,4.0,2.5,3.43
44742,3.2,3.8,2.5,3.17
49380,4.2,4.0,2.5,3.57
28977,2.5,3.0,2.2,2.57
16725,3.2,3.5,2.8,3.17
64968,2.8,3.1,2.5,2.8
23068,2.8,3.1,3.5,3.13
29803,3.2,3.5,2.8,3.17
25230,3.5,3.8,2.2,3.17
3413,2.1,2.3,3.8,2.73
22119,2.5,2.0,3.5,2.67
3018,2.5,2.0,1.5,2.0
10934,2.8,3.1,3.5,3.13
56838,2.5,3.0,2.1,2.53
9895,2.5,3.0,1.5,2.33
18466,4.2,4.0,2.5,3.57
28394,2.8,3.1,2.5,2.8
1303,3.5,3.8,2.2,3.17
1364,2.5,2.0,1.5,2.0
46627,3.5,3.8,2.7,3.33
29556,2.5,3.0,1.5,2.33
56185,2.5,3.0,2.2,2.57
7297,3.2,3.0,2.5,2.9
18448,1.5,2.0,1.0,1.5
5212,2.1,2.3,1.5,1.97
67266,3.5,3.25,2.75,3.17
59762,2.5,2.8,2.2,2.5
42594,3.5,3.2,2.8,3.17
16876,3.2,3.0,2.5,2.9
6753,3.2,3.5,2.8,3.17
10817,3.5,3.75,2.25,3.17
47932,2.5,2.8,3.2,2.83
29059,2.5,3.0,2.2,2.57
41151,3.5,3.8,2.7,3.33
41745,3.5,3.2,2.0,2.9
39274,3.5,3.8,2.2,3.17
32825,3.2,3.5,2.1,2.93
22468,2.1,2.3,3.8,2.73
8608,2.5,3.0,1.8,2.43
13418,3.2,3.5,2.8,3.17
26876,3.5,3.0,2.2,2.9
72068,3.2,3.0,2.5,2.9
66846,2.5,3.0,2.2,2.57
41687,3.2,3.5,2.8,3.17
17649,3.5,3.8,2.2,3.17
64276,3.2,3.5,3.8,3.5
14370,2.5,2.0,1.0,1.83
36660,2.5,2.3,3.1,2.63
42654,3.5,3.8,2.7,3.33
14961,2.5,2.8,3.7,3.0
48110,2.8,3.1,2.5,2.8
5156,3.5,3.8,2.2,3.17
55452,3.2,3.5,2.8,3.17
13583,2.5,3.0,1.5,2.33
20241,2.5,2.8,3.7,3.0
20018,3.2,3.0,2.5,2.9
63532,2.5,2.8,2.2,2.5
47241,2.5,3.0,1.5,2.33
7606,3.8,4.0,2.5,3.43
30279,3.8,3.9,2.5,3.4
15685,3.2,3.5,2.8,3.17
26602,2.5,2.8,3.1,2.8
17920,2.5,2.8,2.2,2.5
46925,2.5,2.8,2.2,2.5
6050,2.5,2.8,2.2,2.5
37659,3.2,3.5,2.1,2.93
50013,3.5,3.8,2.7,3.33
49339,2.5,2.3,3.1,2.63
62202,2.5,3.0,3.2,2.9
50819,3.2,3.5,2.8,3.17
25121,3.5,3.8,2.7,3.33
61266,3.2,3.0,2.5,2.9
4461,3.5,3.25,2.75,3.17
9067,2.8,3.1,3.5,3.13
39929,4.2,3.8,2.1,3.37
69872,3.2,3.5,2.8,3.17
39429,3.6,3.8,2.9,3.43
29876,2.5,3.2,1.8,2.5
6673,3.5,3.2,2.8,3.17
48867,3.2,2.8,3.5,3.17
38516,4.5,4.25,2.0,3.58
30382,3.5,3.8,2.7,3.33
47599,2.1,2.3,3.8,2.73
51012,2.5,2.8,2.2,2.5
14019,2.8,3.1,3.5,3.13
5025,3.5,3.8,2.2,3.17
8283,2.8,3.1,3.5,3.13
58945,3.2,3.5,2.8,3.17
16634,2.5,3.0,1.5,2.33
7516,2.5,3.0,1.8,2.43
60394,3.5,3.8,2.2,3.17
23950,2.5,2.2,3.8,2.83
51315,3.25,3.5,3.75,3.5
24150,2.5,3.0,1.5,2.33
27733,3.8,4.0,2.5,3.43
53700,2.5,2.2,3.1,2.6
15425,3.2,3.5,2.8,3.17
20602,2.5,2.8,2.2,2.5
2608,3.2,3.5,2.8,3.17
21742,2.5,2.8,3.1,2.8
46544,2.8,3.1,3.5,3.13
15025,3.2,2.8,2.1,2.7
20571,3.5,3.8,1.2,2.83
10160,2.5,2.3,3.8,2.87
3717,3.5,3.25,2.75,3.17
870,3.2,3.5,2.8,3.17
55633,3.5,3.8,2.2,3.17
49194,2.5,2.2,3.1,2.6
41184,2.5,2.3,3.1,2.63
29499,3.5,3.8,2.75,3.35
12157,2.5,2.0,1.5,2.0
25526,2.5,2.8,4.2,3.17
29304,2.5,2.8,2.2,2.5
56774,3.2,3.5,2.1,2.93
28960,2.5,3.0,3.2,2.9
56537,3.5,3.25,2.75,3.17
66698,2.8,3.1,3.5,3.13
40157,3.5,3.25,2.75,3.17
14775,3.8,4.2,2.5,3.5
55508,3.2,3.0,2.5,2.9
25662,3.2,3.0,3.5,3.23
70888,3.5,3.8,2.2,3.17
27728,4.2,4.0,2.5,3.57
62028,3.5,3.8,2.2,3.17
62235,3.8,3.9,2.5,3.4
51279,3.8,3.5,2.2,3.17
48944,2.8,3.1,3.5,3.13
53753,3.2,3.5,2.1,2.93
63053,3.2,3.5,2.8,3.17
71519,2.5,2.8,2.2,2.5
23299,4.2,4.0,1.5,3.23
3825,3.5,3.8,2.2,3.17
17694,2.5,2.3,3.1,2.63
46075,3.5,3.8,2.2,3.17
25069,3.5,3.25,2.75,3.17
5285,3.2,3.0,3.5,3.23
20005,3.5,3.8,2.2,3.17
69867,3.2,3.5,2.8,3.17
27792,2.5,2.2,2.0,2.23
64593,2.5,3.0,1.8,2.43
19531,3.2,3.5,2.8,3.17
9899,3.2,3.5,2.8,3.17
13978,2.5,2.8,3.2,2.83
21189,3.5,3.8,2.2,3.17
62319,3.5,3.25,2.75,3.17
30526,3.8,4.0,2.5,3.43
9538,2.8,3.1,3.5,3.13
59512,3.2,3.5,2.1,2.93
64430,3.5,3.8,2.2,3.17
47637,3.8,3.9,2.5,3.4
70720,4.2,3.8,1.5,3.17
29334,3.5,3.8,2.2,3.17
39193,2.8,3.1,2.5,2.8
18330,2.8,3.1,3.5,3.13
41108,3.2,3.5,2.8,3.17
55590,2.8,3.1,2.2,2.7
30293,3.6,3.8,2.9,3.43
56326,3.2,3.5,2.8,3.17
36769,3.5,3.2,1.8,2.83
72207,2.5,3.0,1.5,2.33
28250,2.5,3.0,2.2,2.57
43189,3.8,3.5,2.2,3.17
45786,3.2,3.0,2.8,3.0
42781,2.5,2.3,2.0,2.27
39107,3.2,3.5,2.8,3.17
15380,2.8,3.2,2.1,2.7
49455,3.2,3.5,2.8,3.17
12674,3.5,3.25,2.0,2.92
68674,2.5,2.8,3.2,2.83
38719,3.5,3.8,3.2,3.5
58564,3.2,3.5,2.1,2.93
31561,2.8,3.1,3.5,3.13
49831,3.5,3.8,2.2,3.17
26739,3.2,3.5,3.0,3.23
11702,2.5,2.8,2.2,2.5
16131,4.2,3.8,2.5,3.5
25325,3.5,3.25,2.75,3.17
8392,2.5,3.0,2.2,2.57
54618,2.5,2.2,2.8,2.5
65184,3.5,3.8,2.2,3.17
66750,3.2,3.5,2.8,3.17
48001,2.8,3.2,2.5,2.83
48780,4.2,4.5,2.1,3.6
7707,3.2,3.5,2.8,3.17
11365,3.2,3.5,2.8,3.17
60530,3.5,3.8,2.7,3.33
54496,4.2,4.0,2.5,3.57
64227,3.5,3.25,2.75,3.17
28073,3.5,3.25,2.0,2.92
48064,2.1,2.3,3.8,2.73
12696,2.5,3.0,2.2,2.57
60416,3.5,3.8,2.2,3.17
5998,2.5,3.0,1.5,2.33
2183,2.5,3.0,1.8,2.43
41219,3.8,4.0,2.5,3.43
4438,3.5,3.8,2.7,3.33
53082,3.5,3.8,2.2,3.17
394,3.5,3.8,2.2,3.17
70396,2.8,3.1,2.2,2.7
28653,3.5,3.8,2.2,3.17
2227,2.5,3.0,2.2,2.57
48673,3.5,3.8,2.7,3.33
3899,2.5,2.2,3.8,2.83
51929,3.2,3.5,2.8,3.17
63757,2.8,3.1,2.5,2.8
42652,3.5,3.25,2.75,3.17
16125,2.5,3.0,2.75,2.75
4119,2.8,3.1,3.5,3.13
33290,2.5,3.0,2.2,2.57
37154,3.8,3.5,2.2,3.17
32348,2.8,3.1,2.5,2.8
31445,3.8,3.5,2.2,3.17
54353,2.5,2.8,3.1,2.8
17026,3.5,3.8,2.7,3.33
66580,3.2,3.5,2.1,2.93
20850,2.8,3.1,2.5,2.8
32120,3.5,3.8,2.2,3.17
37378,3.2,3.5,2.8,3.17
55947,3.2,3.5,2.8,3.17
42886,2.1,2.3,3.5,2.63
29310,2.5,3.0,2.2,2.57
53838,3.25,3.5,2.75,3.17
7369,2.8,3.2,2.5,2.83
36646,2.1,2.3,3.0,2.47
63703,2.5,2.3,3.1,2.63
60251,2.5,2.3,3.1,2.63
46425,3.5,3.8,2.2,3.17
12434,3.2,3.5,2.8,3.17
40207,2.5,3.0,2.2,2.57
15908,2.5,2.8,3.2,2.83
3099,3.5,3.25,2.75,3.17
26871,2.8,3.1,2.5,2.8
31632,2.8,2.5,3.7,3.0
17768,3.25,3.0,2.75,3.0
61033,2.1,2.3,3.8,2.73
36883,2.1,2.3,1.8,2.07
67045,3.5,3.8,2.7,3.33
44115,4.2,3.8,2.5,3.5
64473,3.5,3.8,2.7,3.33
10069,3.8,3.5,2.7,3.33
53504,2.5,3.0,2.0,2.5
67320,3.5,3.2,2.1,2.93
45948,3.25,3.5,2.75,3.17
40648,3.5,3.8,2.7,3.33
3748,2.8,3.1,3.5,3.13
13620,2.5,2.3,3.8,2.87
22665,3.8,4.0,2.5,3.43
44348,2.5,2.0,1.5,2.0
34184,3.2,3.5,2.8,3.17
51110,2.1,2.3,1.5,1.97
60003,2.5,2.3,3.8,2.87
43069,3.5,3.25,2.75,3.17
51308,3.2,3.5,2.8,3.17
39389,3.5,3.8,2.2,3.17
6022,2.5,3.0,2.0,2.5
13433,2.5,2.8,3.2,2.83
2367,3.5,3.8,2.7,3.33
27886,3.5,3.8,2.2,3.17
46357,3.5,3.8,2.2,3.17
18757,2.5,3.0,1.8,2.43
71131,3.2,3.5,2.8,3.17
2930,3.8,3.9,2.5,3.4
39131,3.2,3.5,2.8,3.17
68105,2.5,2.3,3.8,2.87
56238,3.2,3.5,2.8,3.17
42160,4.5,4.2,1.8,3.5
18132,3.5,3.8,2.2,3.17
11913,2.5,3.0,2.2,2.57
51596,2.5,3.0,1.8,2.43
50203,2.5,2.0,1.5,2.0
62739,3.2,3.5,2.8,3.17
26044,2.8,3.1,3.5,3.13
56966,3.2,3.0,2.5,2.9
20691,3.2,3.0,2.5,2.9
30736,3.6,3.8,2.5,3.3
46472,3.25,3.5,3.0,3.25
10906,3.2,3.5,2.8,3.17
4656,3.5,3.8,2.7,3.33
37133,3.5,3.8,2.2,3.17
16255,2.5,2.2,3.8,2.83
9682,2.5,2.8,2.2,2.5
65541,2.5,2.2,3.1,2.6
70147,3.5,3.8,2.2,3.17
17611,2.8,3.1,3.5,3.13
40616,2.5,2.2,3.0,2.57
7483,4.2,4.0,2.5,3.57
1786,3.2,3.5,2.8,3.17
52854,3.6,3.8,2.5,3.3
64937,2.5,2.8,2.2,2.5
20387,2.1,2.3,3.8,2.73
43061,2.1,2.3,4.5,2.97
71453,3.5,4.0,2.2,3.23
57421,2.8,3.1,3.5,3.13
2954,3.2,3.5,2.8,3.17
4374,3.8,4.2,2.5,3.5
56682,2.5,2.2,3.8,2.83
28322,3.5,3.2,2.8,3.17
37615,2.5,2.3,3.8,2.87
65104,2.5,2.75,3.25,2.83
41984,2.8,3.1,3.5,3.13
41328,2.5,2.3,3.1,2.63
26320,3.2,3.5,2.8,3.17
40322,3.2,3.5,2.8,3.17
4650,3.5,3.8,2.2,3.17
197,2.5,2.0,1.5,2.0
35542,3.5,3.0,2.0,2.83
22853,2.5,2.2,3.1,2.6
70764,2.5,3.0,1.5,2.33
49540,3.5,3.8,2.7,3.33
43702,2.5,3.0,2.75,2.75
59349,3.5,3.8,2.2,3.17
68014,2.5,2.0,1.5,2.0
19115,3.5,3.25,2.75,3.17
66991,4.5,4.25,2.0,3.58
14680,4.2,4.0,2.5,3.57
28525,3.5,3.0,1.5,2.67
61041,2.5,2.3,3.1,2.63
62159,3.5,3.8,2.7,3.33
66380,3.2,3.5,2.8,3.17
37582,3.5,3.25,2.75,3.17
32777,2.8,3.1,2.5,2.8
71575,2.5,3.0,3.2,2.9
62020,2.5,3.2,2.0,2.57
43661,3.2,3.5,2.1,2.93
27893,2.5,3.0,3.75,3.08
6417,3.2,3.5,2.8,3.17
10154,2.5,3.0,3.75,3.08
28968,3.8,3.5,2.2,3.17
58026,3.2,3.5,2.1,2.93
29953,3.2,3.5,2.8,3.17
65286,3.5,3.8,2.7,3.33
48769,2.5,2.3,3.8,2.87
48311,3.5,4.0,2.2,3.23
53670,3.5,3.8,2.2,3.17
42514,3.2,3.5,2.8,3.17
67067,3.5,3.25,2.75,3.17
19982,3.5,3.8,2.2,3.17
39667,3.2,2.8,2.5,2.83
45697,2.5,2.3,3.8,2.87
42132,3.5,3.25,3.0,3.25
33119,2.8,3.1,3.5,3.13
32294,2.5,2.8,3.1,2.8
4654,3.25,3.5,2.75,3.17
60401,3.2,3.5,2.1,2.93
46001,3.5,3.8,2.7,3.33
35138,3.2,3.5,3.0,3.23
40238,3.2,3.5,2.1,2.93
71466,2.5,3.0,2.2,2.57
31527,2.5,2.3,2.7,2.5
67335,3.5,3.25,2.75,3.17
22735,3.2,3.0,3.5,3.23
56190,3.5,4.0,2.2,3.23
26015,2.8,3.2,3.5,3.17
47797,2.5,2.0,3.0,2.5
35504,3.5,3.25,2.75,3.17
25671,2.1,2.3,1.8,2.07
66479,3.5,3.25,2.75,3.17
61256,3.2,3.5,2.8,3.17
37309,2.1,2.3,3.5,2.63
12909,3.25,3.5,2.75,3.17
31228,3.2,3.5,2.1,2.93
59251,2.5,2.8,3.2,2.83
9649,3.2,3.0,2.5,2.9
56671,3.5,3.8,2.2,3.17
70184,2.5,3.0,2.2,2.57
63549,3.8,3.9,2.5,3.4
35389,3.5,3.2,2.1,2.93
3570,2.5,2.8,3.2,2.83
53926,2.8,3.1,2.5,2.8
62304,3.2,3.5,3.0,3.23
64184,3.5,3.75,2.25,3.17
53112,3.2,3.5,2.1,2.93
20264,2.5,3.0,3.2,2.9
42877,2.5,3.0,3.75,3.08
12454,3.5,3.8,2.7,3.33
18446,3.5,3.25,2.0,2.92
43302,3.8,4.2,2.5,3.5
48968,2.8,3.1,2.5,2.8
32268,3.2,3.5,2.8,3.17
67340,1.5,2.0,1.0,1.5
16709,3.25,3.5,2.75,3.17
67624,2.5,2.8,2.2,2.5
65772,3.5,3.25,2.75,3.17
39264,2.8,3.1,4.2,3.37
16665,3.2,3.5,2.1,2.93
44826,2.5,2.75,3.25,2.83
69995,2.5,2.0,1.5,2.0
40331,3.2,3.5,2.8,3.17
11009,3.5,3.2,2.8,3.17
57780,3.8,3.9,2.5,3.4
1967,2.5,2.3,3.1,2.63
37260,2.8,3.1,3.5,3.13
67418,3.5,3.8,2.2,3.17
53284,3.2,3.5,2.1,2.93
20436,3.2,3.5,2.8,3.17
15010,3.2,3.5,2.8,3.17
41157,2.5,2.8,2.2,2.5
61637,4.2,3.8,2.1,3.37
27756,4.2,4.0,2.5,3.57
32678,3.2,3.0,2.5,2.9
51148,3.2,3.5,2.1,2.93
55890,3.2,3.5,3.0,3.23
36466,3.2,3.5,2.1,2.93
52981,3.5,3.8,2.7,3.33
15373,2.5,3.0,2.2,2.57
66211,3.5,3.8,2.2,3.17
32006,2.8,3.1,3.5,3.13
66246,2.8,3.2,2.5,2.83
54621,2.5,2.8,3.1,2.8
66679,3.2,3.5,2.1,2.93
45360,2.5,2.3,3.1,2.63
35313,2.1,2.3,1.5,1.97
791,3.5,3.8,2.7,3.33
31125,2.8,3.2,2.5,2.83
51396,3.5,3.8,2.2,3.17
57550,2.5,2.3,3.1,2.63
68541,2.5,3.0,2.1,2.53
60186,3.2,3.5,2.8,3.17
42400,3.2,3.5,2.1,2.93
67509,2.8,3.1,2.5,2.8
45851,4.2,4.0,2.5,3.57
12381,3.2,3.5,2.8,3.17
50735,2.5,3.0,2.2,2.57
14567,3.2,3.5,2.1,2.93
25753,3.5,3.8,2.7,3.33
51686,2.5,2.3,2.7,2.5
55281,3.8,3.9,2.5,3.4
7070,2.8,2.5,3.1,2.8
29261,2.5,3.0,2.75,2.75
8770,2.5,3.0,2.2,2.57
59378,4.2,4.0,2.5,3.57
16070,3.2,3.5,2.8,3.17
38837,2.5,3.0,2.2,2.57
16587,2.5,3.0,3.25,2.92
60242,2.1,2.3,1.5,1.97
51845,3.2,3.5,3.0,3.23
56593,2.5,2.3,2.7,2.5
67521,3.5,3.2,2.0,2.9
16721,2.5,3.0,2.2,2.57
39488,2.5,3.0,2.2,2.57
21232,2.5,2.8,3.1,2.8
55967,3.2,3.5,2.8,3.17
30004,2.5,2.8,3.2,2.83
69567,2.1,2.3,3.8,2.73
11919,2.0,2.5,1.5,2.0
13059,3.5,3.75,2.25,3.17
31739,2.5,2.2,3.1,2.6
62541,3.5,3.8,2.7,3.33
1375,3.2,3.0,2.5,2.9
2963,2.5,3.0,2.0,2.5
33970,2.5,2.8,3.2,2.83
34988,2.5,2.8,3.1,2.8
3863,3.2,3.5,3.8,3.5
19759,2.5,2.0,1.5,2.0
26348,3.2,3.5,3.0,3.23
452,2.8,3.1,2.5,2.8
37401,3.2,3.5,2.8,3.17
8923,3.5,3.25,2.75,3.17
55078,3.2,3.5,2.1,2.93
62311,3.8,4.0,2.5,3.43
22156,2.5,2.8,2.2,2.5
21487,2.5,3.0,2.75,2.75
21821,3.8,3.9,2.5,3.4
15291,3.5,4.0,2.75,3.42
50240,3.8,4.0,2.5,3.43
67412,3.2,3.5,2.8,3.17
9346,2.5,2.8,2.2,2.5
50906,2.5,2.8,2.2,2.5
55190,2.5,2.8,2.2,2.5
26137,3.8,4.1,2.5,3.47
43018,1.8,2.1,3.5,2.47
70141,2.5,3.0,3.75,3.08
48529,3.5,3.2,2.8,3.17
19602,2.1,2.3,3.8,2.73
25572,2.5,2.0,1.5,2.0
40598,3.5,3.0,2.2,2.9
52121,2.1,2.3,3.8,2.73
26966,3.2,3.5,2.1,2.93
40492,1.5,2.0,1.2,1.57
27094,2.5,2.8,3.7,3.0
54155,2.1,2.3,3.5,2.63
10624,4.2,4.0,2.5,3.57
69291,2.5,2.8,2.2,2.5
63097,3.8,3.5,2.2,3.17
4087,3.5,3.2,2.8,3.17
69430,2.5,3.0,3.5,3.0
29277,4.2,3.8,2.5,3.5
54817,3.5,3.8,2.7,3.33
46199,3.2,3.5,2.8,3.17
20658,4.2,3.8,2.1,3.37
14945,3.2,3.0,2.5,2.9
39370,3.5,3.25,3.0,3.25
7371,4.2,4.0,2.5,3.57
33144,2.5,2.8,3.1,2.8
48807,4.2,4.0,2.5,3.57
29989,3.5,3.25,2.75,3.17
52186,2.1,2.3,3.5,2.63
38200,3.5,3.8,2.2,3.17
55692,2.5,2.8,3.2,2.83
26717,2.5,2.8,3.1,2.8
40326,2.5,2.8,3.2,2.83
6579,2.5,2.3,2.0,2.27
30167,2.8,3.2,2.1,2.7
23381,2.8,3.1,2.5,2.8
35610,2.8,3.1,2.5,2.8
66309,3.2,3.5,2.8,3.17
42043,2.5,2.8,2.2,2.5
17168,3.5,3.8,2.2,3.17
2591,3.2,3.5,2.8,3.17
35397,3.2,3.5,3.0,3.23
47803,2.8,3.1,3.5,3.13
34,3.2,3.5,2.8,3.17
47979,3.2,3.5,2.8,3.17
29782,3.2,3.5,2.1,2.93
56299,2.8,3.1,3.5,3.13
29744,3.2,3.5,1.8,2.83
11441,3.5,3.2,2.1,2.93
64803,3.2,3.5,2.8,3.17
53545,3.5,4.0,2.75,3.42
36348,3.5,3.75,2.25,3.17
28403,3.2,3.5,2.8,3.17
10548,3.2,3.5,2.8,3.17
8333,3.25,3.5,2.75,3.17
67056,3.5,3.25,2.0,2.92
55409,3.5,3.8,2.7,3.33
61434,3.5,3.8,2.2,3.17
5925,2.5,3.0,2.2,2.57
13249,2.5,2.8,3.2,2.83
70004,2.5,2.8,1.9,2.4
50019,3.6,3.8,2.9,3.43
5928,2.5,3.0,3.2,2.9
42961,2.5,3.0,2.75,2.75
64980,3.6,3.8,2.5,3.3
6961,3.2,3.5,2.8,3.17
69532,3.2,3.5,2.1,2.93
29181,3.5,3.2,2.0,2.9
61269,3.2,3.5,2.8,3.17
6271,3.5,3.25,2.75,3.17
25403,3.2,3.5,3.8,3.5
50059,3.8,3.9,2.5,3.4
6293,3.2,3.5,2.8,3.17
3357,2.8,3.1,3.5,3.13
24705,2.8,3.1,3.5,3.13
52040,3.2,3.5,2.8,3.17
22824,2.5,3.0,2.2,2.57
51001,2.5,2.3,3.1,2.63
26756,2.5,2.0,1.5,2.0
54826,2.1,2.3,3.5,2.63
59934,2.5,2.0,1.5,2.0
57689,2.1,2.3,3.8,2.73
60700,2.5,3.0,2.75,2.75
53626,2.5,2.0,4.0,2.83
55016,3.2,3.5,2.8,3.17
65340,2.8,3.1,3.5,3.13
19148,2.5,3.0,2.0,2.5
51484,2.5,2.8,2.2,2.5
1651,3.5,3.25,2.75,3.17
69566,2.5,2.0,3.5,2.67
51438,3.5,3.8,2.2,3.17
52771,3.5,3.2,2.0,2.9
12648,1.0,1.5,1.0,1.17
30615,3.2,3.5,2.8,3.17
62074,2.5,3.0,3.75,3.08
3931,3.5,3.25,2.75,3.17
12206,3.5,3.25,2.75,3.17
48289,3.5,3.2,2.8,3.17
3437,4.2,4.0,2.5,3.57
5843,2.5,2.8,3.2,2.83
18783,2.5,2.8,3.2,2.83
16046,2.5,3.0,2.2,2.57
69940,3.5,3.8,2.2,3.17
29736,3.2,3.0,2.5,2.9
31892,2.5,3.0,2.1,2.53
59424,3.5,3.25,2.0,2.92
37616,2.5,2.2,3.8,2.83
21864,3.2,3.5,2.8,3.17
23485,2.5,2.3,3.1,2.63
18829,3.8,3.9,2.5,3.4
61948,1.5,2.0,1.0,1.5
45745,3.2,3.5,2.8,3.17
6777,2.5,2.8,2.0,2.43
34430,3.5,3.8,2.7,3.33
45155,2.5,2.0,3.5,2.67
43272,3.5,3.8,2.2,3.17
70189,3.5,3.8,2.7,3.33
2827,3.2,3.5,2.1,2.93
64831,2.5,3.0,2.2,2.57
21104,2.8,3.1,3.5,3.13
27193,2.1,2.3,1.8,2.07
70223,2.1,2.3,3.8,2.73
64458,3.5,3.8,2.7,3.33
7302,3.5,3.25,2.75,3.17
41945,3.5,3.25,2.75,3.17
63213,2.5,2.2,3.8,2.83
29739,2.8,3.1,2.5,2.8
59364,2.5,2.0,1.5,2.0
67387,2.5,2.3,2.0,2.27
327,3.5,3.8,2.2,3.17
63073,2.5,2.0,3.25,2.58
17717,3.5,3.8,2.2,3.17
41086,3.2,3.0,2.5,2.9
1504,2.5,2.2,3.8,2.83
19395,2.1,1.8,2.3,2.07
59846,3.5,3.8,2.2,3.17
25117,3.5,3.8,2.7,3.33
66729,3.2,3.5,3.0,3.23
54739,2.8,3.2,2.5,2.83
57906,3.5,3.8,2.2,3.17
54624,2.5,3.0,2.2,2.57
36461,3.5,3.25,2.75,3.17
65817,3.2,3.5,2.8,3.17
63094,2.5,2.8,3.1,2.8
4688,3.2,3.5,2.8,3.17
34426,3.5,3.25,2.75,3.17
16064,2.1,2.3,3.5,2.63
6220,4.2,4.0,2.5,3.57
36270,3.5,3.25,2.0,2.92
10920,3.5,3.8,2.7,3.33
27722,2.5,2.2,3.8,2.83
4557,3.5,3.25,3.75,3.5
18267,3.25,3.5,2.75,3.17
40204,3.2,3.5,2.8,3.17
34605,3.2,3.5,2.1,2.93
54529,2.5,2.2,3.8,2.83
59516,2.8,3.2,2.0,2.67
545,3.2,3.5,2.1,2.93
27578,3.2,3.5,2.8,3.17
48625,3.25,3.5,3.75,3.5
35376,3.2,3.5,2.8,3.17
64301,2.1,2.3,3.5,2.63
52160,3.5,3.2,2.1,2.93
72015,3.5,3.25,2.75,3.17
34784,3.25,3.5,2.75,3.17
17292,2.8,3.1,3.5,3.13
54650,2.8,3.2,2.5,2.83
25687,2.5,2.8,2.2,2.5
41279,3.2,3.5,2.8,3.17
11650,2.5,2.0,1.5,2.0
50895,3.5,3.8,2.2,3.17
68331,3.2,3.5,2.8,3.17
724,2.5,2.2,2.8,2.5
47152,3.5,4.0,2.2,3.23
31971,2.1,2.3,1.8,2.07
70338,2.5,2.8,2.2,2.5
50283,3.5,3.8,2.2,3.17
24856,2.8,3.1,3.5,3.13
52850,3.5,3.25,2.75,3.17
14235,3.2,3.0,3.5,3.23
51966,3.5,3.8,2.2,3.17
64404,2.8,3.1,3.5,3.13
40799,3.5,3.8,2.2,3.17
69925,3.5,3.25,2.75,3.17
56417,3.5,3.75,2.25,3.17
30171,3.25,3.5,2.75,3.17
52945,2.5,2.8,1.9,2.4
37151,3.2,3.5,2.1,2.93
17811,3.2,3.5,2.8,3.17
19336,3.5,3.8,2.2,3.17
13011,3.2,3.5,2.8,3.17
7435,3.8,4.2,2.5,3.5
12465,2.5,2.2,3.8,2.83
3031,3.5,3.2,2.8,3.17
42708,3.5,3.8,2.2,3.17
1778,3.5,3.8,2.2,3.17
16511,2.5,3.0,1.5,2.33
25755,3.2,3.5,2.8,3.17
68527,3.2,3.5,2.8,3.17
45629,2.5,2.2,3.8,2.83
19064,3.5,3.25,2.75,3.17
35894,3.5,3.8,2.2,3.17
40131,3.5,3.8,2.2,3.17
34757,3.5,3.25,2.0,2.92
54377,3.25,3.5,2.75,3.17
7622,3.2,3.5,2.1,2.93
59146,3.2,3.0,2.5,2.9
56128,2.5,2.8,2.2,2.5
7417,2.5,2.3,2.0,2.27
458,3.25,3.5,2.75,3.17
37863,3.5,3.2,2.1,2.93
48793,3.5,3.8,2.2,3.17
59085,3.25,3.8,3.5,3.52
58065,2.5,3.0,2.1,2.53
20445,2.5,3.0,2.2,2.57
68406,3.5,3.8,2.2,3.17
37579,2.5,3.0,1.5,2.33
53292,3.2,3.5,2.8,3.17
16620,2.5,2.8,3.1,2.8
65030,2.8,3.1,2.2,2.7
42496,3.5,3.8,2.7,3.33
50628,3.2,3.5,2.1,2.93
37140,3.5,3.2,2.1,2.93
71919,3.8,4.0,2.5,3.43
7752,3.5,3.8,2.7,3.33
28770,3.2,3.5,2.8,3.17
12161,3.5,3.8,2.2,3.17
5569,3.5,3.8,2.2,3.17
34728,3.8,4.0,2.5,3.43
24593,3.5,3.8,2.2,3.17
39470,3.2,3.0,2.5,2.9
39549,3.5,3.8,2.7,3.33
7694,2.5,3.0,1.8,2.43
25843,3.2,3.5,2.8,3.17
66443,2.8,3.1,3.5,3.13
34238,3.5,3.2,2.0,2.9
16642,2.1,2.3,3.8,2.73
55388,3.5,3.8,2.7,3.33
34531,2.8,2.5,3.1,2.8
4607,3.2,3.0,2.5,2.9
6946,2.5,2.3,3.8,2.87
52630,3.2,3.5,2.8,3.17
33983,3.5,3.8,2.2,3.17
14039,3.5,3.8,2.2,3.17
36504,3.5,3.8,2.2,3.17
28501,3.5,4.0,2.75,3.42
22805,3.5,3.8,2.2,3.17
18179,3.2,3.0,2.5,2.9
760,2.5,2.2,3.1,2.6
65962,3.8,3.5,2.7,3.33
64426,3.2,3.5,3.0,3.23
40200,2.8,3.1,2.2,2.7
16155,3.8,4.2,2.5,3.5
53867,3.5,3.8,2.2,3.17
24221,3.2,3.5,2.8,3.17
52369,3.5,3.8,2.2,3.17
52218,3.5,3.25,2.0,2.92
49400,4.2,4.0,2.5,3.57
11402,3.5,3.75,2.25,3.17
13357,3.2,3.5,2.8,3.17
61965,2.5,3.0,3.2,2.9
3236,2.5,2.3,3.1,2.63
2631,3.5,3.0,2.2,2.9
18427,3.2,3.5,2.1,2.93
61976,2.5,3.0,2.75,2.75
47344,3.2,2.8,3.5,3.17
23787,3.5,3.25,2.1,2.95
8991,2.0,2.5,1.0,1.83
6479,3.2,3.0,3.5,3.23
60556,3.5,3.8,2.2,3.17
46686,3.6,3.8,2.9,3.43
23912,3.5,3.25,2.0,2.92
48736,2.5,3.0,3.75,3.08
2451,2.5,2.0,3.0,2.5
6365,3.2,3.5,3.8,3.5
8404,2.8,3.2,2.5,2.83
25620,3.5,3.8,2.2,3.17
8380,2.5,2.3,3.1,2.63
61181,2.5,2.8,2.2,2.5
19915,2.5,3.0,3.2,2.9
62076,2.5,3.0,1.5,2.33
6939,3.8,4.0,2.5,3.43
49330,2.8,3.2,2.1,2.7
1017,3.6,3.8,2.5,3.3
28598,2.1,2.3,3.5,2.63
66620,4.2,4.0,2.5,3.57
19702,2.1,2.35,3.8,2.75
18685,2.5,2.8,3.1,2.8
4580,4.2,3.8,2.5,3.5
26757,2.5,3.0,1.5,2.33
6269,2.8,3.1,3.5,3.13
21784,2.8,3.1,3.5,3.13
17389,3.2,3.5,3.0,3.23
53746,3.5,3.25,2.75,3.17
67139,3.2,3.0,2.5,2.9
11698,3.5,3.8,2.2,3.17
18805,2.5,2.2,3.8,2.83
10981,3.5,3.8,2.7,3.33
33956,2.8,3.1,3.5,3.13
62158,3.5,3.25,3.0,3.25
62063,2.8,3.1,2.5,2.8
25964,3.25,3.5,2.75,3.17
48889,3.5,3.8,2.7,3.33
31689,3.5,3.25,2.0,2.92
11044,3.2,3.5,2.8,3.17
2177,2.8,3.1,3.5,3.13
27777,3.5,3.8,2.2,3.17
13485,3.5,3.8,2.2,3.17
18482,2.5,2.2,3.0,2.57
59051,2.5,2.8,3.2,2.83
37975,2.5,3.0,2.2,2.57
44834,3.8,4.0,2.5,3.43
17623,2.5,2.8,1.9,2.4
5931,3.2,3.5,2.8,3.17
14257,3.25,3.5,2.0,2.92
41591,2.5,3.0,1.5,2.33
39772,3.25,3.5,2.75,3.17
61410,2.5,2.0,1.5,2.0
342,2.8,3.2,2.5,2.83
44024,3.5,3.2,2.0,2.9
49184,2.8,3.2,2.5,2.83
17334,3.25,3.5,3.75,3.5
40022,2.5,2.8,3.1,2.8
43406,2.5,2.3,1.8,2.2
24867,3.2,3.5,2.8,3.17
7382,2.5,2.2,3.8,2.83
50596,2.8,3.1,3.5,3.13
12890,3.2,3.5,2.8,3.17
58109,3.2,3.0,2.5,2.9
61738,2.5,2.3,2.7,2.5
69887,3.2,3.5,2.8,3.17
67170,3.25,3.5,2.75,3.17
53607,2.5,2.8,3.2,2.83
44534,3.5,3.8,2.7,3.33
30135,3.2,3.5,2.8,3.17
40398,3.8,3.9,2.5,3.4
52528,2.1,2.3,3.8,2.73
12055,3.2,3.5,2.8,3.17
14056,2.5,2.8,3.2,2.83
41761,2.5,2.8,2.2,2.5
65919,3.2,3.5,2.8,3.17
36714,3.2,3.5,2.8,3.17
38329,2.5,2.8,3.1,2.8
55427,2.1,2.3,1.8,2.07
17268,2.5,2.3,3.1,2.63
42553,2.5,3.0,1.5,2.33
57130,2.5,2.8,1.7,2.33
69945,2.8,3.2,2.5,2.83
39481,3.5,3.8,3.2,3.5
14920,3.2,3.5,2.8,3.17
69312,2.5,2.8,3.2,2.83
15400,3.5,3.0,2.0,2.83
31547,2.8,3.15,2.5,2.82
50159,2.8,3.1,2.0,2.63
19965,2.5,2.0,1.5,2.0
14392,3.5,3.25,2.75,3.17
18443,3.5,3.25,2.1,2.95
28439,2.5,3.0,2.0,2.5
5122,3.5,3.25,2.0,2.92
51801,3.2,2.8,3.5,3.17
48675,3.5,3.8,2.2,3.17
46304,3.2,3.5,2.1,2.93
57114,3.5,3.0,2.5,3.0
31795,3.2,3.5,3.8,3.5
35368,2.5,3.0,2.2,2.57
49417,3.2,3.0,2.5,2.9
45138,3.2,3.5,2.1,2.93
29722,3.25,3.5,2.75,3.17
40136,3.2,3.5,3.0,3.23
43522,3.5,3.8,2.2,3.17
49960,2.5,3.0,2.2,2.57
38600,2.5,2.2,3.8,2.83
16630,3.5,3.8,2.2,3.17
62347,2.5,3.0,2.2,2.57
56459,3.2,3.5,2.8,3.17
17672,2.5,2.2,3.1,2.6
66276,3.2,3.0,2.5,2.9
53280,2.5,2.8,1.7,2.33
53047,3.2,3.5,2.8,3.17
67888,3.25,3.5,2.75,3.17
60812,3.2,3.0,2.5,2.9
46504,3.5,3.2,2.0,2.9
57683,2.5,2.8,1.5,2.27
67081,3.2,3.5,2.8,3.17
24449,2.5,2.0,1.5,2.0
38594,2.1,2.3,3.5,2.63
39993,3.25,3.5,2.75,3.17
68581,4.2,3.8,2.5,3.5
2530,3.2,3.5,2.8,3.17
37514,3.2,3.5,2.1,2.93
32712,3.8,4.2,2.5,3.5
64639,2.8,3.1,2.5,2.8
40123,4.2,3.8,2.1,3.37
36541,3.2,3.5,2.8,3.17
37648,3.5,3.2,2.8,3.17
58257,3.5,3.8,2.2,3.17
1637,3.2,3.5,2.8,3.17
30842,3.5,3.2,2.1,2.93
38362,2.8,3.1,3.5,3.13
30840,2.5,2.8,3.1,2.8
54049,3.5,3.8,2.2,3.17
27068,2.5,3.0,2.2,2.57
34953,3.5,3.8,2.2,3.17
7877,3.5,3.8,2.2,3.17
20301,3.5,3.8,2.2,3.17
55474,2.5,2.0,1.5,2.0
7083,2.5,2.8,3.2,2.83
41458,2.1,2.3,1.8,2.07
14483,3.5,3.25,2.75,3.17
16124,2.5,3.0,2.2,2.57
64914,3.2,3.0,3.5,3.23
15696,3.2,3.5,2.8,3.17
16257,3.2,3.5,2.8,3.17
3871,2.5,2.8,3.2,2.83
16471,3.5,3.25,2.75,3.17
59245,3.5,3.25,2.0,2.92
58861,1.0,1.5,1.0,1.17
34854,2.5,2.3,3.1,2.63
63571,2.5,2.3,1.8,2.2
18693,2.5,2.2,3.1,2.6
46819,2.5,2.2,3.8,2.83
13998,3.5,3.8,2.2,3.17
48740,2.5,3.0,3.75,3.08
47164,2.5,2.3,1.8,2.2
4717,3.2,3.5,2.8,3.17
32110,2.5,3.0,3.2,2.9
54346,2.5,3.0,2.2,2.57
18183,2.5,3.0,3.2,2.9
37310,3.2,3.5,2.8,3.17
33645,2.5,2.8,3.1,2.8
67585,3.5,3.8,2.75,3.35
54064,3.2,3.5,2.8,3.17
72072,3.2,3.5,2.8,3.17
59596,3.2,3.5,2.8,3.17
38101,2.5,2.3,3.1,2.63
67238,3.5,3.8,3.2,3.5
7038,3.5,3.25,2.75,3.17
57698,2.5,2.3,3.1,2.63
13422,4.2,4.0,2.5,3.57
8306,3.2,3.5,2.8,3.17
8927,3.25,3.5,3.75,3.5
30836,2.5,2.8,2.2,2.5
3353,2.8,3.1,3.5,3.13
16959,3.2,3.5,2.8,3.17
48168,3.2,3.5,3.0,3.23
43634,2.5,3.0,2.2,2.57
24260,3.2,3.5,2.1,2.93
20461,2.5,2.3,3.8,2.87
53444,3.5,3.8,2.7,3.33
41965,3.5,3.8,2.2,3.17
25034,3.25,3.5,3.75,3.5
65918,3.5,3.8,2.2,3.17
17285,3.2,3.5,2.8,3.17
33423,3.5,3.8,2.2,3.17
65796,3.2,3.8,2.5,3.17
46812,3.5,3.25,2.75,3.17
34545,3.5,3.8,2.2,3.17
17700,3.2,3.5,2.1,2.93
60387,2.5,3.0,2.75,2.75
28684,3.2,2.8,2.1,2.7
47935,2.5,3.0,3.2,2.9
2515,3.2,3.5,2.1,2.93
6326,2.5,3.0,3.75,3.08
38535,3.5,3.25,2.75,3.17
6578,3.2,3.5,2.1,2.93
47112,3.5,3.8,2.2,3.17
607,2.5,3.0,2.2,2.57
9193,3.2,2.8,2.5,2.83
51055,3.8,3.5,2.2,3.17
50501,3.5,3.8,2.7,3.33
54659,3.5,3.2,3.8,3.5
52471,3.5,3.8,2.7,3.33
46845,2.5,2.8,3.7,3.0
11725,2.1,2.5,2.0,2.2
50210,3.2,3.5,2.8,3.17
7123,2.5,2.8,3.1,2.8
5352,4.2,3.8,2.5,3.5
64767,3.2,3.0,2.5,2.9
55935,3.2,3.5,2.8,3.17
27909,2.5,2.2,3.1,2.6
8345,3.2,3.5,2.1,2.93
22178,3.5,3.25,2.0,2.92
28313,3.5,3.8,2.2,3.17
56520,3.8,3.5,2.2,3.17
60373,2.5,2.8,2.2,2.5
30618,2.5,3.0,2.2,2.57
70741,3.2,3.5,2.1,2.93
32773,2.5,2.0,3.5,2.67
3348,2.5,2.8,3.1,2.8
10384,2.5,2.2,3.8,2.83
22264,3.2,3.5,2.8,3.17
67350,2.5,2.8,2.0,2.43
19610,3.2,3.5,2.8,3.17
47454,2.8,3.1,3.5,3.13
53484,3.5,3.8,2.7,3.33
36665,3.5,3.8,2.2,3.17
14667,2.5,3.0,1.5,2.33
19509,3.2,3.0,2.1,2.77
59006,3.5,3.8,2.2,3.17
51807,3.2,3.5,2.8,3.17
12025,3.2,3.5,2.8,3.17
16160,3.25,3.5,3.75,3.5
59337,1.0,2.0,1.0,1.33
45133,3.2,3.5,2.8,3.17
24455,3.2,3.5,2.8,3.17
35069,3.2,3.5,2.8,3.17
37908,3.5,3.8,2.7,3.33
40132,3.2,3.5,2.8,3.17
32836,3.2,3.5,2.8,3.17
20623,2.5,2.2,3.1,2.6
34699,3.2,3.5,3.8,3.5
30789,3.2,3.5,2.8,3.17
5773,2.1,2.3,1.8,2.07
8343,2.8,3.1,2.3,2.73
61335,3.2,3.5,2.8,3.17
72127,2.5,3.0,2.2,2.57
47536,2.0,2.5,1.5,2.0
49345,3.5,3.8,2.7,3.33
15671,3.5,3.8,2.7,3.33
68278,3.5,3.25,2.75,3.17
13498,3.5,3.75,2.8,3.35
20512,3.2,3.5,2.1,2.93
20624,2.1,2.3,3.5,2.63
59862,2.5,3.0,2.2,2.57
50758,2.1,2.3,3.8,2.73
13304,3.5,3.25,2.75,3.17
54599,2.5,2.8,2.2,2.5
1545,3.2,3.5,2.8,3.17
28242,3.2,3.5,2.8,3.17
39452,2.5,2.8,2.2,2.5
53799,2.5,2.8,2.2,2.5
38184,2.8,3.1,2.3,2.73
42226,3.2,3.5,2.8,3.17
5006,2.8,3.2,2.1,2.7
852,3.2,3.5,2.8,3.17
37536,3.5,3.8,2.7,3.33
28307,3.2,3.5,2.8,3.17
24481,2.5,3.0,2.2,2.57
59892,3.8,3.9,2.5,3.4
43959,3.5,3.25,2.75,3.17
17633,3.2,3.5,3.0,3.23
33121,3.2,3.5,2.8,3.17
38584,3.5,3.25,2.75,3.17
17446,3.5,3.8,2.7,3.33
28991,2.5,2.2,3.0,2.57
54853,2.5,3.0,2.2,2.57
54870,3.2,3.5,2.8,3.17
49148,3.2,3.5,2.8,3.17
42283,3.5,3.8,2.7,3.33
44886,3.5,3.8,2.2,3.17
54174,3.5,3.8,2.2,3.17
30582,2.1,2.3,3.8,2.73
13017,3.25,3.5,2.75,3.17
24797,3.5,3.0,2.0,2.83
36312,3.2,3.5,2.1,2.93
49538,3.2,3.5,2.8,3.17
13655,3.5,3.8,2.2,3.17
10521,3.2,3.5,2.8,3.17
23722,3.2,3.5,2.8,3.17
30122,3.8,4.2,2.5,3.5
7377,2.1,2.3,4.5,2.97
24163,3.5,3.8,2.2,3.17
60695,2.5,2.8,3.2,2.83
19176,2.5,2.8,2.2,2.5
60484,2.5,3.0,2.0,2.5
27104,2.5,3.0,1.5,2.33
29385,3.5,3.8,2.2,3.17
31979,3.5,3.8,2.7,3.33
18032,2.5,2.0,1.5,2.0
10524,2.5,2.8,2.2,2.5
43000,2.8,3.1,2.5,2.8
9817,3.2,3.0,2.5,2.9
38628,2.5,3.0,1.5,2.33
21871,2.8,3.1,3.5,3.13
18637,3.5,3.8,2.7,3.33
35325,3.2,3.5,2.1,2.93
45288,3.5,3.8,2.2,3.17
56579,2.5,3.0,2.1,2.53
9677,2.5,3.0,2.2,2.57
43176,3.2,3.5,2.8,3.17
46967,3.2,3.5,2.8,3.17
65010,3.5,4.0,2.2,3.23
54228,2.8,3.1,2.5,2.8
63194,2.8,3.1,3.5,3.13
3368,3.2,3.5,2.8,3.17
14833,2.1,2.3,1.8,2.07
36441,2.5,3.0,1.8,2.43
66849,2.5,2.8,2.2,2.5
59070,2.5,3.0,2.2,2.57
12825,2.5,3.2,2.8,2.83
39009,3.2,3.5,2.8,3.17
11229,2.5,2.0,3.75,2.75
40503,3.2,3.5,2.8,3.17
70719,4.2,4.0,2.5,3.57
15207,3.2,3.0,3.5,3.23
66871,2.5,2.0,1.5,2.0
30873,3.5,3.8,2.2,3.17
48035,2.5,2.2,3.1,2.6
38545,2.8,3.1,2.5,2.8
47893,3.25,3.0,3.75,3.33
36913,3.2,3.5,2.8,3.17
56948,2.5,2.8,3.1,2.8
52275,3.25,3.5,2.75,3.17
37758,3.2,3.5,2.8,3.17
29389,2.5,2.8,2.2,2.5
17718,3.2,3.5,2.8,3.17
36951,2.5,3.0,3.2,2.9
11371,3.5,3.8,2.2,3.17
31766,3.2,3.5,2.1,2.93
21611,3.5,3.8,2.2,3.17
62889,3.5,3.2,1.8,2.83
7517,3.5,3.8,2.2,3.17
50777,2.1,1.8,3.5,2.47
40534,3.2,3.5,3.0,3.23
6493,3.8,4.0,2.5,3.43
55649,2.5,2.2,3.0,2.57
70630,2.8,3.1,2.5,2.8
34189,3.8,4.2,3.1,3.7
15911,2.5,2.2,3.0,2.57
3904,2.5,2.3,2.7,2.5
65739,2.5,2.8,2.2,2.5
17115,2.1,2.3,3.5,2.63
8815,3.5,3.8,2.7,3.33
38976,3.2,3.5,2.8,3.17
4889,3.5,3.8,3.2,3.5
36645,2.1,1.8,3.5,2.47
44702,3.5,3.2,2.8,3.17
15270,3.5,3.8,2.7,3.33
36345,3.5,3.25,2.75,3.17
9753,3.5,3.8,2.2,3.17
30706,3.2,3.5,2.8,3.17
59319,2.8,3.1,2.5,2.8
32754,2.5,3.0,2.2,2.57
24868,2.5,2.3,1.8,2.2
32331,3.2,3.0,3.5,3.23
61490,3.5,3.0,2.2,2.9
21340,2.5,2.8,2.2,2.5
15116,3.5,3.25,2.75,3.17
43844,2.5,2.8,3.1,2.8
51810,3.25,3.5,3.0,3.25
17645,3.2,3.5,2.1,2.93
45140,2.5,2.2,3.8,2.83
43807,2.1,2.3,1.5,1.97
23052,2.8,3.1,3.5,3.13
69715,3.2,3.5,2.1,2.93
61298,3.2,3.5,2.8,3.17
3338,3.2,3.5,2.8,3.17
33484,2.5,3.0,2.75,2.75
58117,2.5,3.0,2.2,2.57
64067,2.1,2.5,3.0,2.53
52716,2.5,3.0,1.5,2.33
63803,2.5,2.0,1.5,2.0
19923,2.8,3.1,2.5,2.8
25853,2.8,3.1,3.5,3.13
16889,3.2,3.5,2.1,2.93
19820,2.5,2.8,3.1,2.8
27132,2.1,2.3,4.2,2.87
23264,2.8,3.1,2.5,2.8
21722,3.8,3.5,2.2,3.17
49750,3.5,3.8,2.2,3.17
20316,2.5,2.3,2.7,2.5
60233,3.2,3.5,2.8,3.17
60170,2.5,3.0,1.8,2.43
53352,2.5,2.8,2.0,2.43
15043,2.5,2.8,2.2,2.5
2197,3.5,3.25,2.0,2.92
61051,3.2,3.5,2.8,3.17
51467,3.5,3.25,2.0,2.92
42801,3.5,3.2,2.1,2.93
40777,2.5,3.0,2.2,2.57
59863,2.5,3.0,2.2,2.57
47294,2.5,3.0,1.8,2.43
60213,4.2,3.8,2.5,3.5
48282,3.8,4.2,2.5,3.5
39811,3.8,4.2,2.5,3.5
55032,3.5,3.0,2.0,2.83
70903,3.5,3.8,2.2,3.17
68191,2.5,3.0,2.2,2.57
47339,2.5,2.8,1.9,2.4
52507,2.5,2.8,3.2,2.83
51959,2.5,3.0,1.8,2.43
51231,3.25,3.5,2.75,3.17
31628,3.2,3.5,2.8,3.17
67003,3.5,4.0,2.2,3.23
51423,3.5,3.8,2.2,3.17
31094,2.5,2.0,1.5,2.0
2015,3.5,3.25,2.75,3.17
39229,2.5,2.2,3.8,2.83
14559,3.5,3.2,2.0,2.9
41121,3.2,3.5,2.8,3.17
39399,3.2,3.5,2.8,3.17
5170,3.2,3.5,2.8,3.17
30216,2.5,2.8,3.1,2.8
62552,3.2,3.0,2.5,2.9
28417,2.5,2.3,3.1,2.63
49043,2.8,3.1,2.2,2.7
13753,2.5,2.0,1.5,2.0
33547,2.1,2.3,1.5,1.97
4363,2.1,2.3,1.8,2.07
14968,2.1,2.3,3.5,2.63
30714,2.5,2.0,1.5,2.0
40633,3.5,3.8,2.7,3.33
40016,2.5,2.0,1.5,2.0
12508,3.5,3.8,2.7,3.33
13809,3.2,3.5,2.8,3.17
34614,3.5,3.25,2.0,2.92
6491,3.5,3.8,2.2,3.17
29243,2.5,3.0,2.0,2.5
15138,4.5,3.8,1.5,3.27
52620,3.2,3.5,2.1,2.93
7680,3.2,3.5,2.8,3.17
66434,3.5,3.8,3.2,3.5
16062,2.5,2.8,3.1,2.8
50590,3.2,3.5,2.8,3.17
49209,2.5,3.0,1.5,2.33
43614,2.5,2.8,2.2,2.5
35599,2.5,2.2,4.0,2.9
40692,3.2,3.5,2.8,3.17
48343,3.8,4.2,2.5,3.5
46692,3.6,3.8,2.9,3.43
6227,3.5,3.8,2.2,3.17
5887,4.2,4.0,2.5,3.57
69106,3.8,3.5,2.2,3.17
12743,3.5,3.8,2.7,3.33
39877,2.5,2.8,1.9,2.4
69905,3.5,3.8,2.2,3.17
63443,2.5,3.0,2.2,2.57
47788,3.5,3.8,2.2,3.17
53101,2.5,3.0,2.2,2.57
22705,3.5,3.25,2.75,3.17
31511,3.2,3.5,3.0,3.23
49923,2.5,2.8,3.1,2.8
41553,3.5,3.8,2.2,3.17
43247,3.5,3.8,2.7,3.33
20143,3.5,3.25,2.75,3.17
1412,3.5,3.75,3.25,3.5
3993,2.5,3.0,2.0,2.5
16953,3.5,3.8,2.2,3.17
63521,2.5,2.0,1.5,2.0
69304,3.2,3.5,2.8,3.17
65280,3.2,3.5,2.8,3.17
32998,3.2,3.5,3.8,3.5
57274,3.5,3.8,2.7,3.33
15618,2.5,2.3,2.7,2.5
4345,2.5,2.8,2.2,2.5
52759,2.8,2.5,3.2,2.83
21656,2.5,2.3,3.1,2.63
12630,3.5,3.8,2.7,3.33
26577,3.2,3.5,2.8,3.17
56814,3.8,4.0,2.5,3.43
8602,3.6,3.8,2.5,3.3
39208,3.5,3.25,2.75,3.17
44709,2.5,3.0,2.2,2.57
44622,3.5,3.25,2.75,3.17
50267,3.2,3.5,2.8,3.17
20712,3.2,3.5,2.8,3.17
34312,3.2,3.0,2.5,2.9
34868,2.5,3.0,1.5,2.33
70507,3.5,3.2,1.8,2.83
28970,3.5,3.2,2.8,3.17
35808,3.5,3.8,2.2,3.17
37189,3.5,3.8,2.7,3.33
61187,3.2,3.5,2.8,3.17
32663,2.1,2.3,1.8,2.07
54896,3.2,3.5,2.8,3.17
49447,3.2,3.0,3.5,3.23
13482,3.5,3.8,2.2,3.17
62110,2.8,3.1,3.5,3.13
51654,2.5,2.8,3.2,2.83
5283,2.1,2.3,3.5,2.63
32436,3.5,3.8,2.2,3.17
1441,2.8,3.1,2.5,2.8
32113,2.5,2.8,3.2,2.83
16333,3.5,3.8,2.2,3.17
46919,3.5,4.0,2.0,3.17
54863,3.8,4.0,2.5,3.43
3573,2.8,3.1,2.2,2.7
29046,3.5,3.8,2.7,3.33
26844,3.2,3.5,2.8,3.17
57865,3.5,4.0,2.2,3.23
6620,2.5,2.8,3.7,3.0
53433,2.5,2.8,2.2,2.5
69740,3.2,3.8,2.5,3.17
49769,3.2,3.5,2.8,3.17
67565,2.5,3.0,2.2,2.57
20114,3.5,3.2,2.8,3.17
32351,2.5,2.8,2.2,2.5
15444,2.1,2.3,3.5,2.63
48504,3.5,3.25,2.0,2.92
53921,3.2,3.5,3.0,3.23
1945,3.2,3.5,2.8,3.17
70437,2.5,3.0,3.75,3.08
33405,3.5,3.8,2.7,3.33
30703,3.5,3.25,2.75,3.17
9165,3.5,3.25,2.0,2.92
56251,2.5,2.8,3.2,2.83
5381,3.5,3.2,2.1,2.93
36103,2.5,2.8,2.2,2.5
18615,3.6,3.8,2.5,3.3
8619,3.5,3.8,2.7,3.33
569,2.5,3.0,3.2,2.9
71846,3.2,3.5,2.8,3.17
15658,3.5,3.8,2.2,3.17
30657,2.5,2.8,3.1,2.8
9138,3.25,3.5,2.75,3.17
35104,2.1,2.3,3.8,2.73
52538,2.5,2.8,3.1,2.8
62260,3.2,3.5,2.8,3.17
32001,2.8,3.1,2.5,2.8
63657,3.5,3.8,2.7,3.33
18543,2.8,3.15,3.5,3.15
54352,2.5,3.0,1.5,2.33
56528,3.5,3.8,2.2,3.17
64734,2.5,3.0,2.0,2.5
7488,3.5,3.25,2.75,3.17
58860,2.5,3.0,2.2,2.57
55370,3.2,3.5,2.1,2.93
70119,1.5,2.0,1.0,1.5
44852,3.2,3.5,2.1,2.93
16270,4.2,4.0,2.5,3.57
52752,2.1,2.3,1.8,2.07
54376,2.5,3.0,2.0,2.5
38148,3.5,3.8,2.7,3.33
43717,2.5,3.0,1.5,2.33
34187,3.25,3.5,2.75,3.17
11191,3.5,3.8,2.2,3.17
34233,2.5,2.3,3.1,2.63
30610,2.8,2.5,3.7,3.0
22169,2.5,2.0,1.5,2.0
24357,3.5,3.8,2.2,3.17
32888,2.5,2.8,3.2,2.83
7520,3.8,3.9,2.5,3.4
60615,3.2,3.5,2.8,3.17
42262,3.2,3.5,2.8,3.17
22938,3.5,3.2,2.8,3.17
25172,2.1,2.3,3.5,2.63
19198,2.5,2.0,1.5,2.0
20474,3.5,3.8,2.2,3.17
15164,2.5,2.0,1.5,2.0
29778,3.8,3.9,2.5,3.4
65735,1.5,2.0,2.25,1.92
62045,2.5,3.0,3.2,2.9
16789,3.5,3.8,2.2,3.17
9756,2.5,2.8,3.1,2.8
60926,3.2,3.5,2.1,2.93
45768,2.5,2.8,2.2,2.5
65131,2.5,2.3,3.8,2.87
58852,2.5,3.0,2.2,2.57
68298,4.2,3.85,2.1,3.38
44860,3.2,3.5,2.8,3.17
12517,3.5,3.8,2.7,3.33
7821,3.5,3.8,2.2,3.17
32565,3.5,3.25,2.0,2.92
67766,3.5,3.8,2.2,3.17
60624,2.1,2.3,1.5,1.97
50770,3.6,3.8,2.9,3.43
18759,2.5,2.3,3.1,2.63
49407,3.2,3.5,2.1,2.93
35106,3.25,3.0,3.5,3.25
2043,3.5,3.8,2.2,3.17
20944,3.5,3.8,2.2,3.17
22218,3.2,3.5,2.8,3.17
6489,2.5,2.8,3.1,2.8
55899,2.1,1.8,3.5,2.47
6094,3.5,3.8,2.2,3.17
51259,3.2,3.5,2.8,3.17
63384,2.5,2.8,2.2,2.5
69516,3.6,3.8,2.9,3.43
21164,3.5,3.8,2.7,3.33
57705,2.5,2.8,2.2,2.5
39102,4.2,3.8,2.1,3.37
12911,3.5,3.2,2.1,2.93
37315,2.5,2.3,1.8,2.2
34336,3.2,3.0,3.5,3.23
54741,2.5,3.0,2.0,2.5
57602,2.8,3.1,2.5,2.8
25931,3.2,3.5,2.1,2.93
3952,3.2,3.5,2.1,2.93
50318,2.5,3.0,1.8,2.43
29094,2.5,2.8,2.2,2.5
59738,3.5,3.25,2.75,3.17
59489,3.2,3.5,3.0,3.23
61773,2.5,2.8,3.2,2.83
39813,3.8,4.2,2.1,3.37
25698,3.5,3.8,2.2,3.17
45384,3.5,3.8,2.2,3.17
26037,3.2,3.5,2.8,3.17
30650,3.5,3.8,2.2,3.17
63358,2.5,3.0,2.75,2.75
61809,3.2,3.5,2.8,3.17
41127,3.5,3.8,3.2,3.5
696,3.5,3.25,2.75,3.17
65130,2.5,2.3,3.1,2.63
23061,3.2,3.5,2.8,3.17
34561,3.2,3.5,2.8,3.17
54859,2.5,2.3,1.8,2.2
47714,2.5,3.0,2.2,2.57
39281,4.2,4.0,2.5,3.57
4063,3.5,3.8,2.2,3.17
60840,2.8,3.1,2.3,2.73
28900,3.5,3.25,2.75,3.17
61418,3.2,2.8,3.5,3.17
35426,3.5,3.25,2.75,3.17
43340,4.2,3.8,2.1,3.37
44916,2.5,3.0,2.2,2.57
37836,2.5,2.0,1.5,2.0
20932,2.5,3.0,1.5,2.33
63930,3.5,3.8,2.2,3.17
2341,2.5,2.0,1.5,2.0
62885,3.5,3.8,2.2,3.17
49903,3.5,3.25,2.1,2.95
19248,3.8,4.0,2.5,3.43
67548,3.2,3.5,2.8,3.17
26711,3.5,3.25,2.0,2.92
13470,2.5,2.25,3.0,2.58
52338,2.8,3.1,3.5,3.13
41861,2.5,2.8,3.2,2.83
67620,2.5,2.2,3.1,2.6
34769,3.2,3.5,2.8,3.17
46705,2.1,2.3,3.8,2.73
71578,3.2,3.5,2.8,3.17
8752,2.5,2.3,2.0,2.27
57065,2.5,2.8,2.2,2.5
65826,3.2,3.5,2.8,3.17
44196,2.5,2.8,2.2,2.5
66176,4.5,4.25,2.0,3.58
18352,3.5,3.25,2.0,2.92
29111,2.5,3.0,2.0,2.5
15591,3.2,3.5,2.1,2.93
8577,3.5,3.25,3.0,3.25
20806,2.5,2.0,1.5,2.0
28285,3.5,3.8,2.2,3.17
39852,3.8,3.5,2.2,3.17
6968,2.1,2.3,1.8,2.07
44031,2.8,3.2,2.1,2.7
9185,3.8,3.5,2.2,3.17
64871,2.5,3.0,1.5,2.33
39091,2.8,3.1,3.5,3.13
16158,2.5,3.0,4.2,3.23
7444,4.2,3.8,2.5,3.5
69999,2.5,3.0,2.2,2.57
24898,3.2,3.5,2.8,3.17
6392,3.2,3.5,2.8,3.17
39966,2.5,3.0,1.8,2.43
68355,3.5,3.75,2.25,3.17
33392,3.8,4.2,2.5,3.5
71314,4.2,4.0,2.5,3.57
1175,3.5,3.8,2.7,3.33
3758,3.2,3.8,2.5,3.17
13562,3.2,3.5,2.8,3.17
36404,2.5,2.8,2.2,2.5
43285,2.5,2.25,3.0,2.58
34932,2.8,3.1,2.5,2.8
25823,3.5,3.2,2.0,2.9
35705,3.2,3.5,2.1,2.93
15452,2.1,2.3,3.5,2.63
34992,3.2,3.5,2.8,3.17
25051,2.8,3.1,2.2,2.7
1187,2.5,2.8,3.2,2.83
3126,2.8,3.1,3.5,3.13
71335,3.2,3.5,2.1,2.93
16624,4.5,4.2,2.1,3.6
65393,2.5,2.3,3.8,2.87
57297,2.8,3.1,2.3,2.73
52989,2.8,3.2,2.5,2.83
32477,3.2,3.5,2.8,3.17
62242,3.8,4.0,2.5,3.43
19795,2.5,3.0,2.2,2.57
192,2.1,2.3,4.5,2.97
12581,2.5,3.0,1.5,2.33
29230,2.5,2.2,3.8,2.83
70476,3.5,3.8,2.2,3.17
64787,3.5,3.8,2.2,3.17
41342,2.5,2.2,2.8,2.5
56102,2.8,3.1,2.3,2.73
64875,3.5,3.8,2.2,3.17
19271,2.5,2.2,3.0,2.57
60150,3.8,4.2,2.5,3.5
56690,3.2,3.5,2.8,3.17
41132,4.2,4.0,2.5,3.57
39791,2.5,2.3,3.8,2.87
5061,2.5,2.8,3.2,2.83
10315,3.2,3.5,2.1,2.93
69711,3.2,3.0,3.5,3.23
15306,2.5,3.0,2.2,2.57
11258,2.5,2.3,2.7,2.5
2713,3.5,3.0,1.5,2.67
24487,3.2,3.5,2.8,3.17
65120,3.5,3.8,2.2,3.17
20040,2.8,3.1,3.5,3.13
46330,2.8,3.1,2.5,2.8
72011,3.5,3.8,2.2,3.17
8010,3.2,2.8,2.5,2.83
8505,2.8,3.1,2.5,2.8
44935,2.5,2.3,3.1,2.63
3813,2.5,3.0,1.5,2.33
17467,2.5,2.0,2.2,2.23
61295,3.5,3.8,3.2,3.5
8653,2.5,2.8,3.1,2.8
25944,2.5,2.0,1.5,2.0
30107,2.5,2.3,3.8,2.87
18160,2.1,2.3,4.2,2.87
13168,2.5,3.0,2.2,2.57
25995,3.2,3.5,2.8,3.17
37907,3.5,3.8,2.2,3.17
975,2.8,3.1,3.5,3.13
62402,2.5,3.0,1.5,2.33
51121,3.2,3.5,2.8,3.17
40342,3.5,3.8,2.7,3.33
142,1.5,2.0,1.2,1.57
17444,2.8,3.1,3.5,3.13
6523,2.8,3.2,3.5,3.17
69669,3.5,3.8,2.2,3.17
43149,2.5,2.8,2.2,2.5
49377,3.5,3.25,2.75,3.17
45539,3.5,3.8,2.2,3.17
11083,4.2,4.0,2.5,3.57
51734,3.8,4.0,2.5,3.43
44162,2.5,2.8,2.2,2.5
47994,2.8,3.1,2.2,2.7
26203,2.5,3.0,2.75,2.75
5754,3.2,3.5,3.0,3.23
19632,3.2,3.0,2.5,2.9
295,3.2,3.5,2.8,3.17
38542,3.5,3.25,3.75,3.5
10094,3.2,3.5,3.8,3.5
50579,3.5,3.25,2.0,2.92
336,2.5,2.8,2.2,2.5
26120,3.5,3.8,2.7,3.33
47729,3.5,3.8,3.2,3.5
37682,3.5,3.2,2.1,2.93
22649,3.8,4.0,2.5,3.43
5398,3.8,3.5,2.2,3.17
54238,2.1,2.3,3.8,2.73
8847,2.5,2.8,3.2,2.83
44669,3.2,3.5,2.8,3.17
3411,2.1,2.3,3.8,2.73
14515,2.5,2.8,2.2,2.5
44832,3.2,3.5,2.8,3.17
46043,3.6,3.8,2.9,3.43
7667,3.5,3.8,2.2,3.17
6194,3.5,3.25,2.75,3.17
43651,3.5,3.8,2.2,3.17
46674,3.2,3.5,2.8,3.17
11340,3.5,3.25,2.75,3.17
36009,2.5,2.8,1.5,2.27
67568,2.1,2.3,1.8,2.07
41197,3.6,3.8,3.2,3.53
12901,3.5,3.25,2.75,3.17
51982,2.5,3.0,2.2,2.57
35775,3.25,3.5,2.75,3.17
34894,2.5,3.0,2.2,2.57
26947,2.8,3.1,3.5,3.13
59414,2.5,3.0,2.2,2.57
11071,2.5,2.8,3.2,2.83
33887,3.2,3.5,2.8,3.17
62069,2.8,3.1,3.5,3.13
14508,3.5,3.8,2.2,3.17
3308,2.5,2.3,3.1,2.63
26156,3.5,3.8,2.2,3.17
58466,3.5,3.8,2.2,3.17
53468,3.2,3.5,2.8,3.17
51485,2.1,2.3,3.8,2.73
16962,3.25,3.5,2.75,3.17
60966,3.5,3.8,2.7,3.33
48453,2.5,2.2,1.8,2.17
58634,2.8,3.2,2.5,2.83
60017,2.5,2.8,3.1,2.8
323,3.5,3.8,2.2,3.17
18910,2.5,2.8,2.2,2.5
12950,3.5,3.25,2.75,3.17
33569,2.1,2.3,4.5,2.97
46163,3.2,3.5,2.8,3.17
8387,2.5,2.2,3.8,2.83
63700,3.5,3.8,2.2,3.17
52495,2.5,3.0,2.0,2.5
21822,3.5,3.8,2.7,3.33
64827,2.8,3.1,3.5,3.13
61491,3.2,3.5,2.8,3.17
55299,3.5,3.25,2.75,3.17
40821,3.5,3.25,3.0,3.25
56053,2.1,2.3,1.8,2.07
41734,3.25,3.5,2.75,3.17
51720,3.5,3.8,2.7,3.33
22316,3.8,4.2,2.5,3.5
63555,3.2,3.5,2.8,3.17
19001,2.8,3.1,3.5,3.13
14229,3.2,3.5,2.8,3.17
57383,3.2,3.5,2.8,3.17
61296,2.8,2.5,3.7,3.0
7267,3.5,3.25,2.0,2.92
40376,2.5,2.2,3.0,2.57
12451,3.2,3.5,2.8,3.17
29634,3.2,3.5,2.8,3.17
23541,3.2,3.5,2.8,3.17
12918,3.2,3.5,2.8,3.17
62225,3.8,4.0,2.5,3.43
23397,2.5,2.3,3.8,2.87
68430,2.5,2.8,3.1,2.8
12801,3.2,3.5,2.8,3.17
31061,3.5,3.25,2.75,3.17
71500,4.2,3.8,2.1,3.37
30695,3.2,3.5,2.8,3.17
44163,3.5,3.8,2.7,3.33
3651,2.5,2.8,3.2,2.83
63838,3.5,3.2,2.0,2.9
45975,2.5,2.2,3.8,2.83
41405,2.5,2.8,2.2,2.5
26927,3.25,3.5,4.0,3.58
12427,2.8,2.5,3.1,2.8
59795,2.8,3.1,2.5,2.8
52805,2.5,3.0,2.2,2.57
22884,3.2,3.5,2.8,3.17
29176,2.5,3.0,2.2,2.57
3388,2.5,2.2,3.8,2.83
66873,2.5,2.0,1.5,2.0
61597,3.2,3.5,2.8,3.17
13170,2.1,2.3,3.5,2.63
671,2.8,3.1,3.5,3.13
53374,3.5,3.8,2.2,3.17
32264,3.2,3.5,2.8,3.17
2831,3.5,3.8,2.7,3.33
18338,3.2,3.5,2.8,3.17
62741,2.5,2.3,3.1,2.63
34572,3.2,3.5,2.1,2.93
39060,3.25,3.0,2.75,3.0
68678,3.2,3.5,2.0,2.9
3662,3.2,3.5,2.8,3.17
59157,3.5,3.8,2.7,3.33
39227,3.2,3.5,2.8,3.17
69019,3.5,3.8,2.2,3.17
35738,3.5,3.2,2.8,3.17
3272,3.8,4.0,2.5,3.43
22619,3.2,3.5,2.8,3.17
4293,2.5,2.0,3.0,2.5
5585,2.8,3.1,2.5,2.8
43009,3.2,3.5,2.8,3.17
34532,3.5,3.2,2.8,3.17
70914,3.25,3.0,3.75,3.33
62610,3.2,3.5,2.8,3.17
44399,3.8,4.2,2.5,3.5
27865,1.0,1.5,1.0,1.17
62879,2.5,3.0,2.0,2.5
15514,3.8,3.5,2.2,3.17
5810,2.5,2.3,3.1,2.63
38212,2.5,2.8,3.2,2.83
15289,3.5,3.25,2.75,3.17
38625,1.0,1.0,1.0,1.0
49754,3.5,3.25,2.75,3.17
891,2.5,3.0,2.75,2.75
22180,2.0,2.5,1.0,1.83
46130,2.5,2.8,3.1,2.8
29655,3.2,3.5,2.8,3.17
31454,2.5,3.0,3.25,2.92
7462,3.2,3.5,3.0,3.23
15358,2.8,3.1,3.5,3.13
31964,2.5,3.0,2.2,2.57
53737,3.8,4.2,2.5,3.5
29769,3.25,3.5,2.75,3.17
3045,3.5,3.8,2.2,3.17
9123,2.8,3.1,3.5,3.13
49764,2.8,3.1,2.5,2.8
57485,3.5,3.8,2.2,3.17
38318,2.5,2.3,3.8,2.87
21250,2.5,3.0,1.5,2.33
55658,2.8,3.1,2.5,2.8
39501,3.5,3.8,2.2,3.17
3352,2.5,3.0,3.25,2.92
39702,3.2,3.5,2.8,3.17
12828,4.2,4.0,2.5,3.57
58082,3.2,3.5,2.8,3.17
67360,3.5,3.8,2.2,3.17
70065,2.8,3.1,3.5,3.13
33584,3.5,3.2,1.8,2.83
50580,3.2,3.5,2.8,3.17
38926,2.5,2.8,3.1,2.8
28409,3.2,3.0,2.5,2.9
52217,3.2,3.0,2.5,2.9
62249,3.5,3.8,2.2,3.17
13837,2.5,2.0,1.5,2.0
15023,3.5,3.8,2.2,3.17
54418,3.2,2.8,2.5,2.83
52095,2.8,3.1,3.5,3.13
37024,3.2,3.5,2.8,3.17
34276,3.5,3.2,2.8,3.17
44012,2.5,3.0,2.2,2.57
62875,2.5,2.3,3.8,2.87
59570,3.2,3.5,2.1,2.93
54925,3.8,4.2,2.5,3.5
980,2.8,3.1,3.5,3.13
12054,3.5,3.8,2.2,3.17
19583,3.2,2.8,1.5,2.5
66004,3.5,3.8,2.2,3.17
5009,2.8,3.2,2.1,2.7
54846,3.2,3.5,2.1,2.93
61624,2.8,3.2,2.5,2.83
9475,3.5,4.0,2.0,3.17
12294,3.5,3.8,2.7,3.33
8978,3.5,3.8,2.2,3.17
1449,3.2,3.5,2.8,3.17
25837,3.5,3.25,2.0,2.92
61446,3.2,3.5,2.8,3.17
52673,2.5,2.8,1.7,2.33
34472,3.5,3.2,2.8,3.17
34205,3.5,3.25,2.75,3.17
35497,2.5,3.0,1.5,2.33
47514,3.5,3.8,2.7,3.33
12141,3.2,3.5,2.8,3.17
4994,2.5,2.8,2.2,2.5
20354,3.5,3.2,1.8,2.83
54905,3.2,3.0,2.5,2.9
39895,4.2,3.8,2.1,3.37
34754,2.5,2.8,2.2,2.5
34816,3.2,3.5,2.1,2.93
39504,2.5,3.0,2.2,2.57
60414,3.5,3.8,2.7,3.33
15147,3.5,3.2,2.8,3.17
47924,2.5,2.0,1.5,2.0
19204,3.5,3.8,2.2,3.17
4504,3.5,3.25,2.75,3.17
34509,3.2,3.5,2.1,2.93
36499,3.25,3.8,3.5,3.52
30981,2.1,2.35,3.8,2.75
52964,3.2,3.5,3.0,3.23
28692,3.25,3.5,2.75,3.17
26688,2.1,2.3,1.8,2.07
17610,3.2,3.5,3.8,3.5
11705,3.5,3.25,2.75,3.17
58664,2.5,2.8,3.2,2.83
22570,3.2,3.5,2.1,2.93
43101,3.5,3.8,2.2,3.17
44305,3.2,3.5,2.8,3.17
35781,3.2,3.5,2.8,3.17
70191,2.5,3.0,1.5,2.33
47169,3.5,3.8,2.2,3.17
17879,2.8,3.1,3.5,3.13
27554,3.5,3.25,2.75,3.17
6122,2.5,2.3,3.8,2.87
27437,2.5,2.0,1.5,2.0
56600,2.1,2.3,3.5,2.63
39649,2.5,3.0,1.5,2.33
2438,2.5,2.8,1.7,2.33
50395,3.5,3.8,2.2,3.17
29142,3.2,3.5,2.8,3.17
55965,3.2,3.5,2.8,3.17
70421,3.5,3.8,2.7,3.33
42615,3.2,3.5,2.8,3.17
23440,3.5,3.8,2.2,3.17
18207,3.5,3.25,2.0,2.92
1907,3.2,3.5,2.1,2.93
66278,3.5,3.8,2.2,3.17
14959,2.5,3.0,1.5,2.33
40025,2.5,3.0,2.2,2.57
21662,1.0,2.0,1.0,1.33
69278,2.8,2.5,3.7,3.0
57190,2.5,3.0,2.2,2.57
39573,2.5,3.0,2.2,2.57
15891,3.5,3.25,3.75,3.5
63494,3.2,3.5,2.8,3.17
55104,2.5,2.8,2.2,2.5
65804,3.8,4.0,2.5,3.43
31348,2.8,3.1,3.5,3.13
54215,3.5,3.8,2.7,3.33
33257,3.2,3.5,3.0,3.23
56951,3.2,2.8,3.5,3.17
1434,3.2,3.5,2.8,3.17
46415,3.2,3.5,3.0,3.23
45921,3.5,3.2,2.0,2.9
2944,4.2,4.0,2.5,3.57
68818,3.2,3.0,3.5,3.23
30034,3.5,3.8,2.7,3.33
66187,2.5,2.2,3.0,2.57
2063,3.2,3.5,2.1,2.93
57093,3.2,3.5,3.0,3.23
56952,2.5,2.0,2.2,2.23
71109,3.8,4.0,2.5,3.43
56364,2.1,2.3,1.5,1.97
52106,3.2,3.5,2.8,3.17
2176,2.5,2.2,3.8,2.83
62388,2.5,2.8,2.2,2.5
34167,3.8,4.0,2.5,3.43
43732,3.2,3.0,2.5,2.9
25033,3.2,3.5,4.0,3.57
9144,2.5,2.3,3.8,2.87
23496,3.5,3.25,2.0,2.92
62284,3.5,3.8,2.2,3.17
19278,3.2,3.5,2.8,3.17
9372,2.5,3.0,2.2,2.57
62180,3.5,3.8,2.2,3.17
42795,2.5,2.8,2.2,2.5
11727,3.2,2.8,2.1,2.7
34130,3.8,3.9,2.5,3.4
46667,2.8,3.1,3.5,3.13
47824,2.5,2.0,3.25,2.58
34625,2.1,2.3,3.5,2.63
41003,3.2,3.5,2.1,2.93
63039,3.5,3.8,2.2,3.17
46522,2.1,2.3,3.8,2.73
18671,3.5,3.25,2.75,3.17
504,2.5,3.0,1.5,2.33
8163,3.5,3.8,2.2,3.17
15772,2.8,3.1,3.5,3.13
14399,2.5,3.0,2.2,2.57
9254,2.5,3.0,1.5,2.33
36505,3.2,3.5,2.8,3.17
57441,2.5,2.8,3.2,2.83
5756,2.5,2.3,2.7,2.5
41741,2.5,2.8,3.2,2.83
44809,3.25,3.0,3.5,3.25
3731,3.2,3.5,2.8,3.17
60824,3.5,3.25,2.75,3.17
37227,2.5,3.2,2.0,2.57
6436,2.5,2.3,3.1,2.63
47984,2.5,3.0,2.2,2.57
14938,2.1,2.3,3.8,2.73
18392,2.5,3.0,3.75,3.08
31158,3.2,3.5,2.8,3.17
52438,2.5,3.0,2.2,2.57
14966,2.5,2.8,3.2,2.83
39898,3.5,3.8,2.2,3.17
40909,3.5,3.2,2.1,2.93
54968,3.2,3.5,2.8,3.17
44283,3.2,3.5,2.8,3.17
33063,4.5,4.2,1.8,3.5
18575,2.8,3.1,2.5,2.8
67901,2.5,2.8,2.2,2.5
6474,2.5,2.0,1.5,2.0
61561,3.25,3.5,3.0,3.25
46502,3.2,3.5,2.8,3.17
52254,3.2,3.5,2.8,3.17
48820,2.1,2.3,3.5,2.63
22299,2.8,3.1,3.5,3.13
60726,3.2,3.5,2.8,3.17
18620,4.2,4.0,2.5,3.57
38756,2.5,3.0,2.2,2.57
43338,2.5,3.2,2.0,2.57
7001,3.2,3.5,2.8,3.17
67246,3.2,3.0,3.5,3.23
13699,3.5,3.8,2.2,3.17
64892,3.5,3.8,2.7,3.33
18316,3.2,3.5,2.1,2.93
44327,3.2,3.5,2.8,3.17
20326,3.2,3.8,2.5,3.17
30296,3.5,3.0,1.5,2.67
21110,2.5,2.8,3.1,2.8
20927,3.2,3.0,2.5,2.9
31582,2.5,3.0,1.5,2.33
71609,2.5,2.8,2.2,2.5
56938,2.5,2.3,3.1,2.63
25109,2.5,2.8,3.2,2.83
33171,3.5,3.8,2.7,3.33
44376,3.8,3.9,2.5,3.4
69036,2.1,2.3,3.5,2.63
29040,3.5,3.8,2.2,3.17
65829,3.2,3.5,2.8,3.17
15285,3.5,3.25,2.75,3.17
26754,3.5,3.8,2.2,3.17
23203,3.5,3.8,3.2,3.5
51945,3.2,3.5,2.8,3.17
850,2.1,2.3,3.5,2.63
28401,3.5,3.8,2.2,3.17
18382,2.8,3.2,2.5,2.83
51277,3.2,3.5,2.8,3.17
7672,2.8,3.2,2.5,2.83
50553,3.5,3.25,2.75,3.17
45352,3.2,3.5,2.8,3.17
16269,2.8,3.1,2.5,2.8
43320,3.8,4.0,2.5,3.43
52326,3.5,3.8,2.7,3.33
21401,2.5,3.0,2.1,2.53
49069,3.2,2.8,3.5,3.17
48362,3.2,3.0,2.5,2.9
20426,3.2,3.5,2.8,3.17
21571,2.8,3.1,2.5,2.8
53598,2.5,2.8,2.2,2.5
51229,2.5,3.0,2.2,2.57
5767,2.5,3.0,2.2,2.57
69478,2.5,3.0,2.2,2.57
49943,3.5,3.25,3.75,3.5
32615,3.5,3.8,2.2,3.17
65609,2.8,3.1,2.5,2.8
70889,2.5,2.3,2.7,2.5
47288,2.5,3.0,1.5,2.33
12753,3.5,3.25,2.75,3.17
64491,3.5,3.8,2.7,3.33
66977,2.5,3.0,2.2,2.57
11880,2.5,3.0,2.75,2.75
15428,3.2,3.5,2.8,3.17
1302,2.8,3.2,2.1,2.7
52354,3.8,3.9,2.5,3.4
60935,3.5,3.8,2.2,3.17
48097,3.5,3.75,2.8,3.35
27734,3.5,3.8,2.2,3.17
5306,2.5,3.0,1.5,2.33
24138,2.5,2.0,1.5,2.0
60670,2.5,2.8,2.2,2.5
47816,2.5,3.0,1.8,2.43
37683,3.2,3.5,2.8,3.17
50776,3.5,3.25,2.0,2.92
52189,2.1,2.5,3.0,2.53
12002,3.5,3.2,2.8,3.17
43040,3.2,3.0,2.5,2.9
68639,3.2,3.5,2.8,3.17
5142,3.5,3.8,2.7,3.33
46136,2.5,2.8,2.2,2.5
29399,2.5,3.0,2.2,2.57
52382,2.8,3.1,2.5,2.8
30166,3.2,3.5,2.8,3.17
42027,2.8,3.1,3.5,3.13
2639,3.5,3.25,2.0,2.92
6310,3.5,3.8,2.7,3.33
63268,3.8,3.5,2.2,3.17
5532,2.5,2.8,3.2,2.83
37017,3.5,3.25,2.1,2.95
29880,3.8,3.5,2.2,3.17
40126,3.5,2.8,1.5,2.6
14887,3.5,3.8,2.7,3.33
55582,3.5,3.25,2.75,3.17
13994,3.5,3.0,2.0,2.83
20673,3.2,3.5,2.8,3.17
39219,3.2,3.5,3.0,3.23
37624,4.2,3.8,2.5,3.5
42127,2.5,2.8,3.2,2.83
40809,3.5,3.75,2.25,3.17
23698,2.5,2.8,3.2,2.83
32795,3.5,3.25,2.0,2.92
9224,4.2,4.0,2.5,3.57
19639,2.5,2.8,2.2,2.5
30844,2.5,2.8,2.2,2.5
912,2.5,3.0,3.2,2.9
8961,3.2,3.5,2.8,3.17
31330,3.2,3.5,2.1,2.93
58544,2.5,3.0,2.2,2.57
66768,2.5,2.8,2.3,2.53
33133,3.2,2.8,2.1,2.7
36540,3.5,3.25,2.75,3.17
1874,4.2,4.0,2.5,3.57
60260,3.2,3.5,2.8,3.17
899,2.5,3.0,3.75,3.08
44138,2.5,3.1,3.8,3.13
47168,3.5,3.8,2.7,3.33
17137,3.2,3.5,2.1,2.93
31290,3.5,3.8,2.2,3.17
26192,3.2,3.5,2.8,3.17
40949,2.8,3.1,3.5,3.13
1820,1.5,2.0,2.5,2.0
27910,2.5,2.8,3.2,2.83
39869,3.5,3.8,2.7,3.33
26587,2.1,2.35,3.8,2.75
19401,3.5,3.8,2.2,3.17
16488,3.5,3.25,2.0,2.92
13359,3.2,3.5,2.8,3.17
29430,2.5,2.8,3.1,2.8
35576,3.5,3.8,2.2,3.17
67,3.5,3.8,2.2,3.17
50611,2.5,2.8,3.2,2.83
37800,3.5,3.8,2.2,3.17
26607,3.2,3.5,2.8,3.17
6707,3.5,3.8,2.2,3.17
69496,2.8,3.1,2.5,2.8
20770,3.5,3.8,2.2,3.17
637,3.5,3.25,2.75,3.17
31934,3.2,3.5,2.8,3.17
71524,2.8,3.1,2.2,2.7
48152,3.2,3.5,2.1,2.93
57701,2.5,2.8,2.2,2.5
30852,2.5,3.0,2.2,2.57
22806,2.5,3.0,2.2,2.57
7454,3.5,3.8,2.2,3.17
20748,3.5,3.8,2.2,3.17
43054,2.8,3.15,3.5,3.15
44123,3.2,3.5,2.1,2.93
4097,3.2,3.5,2.8,3.17
43084,3.2,3.5,2.8,3.17
680,2.5,3.0,1.5,2.33
30591,2.5,2.0,1.5,2.0
4300,3.5,3.8,2.2,3.17
11516,2.5,2.2,3.8,2.83
16041,3.2,3.5,2.8,3.17
3619,3.5,3.8,2.2,3.17
43516,3.5,3.8,2.7,3.33
4035,3.2,3.5,3.0,3.23
26130,3.5,3.8,2.75,3.35
24456,2.5,2.3,3.8,2.87
48540,2.5,2.8,2.2,2.5
33603,3.5,3.25,2.75,3.17
13222,2.5,3.0,2.2,2.57
13355,2.5,2.3,2.7,2.5
28876,2.5,3.0,2.0,2.5
42851,3.25,3.0,2.5,2.92
49424,2.5,2.8,1.9,2.4
68217,2.5,3.0,2.2,2.57
65627,3.25,3.5,2.75,3.17
53253,2.8,2.5,3.1,2.8
5451,2.5,3.0,3.75,3.08
41224,2.5,3.0,1.5,2.33
29152,3.2,3.5,2.1,2.93
45577,2.5,3.0,2.2,2.57
10552,3.5,3.8,2.7,3.33
65910,2.5,2.8,3.1,2.8
17235,3.5,3.8,2.7,3.33
38645,3.2,3.5,2.8,3.17
18943,2.5,3.0,1.5,2.33
68225,3.5,3.8,2.7,3.33
9456,3.2,3.5,2.8,3.17
58124,2.8,3.1,2.5,2.8
819,2.5,3.0,2.2,2.57
60466,2.5,3.0,2.2,2.57
36823,2.8,2.5,3.7,3.0
34436,3.5,3.8,2.7,3.33
13006,3.2,3.5,2.8,3.17
36653,2.5,3.0,2.2,2.57
134,2.5,3.0,1.8,2.43
47705,2.5,3.0,1.5,2.33
47179,2.5,2.3,2.0,2.27
2310,3.2,3.5,2.8,3.17
34229,2.8,3.1,3.5,3.13
9451,2.8,3.1,2.5,2.8
29333,3.2,3.5,3.0,3.23
14922,3.5,3.8,2.7,3.33
35716,2.5,3.0,3.2,2.9
43431,2.8,3.1,3.5,3.13
3992,3.5,3.8,2.7,3.33
60498,3.2,3.5,2.8,3.17
46397,2.5,2.0,1.5,2.0
28769,2.5,2.8,3.7,3.0
64496,3.5,3.8,2.7,3.33
51147,3.5,3.8,2.7,3.33
54986,2.5,2.3,2.0,2.27
50346,3.2,3.5,2.8,3.17
17942,3.2,3.5,2.8,3.17
18595,2.8,3.1,2.5,2.8
16479,2.5,2.2,3.0,2.57
36229,3.2,3.5,2.8,3.17
34888,4.2,4.0,2.5,3.57
62467,3.5,3.25,2.75,3.17
32722,3.5,3.25,2.75,3.17
46911,2.8,3.1,3.5,3.13
34416,3.5,3.8,2.2,3.17
59894,3.5,3.8,2.7,3.33
19676,3.25,3.5,3.0,3.25
23372,3.25,3.5,3.75,3.5
49755,3.2,3.5,2.8,3.17
43756,2.5,3.0,2.2,2.57
36700,3.5,3.2,1.8,2.83
43165,2.8,3.1,2.5,2.8
8988,3.5,3.8,2.2,3.17
1301,2.1,2.3,2.0,2.13
12617,3.5,3.8,2.7,3.33
19163,4.2,4.0,2.5,3.57
57204,2.5,3.0,1.5,2.33
32330,3.2,3.5,2.8,3.17
63057,3.2,3.0,2.1,2.77
41427,3.5,3.25,2.75,3.17
44400,3.5,3.25,3.0,3.25
40335,3.8,3.9,2.5,3.4
20001,3.2,3.8,2.5,3.17
5001,2.5,2.8,2.2,2.5
68928,2.8,3.1,3.5,3.13
44170,2.8,3.1,2.5,2.8
8142,3.5,3.25,2.75,3.17
31969,2.5,3.0,2.2,2.57
71369,3.2,3.5,2.8,3.17
50472,4.2,4.0,2.5,3.57
31250,3.2,3.0,2.5,2.9
9370,3.8,4.0,2.5,3.43
36171,2.5,2.8,3.1,2.8
50678,3.5,3.75,2.25,3.17
589,2.5,2.3,2.7,2.5
65612,2.8,3.1,2.2,2.7
29993,2.8,3.1,2.5,2.8
49189,2.5,2.2,3.8,2.83
32541,2.8,3.2,2.1,2.7
43629,3.5,3.25,2.0,2.92
64695,2.1,2.0,1.8,1.97
43791,3.5,3.25,2.75,3.17
45272,2.5,2.8,3.1,2.8
42528,3.8,4.0,2.5,3.43
56893,3.5,3.8,2.2,3.17
47246,2.1,2.3,3.8,2.73
30025,3.2,3.5,2.8,3.17
41495,3.2,3.5,2.8,3.17
63862,2.5,3.0,2.2,2.57
11097,3.5,3.8,2.2,3.17
34592,3.2,3.5,2.8,3.17
32222,2.5,2.8,1.7,2.33
54589,3.2,3.5,2.8,3.17
17369,3.5,3.8,2.7,3.33
37680,3.5,3.8,2.7,3.33
48564,2.5,2.2,3.0,2.57
30530,3.5,3.0,1.5,2.67
6258,2.5,2.8,3.2,2.83
69283,2.8,3.1,3.5,3.13
57978,2.1,2.0,3.5,2.53
67492,2.5,2.8,3.1,2.8
55548,2.8,3.1,3.5,3.13
51549,3.2,3.5,2.8,3.17
11749,3.2,3.5,2.8,3.17
49388,2.5,2.3,3.1,2.63
41477,2.5,3.0,2.2,2.57
27786,2.5,2.8,4.2,3.17
5336,4.2,4.0,2.5,3.57
61718,2.5,3.0,2.0,2.5
61294,2.1,2.3,1.5,1.97
48220,2.8,3.1,2.3,2.73
48149,3.5,3.2,2.0,2.9
25238,3.5,3.2,2.1,2.93
57718,2.5,2.0,1.5,2.0
13416,3.5,3.8,2.2,3.17
48550,2.5,2.8,3.7,3.0
41853,2.5,2.8,2.2,2.5
21517,3.8,4.2,2.5,3.5
44719,3.2,3.5,2.8,3.17
51533,3.5,3.25,2.75,3.17
7510,3.5,3.8,2.2,3.17
50909,2.5,2.8,3.2,2.83
61195,2.8,3.1,3.5,3.13
65527,3.2,3.5,2.8,3.17
35324,1.0,2.0,1.0,1.33
19928,2.5,2.8,2.2,2.5
64248,2.5,2.0,1.5,2.0
55008,2.5,3.0,2.0,2.5
26223,3.25,3.5,3.75,3.5
12094,2.5,3.0,3.2,2.9
47841,3.8,4.0,2.5,3.43
56384,2.8,3.1,2.3,2.73
17387,3.5,3.25,2.75,3.17
22865,2.5,3.0,2.0,2.5
11241,3.5,3.8,2.2,3.17
39322,3.5,3.25,2.0,2.92
30921,2.5,2.8,2.2,2.5
37843,2.5,2.2,3.0,2.57
20178,3.5,3.8,2.2,3.17
37461,3.5,3.25,2.1,2.95
55703,4.2,3.8,2.5,3.5
23690,2.5,3.0,1.8,2.43
37285,2.1,2.3,2.0,2.13
43274,2.5,3.0,2.0,2.5
72155,3.8,4.0,2.5,3.43
50371,3.5,3.8,2.7,3.33
70676,3.25,3.5,2.75,3.17
41287,2.8,3.1,3.5,3.13
67535,2.5,2.75,3.25,2.83
65983,3.25,3.5,2.75,3.17
58674,2.5,3.0,1.5,2.33
58119,3.5,3.8,2.2,3.17
14145,3.5,3.75,2.25,3.17
56703,3.2,3.5,2.1,2.93
19229,2.5,2.8,1.7,2.33
44362,2.5,3.0,2.2,2.57
23923,3.5,3.8,2.7,3.33
47108,3.5,3.8,2.7,3.33
31785,1.5,2.0,3.5,2.33
53816,2.5,3.0,3.2,2.9
41724,2.5,3.0,2.2,2.57
44797,2.5,2.3,3.1,2.63
35115,2.5,2.8,3.1,2.8
30925,2.8,3.1,2.5,2.8
21693,3.5,3.25,2.75,3.17
40498,2.5,2.8,3.1,2.8
70096,2.5,3.0,2.2,2.57
4532,2.5,2.8,3.1,2.8
32922,2.5,3.0,2.2,2.57
4618,3.2,3.5,2.1,2.93
33688,2.5,3.0,2.2,2.57
54711,3.5,3.8,2.7,3.33
60998,3.5,3.25,2.75,3.17
67210,2.5,2.0,3.0,2.5
8249,3.5,3.25,2.1,2.95
55009,3.5,3.8,2.7,3.33
52526,3.2,3.5,2.8,3.17
72063,3.2,3.5,3.0,3.23
55925,3.5,3.8,2.2,3.17
27717,2.5,2.0,4.5,3.0
50282,3.5,3.8,2.2,3.17
42123,3.5,3.25,2.0,2.92
22953,3.5,3.2,2.1,2.93
26491,4.2,3.8,2.5,3.5
28714,2.5,2.2,2.8,2.5
46926,2.5,2.8,3.7,3.0
2995,2.5,3.0,2.0,2.5
25071,3.5,3.2,2.1,2.93
29891,2.5,3.0,1.8,2.43
60944,3.5,3.8,2.75,3.35
29358,2.5,2.3,2.0,2.27
56652,2.5,3.0,2.0,2.5
2392,3.2,3.5,2.8,3.17
55686,3.8,4.0,2.5,3.43
56658,2.5,3.0,2.2,2.57
42464,3.5,3.25,2.75,3.17
31159,2.5,2.8,2.2,2.5
41814,3.2,3.5,2.8,3.17
33341,3.5,3.8,2.75,3.35
47085,3.5,3.8,2.2,3.17
71520,2.5,2.3,3.1,2.63
71593,3.5,3.25,2.0,2.92
62498,2.5,2.3,3.1,2.63
57733,2.5,3.0,2.2,2.57
28324,3.5,3.25,2.75,3.17
29286,2.5,2.3,2.0,2.27
18162,2.5,2.3,3.1,2.63
47898,3.5,3.2,2.1,2.93
54759,3.8,3.9,2.5,3.4
45988,2.5,2.2,1.8,2.17
35294,2.5,3.0,1.8,2.43
691,3.2,3.5,2.8,3.17
36269,3.5,3.0,2.0,2.83
64027,3.2,3.5,3.0,3.23
8441,3.5,3.75,2.8,3.35
992,3.5,3.8,2.7,3.33
63096,3.5,3.8,2.2,3.17
19823,2.5,3.0,1.8,2.43
29445,2.5,3.0,1.5,2.33
12810,3.5,3.25,2.75,3.17
7904,2.5,3.0,1.5,2.33
57262,4.2,4.0,2.5,3.57
15295,2.5,2.3,4.2,3.0
33192,3.2,3.0,2.5,2.9
70895,2.5,3.0,2.2,2.57
39408,3.2,3.5,2.8,3.17
53388,3.8,4.0,2.5,3.43
27161,2.5,2.2,3.8,2.83
59415,3.2,3.5,2.8,3.17
41767,3.2,3.5,2.8,3.17
24344,3.5,3.25,2.75,3.17
2358,3.5,3.8,2.2,3.17
64670,2.5,2.0,1.5,2.0
8443,3.2,3.0,3.5,3.23
28178,3.2,3.8,2.5,3.17
71478,2.8,3.1,2.5,2.8
47190,4.2,4.0,2.5,3.57
56109,3.5,3.8,2.2,3.17
2821,3.5,3.8,2.7,3.33
19179,2.5,2.2,3.8,2.83
17346,2.8,3.1,3.5,3.13
5063,3.25,3.5,2.75,3.17
59001,3.5,3.8,2.7,3.33
48762,2.5,2.0,1.5,2.0
26043,2.5,3.0,1.5,2.33
26240,3.5,3.8,2.7,3.33
13369,3.8,4.2,2.5,3.5
54335,3.5,3.8,2.2,3.17
69671,2.1,2.3,3.8,2.73
45192,3.5,3.8,2.2,3.17
25120,2.5,3.0,1.8,2.43
52124,3.5,3.25,2.75,3.17
25611,3.5,3.8,2.2,3.17
13490,3.5,3.25,2.0,2.92
16699,3.5,3.8,2.7,3.33
37483,2.8,3.1,3.5,3.13
32150,2.8,3.1,2.5,2.8
57467,2.5,2.8,2.2,2.5
4134,3.5,3.8,2.2,3.17
16726,3.5,3.25,2.75,3.17
55036,1.5,2.0,1.0,1.5
60919,4.5,4.25,2.75,3.83
19191,2.5,2.8,2.2,2.5
1031,2.5,2.8,3.2,2.83
46442,3.2,3.0,2.1,2.77
9731,4.2,3.8,2.5,3.5
20655,3.5,3.8,2.2,3.17
37067,3.2,3.5,2.8,3.17
53164,3.2,3.5,2.8,3.17
907,3.5,3.8,2.2,3.17
6796,2.8,3.1,3.5,3.13
41558,3.2,2.8,1.5,2.5
41670,2.8,3.1,3.5,3.13
53024,3.5,3.25,2.0,2.92
23396,3.5,3.2,2.1,2.93
59954,3.5,3.8,2.7,3.33
29253,3.5,3.25,2.75,3.17
31452,3.5,3.25,2.75,3.17
29132,3.2,3.5,2.8,3.17
8826,3.2,3.5,2.1,2.93
13949,3.2,3.0,2.5,2.9
69839,4.3,4.15,2.8,3.75
60797,3.5,3.2,2.1,2.93
16001,2.5,2.2,3.8,2.83
5313,3.5,3.8,2.7,3.33
47937,2.5,3.0,3.2,2.9
25574,3.2,3.5,3.0,3.23
45485,3.25,3.5,2.75,3.17
58855,2.5,3.0,2.2,2.57
57822,3.2,3.5,2.8,3.17
66124,2.5,3.0,2.2,2.57
12488,2.5,3.0,2.2,2.57
70172,3.2,3.5,2.8,3.17
70737,3.5,3.8,2.2,3.17
8329,2.5,2.8,1.9,2.4
37785,3.5,3.8,3.2,3.5
68203,3.8,4.2,2.5,3.5
65294,2.1,1.8,1.2,1.7
21877,2.5,2.3,3.1,2.63
70622,3.25,3.5,2.75,3.17
12409,3.8,3.5,2.7,3.33
652,2.5,2.3,4.1,2.97
36436,2.5,2.2,2.8,2.5
62035,2.5,2.0,1.5,2.0
42880,3.25,3.0,3.5,3.25
22587,3.2,3.5,2.8,3.17
59515,2.5,3.0,1.8,2.43
67503,3.8,3.5,2.7,3.33
71021,1.0,1.0,1.0,1.0
29386,2.8,3.1,2.5,2.8
67792,2.5,2.2,3.1,2.6
125,2.5,3.0,3.75,3.08
10617,2.5,3.0,2.75,2.75
29942,2.5,2.8,3.2,2.83
47559,3.5,3.2,2.1,2.93
49775,2.5,3.0,1.5,2.33
17222,2.5,3.0,2.2,2.57
71191,3.5,3.25,3.75,3.5
32462,3.25,3.5,2.75,3.17
29072,3.5,3.8,2.2,3.17
40179,3.5,3.8,2.2,3.17
52346,3.5,3.25,3.75,3.5
45995,4.2,3.8,2.1,3.37
44723,2.5,2.8,2.2,2.5
42789,2.5,2.8,2.2,2.5
68664,4.2,3.8,2.1,3.37
1896,3.2,3.5,2.8,3.17
66169,2.5,3.0,1.8,2.43
4343,3.2,3.5,2.8,3.17
41041,3.8,4.0,2.5,3.43
28288,3.5,3.8,2.7,3.33
22987,2.5,2.8,1.7,2.33
63370,3.2,3.5,2.8,3.17
17562,2.5,2.2,3.8,2.83
32189,3.5,3.25,2.75,3.17
71759,2.8,3.2,2.5,2.83
58355,3.5,3.25,2.1,2.95
40450,3.2,3.5,3.8,3.5
5289,3.5,3.8,2.2,3.17
27210,2.1,2.3,2.5,2.3
57543,3.2,3.5,2.8,3.17
2258,3.2,3.0,3.5,3.23
10930,3.2,3.5,2.1,2.93
58721,3.8,4.2,2.5,3.5
32585,3.2,3.5,2.1,2.93
62204,4.5,4.0,1.5,3.33
2973,3.5,3.8,2.2,3.17
47548,3.5,3.75,2.8,3.35
8194,2.5,2.0,1.5,2.0
60053,1.5,2.0,1.0,1.5
23008,2.5,3.0,2.0,2.5
21856,2.8,3.1,3.5,3.13
50340,3.5,3.8,2.7,3.33
66487,2.5,2.8,2.2,2.5
52171,3.5,4.0,2.2,3.23
69180,2.5,2.3,3.8,2.87
36982,3.5,3.8,2.7,3.33
64613,2.1,2.3,3.8,2.73
38420,2.5,3.0,2.75,2.75
44156,3.25,3.5,2.75,3.17
31965,2.5,3.2,2.0,2.57
15802,3.2,3.5,2.8,3.17
36669,3.2,3.5,3.0,3.23
5430,3.5,3.8,2.2,3.17
16388,3.2,3.5,2.8,3.17
22494,2.5,2.0,1.5,2.0
19387,2.8,3.2,2.5,2.83
71533,2.5,3.0,3.2,2.9
31679,2.5,2.3,3.8,2.87
26595,2.5,3.0,1.5,2.33
10454,2.8,3.1,2.5,2.8
27493,2.8,3.1,3.5,3.13
35541,3.5,3.8,2.2,3.17
25809,2.5,2.8,3.2,2.83
3968,3.8,4.2,2.5,3.5
59822,3.5,3.8,2.7,3.33
27881,3.2,3.5,3.0,3.23
3211,3.5,3.2,2.1,2.93
30156,2.5,2.8,3.75,3.02
48489,3.5,4.0,2.2,3.23
57805,2.5,2.8,2.2,2.5
47860,4.2,4.0,2.5,3.57
10763,4.2,4.0,2.5,3.57
27541,3.2,3.5,2.8,3.17
53210,4.2,4.0,2.5,3.57
34033,3.2,3.5,2.8,3.17
55894,3.2,3.5,2.8,3.17
25855,2.8,3.1,3.5,3.13
14136,3.2,3.5,2.8,3.17
54212,3.2,3.5,3.0,3.23
17907,3.2,3.5,2.8,3.17
40884,3.5,3.25,2.0,2.92
30469,2.5,2.0,2.2,2.23
20771,2.1,2.3,3.8,2.73
36977,3.5,3.25,2.0,2.92
55425,3.25,3.5,2.75,3.17
43318,3.5,3.2,2.1,2.93
70837,2.5,2.0,1.5,2.0
69049,2.8,3.1,2.5,2.8
68563,3.2,3.5,2.8,3.17
56572,3.5,3.2,2.0,2.9
60865,3.5,3.8,2.2,3.17
3075,2.5,3.0,2.2,2.57
8108,3.25,3.5,2.75,3.17
17856,2.5,3.0,2.75,2.75
52170,3.5,3.8,2.2,3.17
7040,3.5,3.25,2.75,3.17
29730,2.8,3.1,2.5,2.8
34544,3.2,3.5,3.8,3.5
50565,2.5,3.0,1.5,2.33
24822,3.5,3.8,2.2,3.17
24713,3.2,3.5,2.1,2.93
1892,3.5,3.8,2.7,3.33
41713,4.5,4.2,2.1,3.6
20337,3.8,4.0,2.5,3.43
40216,3.5,3.8,2.7,3.33
5944,3.5,3.8,2.2,3.17
49979,3.8,4.0,2.5,3.43
34912,3.8,4.0,2.5,3.43
37639,3.2,3.5,2.1,2.93
56469,2.5,2.2,3.8,2.83
46358,3.5,3.8,2.7,3.33
7014,3.5,3.8,2.7,3.33
4124,2.5,2.0,1.5,2.0
60059,2.8,3.1,3.5,3.13
45627,3.2,3.5,2.8,3.17
62938,3.2,3.5,2.8,3.17
53953,2.1,2.3,3.8,2.73
64513,3.2,3.0,3.5,3.23
24662,2.5,2.3,3.1,2.63
60338,3.5,3.25,2.75,3.17
2656,2.5,3.0,2.75,2.75
54982,2.1,2.3,3.8,2.73
59880,3.5,3.0,1.5,2.67
4932,4.2,4.0,2.5,3.57
67555,3.2,3.8,2.5,3.17
9349,2.8,3.1,2.5,2.8
15468,3.5,3.8,2.2,3.17
44799,3.2,3.0,2.1,2.77
39680,3.5,3.25,2.75,3.17
44959,3.5,3.25,2.75,3.17
56586,2.5,2.2,3.1,2.6
8524,3.2,3.5,2.8,3.17
15237,2.5,2.0,1.5,2.0
70467,3.5,3.8,2.2,3.17
4732,2.5,2.2,3.8,2.83
17534,3.2,3.5,2.8,3.17
14113,3.5,3.25,2.0,2.92
64723,3.2,3.5,2.8,3.17
46262,3.5,3.8,2.2,3.17
6953,2.5,2.3,3.1,2.63
43519,3.5,3.25,2.75,3.17
23587,1.0,1.0,1.0,1.0
4785,3.5,3.8,3.2,3.5
45575,3.2,3.5,2.8,3.17
20063,3.2,3.5,2.0,2.9
8212,2.5,3.0,2.0,2.5
7789,2.5,3.0,3.2,2.9
66385,2.5,2.8,3.2,2.83
44465,3.2,3.5,2.8,3.17
9419,2.5,3.0,1.5,2.33
17786,3.2,3.5,2.8,3.17
9781,3.2,3.5,2.8,3.17
23799,3.2,3.5,2.1,2.93
57440,2.8,3.1,3.5,3.13
832,3.25,3.5,3.0,3.25
42453,3.2,3.5,2.8,3.17
16104,3.2,3.5,2.8,3.17
69290,3.2,3.5,2.1,2.93
43837,3.5,3.2,2.0,2.9
39596,2.5,2.8,2.2,2.5
63362,3.5,3.8,2.2,3.17
13711,3.5,3.8,2.2,3.17
4012,3.8,3.9,2.5,3.4
18815,3.8,3.9,2.5,3.4
44025,2.8,3.1,2.5,2.8
37610,2.5,3.0,1.5,2.33
40323,2.5,3.0,2.2,2.57
47304,3.5,3.8,2.7,3.33
1386,3.2,3.0,3.5,3.23
46971,2.8,3.1,2.5,2.8
40672,3.5,3.25,2.75,3.17
54525,3.2,3.5,2.8,3.17
6324,2.5,3.0,3.75,3.08
30566,2.5,3.0,2.75,2.75
57831,2.8,3.2,2.1,2.7
11431,4.5,4.2,1.8,3.5
36356,3.5,4.0,2.75,3.42
27042,3.5,3.25,2.1,2.95
63904,2.1,2.3,3.5,2.63
10180,3.5,3.8,2.2,3.17
7729,2.5,2.8,2.2,2.5
24632,3.2,3.5,2.1,2.93
48211,2.5,2.8,1.7,2.33
14891,3.5,3.8,2.7,3.33
13009,2.5,3.0,1.8,2.43
38165,3.5,3.8,2.7,3.33
33064,3.5,4.0,2.5,3.33
56376,3.5,3.8,2.7,3.33
14269,3.5,3.8,3.2,3.5
4586,2.8,3.1,3.5,3.13
1402,3.2,3.5,2.8,3.17
68992,2.5,2.0,1.5,2.0
14601,3.2,3.5,2.8,3.17
41317,2.5,2.3,3.8,2.87
12102,3.2,3.5,2.1,2.93
29244,3.25,2.8,3.5,3.18
37194,3.5,3.75,2.8,3.35
22151,3.5,3.75,2.25,3.17
60813,2.1,2.5,1.8,2.13
19043,3.2,2.8,3.5,3.17
9712,3.5,3.25,2.0,2.92
52358,3.5,3.25,2.75,3.17
58232,3.5,3.8,2.2,3.17
52744,2.5,2.8,2.2,2.5
37939,3.2,3.5,2.8,3.17
34962,2.1,2.3,3.8,2.73
72126,3.2,3.5,2.8,3.17
35471,2.5,2.8,2.2,2.5
39788,3.2,3.5,2.8,3.17
67336,1.0,1.0,1.0,1.0
7046,3.5,3.75,2.8,3.35
69766,3.2,3.5,2.1,2.93
35155,3.2,3.0,3.5,3.23
35035,4.2,4.0,2.5,3.57
1537,2.5,2.8,2.2,2.5
55157,3.5,3.25,2.75,3.17
53790,2.5,3.0,2.0,2.5
67646,2.8,3.1,2.5,2.8
9698,2.1,2.3,3.5,2.63
18884,3.5,3.25,2.75,3.17
53202,2.5,2.8,3.2,2.83
66737,3.2,3.0,2.5,2.9
3328,2.5,3.0,3.2,2.9
17931,3.2,3.5,2.8,3.17
22053,3.5,3.8,2.2,3.17
45611,3.2,3.5,2.8,3.17
36178,2.5,3.0,1.5,2.33
45,2.5,2.0,1.5,2.0
18516,2.5,2.8,2.2,2.5
58146,3.2,3.5,3.0,3.23
24940,2.5,2.8,3.7,3.0
6511,2.5,2.8,2.2,2.5
10207,2.5,2.0,1.5,2.0
59972,3.6,3.8,2.5,3.3
1149,3.8,4.0,2.5,3.43
29935,3.6,3.8,2.5,3.3
40709,2.5,3.0,2.0,2.5
54570,2.5,2.2,3.0,2.57
57574,3.5,3.25,2.0,2.92
46067,2.8,3.1,3.5,3.13
38190,2.8,3.1,2.3,2.73
45246,3.5,3.8,2.2,3.17
3527,3.8,4.2,2.5,3.5
64360,3.2,3.5,2.8,3.17
25376,2.1,2.3,3.5,2.63
26562,3.2,3.5,2.1,2.93
40566,3.5,3.75,2.25,3.17
3318,2.8,3.1,3.5,3.13
20485,2.5,2.3,3.1,2.63
28487,2.5,2.3,3.8,2.87
22725,3.5,3.8,2.2,3.17
67688,3.2,3.5,3.8,3.5
57958,3.5,3.8,2.7,3.33
60577,3.2,3.5,3.8,3.5
17576,2.5,2.3,2.7,2.5
12131,3.5,3.8,2.2,3.17
63420,2.5,3.0,2.2,2.57
53687,4.2,3.8,2.5,3.5
37870,2.8,3.1,3.5,3.13
50585,3.5,3.25,2.75,3.17
6061,3.5,3.25,2.0,2.92
68301,2.5,2.3,3.1,2.63
68642,2.5,3.0,2.2,2.57
11035,3.2,3.5,3.8,3.5
26127,3.2,3.5,2.8,3.17
23838,2.5,2.8,2.2,2.5
14492,2.5,3.0,2.2,2.57
16747,2.5,3.0,2.0,2.5
49200,2.8,3.1,3.5,3.13
1222,3.2,3.5,2.8,3.17
39660,2.8,3.1,2.5,2.8
49440,2.5,2.0,1.5,2.0
5447,3.5,3.8,2.7,3.33
56555,3.5,3.8,2.2,3.17
675,2.5,3.0,2.2,2.57
13224,3.2,3.5,2.8,3.17
26380,3.2,3.5,2.1,2.93
58980,2.5,2.2,2.0,2.23
12945,3.5,3.8,3.2,3.5
36754,2.5,3.0,1.8,2.43
39181,2.5,2.0,1.5,2.0
2572,4.2,4.0,3.1,3.77
45767,2.5,2.3,3.1,2.63
8106,3.5,4.0,2.75,3.42
5986,3.2,3.0,3.5,3.23
66974,3.2,3.5,2.1,2.93
61289,2.5,2.0,3.5,2.67
13771,1.5,2.0,1.2,1.57
19357,3.5,3.75,3.25,3.5
4341,2.8,3.1,3.5,3.13
29373,3.5,3.8,2.2,3.17
25707,2.5,2.0,1.5,2.0
63865,2.5,2.3,1.8,2.2
70416,3.2,3.5,2.8,3.17
58379,3.2,2.8,3.5,3.17
48056,3.2,3.5,2.8,3.17
31272,2.5,3.0,1.5,2.33
48139,3.2,3.5,2.1,2.93
49449,2.5,3.0,2.2,2.57
8537,3.5,3.25,2.0,2.92
54510,3.2,3.5,2.8,3.17
71608,3.5,3.2,2.1,2.93
31422,3.8,4.2,2.5,3.5
25891,3.2,3.5,2.8,3.17
30144,3.5,3.8,2.7,3.33
67757,2.5,2.8,3.2,2.83
7856,2.5,2.0,3.0,2.5
53688,3.2,3.0,3.5,3.23
44521,3.5,3.8,2.7,3.33
24836,3.2,3.0,3.5,3.23
375,3.25,3.5,3.0,3.25
30067,2.8,3.1,3.5,3.13
28448,2.8,3.2,2.5,2.83
9556,3.5,3.25,2.0,2.92
46844,3.5,3.25,2.75,3.17
4906,3.8,4.0,2.5,3.43
68038,3.25,3.5,2.75,3.17
58635,2.5,3.0,3.75,3.08
70063,2.8,3.2,2.1,2.7
21825,3.2,3.5,2.8,3.17
51344,3.2,3.5,2.0,2.9
54886,2.5,2.2,2.8,2.5
38389,2.5,2.8,2.2,2.5
46789,2.5,3.0,1.5,2.33
42895,2.5,2.8,2.2,2.5
13114,3.5,3.8,2.2,3.17
33056,3.25,3.5,2.75,3.17
52527,3.5,3.25,2.75,3.17
54429,2.1,2.3,1.5,1.97
35384,3.5,3.25,2.75,3.17
6190,2.5,2.8,3.1,2.8
44732,4.2,4.0,2.5,3.57
31262,3.5,3.8,2.2,3.17
56117,2.5,2.3,2.0,2.27
37668,3.2,3.5,3.0,3.23
37149,3.5,3.8,2.7,3.33
20020,2.5,2.3,3.1,2.63
30030,3.2,3.5,2.1,2.93
35084,2.5,2.2,1.8,2.17
22438,3.5,3.8,2.2,3.17
59861,2.5,2.8,3.2,2.83
45652,2.5,2.0,1.5,2.0
41412,3.8,3.5,2.2,3.17
26145,2.8,3.1,2.5,2.8
6605,3.2,3.5,2.8,3.17
25101,3.2,3.5,2.8,3.17
30082,3.5,3.8,2.2,3.17
66569,2.5,2.8,3.2,2.83
56811,2.8,3.1,3.5,3.13
19681,3.25,3.5,3.0,3.25
63169,2.5,3.0,2.0,2.5
40710,2.5,3.0,2.0,2.5
70285,3.25,3.5,2.75,3.17
13853,3.5,3.8,2.2,3.17
47214,3.25,3.5,3.75,3.5
37445,3.2,3.5,2.1,2.93
37679,3.6,3.8,2.5,3.3
46878,3.5,3.8,2.2,3.17
45104,3.2,3.5,2.1,2.93
18953,3.5,3.8,2.7,3.33
3588,3.2,3.5,2.1,2.93
8933,3.5,3.8,2.7,3.33
27074,3.6,3.8,2.5,3.3
23656,3.5,3.25,2.0,2.92
32149,3.5,4.0,2.2,3.23
52794,2.5,2.8,3.2,2.83
15297,3.5,3.8,2.7,3.33
70786,3.5,3.25,2.75,3.17
39885,2.5,3.0,1.5,2.33
65908,3.2,3.5,2.8,3.17
34760,3.5,3.25,2.0,2.92
16204,2.5,2.8,3.2,2.83
45514,3.5,3.8,2.7,3.33
8780,2.5,2.3,3.1,2.63
9932,3.5,3.8,2.7,3.33
22845,3.5,3.25,2.75,3.17
13428,2.1,2.3,2.5,2.3
27985,3.5,3.8,2.2,3.17
35136,2.5,3.0,3.5,3.0
54580,2.5,2.0,3.0,2.5
49921,2.5,2.8,2.2,2.5
49785,2.5,3.0,2.2,2.57
12655,2.5,2.8,2.2,2.5
67586,3.5,3.8,2.2,3.17
14875,2.5,2.0,1.5,2.0
22700,3.8,4.2,2.5,3.5
63098,4.2,4.0,1.5,3.23
60328,3.2,3.5,2.8,3.17
83,2.5,2.3,2.7,2.5
57911,3.5,3.2,2.1,2.93
54435,3.5,3.8,2.2,3.17
46974,3.5,3.8,2.7,3.33
24574,2.5,2.8,2.2,2.5
41788,3.2,3.5,4.0,3.57
24020,3.5,3.8,2.7,3.33
67327,3.2,2.8,2.1,2.7
69785,2.5,3.0,1.5,2.33
32326,3.5,3.8,3.2,3.5
30239,3.5,3.8,2.2,3.17
69901,3.2,2.8,2.1,2.7
11008,2.5,2.0,1.5,2.0
24204,3.2,3.5,2.1,2.93
22818,3.2,3.5,3.8,3.5
59037,2.5,2.8,3.2,2.83
17850,2.8,3.1,3.5,3.13
59384,3.2,3.5,2.8,3.17
59856,3.5,3.8,2.2,3.17
41758,2.5,2.3,3.1,2.63
70250,2.5,2.8,2.2,2.5
26249,3.5,3.8,2.2,3.17
56075,2.5,2.3,3.1,2.63
49888,3.5,3.25,2.75,3.17
7136,3.2,3.5,2.8,3.17
23727,2.5,3.0,2.2,2.57
36414,3.2,3.5,2.1,2.93
7033,4.2,4.0,2.5,3.57
26046,2.1,2.3,1.8,2.07
4655,3.5,3.8,2.2,3.17
31517,3.2,3.5,2.8,3.17
61253,3.5,3.8,2.7,3.33
28980,2.5,2.0,2.25,2.25
35354,3.5,3.25,2.75,3.17
40936,2.5,2.0,3.0,2.5
45362,3.25,3.5,2.75,3.17
52914,3.5,3.25,2.0,2.92
34016,3.2,3.5,2.8,3.17
7802,2.8,3.1,2.5,2.8
71417,2.5,2.2,3.8,2.83
34039,3.5,3.8,2.2,3.17
43995,2.5,2.8,3.1,2.8
68246,2.5,2.8,3.2,2.83
42996,3.2,3.0,2.5,2.9
40921,2.8,3.1,2.5,2.8
16597,2.5,2.8,2.2,2.5
62988,2.5,2.2,1.8,2.17
57779,3.5,3.8,3.2,3.5
839,2.5,2.2,3.8,2.83
60324,2.5,2.2,3.0,2.57
65436,2.5,2.8,1.5,2.27
31389,2.1,2.3,1.5,1.97
70244,3.2,3.0,3.5,3.23
23644,3.5,3.8,2.2,3.17
34739,3.5,3.8,2.7,3.33
30864,3.5,3.2,2.8,3.17
37521,2.8,3.1,2.5,2.8
13042,3.5,3.8,2.2,3.17
47222,2.5,2.0,1.5,2.0
66995,3.5,4.0,2.2,3.23
24850,3.5,3.8,2.2,3.17
59023,2.5,2.3,3.1,2.63
19787,3.5,3.8,2.2,3.17
1107,3.5,3.8,2.2,3.17
71428,3.2,3.5,2.8,3.17
46624,3.2,3.5,2.8,3.17
48586,2.5,2.8,3.2,2.83
48261,3.5,3.8,2.2,3.17
57630,3.5,3.8,2.2,3.17
37742,2.5,2.8,3.2,2.83
29741,3.25,3.5,2.75,3.17
20283,3.25,3.5,2.75,3.17
23198,2.5,2.2,3.0,2.57
32124,3.5,3.8,2.7,3.33
25398,3.5,3.8,2.7,3.33
35303,2.8,3.1,3.5,3.13
47674,3.2,3.0,3.5,3.23
65011,3.5,3.8,2.7,3.33
26444,3.5,3.8,3.2,3.5
43118,3.2,3.5,2.8,3.17
46460,2.5,2.8,2.2,2.5
53274,3.2,3.0,2.5,2.9
5531,3.5,3.8,2.7,3.33
32611,3.2,3.5,2.8,3.17
27214,2.1,2.3,2.0,2.13
60435,3.5,3.25,2.75,3.17
64243,3.5,3.25,2.75,3.17
42441,3.5,4.0,2.2,3.23
57849,2.8,3.1,3.5,3.13
8082,3.5,3.8,2.2,3.17
58915,2.5,2.3,3.1,2.63
42575,3.8,3.5,2.2,3.17
40578,4.2,4.0,2.5,3.57
21347,3.5,3.8,2.7,3.33
58455,3.5,3.8,2.7,3.33
62471,2.5,2.2,3.8,2.83
33561,2.5,3.0,3.2,2.9
21439,3.5,3.25,2.75,3.17
19347,2.5,2.3,3.1,2.63
57649,3.2,3.5,2.8,3.17
46196,3.2,3.5,2.8,3.17
42422,3.25,3.5,2.75,3.17
22449,1.5,2.0,1.2,1.57
70446,2.5,3.0,1.5,2.33
68670,3.8,3.9,2.5,3.4
4592,3.2,3.5,3.0,3.23
52376,3.5,3.8,2.7,3.33
13919,3.5,3.75,2.8,3.35
44701,3.8,4.2,2.5,3.5
12234,2.5,2.3,3.1,2.63
65387,3.5,3.8,2.2,3.17
65880,3.5,3.8,2.7,3.33
14979,2.5,2.8,3.75,3.02
64001,2.5,3.0,2.2,2.57
7355,3.8,4.2,2.5,3.5
13213,2.5,3.0,2.75,2.75
60494,3.2,3.5,2.8,3.17
10411,2.5,3.0,2.2,2.57
37422,2.1,2.5,3.0,2.53
19192,3.2,3.5,2.8,3.17
6561,2.5,2.0,3.75,2.75
51643,2.5,2.3,3.1,2.63
25523,3.25,3.5,2.75,3.17
1454,3.5,3.25,2.75,3.17
56787,3.5,3.2,2.8,3.17
20153,3.2,3.5,2.8,3.17
1061,3.5,3.8,2.2,3.17
2469,4.2,4.0,2.5,3.57
43533,3.5,3.25,2.75,3.17
40278,3.5,3.8,2.7,3.33
34889,4.5,4.25,2.75,3.83
14031,2.5,3.0,2.2,2.57
7827,3.5,3.8,2.7,3.33
52108,2.5,2.8,3.2,2.83
5415,3.5,3.8,2.7,3.33
5068,2.5,2.8,3.2,2.83
70137,2.5,2.3,4.1,2.97
8288,3.2,3.5,2.8,3.17
53631,3.5,3.8,2.2,3.17
42396,3.2,3.5,2.1,2.93
11040,3.2,3.5,2.8,3.17
10426,3.5,3.8,2.2,3.17
45264,2.5,2.8,3.2,2.83
72062,2.8,3.2,2.5,2.83
37356,2.8,3.1,1.9,2.6
10788,2.5,2.0,1.5,2.0
11101,3.2,3.5,2.8,3.17
45032,2.5,2.8,1.9,2.4
57765,3.5,4.0,3.2,3.57
28420,3.2,3.0,3.5,3.23
45520,3.5,3.25,2.75,3.17
29219,2.5,2.8,3.1,2.8
11127,3.5,3.8,2.2,3.17
43299,3.2,3.5,3.0,3.23
63656,2.5,2.0,3.0,2.5
56211,2.5,3.0,1.8,2.43
54601,2.8,3.1,3.5,3.13
38623,3.2,3.5,2.8,3.17
63192,3.2,3.5,2.8,3.17
69949,2.5,2.8,3.1,2.8
22109,3.8,4.2,2.5,3.5
17197,3.5,3.8,2.7,3.33
70514,3.5,3.2,2.1,2.93
16457,2.5,2.2,3.8,2.83
44728,2.5,3.0,2.2,2.57
200,2.8,3.1,2.5,2.8
71151,2.5,2.8,3.2,2.83
22933,2.5,2.8,1.9,2.4
50915,2.1,2.3,4.5,2.97
44856,2.1,2.3,2.0,2.13
26872,2.5,2.0,3.0,2.5
63826,2.5,2.0,1.5,2.0
33697,3.8,4.0,2.5,3.43
27901,3.2,3.5,2.8,3.17
62469,3.5,3.2,2.1,2.93
36430,2.5,3.0,2.75,2.75
15294,3.5,3.8,2.2,3.17
3488,3.5,3.25,2.0,2.92
37013,2.8,3.1,3.5,3.13
40455,3.5,3.8,2.7,3.33
47370,3.2,3.5,3.0,3.23
26287,3.5,4.0,2.0,3.17
56173,4.2,4.0,2.5,3.57
25131,3.2,3.5,2.8,3.17
30036,3.5,3.2,2.8,3.17
5526,3.2,3.0,2.5,2.9
64677,,,,
65952,3.6,3.8,2.9,3.43
15391,2.5,2.8,1.9,2.4
53215,2.5,2.8,2.2,2.5
6661,2.1,2.3,1.5,1.97
52985,3.5,3.8,2.2,3.17
60197,3.2,3.5,2.8,3.17
1210,2.5,2.8,3.7,3.0
16273,2.5,2.8,2.2,2.5
36969,3.2,3.5,2.8,3.17
35269,3.8,3.9,2.5,3.4
71117,2.1,2.3,3.8,2.73
46586,3.2,3.5,2.8,3.17
41577,3.5,3.8,2.2,3.17
8341,3.2,3.5,2.8,3.17
52048,2.5,2.8,3.2,2.83
10634,2.5,3.0,2.2,2.57
56529,3.2,3.5,2.8,3.17
21582,2.1,2.3,4.0,2.8
15518,2.5,3.0,2.2,2.57
43150,3.2,3.5,2.8,3.17
65791,3.2,3.5,2.1,2.93
38833,3.2,3.5,2.8,3.17
52635,2.8,3.1,3.5,3.13
7493,3.2,3.5,2.8,3.17
32225,4.2,4.0,2.5,3.57
47426,2.5,3.0,1.5,2.33
66594,2.5,2.8,3.1,2.8
16386,4.5,4.25,2.75,3.83
69029,2.5,2.0,1.5,2.0
44958,3.5,3.25,2.1,2.95
70594,3.2,3.5,2.8,3.17
12840,3.2,3.5,2.8,3.17
25382,3.5,3.8,2.2,3.17
2418,3.5,3.8,2.7,3.33
69434,3.5,3.25,2.0,2.92
67239,3.5,3.8,2.7,3.33
55863,3.2,3.5,2.8,3.17
68549,3.5,3.8,2.7,3.33
47487,4.2,4.0,1.5,3.23
41546,3.5,3.8,2.7,3.33
28176,3.2,3.5,2.1,2.93
13094,3.5,3.75,2.25,3.17
14980,3.25,3.5,3.75,3.5
55283,3.5,3.8,2.2,3.17
28808,2.5,2.0,3.0,2.5
69315,4.2,4.0,2.5,3.57
7284,3.2,3.5,2.8,3.17
47281,2.8,3.1,3.5,3.13
53538,3.25,3.5,2.75,3.17
12172,3.5,3.8,2.2,3.17
9362,2.5,3.0,2.0,2.5
66130,2.5,2.8,2.2,2.5
30988,2.5,2.8,3.1,2.8
11036,3.2,3.5,2.8,3.17
8065,2.5,2.8,2.2,2.5
48775,1.8,1.5,4.2,2.5
19671,3.2,3.5,2.8,3.17
5973,2.8,3.1,3.5,3.13
64180,3.5,3.8,2.7,3.33
57151,3.8,4.0,2.5,3.43
64193,2.1,2.3,1.8,2.07
36513,2.5,2.3,3.1,2.63
15150,3.5,3.8,2.2,3.17
29996,2.5,2.8,3.1,2.8
20956,3.5,3.75,2.8,3.35
47307,2.5,2.3,3.1,2.63
26115,3.25,3.5,2.75,3.17
4748,3.2,3.5,2.1,2.93
6510,4.2,3.8,2.5,3.5
66056,3.2,3.5,2.8,3.17
35927,3.5,3.8,2.2,3.17
54784,3.5,3.8,2.2,3.17
69145,3.2,3.5,2.8,3.17
45821,3.2,3.5,2.8,3.17
32252,2.8,2.5,3.1,2.8
35558,2.5,2.3,3.8,2.87
59936,3.2,3.5,2.8,3.17
58923,3.5,3.8,2.2,3.17
19346,3.8,4.2,2.5,3.5
62189,3.8,4.0,2.5,3.43
5563,3.8,3.9,2.5,3.4
57902,3.5,3.8,2.2,3.17
15257,3.5,3.8,2.2,3.17
43207,2.5,3.0,2.2,2.57
59298,3.5,3.8,2.2,3.17
33162,3.8,3.9,2.5,3.4
13589,2.5,3.0,1.5,2.33
16540,2.8,3.1,2.5,2.8
39069,2.5,3.0,2.2,2.57
2557,3.2,3.5,2.8,3.17
65360,2.5,3.0,3.75,3.08
15094,3.5,3.25,2.0,2.92
32819,3.2,3.5,2.8,3.17
49945,2.8,3.1,3.5,3.13
60815,2.5,3.0,2.0,2.5
50519,3.5,3.8,2.2,3.17
49307,3.2,3.0,2.5,2.9
36419,3.5,3.25,2.75,3.17
61127,2.5,2.8,2.2,2.5
31872,2.5,3.0,3.75,3.08
1196,2.1,2.3,3.8,2.73
51878,2.5,2.8,2.2,2.5
28316,2.8,3.1,3.5,3.13
61757,3.2,3.0,3.5,3.23
39931,3.5,3.25,2.75,3.17
42577,3.5,3.25,2.75,3.17
25279,2.8,3.1,2.2,2.7
33786,3.2,3.0,2.5,2.9
46608,4.2,4.0,2.5,3.57
35021,3.5,3.8,2.7,3.33
38708,3.2,3.5,2.8,3.17
22551,2.5,2.2,3.8,2.83
54943,3.8,4.2,2.5,3.5
48704,3.2,3.5,2.1,2.93
53718,2.5,2.8,3.1,2.8
35317,3.2,3.5,2.8,3.17
15739,2.5,3.0,2.0,2.5
6101,2.5,3.0,2.0,2.5
50831,3.2,3.5,2.8,3.17
29752,2.8,3.1,3.5,3.13
62661,2.5,2.3,2.7,2.5
26488,2.5,2.2,1.8,2.17
57175,2.8,3.1,2.5,2.8
14921,3.2,3.5,2.8,3.17
15479,2.5,3.0,3.25,2.92
27952,2.8,3.1,2.5,2.8
20428,2.5,2.2,2.0,2.23
35312,2.8,3.1,3.5,3.13
57085,3.5,3.25,2.75,3.17
6178,3.25,3.5,2.75,3.17
51862,2.5,2.8,3.1,2.8
20430,3.2,3.0,2.5,2.9
58919,2.5,2.8,1.5,2.27
35960,2.5,2.8,2.2,2.5
31126,3.2,3.5,2.8,3.17
34116,2.5,2.8,2.2,2.5
17161,3.2,3.5,2.8,3.17
16142,3.5,3.25,2.75,3.17
10311,3.5,3.2,3.8,3.5
9399,2.5,2.3,3.1,2.63
39551,2.8,3.1,2.5,2.8
34069,2.5,3.0,2.0,2.5
60305,3.2,3.5,2.1,2.93
28089,3.5,3.25,2.75,3.17
16854,2.5,3.0,2.2,2.57
1885,2.5,3.0,2.0,2.5
15860,,,,
22653,3.25,3.5,2.75,3.17
38648,2.5,2.0,1.5,2.0
39807,2.5,2.2,2.0,2.23
4686,3.2,3.5,2.8,3.17
46717,2.5,2.8,2.2,2.5
43973,3.8,4.0,2.5,3.43
37136,3.2,3.5,2.8,3.17
1692,3.2,3.5,2.8,3.17
11726,3.5,3.0,1.5,2.67
16012,3.2,3.5,1.8,2.83
33664,2.5,2.0,3.75,2.75
46687,4.2,4.0,2.5,3.57
16247,2.5,2.8,2.2,2.5
49389,3.2,3.0,3.5,3.23
49456,2.5,2.3,3.1,2.63
61812,2.5,3.0,3.5,3.0
31741,2.5,2.3,3.1,2.63
66973,2.5,3.0,3.25,2.92
35644,3.2,3.0,2.5,2.9
10821,3.2,3.0,2.5,2.9
29538,3.5,3.25,2.0,2.92
7952,3.5,3.25,2.0,2.92
35831,3.25,3.5,2.75,3.17
61493,2.5,3.0,3.2,2.9
15656,2.5,2.8,3.7,3.0
57945,2.5,2.8,1.9,2.4
69426,3.5,3.8,2.2,3.17
47014,3.25,3.5,3.0,3.25
69672,3.5,3.8,2.2,3.17
26259,3.5,3.8,2.7,3.33
47805,3.2,3.5,2.8,3.17
44513,4.5,4.2,1.8,3.5
21458,3.5,3.2,2.1,2.93
55364,3.5,3.8,2.2,3.17
35358,2.5,2.8,2.2,2.5
21453,3.2,3.5,2.8,3.17
19275,3.5,3.0,2.2,2.9
28011,2.1,2.3,1.5,1.97
30105,3.5,3.8,2.7,3.33
27982,4.2,4.0,2.5,3.57
42739,3.2,3.0,3.5,3.23
71041,3.8,3.5,2.2,3.17
14239,3.5,3.2,2.0,2.9
21284,3.5,3.25,2.75,3.17
3891,2.5,2.2,3.8,2.83
28506,2.5,2.8,3.1,2.8
37983,2.5,2.8,2.2,2.5
30022,3.2,3.5,2.8,3.17
42126,3.25,3.5,3.0,3.25
61703,3.5,3.25,2.75,3.17
1515,2.5,3.0,2.2,2.57
34144,2.5,3.0,2.1,2.53
26825,3.2,3.5,2.8,3.17
26496,2.1,2.5,2.0,2.2
57687,3.5,3.8,2.2,3.17
51278,4.2,4.0,2.5,3.57
42905,4.2,4.0,2.5,3.57
49193,2.8,3.1,3.5,3.13
50689,2.5,3.0,2.2,2.57
23153,2.5,2.8,3.1,2.8
40387,3.5,3.2,2.1,2.93
17193,2.8,3.1,3.5,3.13
19047,2.5,2.2,3.0,2.57
30329,2.8,3.1,3.5,3.13
10436,3.2,2.8,2.1,2.7
36341,3.2,2.8,2.5,2.83
32281,2.8,3.1,2.5,2.8
65553,3.5,3.25,2.75,3.17
50957,3.2,3.5,2.8,3.17
35306,3.2,3.5,2.8,3.17
63063,2.5,2.8,2.2,2.5
66878,2.1,2.3,1.8,2.07
32100,3.5,3.8,2.2,3.17
39259,3.25,3.5,2.75,3.17
32441,2.5,3.0,2.2,2.57
7245,2.5,3.0,2.2,2.57
63842,3.2,3.0,2.5,2.9
64373,3.2,3.5,2.8,3.17
66690,2.5,2.0,1.5,2.0
53054,3.2,3.5,2.8,3.17
4923,3.5,3.25,2.75,3.17
19093,3.8,3.9,2.5,3.4
30063,3.2,3.5,2.8,3.17
7120,3.2,3.5,2.8,3.17
49802,3.25,3.5,2.75,3.17
56047,2.1,2.3,3.8,2.73
23489,3.5,3.8,2.2,3.17
41763,2.8,3.1,2.5,2.8
9512,3.5,3.25,2.0,2.92
22000,2.1,2.3,1.8,2.07
36510,2.1,2.3,3.5,2.63
31292,3.2,3.5,2.8,3.17
2951,3.2,3.5,2.8,3.17
58604,3.2,3.5,2.8,3.17
56027,3.5,3.8,2.2,3.17
51791,2.5,3.0,3.5,3.0
42601,2.8,3.1,3.5,3.13
48042,3.8,4.0,2.5,3.43
61663,2.5,3.0,2.2,2.57
26238,3.5,3.8,2.2,3.17
31843,2.5,2.8,3.7,3.0
35060,2.5,2.2,3.1,2.6
28803,2.8,3.2,2.5,2.83
63906,2.5,2.75,3.25,2.83
61903,3.2,3.5,2.8,3.17
36170,3.5,3.25,2.75,3.17
34379,3.5,3.8,2.2,3.17
17637,3.25,3.5,2.75,3.17
47300,2.8,3.1,3.5,3.13
23418,2.5,2.8,3.1,2.8
49094,3.5,3.8,2.7,3.33
4614,2.5,2.8,2.2,2.5
22148,3.2,3.5,2.1,2.93
9779,3.5,3.8,2.2,3.17
60715,3.2,3.0,2.5,2.9
8544,3.2,3.0,2.5,2.9
11766,3.5,3.25,2.75,3.17
58107,3.2,3.0,2.5,2.9
40626,3.5,3.25,2.0,2.92
56871,2.5,3.0,2.1,2.53
24066,3.5,3.8,2.2,3.17
39151,2.5,2.3,2.0,2.27
62636,3.5,3.8,2.2,3.17
29502,3.2,3.5,2.8,3.17
64885,2.1,2.3,3.5,2.63
55898,3.5,3.8,2.2,3.17
14610,3.8,4.0,2.5,3.43
64069,2.5,3.0,2.2,2.57
65948,3.6,3.85,3.2,3.55
62512,3.5,3.25,2.75,3.17
62476,3.2,3.0,2.1,2.77
3721,3.8,4.0,2.5,3.43
54538,3.2,3.5,2.8,3.17
71025,3.5,4.0,2.75,3.42
19297,1.5,2.0,2.5,2.0
51817,2.8,3.1,2.5,2.8
30217,2.5,2.8,3.2,2.83
26209,3.2,3.5,2.8,3.17
26889,2.5,3.0,1.8,2.43
53594,2.1,1.8,4.25,2.72
20422,3.5,3.8,2.2,3.17
57331,2.5,3.0,2.2,2.57
9700,3.5,3.2,2.0,2.9
62101,3.2,3.5,2.8,3.17
35125,3.2,3.5,2.8,3.17
14953,2.5,3.0,2.2,2.57
39825,4.5,4.2,1.8,3.5
4945,2.1,2.3,1.5,1.97
41777,2.5,2.0,1.5,2.0
48475,3.2,3.5,2.1,2.93
36667,2.5,2.8,2.2,2.5
45407,2.5,2.8,2.2,2.5
43587,3.5,3.8,2.2,3.17
67337,2.5,3.0,1.8,2.43
55801,2.5,2.8,1.5,2.27
37811,3.2,2.8,1.5,2.5
46015,2.5,2.8,2.2,2.5
12439,2.5,3.0,2.2,2.57
62201,3.2,3.5,2.1,2.93
34032,3.5,3.0,1.5,2.67
56450,3.5,4.0,2.2,3.23
69071,2.8,3.2,2.5,2.83
63601,2.8,3.2,3.5,3.17
45590,3.2,3.5,2.8,3.17
8658,2.5,2.0,1.5,2.0
52138,2.8,2.5,3.7,3.0
70249,2.8,3.1,3.5,3.13
15673,2.5,3.0,1.5,2.33
17354,2.5,3.0,3.2,2.9
7961,3.2,3.5,2.8,3.17
26605,3.2,3.5,2.8,3.17
53500,3.5,3.25,2.0,2.92
54021,3.5,3.8,2.2,3.17
33731,3.5,3.8,2.7,3.33
21231,3.2,3.5,2.1,2.93
52811,2.5,2.8,3.2,2.83
50443,2.1,1.8,4.5,2.8
12949,3.2,3.5,2.8,3.17
47264,2.1,2.3,1.8,2.07
52665,2.5,2.8,1.7,2.33
54809,,,,
52796,2.5,2.8,1.7,2.33
36597,2.5,2.3,3.1,2.63
59756,3.5,3.0,2.0,2.83
32244,3.5,3.8,2.2,3.17
8924,2.8,3.1,3.5,3.13
38616,2.5,3.0,2.2,2.57
17121,3.2,3.5,2.8,3.17
10708,2.5,2.8,3.2,2.83
71066,2.5,2.3,3.1,2.63
27331,3.5,3.2,2.8,3.17
24896,3.5,3.8,2.2,3.17
43856,2.8,3.2,2.5,2.83
59382,3.5,3.25,2.75,3.17
44369,3.5,3.8,2.7,3.33
46920,3.5,3.8,2.7,3.33
48354,2.5,2.2,3.8,2.83
55524,2.5,2.3,3.8,2.87
48003,3.5,3.2,2.0,2.9
24835,3.5,3.8,2.7,3.33
39619,3.2,3.5,2.1,2.93
34942,2.5,2.8,3.2,2.83
36053,3.8,4.2,2.5,3.5
40713,3.2,3.0,3.5,3.23
61021,2.5,3.0,1.8,2.43
54935,2.5,2.3,3.1,2.63
48871,2.1,2.3,3.8,2.73
557,3.2,3.0,2.5,2.9
8605,3.5,3.2,1.8,2.83
20137,3.2,3.5,2.1,2.93
33109,3.2,3.0,2.5,2.9
11622,3.5,3.8,2.7,3.33
42015,2.5,2.8,1.5,2.27
17022,2.5,2.8,3.1,2.8
29756,3.5,3.25,2.75,3.17
37647,2.5,3.0,2.2,2.57
15748,3.5,3.25,2.0,2.92
17776,3.5,3.8,2.2,3.17
64888,2.8,3.1,3.3,3.07
58293,3.5,3.8,2.2,3.17
19496,2.5,2.0,3.75,2.75
33312,3.2,3.5,2.8,3.17
30803,3.5,4.0,2.75,3.42
32970,2.5,2.0,1.5,2.0
40237,2.8,3.1,2.5,2.8
61802,3.2,3.0,2.5,2.9
23896,3.5,3.25,2.75,3.17
70756,2.5,2.3,3.8,2.87
42026,2.5,2.8,3.2,2.83
33310,3.5,3.8,2.7,3.33
41586,3.2,3.5,2.1,2.93
16537,3.2,3.5,2.8,3.17
39134,4.2,3.8,2.1,3.37
57753,3.2,3.5,2.1,2.93
56145,3.2,3.5,2.8,3.17
4005,2.5,2.8,2.2,2.5
31273,3.2,3.5,2.8,3.17
14486,3.5,3.8,2.7,3.33
30053,4.2,4.0,2.5,3.57
12972,2.5,2.3,1.8,2.2
63467,3.2,3.5,3.0,3.23
57024,2.8,3.1,2.3,2.73
17712,2.5,3.0,2.1,2.53
11481,3.25,3.5,3.0,3.25
66039,3.2,3.5,2.8,3.17
70563,2.5,2.8,2.2,2.5
52870,3.2,3.5,2.8,3.17
71502,3.5,3.25,2.0,2.92
54790,3.5,3.8,2.2,3.17
62790,2.5,3.0,1.5,2.33
21094,3.5,3.8,2.2,3.17
58977,3.5,3.8,2.2,3.17
26331,3.2,3.5,3.8,3.5
44202,2.5,3.0,3.75,3.08
21781,2.5,2.3,3.8,2.87
46539,3.2,3.5,2.8,3.17
20796,2.5,2.3,2.7,2.5
32207,3.25,3.0,2.5,2.92
47033,3.5,3.8,2.2,3.17
38334,3.2,3.5,2.1,2.93
40652,3.25,3.5,2.75,3.17
25549,2.5,3.0,2.2,2.57
6264,2.5,3.0,1.8,2.43
36952,1.85,1.5,4.75,2.7
51578,2.5,2.0,1.5,2.0
22475,2.5,2.2,3.1,2.6
22591,2.5,3.0,2.75,2.75
52297,3.2,3.0,2.5,2.9
53482,3.5,3.8,2.7,3.33
38726,3.6,3.8,2.9,3.43
36331,2.5,3.0,2.2,2.57
11933,2.5,2.8,2.2,2.5
58771,2.5,2.0,2.2,2.23
50533,2.5,2.8,3.1,2.8
68263,2.5,2.8,2.2,2.5
23267,2.8,3.1,3.5,3.13
39868,3.2,3.5,2.8,3.17
49092,3.5,3.25,2.0,2.92
38563,2.8,3.1,2.5,2.8
35904,3.5,3.8,2.2,3.17
10267,2.8,3.1,3.5,3.13
56642,3.2,3.5,3.0,3.23
24406,3.2,3.5,2.8,3.17
23820,3.2,3.5,2.8,3.17
28667,3.2,3.0,3.5,3.23
59734,3.8,3.5,2.2,3.17
56585,2.5,2.8,3.1,2.8
63364,3.5,3.8,2.2,3.17
62533,2.5,2.2,3.8,2.83
1417,3.25,3.5,2.75,3.17
9927,3.2,3.5,3.0,3.23
16825,3.2,3.5,2.8,3.17
62755,3.5,3.8,2.2,3.17
67484,3.5,3.0,2.0,2.83
4559,3.5,3.2,2.0,2.9
22627,2.5,3.0,3.5,3.0
34427,3.5,3.8,2.2,3.17
31849,2.1,2.3,1.8,2.07
23252,2.5,3.0,2.0,2.5
40369,3.2,3.5,2.8,3.17
17641,3.5,3.25,2.75,3.17
27591,2.5,3.0,1.5,2.33
54390,2.5,3.0,2.0,2.5
66909,3.5,3.8,2.2,3.17
42503,3.8,4.0,2.5,3.43
44931,2.5,3.0,2.2,2.57
52196,2.5,2.0,1.5,2.0
309,3.25,3.5,2.75,3.17
49391,3.8,3.9,2.5,3.4
35893,3.5,3.25,2.75,3.17
50361,3.5,3.2,2.0,2.9
36140,3.5,3.75,2.25,3.17
48773,2.1,2.3,4.5,2.97
17658,3.5,3.8,2.2,3.17
33289,2.5,2.8,3.1,2.8
3355,3.2,3.0,2.5,2.9
65803,2.8,2.5,3.7,3.0
70726,3.5,3.8,2.2,3.17
5073,2.8,3.2,2.1,2.7
21654,3.2,3.5,2.8,3.17
63717,2.5,3.0,1.5,2.33
54576,2.5,2.8,4.2,3.17
56716,2.5,3.0,2.2,2.57
62839,2.8,3.1,3.5,3.13
29881,4.2,4.0,2.5,3.57
50556,3.5,3.25,2.75,3.17
48967,3.5,3.8,2.2,3.17
1566,2.8,3.1,2.5,2.8
54475,3.2,3.0,2.5,2.9
18944,3.5,3.25,2.75,3.17
30880,3.5,3.8,2.2,3.17
17885,2.5,2.8,2.2,2.5
26001,3.2,3.5,2.8,3.17
8691,2.5,3.0,2.2,2.57
17829,3.5,3.8,2.2,3.17
22386,3.2,3.5,2.8,3.17
7338,3.8,3.5,2.2,3.17
55933,3.2,3.0,2.1,2.77
19446,3.5,3.8,2.2,3.17
43865,3.5,3.8,2.2,3.17
35882,3.2,3.5,2.8,3.17
37808,2.5,2.3,1.8,2.2
49357,3.5,3.2,2.0,2.9
19216,3.2,3.5,2.8,3.17
8282,3.8,4.2,2.5,3.5
3555,2.8,3.2,2.1,2.7
38108,1.5,2.0,1.0,1.5
22552,2.5,2.3,3.1,2.63
9569,2.8,3.1,3.5,3.13
51972,3.2,3.5,2.8,3.17
45619,3.5,3.8,2.7,3.33
55932,2.8,3.1,3.5,3.13
52702,3.25,3.5,2.75,3.17
21697,3.2,3.5,2.8,3.17
46728,2.5,2.3,3.1,2.63
21263,3.5,3.8,2.2,3.17
8447,3.2,3.5,2.8,3.17
29348,3.2,3.5,2.1,2.93
19368,3.2,3.5,2.8,3.17
22635,2.8,3.1,2.5,2.8
30993,2.5,3.0,3.2,2.9
65577,2.5,2.8,2.2,2.5
39958,3.5,3.25,2.75,3.17
50886,2.8,3.1,3.5,3.13
8724,2.5,2.8,3.2,2.83
67083,3.2,3.5,2.8,3.17
34002,3.2,2.8,3.5,3.17
10642,3.5,3.25,2.75,3.17
42154,3.5,4.0,2.2,3.23
19116,2.5,2.2,3.8,2.83
23128,3.2,3.5,2.8,3.17
70939,3.8,4.0,2.5,3.43
35564,2.8,3.1,2.2,2.7
47163,2.5,2.8,3.1,2.8
71860,3.5,3.25,2.75,3.17
53175,3.2,3.5,3.0,3.23
42856,3.5,3.8,2.2,3.17
70657,3.5,3.8,3.2,3.5
553,2.5,2.25,3.0,2.58
8564,2.8,3.1,3.5,3.13
71921,3.25,3.5,2.75,3.17
56987,2.5,3.0,3.2,2.9
65447,4.5,4.2,2.1,3.6
395,3.5,3.8,2.2,3.17
42446,3.5,3.8,2.7,3.33
21287,3.5,3.8,2.7,3.33
15517,2.5,3.0,2.2,2.57
47398,2.5,2.8,3.2,2.83
12038,2.1,2.3,3.5,2.63
62525,2.1,2.3,1.5,1.97
60284,1.5,2.0,1.0,1.5
24798,2.1,2.3,1.8,2.07
29553,2.8,3.1,2.3,2.73
1216,3.5,3.25,2.75,3.17
28427,3.5,3.8,2.2,3.17
25070,3.2,3.5,2.8,3.17
45632,2.5,3.0,2.0,2.5
29338,3.25,3.5,2.75,3.17
21345,2.5,3.0,2.2,2.57
61590,2.5,2.8,2.2,2.5
40355,2.5,2.0,1.5,2.0
47413,3.5,3.8,2.2,3.17
59108,3.2,3.5,3.0,3.23
71202,3.25,3.8,2.75,3.27
60601,2.5,2.8,1.9,2.4
42876,2.5,2.8,3.7,3.0
46389,2.5,2.3,3.8,2.87
43864,3.2,2.8,2.5,2.83
17598,3.2,3.0,2.5,2.9
47850,3.2,3.5,2.1,2.93
17656,3.5,4.0,2.2,3.23
27935,2.5,2.8,3.2,2.83
61228,2.5,3.0,2.2,2.57
4598,2.5,2.0,1.5,2.0
64353,3.2,3.5,2.8,3.17
34503,3.2,3.0,3.5,3.23
45914,3.5,3.25,2.0,2.92
64313,3.5,3.8,2.2,3.17
60023,2.5,2.0,1.5,2.0
12784,2.5,3.0,2.2,2.57
60220,3.2,3.5,2.8,3.17
57567,3.2,3.5,2.8,3.17
39344,3.25,3.5,2.75,3.17
46184,2.5,2.8,3.7,3.0
24670,2.5,2.8,2.2,2.5
9156,3.5,3.25,2.75,3.17
16865,2.5,3.0,2.2,2.57
58684,3.2,2.8,3.5,3.17
64805,3.2,3.5,2.8,3.17
71416,3.5,3.8,2.2,3.17
59671,2.5,2.8,1.5,2.27
26564,3.2,3.5,2.1,2.93
29897,3.2,3.5,3.8,3.5
67663,3.2,3.5,2.8,3.17
12132,3.2,3.5,2.8,3.17
7643,2.5,3.0,3.2,2.9
27618,3.2,3.0,2.5,2.9
33328,3.25,3.5,3.75,3.5
70714,3.5,3.25,2.75,3.17
63921,2.8,3.2,2.5,2.83
15818,2.5,2.3,2.0,2.27
39188,1.5,1.2,1.0,1.23
67069,3.5,3.8,2.7,3.33
17855,2.8,3.15,3.75,3.23
61261,2.5,2.8,3.2,2.83
63578,2.5,2.2,3.0,2.57
25894,3.5,3.25,2.75,3.17
2408,3.5,3.25,2.75,3.17
63506,3.5,3.8,2.2,3.17
58786,3.2,3.5,2.8,3.17
48829,2.5,2.3,1.8,2.2
5562,3.2,3.5,2.8,3.17
33456,2.8,3.1,3.5,3.13
66787,2.5,3.0,2.75,2.75
57021,3.2,3.5,2.8,3.17
503,3.5,3.25,2.75,3.17
51784,2.5,2.3,3.1,2.63
38449,3.8,4.2,2.5,3.5
21192,3.5,3.0,2.2,2.9
50658,2.5,2.8,3.2,2.83
193,3.5,3.8,2.2,3.17
61840,3.5,3.8,2.2,3.17
23873,3.5,3.25,2.75,3.17
63701,2.5,3.0,2.0,2.5
2390,2.5,2.3,2.0,2.27
63147,3.5,4.0,2.2,3.23
13960,2.5,2.2,2.8,2.5
47694,4.2,4.0,2.5,3.57
33468,3.25,3.5,3.0,3.25
45269,2.5,2.3,3.8,2.87
28859,2.8,3.1,3.5,3.13
49384,3.2,3.5,2.8,3.17
45707,3.5,3.25,2.75,3.17
21385,2.5,2.0,4.2,2.9
31681,2.5,3.0,1.8,2.43
56601,2.5,3.0,2.2,2.57
29586,3.5,3.8,2.7,3.33
29377,2.5,2.0,1.5,2.0
47851,3.2,3.5,2.8,3.17
27902,2.5,2.2,1.8,2.17
66598,2.8,3.1,3.5,3.13
44104,3.5,3.8,2.2,3.17
69367,2.1,2.3,1.5,1.97
54919,3.5,3.8,2.7,3.33
63824,2.5,2.8,3.7,3.0
16378,3.2,3.5,2.8,3.17
1906,3.5,3.25,2.75,3.17
59583,2.8,3.1,3.5,3.13
61894,3.2,3.5,2.8,3.17
37375,2.5,2.2,3.8,2.83
13956,2.5,2.8,3.2,2.83
2860,3.5,3.8,2.7,3.33
67174,3.5,3.75,2.25,3.17
53383,2.5,3.0,1.5,2.33
1849,2.5,3.0,1.5,2.33
56438,2.5,3.0,2.2,2.57
67117,2.8,3.1,2.2,2.7
18867,3.5,3.8,2.2,3.17
26691,2.5,2.3,3.1,2.63
19807,3.2,3.0,2.5,2.9
57064,2.5,3.0,1.5,2.33
31546,3.2,3.5,2.8,3.17
64706,3.5,3.25,2.75,3.17
26565,3.2,3.5,2.1,2.93
60314,3.2,3.5,2.8,3.17
65673,3.5,3.25,2.75,3.17
54733,3.5,3.25,2.75,3.17
36151,3.5,3.8,2.2,3.17
42502,2.5,3.0,3.2,2.9
19528,2.8,3.1,3.5,3.13
48135,3.5,4.0,2.75,3.42
51762,4.2,4.0,2.5,3.57
280,3.5,3.8,2.7,3.33
51459,3.5,3.25,2.75,3.17
37539,3.5,3.8,2.2,3.17
35007,3.5,3.8,2.2,3.17
40020,2.5,3.0,3.2,2.9
15059,2.5,2.3,1.8,2.2
51835,1.5,1.2,1.0,1.23
62448,3.2,3.0,2.5,2.9
68062,3.5,3.25,2.75,3.17
60805,2.5,3.0,2.2,2.57
16249,2.8,3.1,2.5,2.8
36792,2.8,3.1,3.9,3.27
44177,2.5,2.2,3.1,2.6
59565,4.2,3.8,2.5,3.5
28657,2.5,2.0,1.5,2.0
56011,2.5,2.3,3.1,2.63
6786,2.5,3.0,2.2,2.57
34636,3.25,3.0,3.5,3.25
40199,3.2,3.5,2.8,3.17
42406,2.8,3.1,3.5,3.13
31926,3.2,3.5,2.8,3.17
48459,2.1,2.3,3.5,2.63
10149,2.5,3.0,3.75,3.08
67293,3.2,3.5,2.8,3.17
61167,2.5,2.0,1.5,2.0
6591,2.5,2.2,3.0,2.57
58452,3.2,3.5,2.8,3.17
16251,2.8,3.1,2.5,2.8
58344,3.25,3.5,3.75,3.5
40421,2.1,2.3,1.5,1.97
51931,2.0,2.5,1.0,1.83
53956,4.2,4.0,2.5,3.57
56177,2.5,3.0,3.75,3.08
33955,2.5,2.8,2.2,2.5
66110,3.2,3.5,2.1,2.93
14242,3.2,3.0,3.5,3.23
62513,3.5,3.8,2.2,3.17
45410,2.5,3.0,2.2,2.57
3648,3.5,3.8,2.2,3.17
24628,3.5,3.8,2.2,3.17
38569,2.5,2.3,3.1,2.63
64469,2.5,3.0,2.0,2.5
24206,3.5,3.25,2.75,3.17
42840,3.2,3.5,2.1,2.93
2799,3.5,4.0,2.2,3.23
31608,3.2,3.8,2.5,3.17
64699,2.8,3.1,3.5,3.13
29011,3.5,3.8,2.2,3.17
32624,3.5,3.0,2.0,2.83
46242,3.2,3.0,2.5,2.9
48169,4.2,4.0,2.5,3.57
18720,3.25,3.5,3.75,3.5
47443,3.5,3.25,2.75,3.17
66250,3.2,3.5,2.8,3.17
42205,3.25,3.0,2.75,3.0
62056,2.5,2.0,1.5,2.0
33015,3.2,2.8,2.1,2.7
68989,3.2,3.5,2.1,2.93
55145,2.5,2.2,1.8,2.17
60362,2.5,3.0,2.2,2.57
13207,3.5,3.8,1.5,2.93
13055,3.8,3.9,2.5,3.4
16656,3.25,3.5,2.75,3.17
51356,2.1,2.3,1.5,1.97
61778,2.5,3.0,1.5,2.33
65230,3.6,3.8,2.5,3.3
40493,3.5,3.2,2.0,2.9
11074,2.5,2.8,2.2,2.5
18321,2.1,2.3,3.8,2.73
66576,2.5,2.8,2.2,2.5
8303,3.5,3.8,2.2,3.17
3934,3.5,3.8,2.7,3.33
40307,3.5,3.8,2.2,3.17
1004,3.2,3.0,2.5,2.9
38427,3.2,3.0,2.1,2.77
23597,3.5,3.8,2.2,3.17
55581,2.8,3.1,3.5,3.13
69926,3.5,3.8,2.2,3.17
18813,3.2,3.5,2.1,2.93
68199,2.5,2.3,3.8,2.87
52991,3.5,3.2,2.0,2.9
30151,3.5,3.25,2.75,3.17
20726,3.5,3.25,2.1,2.95
67639,2.5,3.0,1.8,2.43
67783,3.5,3.25,2.75,3.17
28359,2.1,2.3,3.8,2.73
16264,2.5,2.3,3.8,2.87
53273,2.5,3.0,2.2,2.57
3410,2.1,2.3,3.8,2.73
2674,3.5,3.8,2.2,3.17
15501,3.2,3.5,2.8,3.17
34806,2.5,3.0,3.2,2.9
54008,3.8,3.9,2.5,3.4
6959,2.8,3.1,3.5,3.13
52926,3.2,3.5,3.0,3.23
21163,3.2,3.5,2.8,3.17
13447,2.5,2.8,1.9,2.4
3638,2.5,3.0,2.0,2.5
51320,3.5,3.8,2.2,3.17
3039,3.2,3.0,2.5,2.9
58022,3.2,3.5,2.8,3.17
56309,3.5,3.25,2.0,2.92
59912,3.2,3.5,2.8,3.17
25705,2.1,2.3,3.5,2.63
7365,2.5,2.8,2.2,2.5
53350,3.5,3.8,2.2,3.17
16122,3.2,3.5,2.8,3.17
56581,2.5,2.8,3.2,2.83
16375,3.5,3.8,2.7,3.33
10065,2.5,3.0,2.0,2.5
24309,3.5,3.25,2.0,2.92
41632,3.8,4.0,2.5,3.43
15211,3.5,3.8,3.2,3.5
70278,2.1,2.3,3.5,2.63
49186,3.5,3.8,2.2,3.17
25151,2.5,2.2,3.8,2.83
44409,3.5,3.8,2.7,3.33
54960,3.2,3.5,2.8,3.17
39570,3.2,3.5,2.8,3.17
10618,3.8,4.2,2.5,3.5
10546,3.2,3.5,3.0,3.23
56073,3.25,3.0,3.5,3.25
33005,2.8,3.1,2.5,2.8
63945,1.5,2.0,1.2,1.57
18080,2.5,3.0,1.5,2.33
66740,2.1,2.3,1.8,2.07
38060,3.2,3.5,2.8,3.17
55969,2.8,3.1,2.3,2.73
1883,4.2,3.85,2.5,3.52
41685,2.5,2.8,3.1,2.8
14752,2.5,2.8,3.1,2.8
25327,2.5,3.0,1.8,2.43
3551,3.5,3.2,2.0,2.9
15996,3.2,3.5,2.8,3.17
58334,2.8,3.1,2.5,2.8
6318,2.5,2.8,3.2,2.83
16866,2.5,3.0,2.2,2.57
16914,2.8,3.2,3.5,3.17
30895,2.5,2.8,3.1,2.8
789,2.5,3.0,2.2,2.57
68119,2.5,2.2,3.8,2.83
29994,2.5,3.0,2.75,2.75
1917,2.5,3.0,2.2,2.57
3549,3.5,3.2,2.0,2.9
61116,2.5,2.8,3.2,2.83
63692,2.8,3.1,3.5,3.13
59786,2.8,3.1,3.5,3.13
67643,3.5,3.2,2.1,2.93
18893,3.2,3.8,2.5,3.17
52361,4.5,4.25,2.0,3.58
5479,2.5,2.3,3.8,2.87
19588,2.5,3.0,2.2,2.57
14566,3.2,3.5,2.1,2.93
45135,3.5,3.25,2.75,3.17
47268,3.2,3.5,2.8,3.17
10570,2.5,3.0,1.5,2.33
50301,3.5,3.2,2.8,3.17
52992,2.5,3.0,2.0,2.5
21067,3.5,3.8,2.7,3.33
3925,3.5,3.8,2.2,3.17
3349,2.5,2.8,2.2,2.5
5778,2.5,2.0,1.5,2.0
24282,3.5,3.8,2.7,3.33
51474,3.2,3.5,2.1,2.93
59471,2.5,2.2,3.8,2.83
20174,3.8,3.9,2.5,3.4
37381,2.5,3.0,2.2,2.57
50653,3.5,3.8,2.2,3.17
55459,3.2,3.5,2.1,2.93
39409,3.2,3.5,3.0,3.23
66718,3.5,3.25,2.75,3.17
24592,3.5,3.8,2.2,3.17
1580,3.5,3.8,2.7,3.33
6915,3.2,3.5,2.8,3.17
1672,3.2,3.5,2.8,3.17
1935,3.25,3.5,2.75,3.17
59742,3.5,3.25,2.1,2.95
18240,3.5,3.8,2.7,3.33
48931,2.5,2.3,3.8,2.87
58280,3.5,3.8,2.2,3.17
35569,3.2,3.5,3.0,3.23
7227,2.5,3.0,2.2,2.57
38553,3.5,3.8,2.7,3.33
30989,3.5,3.25,2.75,3.17
62223,3.5,3.25,2.75,3.17
19339,3.5,3.8,2.2,3.17
26579,3.2,3.5,2.8,3.17
2858,4.2,4.0,2.5,3.57
52618,2.5,3.0,1.5,2.33
15613,3.5,3.8,2.7,3.33
9351,2.5,3.0,1.8,2.43
4663,3.5,3.25,2.75,3.17
4965,2.1,2.3,1.5,1.97
49585,3.8,3.9,2.5,3.4
71713,2.8,3.1,2.2,2.7
50091,3.2,3.5,2.8,3.17
29093,2.5,2.8,2.2,2.5
61480,2.5,3.0,2.2,2.57
55702,2.1,2.3,4.5,2.97
1176,3.5,3.8,2.2,3.17
65954,4.2,4.0,2.5,3.57
65904,3.2,3.5,2.8,3.17
53558,3.5,3.8,3.2,3.5
67726,3.25,3.5,3.75,3.5
30136,3.5,3.8,2.7,3.33
23800,3.5,3.8,2.2,3.17
44306,3.5,3.8,2.2,3.17
5005,3.5,3.8,2.2,3.17
9809,3.5,3.25,2.75,3.17
8432,3.2,3.5,2.8,3.17
59446,3.5,3.8,2.2,3.17
36090,3.5,3.8,2.7,3.33
29762,2.5,3.0,1.8,2.43
52761,3.5,3.8,2.2,3.17
13642,2.8,3.1,3.5,3.13
75,3.2,3.5,2.8,3.17
69231,2.5,2.0,1.5,2.0
62393,3.5,3.8,2.2,3.17
26047,2.5,3.0,2.2,2.57
42850,3.25,3.5,3.75,3.5
35689,3.5,3.2,2.8,3.17
17569,3.8,4.2,2.5,3.5
26153,3.2,3.5,2.8,3.17
43134,3.5,3.8,2.2,3.17
52132,3.5,3.8,2.7,3.33
4920,2.5,2.8,3.2,2.83
14765,3.8,4.0,2.5,3.43
44965,3.5,3.8,2.7,3.33
68621,2.5,3.0,2.0,2.5
10805,4.2,4.0,2.5,3.57
34142,3.2,3.5,2.8,3.17
31114,2.5,3.0,2.75,2.75
18817,3.8,3.9,2.5,3.4
35772,3.2,3.5,2.8,3.17
66770,2.1,2.3,3.5,2.63
65380,2.1,2.3,4.5,2.97
47584,4.2,4.0,2.5,3.57
37969,3.2,3.5,2.8,3.17
34404,3.2,3.5,2.8,3.17
46185,2.5,3.0,3.2,2.9
55179,3.5,3.2,1.8,2.83
21669,3.8,4.2,2.5,3.5
8673,3.2,3.5,2.8,3.17
41250,2.5,2.0,1.5,2.0
60896,3.5,3.25,2.1,2.95
14888,3.6,3.8,2.5,3.3
111,3.2,3.5,2.8,3.17
48795,3.8,4.0,2.5,3.43
14506,2.5,2.8,1.5,2.27
10912,3.2,2.8,2.5,2.83
27579,3.2,3.5,2.1,2.93
24491,3.5,3.25,2.75,3.17
12672,4.2,3.8,2.1,3.37
14032,3.2,3.5,2.8,3.17
62114,3.5,3.8,2.7,3.33
36495,3.25,3.5,3.0,3.25
70637,2.5,3.0,3.75,3.08
292,2.5,2.0,2.2,2.23
51507,3.5,4.0,2.2,3.23
57145,3.5,3.25,2.75,3.17
43222,3.5,3.8,2.7,3.33
60680,3.5,3.8,2.2,3.17
71328,3.2,3.5,2.8,3.17
9430,4.2,3.8,2.1,3.37
56460,4.2,4.0,2.5,3.57
36755,2.8,3.1,3.5,3.13
70152,3.2,3.5,2.8,3.17
5230,3.2,3.5,2.8,3.17
8183,3.8,4.2,2.5,3.5
45635,2.5,3.0,1.5,2.33
50651,3.2,3.5,2.8,3.17
20304,3.5,3.8,2.7,3.33
28609,4.2,4.0,2.5,3.57
15574,2.5,2.0,1.5,2.0
3068,3.5,3.8,2.2,3.17
70934,3.5,3.25,2.75,3.17
43893,3.2,3.5,2.8,3.17
23648,2.5,2.8,2.2,2.5
63325,2.5,2.8,3.2,2.83
205,3.5,3.25,2.75,3.17
45559,3.5,3.25,2.0,2.92
31894,2.8,3.1,2.5,2.8
36027,2.5,2.2,2.8,2.5
48739,2.5,2.8,2.2,2.5
5189,2.5,2.2,2.0,2.23
60422,3.5,3.2,1.8,2.83
65093,3.2,3.5,2.8,3.17
8383,2.5,2.8,1.7,2.33
55028,2.5,2.0,1.5,2.0
52517,3.2,3.5,2.1,2.93
14421,3.5,3.8,2.7,3.33
3070,4.2,3.85,2.5,3.52
56263,3.2,3.5,3.0,3.23
39092,3.5,3.8,2.2,3.17
58278,2.5,2.0,1.5,2.0
65867,3.5,3.25,2.75,3.17
26005,3.2,3.5,2.8,3.17
1387,3.2,3.0,3.5,3.23
26365,3.2,3.5,3.0,3.23
72059,2.5,3.0,2.2,2.57
389,2.5,3.0,2.2,2.57
17771,3.5,3.25,2.1,2.95
40116,2.5,2.0,3.0,2.5
5042,3.5,3.2,3.0,3.23
50200,3.5,3.25,2.0,2.92
13670,2.5,2.8,2.2,2.5
72057,3.5,3.25,2.75,3.17
54109,2.5,3.0,3.2,2.9
5905,3.5,3.25,2.0,2.92
53534,1.5,2.0,1.0,1.5
58987,3.25,3.8,2.5,3.18
21869,3.2,3.5,2.8,3.17
1800,2.5,3.0,2.2,2.57
10842,3.5,3.8,2.7,3.33
56830,3.5,3.8,2.7,3.33
19175,3.5,3.25,2.75,3.17
56442,2.1,2.3,1.5,1.97
10758,3.5,3.8,2.2,3.17
2105,3.5,3.8,2.7,3.33
42941,2.5,2.8,3.2,2.83
33214,2.1,2.3,1.8,2.07
44639,3.2,3.0,2.5,2.9
44275,3.5,3.25,2.75,3.17
61722,3.5,3.75,2.25,3.17
64307,3.2,3.5,2.1,2.93
5768,3.2,3.5,2.8,3.17
27362,2.5,2.0,1.5,2.0
2127,3.5,3.8,2.2,3.17
34807,3.2,3.5,2.8,3.17
18492,3.5,3.25,2.1,2.95
59563,3.6,3.8,2.5,3.3
61612,2.5,3.0,1.5,2.33
67577,2.5,3.0,2.2,2.57
28001,3.5,3.8,2.2,3.17
58465,3.5,3.8,2.2,3.17
68468,3.5,3.2,2.8,3.17
17898,3.5,3.8,2.2,3.17
60960,2.5,2.3,3.1,2.63
69351,2.5,2.2,3.8,2.83
11942,2.1,2.3,3.8,2.73
3246,3.2,3.0,2.5,2.9
9469,3.25,3.5,3.75,3.5
3855,3.5,3.8,2.2,3.17
28235,2.8,3.1,2.5,2.8
44697,2.5,2.2,3.0,2.57
14275,2.8,3.1,3.5,3.13
27626,3.5,3.8,2.7,3.33
57125,2.1,2.35,3.8,2.75
48089,3.8,3.9,2.5,3.4
51441,3.2,3.5,3.0,3.23
15158,2.8,3.1,2.5,2.8
42926,2.5,2.8,3.1,2.8
40229,2.8,3.1,3.5,3.13
43862,3.5,3.8,2.2,3.17
34082,3.25,3.5,2.75,3.17
1370,3.2,3.0,2.5,2.9
43136,3.2,3.5,2.8,3.17
66680,3.25,2.8,3.5,3.18
47493,3.2,3.5,2.8,3.17
21264,3.2,3.5,2.8,3.17
34552,3.2,3.5,2.1,2.93
20618,3.5,3.8,2.7,3.33
27081,3.5,3.8,2.2,3.17
9322,2.5,2.3,2.0,2.27
16894,2.5,2.0,1.0,1.83
68996,2.5,2.8,3.2,2.83
47923,2.5,2.8,2.2,2.5
54608,3.5,3.8,2.7,3.33
5780,2.5,2.8,2.2,2.5
17727,3.2,3.5,3.8,3.5
25295,2.5,2.8,2.2,2.5
58995,3.5,3.8,2.7,3.33
43737,3.5,3.25,2.75,3.17
8454,3.5,3.8,3.2,3.5
12933,3.5,3.8,2.7,3.33
66638,3.2,3.5,2.8,3.17
66926,3.5,3.25,2.75,3.17
10819,3.8,4.0,3.2,3.67
26369,3.2,3.0,2.5,2.9
13058,3.5,3.8,2.2,3.17
41296,3.5,3.2,1.8,2.83
34317,2.8,3.1,3.5,3.13
8429,3.5,3.8,2.7,3.33
20097,2.5,2.0,1.5,2.0
22082,3.5,3.25,2.0,2.92
66566,3.8,4.0,2.5,3.43
1233,3.5,3.25,2.75,3.17
46597,2.5,2.2,4.0,2.9
63003,2.5,3.0,2.2,2.57
57255,2.5,2.8,2.2,2.5
9988,3.2,3.5,2.1,2.93
53372,2.5,3.2,2.0,2.57
37879,2.5,3.0,1.5,2.33
2505,2.5,3.0,1.8,2.43
31528,3.2,3.5,2.1,2.93
71881,3.8,4.0,2.5,3.43
37663,3.5,3.75,3.25,3.5
57647,3.2,3.5,2.1,2.93
31371,2.8,3.1,3.5,3.13
2819,2.5,2.3,3.8,2.87
64538,3.5,3.8,2.2,3.17
15209,2.5,3.0,3.5,3.0
47780,3.2,3.5,2.8,3.17
34865,4.2,4.0,2.5,3.57
18,2.5,3.0,2.75,2.75
43287,2.5,2.2,3.1,2.6
5456,3.6,3.8,3.2,3.53
69474,3.2,3.5,2.1,2.93
13501,3.5,3.8,2.7,3.33
22113,2.5,3.0,2.0,2.5
2497,3.2,3.5,2.8,3.17
6308,3.5,3.25,2.0,2.92
44188,3.25,3.5,2.75,3.17
13054,3.5,3.25,2.75,3.17
36674,2.5,3.0,1.8,2.43
14597,3.5,3.8,2.2,3.17
67813,2.8,3.1,2.2,2.7
40859,2.1,2.3,1.8,2.07
67114,2.5,2.3,3.1,2.63
28934,2.8,3.1,3.5,3.13
61124,2.5,2.8,3.1,2.8
65760,2.5,3.0,1.5,2.33
30731,2.8,3.1,3.5,3.13
70225,2.1,2.3,3.5,2.63
15782,2.5,2.3,3.1,2.63
46611,2.5,2.3,3.8,2.87
40320,3.2,3.5,2.8,3.17
10540,3.2,3.5,2.8,3.17
34626,2.5,2.2,3.0,2.57
23478,2.5,2.8,3.1,2.8
29518,2.5,2.0,1.5,2.0
47299,3.2,3.0,2.5,2.9
61818,3.2,3.5,2.8,3.17
30283,2.1,2.3,1.5,1.97
58913,3.5,3.8,2.2,3.17
51116,3.5,3.25,2.75,3.17
26248,3.5,3.8,2.7,3.33
40775,2.5,3.0,2.2,2.57
34588,3.5,3.25,2.75,3.17
49062,3.2,3.5,2.8,3.17
42754,3.5,3.25,2.0,2.92
61037,2.5,2.8,3.2,2.83
61278,3.2,3.5,2.8,3.17
23146,3.2,3.5,2.8,3.17
58436,3.5,3.8,2.2,3.17
69384,3.5,3.25,2.75,3.17
46197,3.8,4.0,2.5,3.43
6025,2.5,2.3,3.1,2.63
62530,2.5,2.0,3.5,2.67
26404,3.2,3.5,2.8,3.17
20126,2.5,2.2,2.8,2.5
10410,2.5,3.0,2.75,2.75
37264,3.25,3.8,2.5,3.18
11582,3.5,3.8,2.2,3.17
806,2.5,3.0,2.2,2.57
45882,3.8,4.0,2.5,3.43
33198,3.5,3.75,2.8,3.35
52,3.2,2.8,1.5,2.5
65418,2.8,3.1,3.5,3.13
55934,3.5,3.8,2.7,3.33
67843,2.5,2.2,1.8,2.17
70429,3.5,3.8,2.2,3.17
69914,3.5,3.25,2.0,2.92
10088,3.2,3.5,2.8,3.17
60158,2.5,2.8,1.7,2.33
70519,3.2,3.5,2.8,3.17
35073,2.5,2.8,3.2,2.83
66029,3.2,3.8,2.5,3.17
58813,3.2,3.5,2.8,3.17
7067,3.5,3.8,2.7,3.33
9727,3.5,3.25,2.75,3.17
16981,2.5,2.3,2.0,2.27
23786,2.5,2.8,3.2,2.83
45094,2.5,3.0,1.5,2.33
25979,2.5,3.0,2.2,2.57
7384,3.5,4.0,2.2,3.23
42673,2.8,3.1,3.5,3.13
13993,2.1,2.3,4.2,2.87
19540,2.5,2.8,3.2,2.83
57083,3.25,3.5,3.75,3.5
28775,3.2,3.5,2.1,2.93
16244,3.2,3.5,2.1,2.93
12924,3.2,3.8,2.1,3.03
25525,3.2,3.5,2.8,3.17
69195,3.5,3.8,2.2,3.17
65802,3.25,3.5,2.75,3.17
44428,3.8,3.9,2.5,3.4
37469,3.5,3.8,2.7,3.33
56403,3.5,3.8,2.2,3.17
69077,3.5,4.0,2.2,3.23
34845,2.5,2.8,2.2,2.5
40422,2.5,3.0,2.2,2.57
5945,3.5,3.8,2.2,3.17
15669,2.5,3.0,2.75,2.75
48370,2.5,2.2,3.8,2.83
16399,3.2,3.5,2.8,3.17
43515,3.2,3.5,2.8,3.17
18916,2.5,2.8,3.2,2.83
52076,3.5,3.75,3.25,3.5
64130,3.2,3.5,2.1,2.93
36257,3.5,3.8,2.7,3.33
15011,3.2,3.5,2.8,3.17
9026,2.5,3.0,3.5,3.0
4755,3.2,3.5,2.8,3.17
71682,2.5,2.3,3.1,2.63
38929,2.5,2.2,3.8,2.83
53829,3.5,3.2,2.1,2.93
18728,3.2,3.5,2.8,3.17
25884,3.2,3.5,2.8,3.17
29524,3.2,3.5,2.1,2.93
27507,2.5,3.0,1.5,2.33
6616,2.5,2.8,3.1,2.8
31024,3.5,3.25,2.0,2.92
62851,2.8,3.15,3.5,3.15
71758,2.5,2.8,1.7,2.33
56396,3.2,3.5,2.1,2.93
64921,3.2,3.5,2.8,3.17
58644,2.5,3.0,3.2,2.9
31865,2.5,2.0,1.5,2.0
31220,3.5,3.2,2.1,2.93
4007,3.25,3.5,3.75,3.5
2823,2.5,3.0,2.0,2.5
25674,2.5,2.2,2.0,2.23
15001,3.2,3.5,2.8,3.17
23619,3.2,3.5,2.8,3.17
19092,3.2,3.5,3.0,3.23
61540,3.5,3.8,2.2,3.17
60883,2.1,2.5,1.8,2.13
48635,3.5,3.8,2.7,3.33
1733,2.5,2.8,2.2,2.5
20500,2.5,2.0,1.5,2.0
17102,3.6,4.0,2.8,3.47
21095,2.5,3.0,2.2,2.57
39867,3.2,3.5,2.8,3.17
40924,3.2,3.5,2.8,3.17
30941,2.8,3.1,2.5,2.8
37043,2.5,2.8,3.1,2.8
18089,3.25,3.0,3.5,3.25
45531,3.2,3.0,2.5,2.9
33959,3.25,3.5,2.75,3.17
60894,3.5,3.25,2.0,2.92
23940,3.2,3.5,2.8,3.17
7663,2.8,3.1,3.5,3.13
30576,3.2,3.0,2.5,2.9
40732,3.5,3.25,2.75,3.17
27755,4.2,4.0,2.5,3.57
66257,2.8,3.2,2.1,2.7
18028,2.5,2.8,2.2,2.5
16072,3.5,3.8,2.7,3.33
20636,3.2,3.5,2.8,3.17
63282,2.5,3.0,2.2,2.57
55424,2.8,3.1,2.5,2.8
30301,3.5,3.8,2.2,3.17
64579,3.2,3.5,2.8,3.17
56640,3.5,3.75,2.25,3.17
56151,2.8,3.1,2.5,2.8
49808,2.1,2.3,3.0,2.47
12701,2.5,2.3,3.1,2.63
7957,3.2,3.5,2.8,3.17
65182,3.8,3.9,2.5,3.4
66511,2.5,2.3,3.8,2.87
31956,2.5,3.0,2.2,2.57
19964,3.2,3.5,2.8,3.17
16123,4.2,4.0,2.5,3.57
57050,3.5,3.8,2.2,3.17
26604,3.2,3.0,2.5,2.9
33781,2.8,3.1,3.5,3.13
36374,2.1,2.3,1.5,1.97
44038,2.8,3.1,3.5,3.13
13242,3.5,3.8,2.7,3.33
54792,3.6,3.8,3.2,3.53
2997,2.5,3.0,2.2,2.57
2743,2.8,3.2,2.1,2.7
64138,2.5,2.8,2.2,2.5
21745,3.5,3.8,2.2,3.17
12050,2.5,2.8,2.2,2.5
8817,3.5,3.2,2.8,3.17
66393,3.5,3.25,4.0,3.58
40035,3.5,3.25,2.75,3.17
46794,2.5,3.0,3.2,2.9
59460,2.1,2.3,3.5,2.63
46426,3.5,3.8,2.7,3.33
26701,2.5,2.3,3.1,2.63
16347,3.2,3.5,2.8,3.17
40651,3.5,3.25,2.75,3.17
8932,3.2,3.5,2.8,3.17
8636,2.1,2.3,3.5,2.63
62395,3.5,3.8,2.2,3.17
19337,3.5,3.25,2.0,2.92
18134,3.2,3.0,3.5,3.23
10794,2.5,3.0,3.25,2.92
14108,2.5,2.8,1.5,2.27
64826,3.5,3.8,2.7,3.33
61602,3.2,3.5,2.8,3.17
24914,2.1,2.3,4.5,2.97
6976,2.5,2.3,3.8,2.87
23316,2.5,3.0,2.2,2.57
64393,3.2,3.5,2.8,3.17
71826,3.5,3.25,2.75,3.17
34830,2.8,3.1,3.9,3.27
55442,2.5,2.8,2.2,2.5
51611,3.5,3.2,2.8,3.17
52622,2.5,3.0,1.8,2.43
15600,3.5,3.8,2.2,3.17
48480,3.2,3.5,2.8,3.17
4872,3.2,3.5,2.8,3.17
27337,4.2,3.8,2.1,3.37
63629,2.5,2.2,3.8,2.83
15020,3.25,3.5,2.75,3.17
11433,3.5,3.8,2.2,3.17
14312,2.5,2.8,1.5,2.27
23294,3.25,3.5,2.75,3.17
69506,3.5,3.25,2.75,3.17
52750,2.5,3.0,2.75,2.75
39473,3.5,3.8,2.2,3.17
6341,2.8,3.1,2.5,2.8
18601,3.25,3.5,3.75,3.5
16173,2.5,2.0,1.5,2.0
7894,3.5,3.8,2.7,3.33
943,3.8,4.2,2.5,3.5
63375,2.8,3.2,2.1,2.7
32241,3.5,4.0,2.2,3.23
71892,2.5,3.0,3.2,2.9
12850,3.2,3.5,2.8,3.17
40588,2.8,3.1,2.5,2.8
13361,3.8,4.2,2.5,3.5
21332,3.2,3.0,2.5,2.9
47922,2.5,2.0,2.2,2.23
38788,4.2,4.0,2.5,3.57
64249,3.2,3.0,3.5,3.23
57919,3.5,3.8,2.2,3.17
36298,2.8,3.1,3.5,3.13
42925,3.5,3.8,3.2,3.5
11950,2.1,2.3,1.8,2.07
70101,3.5,2.8,2.2,2.83
55196,3.5,3.8,2.2,3.17
38351,2.5,2.3,2.0,2.27
21671,4.2,4.0,2.5,3.57
33666,2.5,2.2,2.8,2.5
2440,2.1,2.3,3.8,2.73
22639,3.2,2.8,2.1,2.7
28436,2.8,3.1,2.5,2.8
28777,3.2,3.5,2.8,3.17
39633,3.2,2.85,3.5,3.18
68283,2.5,3.0,3.75,3.08
19984,3.8,4.2,2.5,3.5
12285,2.8,3.1,3.5,3.13
70513,2.8,3.1,3.5,3.13
50871,2.5,2.2,3.8,2.83
50706,2.5,2.2,3.8,2.83
26448,3.2,3.5,2.8,3.17
52829,3.5,3.8,2.2,3.17
8229,3.5,3.2,2.8,3.17
43093,2.5,3.0,2.2,2.57
37399,2.5,3.0,1.8,2.43
68244,2.1,2.3,3.8,2.73
46463,3.8,3.9,2.5,3.4
41764,2.5,2.8,2.2,2.5
14065,2.5,2.8,3.2,2.83
15887,3.5,3.8,2.2,3.17
28772,2.1,2.3,3.8,2.73
35507,3.5,3.8,2.2,3.17
7792,3.2,3.5,2.1,2.93
9523,3.2,3.5,2.8,3.17
71526,2.5,2.2,3.8,2.83
52469,3.2,3.5,2.8,3.17
68356,3.5,3.8,2.2,3.17
62605,3.5,3.25,2.75,3.17
44818,3.2,3.5,3.8,3.5
2666,3.2,3.5,2.1,2.93
51647,3.5,3.8,2.2,3.17
62948,3.5,3.2,2.1,2.93
46016,2.5,2.0,1.5,2.0
62464,2.5,3.0,2.2,2.57
11289,3.5,3.8,2.2,3.17
35472,3.2,3.5,2.8,3.17
6166,3.5,3.8,2.7,3.33
72139,2.5,2.0,3.75,2.75
34007,2.5,3.0,1.5,2.33
41805,3.5,3.0,2.5,3.0
46072,2.1,2.35,3.8,2.75
61631,3.5,3.25,2.0,2.92
42158,3.2,3.5,3.8,3.5
33033,2.8,3.1,3.5,3.13
70397,2.5,2.3,2.0,2.27
43308,3.2,3.0,3.5,3.23
31516,2.5,2.8,1.7,2.33
35877,2.5,2.3,3.1,2.63
28136,4.2,3.8,2.1,3.37
22141,3.5,3.8,2.7,3.33
11714,2.8,3.1,3.5,3.13
31270,2.5,3.0,1.5,2.33
494,2.5,2.0,1.5,2.0
24706,3.2,3.5,2.1,2.93
1194,2.5,2.3,3.1,2.63
7161,2.5,2.2,3.8,2.83
63505,4.2,4.0,2.5,3.57
6145,2.8,3.1,2.5,2.8
2885,3.5,3.0,2.2,2.9
1391,2.5,2.0,1.5,2.0
6336,3.2,3.5,2.1,2.93
41291,2.1,2.3,4.5,2.97
45033,2.5,2.8,2.2,2.5
33907,2.5,2.0,1.5,2.0
60660,4.2,3.8,2.1,3.37
48583,2.5,3.0,2.2,2.57
25607,4.2,4.0,2.5,3.57
20765,2.5,3.0,3.2,2.9
16695,3.5,3.8,2.7,3.33
26583,2.8,3.1,3.5,3.13
53453,3.5,3.8,3.2,3.5
26158,3.2,3.0,2.5,2.9
27854,2.5,3.0,2.2,2.57
45364,2.5,2.8,3.1,2.8
63895,3.2,2.85,3.1,3.05
62234,2.5,2.8,2.2,2.5
58749,3.5,3.25,2.75,3.17
13728,3.5,3.25,2.0,2.92
60477,2.5,2.8,3.2,2.83
24730,2.8,3.1,2.5,2.8
9068,2.8,3.2,2.5,2.83
65869,3.5,3.75,3.25,3.5
62616,3.5,3.8,2.7,3.33
71136,3.5,3.2,1.8,2.83
33719,3.5,3.8,2.2,3.17
8982,3.5,3.8,2.7,3.33
65783,3.2,3.5,2.1,2.93
21736,3.5,3.8,2.7,3.33
21897,3.5,3.25,2.75,3.17
25870,3.5,3.8,2.2,3.17
49110,2.5,3.0,3.75,3.08
31217,3.5,3.8,2.7,3.33
7774,3.2,3.5,2.8,3.17
58815,3.5,3.2,3.8,3.5
56198,4.5,4.25,1.5,3.42
3399,2.5,2.8,2.2,2.5
49053,3.2,3.0,3.5,3.23
11870,2.5,3.0,1.8,2.43
56566,4.2,4.0,1.8,3.33
56386,2.8,3.1,2.3,2.73
33531,3.5,3.25,2.0,2.92
4754,2.5,2.0,1.5,2.0
47287,1.5,2.0,1.0,1.5
19523,3.2,2.8,3.5,3.17
47257,3.5,3.8,2.2,3.17
7639,2.5,3.0,2.2,2.57
7378,2.5,2.3,3.8,2.87
63486,2.8,3.1,3.5,3.13
8876,3.2,3.5,2.8,3.17
42685,3.2,3.0,2.5,2.9
45919,3.2,3.0,2.5,2.9
30622,2.5,2.8,3.1,2.8
2186,3.2,3.5,2.8,3.17
42563,4.2,4.5,2.1,3.6
12531,2.5,2.2,3.8,2.83
16055,2.5,2.0,1.5,2.0
7669,1.5,2.0,1.0,1.5
25599,2.5,2.8,2.2,2.5
49699,3.5,3.25,3.75,3.5
24694,2.5,3.0,1.5,2.33
11315,2.5,2.8,3.2,2.83
70941,3.2,3.5,2.8,3.17
41701,3.8,4.2,2.5,3.5
70175,3.5,4.0,2.2,3.23
70852,2.8,3.1,2.5,2.8
50534,3.2,2.8,2.5,2.83
23534,3.2,3.5,2.8,3.17
63210,2.5,3.0,2.2,2.57
18714,2.5,2.0,4.0,2.83
32828,4.5,4.2,1.8,3.5
57442,2.5,2.3,1.8,2.2
2199,2.1,2.3,3.5,2.63
62963,2.5,2.8,2.2,2.5
65727,3.5,3.8,2.2,3.17
9241,4.2,4.0,2.5,3.57
31678,2.1,2.5,3.0,2.53
13973,2.5,3.0,2.75,2.75
11440,3.5,3.8,2.2,3.17
19924,3.5,3.25,2.75,3.17
4875,2.5,2.8,3.2,2.83
5664,3.5,3.8,2.7,3.33
1948,3.25,3.0,3.5,3.25
61180,3.2,3.0,2.5,2.9
17449,3.5,3.8,2.7,3.33
69958,2.5,2.8,3.2,2.83
44847,1.0,1.5,1.25,1.25
66761,3.5,3.8,2.7,3.33
34371,3.8,3.9,2.5,3.4
14860,3.2,3.5,2.1,2.93
34910,2.5,2.8,3.1,2.8
56630,3.25,3.5,2.75,3.17
7577,3.5,3.2,2.0,2.9
36332,2.5,3.0,2.75,2.75
48714,2.5,2.0,3.0,2.5
1677,2.5,2.3,1.8,2.2
32552,3.5,3.8,2.7,3.33
71199,3.5,3.25,2.75,3.17
31579,2.5,3.0,2.75,2.75
19111,2.1,2.35,3.8,2.75
7211,2.5,2.0,2.75,2.42
8232,3.5,3.8,3.2,3.5
39055,2.5,2.3,3.1,2.63
62271,2.8,3.1,3.5,3.13
52204,3.25,3.5,3.75,3.5
42336,3.2,3.5,2.8,3.17
52941,3.2,3.5,2.8,3.17
31174,3.2,3.5,2.8,3.17
21767,2.8,3.1,3.5,3.13
70986,3.2,3.5,2.8,3.17
47188,3.2,3.5,2.8,3.17
55940,3.2,3.5,2.8,3.17
68684,4.2,4.0,2.5,3.57
5051,3.5,3.8,2.7,3.33
61977,3.5,3.8,2.2,3.17
3385,3.2,3.5,2.8,3.17
24975,3.5,3.25,2.75,3.17
54076,2.8,3.1,3.5,3.13
48894,4.2,3.8,2.1,3.37
6377,2.5,2.8,3.2,2.83
21847,3.5,3.8,2.2,3.17
35211,2.8,3.1,3.5,3.13
30470,2.5,2.2,3.8,2.83
58532,3.2,3.5,2.8,3.17
55576,2.8,3.1,3.5,3.13
2970,3.5,3.25,2.0,2.92
7127,3.2,3.5,2.8,3.17
22007,2.5,2.3,3.1,2.63
58204,2.8,3.2,2.1,2.7
10108,3.2,3.5,2.1,2.93
56472,3.2,3.5,2.8,3.17
47858,2.8,3.1,2.5,2.8
36080,3.8,4.0,2.5,3.43
66150,3.2,3.5,2.8,3.17
60923,3.5,3.2,2.1,2.93
4753,2.1,2.3,3.8,2.73
72182,2.5,3.0,1.8,2.43
22304,2.5,2.8,2.2,2.5
7702,3.5,3.8,2.2,3.17
3123,3.25,3.5,3.75,3.5
6337,3.5,3.8,2.2,3.17
50366,3.2,3.5,3.8,3.5
24826,3.5,3.2,2.8,3.17
5224,3.2,3.5,2.8,3.17
47406,3.2,3.5,2.8,3.17
16991,2.1,2.3,3.8,2.73
42928,3.5,3.8,2.2,3.17
19389,3.5,3.8,2.2,3.17
32218,2.5,2.0,1.5,2.0
59290,2.5,2.8,3.2,2.83
15204,2.5,2.8,2.2,2.5
9662,2.5,3.0,2.2,2.57
33220,3.5,3.8,2.7,3.33
31343,3.2,3.0,3.5,3.23
21325,3.5,3.8,3.2,3.5
52015,2.5,2.0,2.25,2.25
6840,3.5,3.75,2.25,3.17
15958,3.5,3.8,2.75,3.35
71706,2.5,2.0,2.25,2.25
5691,2.8,3.1,3.5,3.13
54347,2.5,3.0,2.2,2.57
70484,3.2,3.5,2.8,3.17
71294,3.2,3.5,2.8,3.17
6849,3.5,3.8,2.2,3.17
32503,3.5,3.25,2.75,3.17
39673,3.5,4.0,2.2,3.23
10760,3.5,3.25,3.0,3.25
9487,2.5,2.8,2.2,2.5
24068,3.2,3.5,2.8,3.17
9388,2.5,2.8,2.2,2.5
55917,3.5,3.8,2.75,3.35
14525,2.5,2.8,3.2,2.83
33447,2.8,3.1,3.5,3.13
27174,3.2,3.0,3.5,3.23
61979,3.25,3.5,2.75,3.17
17273,3.25,3.0,2.5,2.92
57655,3.5,3.25,2.75,3.17
10077,3.5,3.75,2.25,3.17
13192,2.5,2.3,3.1,2.63
35691,3.2,3.0,3.5,3.23
39138,3.5,3.8,1.5,2.93
58444,2.5,3.0,3.25,2.92
37896,3.25,3.5,3.75,3.5
9033,2.8,3.1,2.5,2.8
6835,3.5,3.8,2.7,3.33
37527,3.5,3.8,2.2,3.17
42736,3.2,3.5,2.8,3.17
68166,3.5,3.8,2.2,3.17
35232,2.1,2.3,1.5,1.97
33492,3.25,3.5,2.75,3.17
46164,2.5,2.3,3.8,2.87
35017,3.2,3.5,2.1,2.93
16805,3.5,3.2,2.8,3.17
64725,3.2,3.5,2.8,3.17
41793,3.2,2.8,2.5,2.83
62081,3.2,3.5,2.8,3.17
66993,3.8,4.0,3.2,3.67
48176,2.5,2.8,3.1,2.8
5305,3.2,3.5,2.8,3.17
60113,3.5,3.8,2.7,3.33
55494,2.5,2.8,3.1,2.8
25115,3.5,3.8,2.2,3.17
9907,3.5,3.8,2.2,3.17
39976,3.2,3.5,3.8,3.5
14935,2.8,3.1,2.5,2.8
62732,3.5,3.2,2.0,2.9
65818,3.5,3.8,2.2,3.17
1221,3.2,3.5,2.8,3.17
29723,2.5,3.0,2.2,2.57
11323,2.5,2.2,3.0,2.57
31261,4.2,4.0,2.5,3.57
27515,3.2,3.5,2.1,2.93
17034,3.6,3.8,2.9,3.43
7666,2.5,2.8,2.2,2.5
32892,2.5,3.0,2.2,2.57
21494,2.1,2.3,3.8,2.73
68571,3.5,3.25,3.0,3.25
35024,3.8,4.2,2.5,3.5
20856,3.5,3.8,2.7,3.33
58406,3.25,3.0,3.75,3.33
15021,3.25,3.5,2.75,3.17
46226,3.8,3.9,2.5,3.4
69245,3.2,3.5,2.1,2.93
70236,2.8,3.1,2.2,2.7
32637,3.5,3.25,2.75,3.17
49206,3.2,3.5,2.8,3.17
50505,3.5,3.8,2.2,3.17
68933,2.5,2.8,3.1,2.8
42013,2.5,3.0,1.8,2.43
56629,3.5,3.25,2.75,3.17
12046,3.2,3.5,2.1,2.93
38669,3.2,3.5,2.1,2.93
53208,3.5,3.8,3.2,3.5
21132,2.5,2.8,1.9,2.4
50075,3.8,4.2,2.5,3.5
68693,2.5,2.0,1.5,2.0
38850,2.5,3.0,1.8,2.43
20605,3.5,3.8,2.2,3.17
1358,3.2,3.5,2.1,2.93
16796,2.1,2.3,3.8,2.73
32213,2.5,2.3,3.1,2.63
23806,3.8,4.2,2.5,3.5
22815,2.5,3.0,1.5,2.33
37218,3.2,3.5,2.8,3.17
8931,3.5,3.8,2.2,3.17
46672,3.2,3.5,2.1,2.93
57756,2.5,2.8,3.1,2.8
58279,3.2,3.5,2.8,3.17
45795,2.5,2.0,1.5,2.0
27770,3.5,3.25,2.75,3.17
53711,3.2,3.5,2.8,3.17
28886,2.5,3.0,3.25,2.92
29879,3.5,3.8,2.7,3.33
25932,3.5,3.8,2.2,3.17
16432,3.2,2.8,3.5,3.17
13297,2.1,2.3,1.5,1.97
36169,2.5,3.0,2.1,2.53
47795,2.5,2.8,2.2,2.5
46385,3.2,3.5,2.8,3.17
65444,2.8,3.1,2.2,2.7
42598,3.8,4.2,2.5,3.5
20364,3.5,3.25,2.75,3.17
13639,3.2,3.5,2.8,3.17
34127,2.5,3.0,3.2,2.9
10228,3.5,3.8,2.7,3.33
38415,2.5,3.0,3.75,3.08
15880,3.5,3.8,2.2,3.17
29701,2.5,3.0,2.2,2.57
64406,2.8,3.2,2.1,2.7
53803,2.5,2.8,3.2,2.83
51280,3.25,3.5,2.75,3.17
49598,4.2,4.0,2.5,3.57
41846,3.5,3.8,3.2,3.5
23408,3.2,3.0,2.5,2.9
1650,3.25,3.5,3.75,3.5
11695,2.5,2.2,3.8,2.83
71082,3.5,3.75,2.25,3.17
21543,3.5,3.8,2.7,3.33
52139,3.2,3.5,2.8,3.17
29536,3.5,3.2,2.0,2.9
15472,2.5,3.0,2.2,2.57
8977,3.5,3.25,2.75,3.17
65689,3.8,3.5,2.2,3.17
17740,2.5,3.0,3.75,3.08
30579,3.2,3.5,2.8,3.17
61842,3.2,3.5,2.8,3.17
36465,3.5,3.8,2.2,3.17
41246,2.8,3.1,3.5,3.13
42470,2.5,2.8,2.2,2.5
69033,3.2,3.5,2.1,2.93
53744,3.8,4.0,2.5,3.43
69724,3.2,3.0,3.5,3.23
16118,3.5,3.75,2.25,3.17
5238,2.5,2.0,1.5,2.0
46046,3.2,3.5,2.8,3.17
35814,3.5,3.8,2.2,3.17
2250,3.2,3.5,2.8,3.17
34758,2.8,3.1,2.5,2.8
68410,1.0,2.0,1.0,1.33
35400,3.2,3.5,2.8,3.17
3466,3.5,3.0,2.2,2.9
22601,3.2,3.5,2.8,3.17
70894,2.1,2.3,4.5,2.97
12969,2.8,3.15,3.5,3.15
27648,3.5,3.25,2.75,3.17
7262,2.5,2.3,3.1,2.63
40857,2.5,3.0,2.2,2.57
27654,3.5,3.25,2.75,3.17
25155,2.5,2.3,3.8,2.87
65262,2.8,3.1,3.5,3.13
27991,3.5,3.8,2.2,3.17
47324,3.5,3.25,2.75,3.17
14106,2.5,3.0,1.8,2.43
2016,3.5,3.8,2.2,3.17
59729,2.8,3.1,2.5,2.8
56127,3.2,3.5,2.8,3.17
54194,3.2,3.0,3.5,3.23
1648,2.1,2.3,3.5,2.63
70811,2.8,3.1,3.5,3.13
54233,3.5,3.25,2.75,3.17
33018,2.5,2.0,1.5,2.0
63331,3.5,3.8,2.7,3.33
45877,3.5,3.8,2.2,3.17
37525,3.25,3.5,2.75,3.17
60004,3.2,3.5,3.0,3.23
48940,3.5,3.8,2.2,3.17
25236,3.5,3.0,2.0,2.83
46641,3.5,3.8,2.2,3.17
69621,3.2,3.5,2.1,2.93
65505,2.8,2.5,3.1,2.8
35789,4.2,4.0,2.1,3.43
64029,2.5,3.0,1.8,2.43
8703,2.5,3.0,2.2,2.57
37834,3.5,3.25,2.75,3.17
45507,3.5,4.0,2.5,3.33
55489,3.25,3.5,2.75,3.17
67165,3.5,3.25,2.0,2.92
41491,2.5,2.8,3.1,2.8
7039,2.5,3.0,3.2,2.9
6816,4.2,4.0,2.5,3.57
25816,2.5,2.2,3.0,2.57
41592,2.5,2.8,3.2,2.83
29970,3.2,3.5,2.8,3.17
15290,3.2,3.5,2.8,3.17
36285,2.5,2.0,1.5,2.0
66345,3.2,3.5,2.1,2.93
57273,3.25,3.5,2.75,3.17
1229,2.8,3.1,2.5,2.8
43291,3.5,3.8,2.2,3.17
47761,3.8,4.0,2.2,3.33
44251,3.5,3.25,3.75,3.5
62828,3.5,3.8,2.7,3.33
47777,3.8,3.9,2.5,3.4
54812,2.5,3.0,1.5,2.33
50963,3.2,3.5,2.1,2.93
19908,3.5,3.8,2.7,3.33
1805,3.2,3.5,2.1,2.93
60048,3.2,3.5,2.1,2.93
39822,3.8,4.2,2.1,3.37
21675,2.8,3.1,3.5,3.13
21281,3.5,3.8,3.2,3.5
24209,2.5,3.0,1.8,2.43
63349,2.5,2.8,2.2,2.5
22981,3.2,3.0,3.5,3.23
18442,3.2,3.5,2.8,3.17
12849,3.2,3.5,2.8,3.17
38146,3.5,3.8,2.7,3.33
15253,3.2,3.5,2.8,3.17
8323,4.2,4.0,2.1,3.43
38958,3.2,3.8,2.1,3.03
23560,3.2,3.5,2.8,3.17
64310,2.5,2.3,3.8,2.87
768,3.5,3.2,2.8,3.17
19935,2.8,3.1,3.5,3.13
9909,3.2,3.5,2.8,3.17
49274,3.2,3.0,2.5,2.9
27247,2.5,3.0,2.2,2.57
31358,2.8,3.1,2.5,2.8
58100,2.5,2.2,3.8,2.83
9312,2.5,2.8,2.2,2.5
14476,2.8,3.1,2.5,2.8
15820,3.5,3.8,2.2,3.17
35852,3.5,4.0,2.75,3.42
46818,3.2,2.8,3.5,3.17
36459,2.5,3.0,2.2,2.57
46548,2.5,3.0,1.8,2.43
31858,2.5,3.0,2.0,2.5
66514,2.1,2.3,1.8,2.07
28522,2.1,2.3,1.5,1.97
44424,4.2,4.0,2.5,3.57
40403,3.8,4.0,2.5,3.43
69921,1.5,2.0,1.2,1.57
10823,3.5,3.8,2.7,3.33
61950,2.5,2.0,1.5,2.0
56378,3.2,3.5,2.8,3.17
51136,2.5,2.8,2.2,2.5
71107,2.5,2.2,3.8,2.83
44609,2.5,2.3,3.8,2.87
61646,2.5,2.8,3.1,2.8
37892,3.5,3.25,2.75,3.17
17554,2.5,2.8,2.2,2.5
9176,3.2,3.5,2.8,3.17
20049,3.2,3.5,2.1,2.93
19956,2.5,3.0,1.5,2.33
47474,2.5,2.0,1.5,2.0
70342,3.5,3.25,2.0,2.92
48500,3.2,3.5,3.8,3.5
60121,3.2,3.5,2.1,2.93
71557,2.5,3.0,1.5,2.33
17100,3.5,3.8,2.7,3.33
47232,2.5,3.0,2.75,2.75
61517,3.8,4.2,2.5,3.5
16752,2.5,2.0,2.2,2.23
61897,2.5,3.0,1.5,2.33
29175,3.5,3.25,2.75,3.17
6720,3.25,3.5,2.75,3.17
71123,2.5,2.2,3.8,2.83
68063,3.8,4.2,2.5,3.5
33022,3.2,3.5,2.8,3.17
67899,1.8,2.1,1.5,1.8
37317,3.2,3.5,2.8,3.17
27703,2.5,2.0,1.5,2.0
35509,3.5,3.8,2.2,3.17
53285,2.5,2.3,3.1,2.63
4222,2.1,2.3,4.2,2.87
4781,3.2,3.5,2.8,3.17
50208,2.5,2.0,3.5,2.67
41383,3.5,3.25,2.0,2.92
71491,3.2,3.5,3.0,3.23
21634,1.5,1.0,1.0,1.17
2847,3.5,3.8,2.2,3.17
36806,2.8,3.1,2.5,2.8
19651,3.5,3.8,2.2,3.17
50784,1.8,1.5,3.2,2.17
5018,3.5,3.8,2.2,3.17
55012,3.2,3.5,2.1,2.93
55946,3.2,3.5,2.8,3.17
36720,2.5,3.0,2.2,2.57
12609,2.5,3.0,1.5,2.33
951,3.5,3.8,2.2,3.17
68683,3.5,3.8,2.2,3.17
67993,2.1,2.3,1.8,2.07
32238,3.25,3.5,3.75,3.5
55704,3.2,3.5,2.8,3.17
25934,3.6,3.8,2.5,3.3
13275,2.1,2.3,3.5,2.63
59315,2.5,2.8,1.5,2.27
41529,2.5,3.0,2.75,2.75
27992,3.5,3.8,2.2,3.17
34842,2.5,2.3,3.1,2.63
11333,3.5,3.8,2.7,3.33
32632,4.2,3.8,2.5,3.5
63962,2.5,3.0,2.2,2.57
62385,2.5,2.8,2.2,2.5
30230,2.5,2.0,1.5,2.0
30748,3.2,3.5,2.8,3.17
28806,2.5,3.0,2.2,2.57
7572,3.2,3.5,2.1,2.93
42645,3.2,3.5,2.8,3.17
66610,2.8,3.1,2.5,2.8
5611,2.5,2.8,3.2,2.83
71022,3.2,3.0,2.5,2.9
16573,3.5,3.8,2.2,3.17
70222,3.5,3.8,2.2,3.17
25268,3.2,3.5,2.8,3.17
18971,3.5,3.8,2.2,3.17
30066,2.8,3.1,2.2,2.7
59185,2.5,2.8,1.9,2.4
7822,2.5,3.0,2.2,2.57
61160,3.5,3.8,2.2,3.17
64528,3.2,3.5,2.8,3.17
31434,2.8,3.2,2.5,2.83
28041,3.2,3.5,2.8,3.17
58202,3.5,3.8,2.2,3.17
37694,3.25,3.5,3.75,3.5
71115,2.5,2.3,3.8,2.87
52723,3.5,3.25,2.75,3.17
15992,3.2,3.5,2.8,3.17
22687,2.8,3.1,2.5,2.8
3937,3.2,3.5,2.1,2.93
24178,3.2,3.5,2.8,3.17
64411,3.2,3.5,2.8,3.17
37082,3.5,3.25,2.75,3.17
59004,3.5,3.25,2.75,3.17
4214,3.5,3.25,2.1,2.95
60191,2.5,2.8,3.2,2.83
44232,3.2,3.5,2.8,3.17
67183,2.1,2.3,1.5,1.97
9745,3.8,4.2,2.5,3.5
6420,3.2,3.5,2.8,3.17
13755,3.5,3.75,2.25,3.17
44155,2.5,3.0,2.1,2.53
6225,3.5,3.8,2.7,3.33
9837,4.2,4.0,3.5,3.9
14388,3.5,3.0,2.0,2.83
30758,3.5,3.8,2.2,3.17
56953,3.25,2.8,2.5,2.85
43598,3.5,3.8,2.2,3.17
36831,3.5,3.8,2.7,3.33
19063,2.5,2.3,3.8,2.87
61577,2.5,2.0,1.5,2.0
66183,3.25,3.5,3.0,3.25
44721,3.8,3.9,2.5,3.4
8468,3.2,3.5,2.8,3.17
47600,2.5,2.3,3.1,2.63
9058,3.2,3.5,2.8,3.17
21738,2.5,2.3,3.1,2.63
22983,2.8,3.1,3.5,3.13
67686,3.2,3.5,2.1,2.93
64987,2.5,3.0,2.2,2.57
23480,3.5,3.8,2.2,3.17
65256,3.5,3.25,2.75,3.17
71142,3.2,3.0,2.5,2.9
26680,2.5,2.0,3.0,2.5
12182,3.5,3.25,2.0,2.92
40302,3.5,3.25,2.0,2.92
13356,3.2,3.5,2.8,3.17
34097,3.2,2.8,3.5,3.17
56636,3.2,3.0,2.5,2.9
23375,3.5,3.8,2.2,3.17
28356,2.8,3.1,2.5,2.8
71740,3.2,3.5,2.8,3.17
64371,2.5,2.2,3.0,2.57
40796,2.5,2.8,1.7,2.33
43498,3.2,3.5,2.8,3.17
36433,3.5,3.8,3.2,3.5
51967,3.5,3.8,2.2,3.17
18284,2.8,3.1,3.5,3.13
55035,3.2,3.5,2.1,2.93
12019,2.5,2.0,1.5,2.0
8548,3.5,3.25,2.75,3.17
34843,2.5,2.8,3.2,2.83
42451,2.5,3.0,1.5,2.33
49207,3.5,3.8,2.2,3.17
39639,2.8,3.2,2.5,2.83
22,2.5,3.0,2.75,2.75
67391,3.5,3.2,2.1,2.93
71727,3.2,3.5,2.8,3.17
48765,2.5,2.0,1.5,2.0
7960,3.5,3.8,2.2,3.17
33401,2.1,2.3,3.5,2.63
33046,3.5,3.25,2.75,3.17
21020,2.5,2.3,3.1,2.63
65297,3.5,3.8,2.2,3.17
69010,3.8,3.9,2.5,3.4
27327,3.2,3.5,2.8,3.17
8618,3.5,3.25,2.0,2.92
64856,2.1,2.3,3.5,2.63
55601,1.0,1.0,1.0,1.0
8357,3.2,3.5,2.1,2.93
29112,3.5,3.8,2.2,3.17
11824,2.5,2.3,1.8,2.2
7595,2.5,2.0,1.5,2.0
13298,2.5,3.0,2.0,2.5
20983,3.5,3.8,2.2,3.17
66339,4.2,4.0,2.5,3.57
47823,2.5,3.0,1.5,2.33
61534,3.2,3.5,2.8,3.17
24364,2.5,2.8,3.1,2.8
66543,3.2,3.5,2.8,3.17
24855,2.8,3.1,3.5,3.13
52834,3.2,3.5,2.8,3.17
25087,3.2,3.5,2.8,3.17
54822,3.6,3.8,3.2,3.53
23887,3.5,3.8,2.7,3.33
28021,3.2,3.5,3.0,3.23
53087,2.5,3.0,1.8,2.43
37231,3.5,3.25,2.75,3.17
44027,3.5,3.8,2.2,3.17
11322,3.5,3.25,2.0,2.92
67029,3.5,3.8,2.7,3.33
61563,3.5,3.25,2.0,2.92
60712,3.2,3.5,2.8,3.17
55123,3.2,3.0,2.5,2.9
10596,3.5,3.2,2.0,2.9
41448,3.2,3.5,2.8,3.17
9657,3.2,3.5,3.0,3.23
69051,2.8,3.1,2.5,2.8
21694,3.2,3.5,2.8,3.17
49666,3.2,3.0,2.5,2.9
62854,2.8,3.1,2.5,2.8
1057,2.5,2.0,1.5,2.0
25005,2.5,2.0,1.5,2.0
26869,3.2,3.5,2.8,3.17
50161,3.2,3.5,2.1,2.93
63123,3.5,3.8,2.7,3.33
30387,3.2,3.5,2.8,3.17
57153,3.2,3.5,2.1,2.93
56940,2.5,2.3,3.8,2.87
52488,2.8,3.1,3.5,3.13
28461,2.1,2.3,3.5,2.63
38171,2.5,2.8,2.2,2.5
35085,2.5,2.3,3.1,2.63
66200,3.5,3.25,2.0,2.92
33336,4.2,4.0,2.5,3.57
70931,3.5,3.75,2.8,3.35
7593,3.8,4.0,2.5,3.43
24650,3.2,3.5,2.8,3.17
40962,2.5,2.0,1.5,2.0
30169,2.5,2.3,3.1,2.63
54793,3.5,3.25,2.75,3.17
44486,1.5,1.0,1.2,1.23
64435,3.5,3.8,2.2,3.17
51171,2.5,3.0,1.5,2.33
36446,3.2,3.5,2.1,2.93
4862,2.5,2.2,3.1,2.6
1686,3.2,3.5,3.8,3.5
10497,3.2,3.5,2.8,3.17
43906,2.5,2.2,3.8,2.83
53824,3.6,3.85,2.9,3.45
65654,3.2,3.5,2.8,3.17
65405,3.2,3.5,2.8,3.17
34949,2.5,2.3,3.1,2.63
47156,2.1,2.3,3.8,2.73
52832,2.5,2.8,3.1,2.8
49191,2.5,3.0,2.0,2.5
50213,3.2,3.5,2.8,3.17
28958,3.2,3.5,2.8,3.17
29948,2.8,3.1,3.5,3.13
55282,4.2,4.0,2.5,3.57
8950,2.8,3.2,3.5,3.17
41939,4.2,3.8,2.1,3.37
14273,3.2,3.5,2.8,3.17
32535,3.25,3.5,2.75,3.17
28539,3.5,3.25,3.75,3.5
52303,3.2,3.5,2.8,3.17
31791,2.8,3.1,3.5,3.13
71913,2.8,3.1,2.2,2.7
28574,4.2,3.8,2.1,3.37
27516,4.2,4.0,2.5,3.57
53397,3.2,3.5,2.8,3.17
57047,3.2,3.5,2.8,3.17
6888,2.5,3.0,2.2,2.57
5308,3.5,3.25,2.75,3.17
29967,2.5,2.0,1.5,2.0
22718,2.1,2.3,4.5,2.97
20070,3.5,3.2,1.8,2.83
4428,2.5,2.3,3.7,2.83
60576,2.5,3.0,2.2,2.57
26105,3.5,3.8,2.2,3.17
13801,4.5,4.2,2.1,3.6
63146,3.5,4.0,2.75,3.42
66556,3.2,3.5,2.8,3.17
6296,3.2,3.5,2.8,3.17
63457,3.8,4.0,2.5,3.43
49586,2.5,2.3,3.8,2.87
36877,2.8,3.1,3.5,3.13
53707,3.2,3.5,2.8,3.17
72133,2.5,3.0,2.2,2.57
5501,3.5,3.8,2.2,3.17
19345,2.5,3.0,1.5,2.33
8795,2.5,2.8,3.2,2.83
11676,3.25,3.5,2.75,3.17
53345,3.2,3.0,2.5,2.9
71864,3.5,3.25,2.75,3.17
29766,3.25,3.5,2.75,3.17
27372,2.5,2.8,3.2,2.83
37828,3.25,3.5,2.75,3.17
36923,3.5,3.8,2.2,3.17
35862,3.5,3.8,2.2,3.17
58729,3.8,4.2,2.5,3.5
12327,3.2,3.5,2.8,3.17
48521,2.5,3.0,2.2,2.57
56841,2.5,3.0,3.2,2.9
47810,3.5,3.8,2.2,3.17
9717,3.5,3.8,2.7,3.33
22811,3.2,3.5,2.8,3.17
32980,3.2,3.5,3.8,3.5
58058,3.2,3.5,2.8,3.17
69604,1.5,1.2,1.0,1.23
24919,3.2,3.5,2.1,2.93
55444,2.1,2.3,3.5,2.63
45426,2.5,3.0,2.2,2.57
52147,3.5,4.0,2.2,3.23
61844,2.5,2.8,2.2,2.5
4156,2.5,3.0,2.1,2.53
54460,3.2,3.5,2.8,3.17
33972,2.5,2.8,1.5,2.27
71750,2.5,2.8,2.2,2.5
30049,3.2,3.5,2.8,3.17
65799,2.5,3.0,1.8,2.43
833,3.6,3.8,2.9,3.43
65497,2.8,3.1,2.5,2.8
53501,2.1,2.0,1.5,1.87
67771,4.5,4.25,2.75,3.83
46936,3.5,3.8,2.2,3.17
22237,3.2,3.5,2.8,3.17
29656,3.2,3.5,2.8,3.17
16536,2.5,2.8,3.2,2.83
41236,2.5,2.0,1.5,2.0
18551,3.2,3.5,2.8,3.17
59002,2.5,2.8,2.2,2.5
69066,3.5,3.8,2.2,3.17
57969,2.5,2.3,3.1,2.63
63341,2.1,2.3,2.0,2.13
46985,2.5,3.0,3.5,3.0
60404,3.2,3.5,2.8,3.17
22388,3.5,3.8,2.7,3.33
54944,3.5,3.8,2.2,3.17
32498,3.65,3.8,2.9,3.45
53264,2.5,2.8,2.2,2.5
15993,3.2,3.5,2.8,3.17
24910,2.5,3.0,1.5,2.33
9918,2.8,3.2,2.5,2.83
24980,3.2,3.5,2.8,3.17
59220,2.8,2.5,3.7,3.0
6745,3.5,3.25,2.0,2.92
30489,3.2,3.5,2.1,2.93
37946,3.5,3.8,2.2,3.17
62043,3.2,3.5,2.8,3.17
68501,2.5,3.0,2.2,2.57
32228,3.5,3.8,2.7,3.33
34797,3.8,3.5,2.75,3.35
27480,3.2,3.5,2.8,3.17
48687,3.8,3.9,2.5,3.4
29671,4.2,3.8,2.1,3.37
40765,4.2,4.0,2.5,3.57
66179,2.8,3.1,3.5,3.13
1788,3.2,3.5,2.1,2.93
41221,4.2,4.0,2.5,3.57
13587,2.5,3.0,2.0,2.5
67135,4.2,4.0,2.5,3.57
51895,2.5,2.3,3.8,2.87
48556,3.2,2.8,3.5,3.17
4834,3.5,3.2,2.1,2.93
9379,3.5,3.2,1.8,2.83
14779,3.2,3.5,2.8,3.17
8478,4.2,3.8,2.5,3.5
86,2.1,2.3,3.5,2.63
23094,3.25,3.5,2.75,3.17
4319,3.8,4.0,3.2,3.67
18022,2.1,2.3,1.5,1.97
67201,4.2,4.0,2.5,3.57
55006,3.5,3.8,2.2,3.17
35414,3.2,3.5,2.8,3.17
45096,3.8,3.5,2.2,3.17
71263,2.5,3.0,1.5,2.33
37471,3.5,3.8,2.7,3.33
13611,2.5,2.0,1.5,2.0
8326,3.5,3.25,2.0,2.92
6637,2.5,3.0,2.2,2.57
20139,3.5,3.8,2.2,3.17
19184,3.5,3.8,2.2,3.17
23448,2.8,3.1,2.5,2.8
32943,2.5,2.3,2.7,2.5
37212,3.2,3.5,3.0,3.23
47651,3.25,3.5,2.75,3.17
4037,2.8,2.5,3.7,3.0
19609,3.5,3.0,2.2,2.9
31108,3.2,2.8,2.5,2.83
66895,3.25,3.5,2.75,3.17
57360,3.5,3.25,2.75,3.17
22174,2.5,2.0,2.25,2.25
61478,3.5,3.25,2.75,3.17
15402,2.5,3.0,2.0,2.5
4237,2.5,2.3,3.8,2.87
32306,3.2,3.5,2.8,3.17
51679,2.5,2.3,2.7,2.5
21949,3.2,3.0,2.5,2.9
70483,2.5,3.0,2.1,2.53
51900,2.5,2.8,1.9,2.4
13876,2.8,3.1,3.5,3.13
10282,3.5,3.25,2.0,2.92
72141,3.5,3.25,3.75,3.5
28328,3.5,3.8,2.2,3.17
24050,2.5,3.0,1.5,2.33
60297,2.5,3.0,2.0,2.5
61125,2.5,2.3,1.8,2.2
2140,3.2,3.5,3.0,3.23
48067,2.5,2.2,3.8,2.83
60502,3.5,3.25,2.75,3.17
20695,3.5,3.8,2.7,3.33
42509,3.2,3.5,2.8,3.17
61863,3.8,4.2,2.5,3.5
60449,3.5,3.8,2.2,3.17
61529,2.1,2.3,2.0,2.13
15906,2.8,3.1,2.5,2.8
1865,4.2,3.8,2.1,3.37
71357,2.5,2.8,3.1,2.8
38821,3.5,3.25,2.75,3.17
51827,3.2,3.5,2.1,2.93
38554,2.5,2.8,2.2,2.5
69120,3.5,3.25,2.0,2.92
38529,1.5,2.0,1.0,1.5
41667,2.5,2.8,3.2,2.83
35525,2.8,3.1,3.5,3.13
1028,4.2,4.0,2.5,3.57
12516,3.5,3.8,2.2,3.17
4537,2.5,2.8,3.1,2.8
23393,3.5,3.25,2.75,3.17
58328,2.8,3.1,2.5,2.8
34882,3.8,4.1,2.5,3.47
1093,2.5,2.8,3.2,2.83
31555,2.5,3.0,1.8,2.43
60027,3.5,3.25,2.75,3.17
65003,1.5,2.0,1.0,1.5
45191,3.5,3.8,2.7,3.33
22851,3.5,3.25,2.75,3.17
11173,3.5,3.25,3.75,3.5
54767,2.5,2.3,3.1,2.63
10246,3.2,3.5,3.0,3.23
51389,2.1,1.8,4.5,2.8
58505,3.5,3.8,2.2,3.17
2664,3.2,3.5,2.8,3.17
25156,2.5,3.0,1.5,2.33
55938,2.8,2.5,3.1,2.8
69845,3.5,3.8,2.2,3.17
33052,2.5,2.0,1.5,2.0
30815,3.5,3.8,2.7,3.33
1861,2.1,2.3,1.5,1.97
16883,3.5,3.25,3.75,3.5
35540,2.5,2.0,3.0,2.5
43369,3.25,3.0,3.5,3.25
48877,2.1,2.5,1.8,2.13
30427,3.5,3.8,2.7,3.33
21272,2.8,3.1,3.5,3.13
14367,2.5,2.2,3.8,2.83
64403,3.25,3.5,3.75,3.5
71046,1.5,2.0,1.0,1.5
29925,4.2,4.0,2.5,3.57
2947,3.2,3.5,2.8,3.17
40272,3.2,3.5,3.0,3.23
58145,3.25,3.0,3.75,3.33
44460,3.2,3.5,2.8,3.17
49353,2.5,3.0,2.2,2.57
44711,2.8,3.1,3.5,3.13
3263,2.5,3.0,3.75,3.08
38819,3.2,3.5,2.8,3.17
68574,3.2,3.5,2.8,3.17
55471,2.5,2.0,2.2,2.23
18934,3.5,3.8,2.2,3.17
32948,4.2,3.8,2.1,3.37
42548,3.2,3.5,2.8,3.17
34015,2.5,3.0,1.5,2.33
59584,2.5,3.0,3.2,2.9
22721,3.25,3.5,2.75,3.17
21124,3.5,3.8,2.2,3.17
63585,3.2,3.0,2.5,2.9
68845,2.5,2.0,1.5,2.0
11265,2.5,3.0,1.5,2.33
25296,2.5,3.0,2.0,2.5
25039,2.5,2.2,3.0,2.57
58104,3.5,3.25,2.75,3.17
18768,2.8,3.1,3.5,3.13
24160,3.5,3.8,2.2,3.17
58537,2.8,3.1,2.5,2.8
69509,3.2,3.5,2.8,3.17
48939,2.8,3.1,2.5,2.8
43454,3.2,3.5,3.0,3.23
21422,3.5,3.8,2.2,3.17
7007,2.5,3.0,1.5,2.33
34488,3.5,3.25,2.75,3.17
57048,3.2,3.5,2.8,3.17
71530,2.8,2.5,3.1,2.8
62288,3.2,3.0,2.1,2.77
12491,2.5,2.8,2.2,2.5
35008,3.2,3.5,2.8,3.17
67780,2.8,3.1,2.5,2.8
52286,3.25,3.5,2.75,3.17
27121,3.2,3.5,2.1,2.93
6095,3.5,3.25,2.0,2.92
45433,3.5,3.75,2.25,3.17
51140,3.2,3.5,2.8,3.17
13218,2.8,3.1,3.5,3.13
70024,2.5,3.0,4.2,3.23
13180,2.5,3.0,2.2,2.57
5380,3.2,3.5,2.8,3.17
17278,3.5,3.8,2.2,3.17
53204,3.2,3.5,2.8,3.17
65194,3.5,3.8,2.7,3.33
11301,3.5,4.0,2.75,3.42
13198,2.5,2.3,3.1,2.63
55657,2.5,2.2,3.8,2.83
17758,2.5,3.0,1.5,2.33
69143,3.2,3.5,2.8,3.17
39526,3.5,3.8,2.7,3.33
35328,2.5,3.0,2.2,2.57
8182,3.5,4.0,2.75,3.42
46240,2.8,3.1,3.5,3.13
26893,2.1,2.0,1.5,1.87
41466,2.5,3.0,2.0,2.5
56464,3.25,3.5,2.75,3.17
20333,2.5,2.2,4.0,2.9
23803,3.5,3.75,2.8,3.35
56041,2.5,2.8,2.2,2.5
55393,2.5,2.3,3.1,2.63
51612,2.8,3.1,2.5,2.8
10619,2.5,3.0,1.8,2.43
30104,3.25,3.5,2.75,3.17
3797,3.5,3.8,2.7,3.33
53782,3.8,3.5,2.2,3.17
16751,2.5,3.0,2.2,2.57
53831,3.8,4.0,3.2,3.67
44461,3.2,3.5,2.8,3.17
28109,2.5,2.8,3.1,2.8
51120,3.5,3.25,2.75,3.17
49972,3.5,3.8,2.2,3.17
69752,3.5,3.25,3.75,3.5
19172,3.8,3.9,2.5,3.4
37846,4.2,3.8,2.5,3.5
64843,2.5,2.8,3.2,2.83
17053,3.25,3.5,3.0,3.25
43910,2.1,2.3,3.5,2.63
57554,3.2,3.0,2.5,2.9
5075,2.8,3.2,2.1,2.7
17876,3.8,4.2,2.5,3.5
2896,3.2,3.5,2.8,3.17
17644,3.25,3.5,2.75,3.17
61835,2.5,3.0,2.0,2.5
17143,3.2,3.5,2.8,3.17
43021,2.5,2.2,3.8,2.83
23347,2.5,2.8,2.2,2.5
7873,3.5,3.8,2.2,3.17
23413,2.5,2.8,2.2,2.5
61407,2.8,3.1,2.5,2.8
27629,3.2,3.5,2.8,3.17
64899,2.5,3.0,2.0,2.5
44647,2.5,2.8,1.9,2.4
23546,2.5,2.8,3.2,2.83
33937,3.5,4.0,2.2,3.23
56565,3.5,3.75,2.8,3.35
37246,3.5,3.2,2.1,2.93
29751,2.1,2.5,1.8,2.13
2081,3.2,3.0,3.5,3.23
12647,2.5,2.8,1.7,2.33
46291,3.5,3.25,2.75,3.17
42939,2.5,3.0,2.2,2.57
23944,3.8,3.5,2.2,3.17
55558,3.5,3.8,2.2,3.17
41866,3.5,3.8,2.2,3.17
3218,3.5,3.8,2.2,3.17
25730,3.5,3.8,2.2,3.17
10164,2.5,2.3,3.1,2.63
10847,3.2,3.5,2.8,3.17
54446,2.5,2.8,1.9,2.4
15975,2.5,3.0,2.2,2.57
17419,3.2,3.5,2.8,3.17
65138,2.5,3.0,2.2,2.57
47938,3.5,3.25,2.75,3.17
54287,2.5,2.0,1.5,2.0
4280,3.2,3.5,2.8,3.17
20015,3.5,3.8,2.2,3.17
16043,2.5,2.8,3.1,2.8
61516,3.2,3.5,2.8,3.17
43918,3.6,4.0,3.2,3.6
15024,2.85,3.1,3.5,3.15
71017,2.5,2.8,2.0,2.43
5785,2.5,3.0,2.2,2.57
16798,2.1,2.3,3.8,2.73
27128,3.5,3.8,2.2,3.17
52600,3.5,3.8,2.2,3.17
25505,2.8,3.2,2.5,2.83
69836,3.5,3.25,2.75,3.17
29791,3.5,3.8,2.7,3.33
27702,3.2,3.5,2.8,3.17
8149,3.2,3.0,2.5,2.9
13326,2.5,2.2,3.0,2.57
16673,2.8,3.2,2.1,2.7
7565,3.2,3.5,2.8,3.17
21797,3.5,3.8,2.2,3.17
67621,3.5,3.8,3.2,3.5
1265,2.5,2.3,2.0,2.27
6624,2.5,3.0,3.2,2.9
29452,3.5,3.8,2.2,3.17
34088,3.2,3.5,2.8,3.17
62904,2.5,2.0,1.5,2.0
54768,2.5,2.3,2.7,2.5
30851,2.5,2.8,3.1,2.8
38310,2.1,2.3,3.5,2.63
58845,3.2,3.5,2.8,3.17
17766,3.2,3.5,2.8,3.17
16364,3.5,3.8,2.2,3.17
66180,2.8,3.1,3.5,3.13
60110,3.2,2.8,1.5,2.5
13052,3.5,3.8,2.2,3.17
9414,3.5,3.2,2.1,2.93
66225,3.2,3.5,2.8,3.17
19247,3.2,3.8,2.5,3.17
53903,2.1,2.3,4.5,2.97
52823,3.5,3.8,2.7,3.33
71716,2.5,3.0,2.2,2.57
32017,4.2,4.0,2.5,3.57
33912,2.5,2.3,2.0,2.27
39105,2.5,3.0,2.0,2.5
5106,3.5,3.8,2.2,3.17
27973,2.5,2.8,2.2,2.5
67964,3.5,3.25,2.0,2.92
58473,3.25,3.5,2.75,3.17
1624,2.5,2.8,1.7,2.33
34853,2.5,2.8,3.1,2.8
638,3.8,3.9,2.5,3.4
32946,2.5,3.0,2.0,2.5
22354,2.1,2.3,3.5,2.63
17634,3.5,3.8,2.7,3.33
7853,2.5,2.2,2.8,2.5
36633,3.5,3.25,2.1,2.95
40308,3.2,3.0,2.5,2.9
28222,3.5,3.75,2.25,3.17
65167,3.5,3.8,2.2,3.17
35674,2.5,2.8,3.1,2.8
55666,3.5,3.25,2.75,3.17
66145,3.2,3.5,2.8,3.17
41717,2.5,3.0,1.5,2.33
62781,2.8,3.2,2.1,2.7
38022,3.5,3.25,2.75,3.17
52921,3.25,3.5,3.75,3.5
9175,2.8,3.1,3.5,3.13
62589,3.2,3.0,3.5,3.23
21259,2.8,3.1,2.2,2.7
17589,3.25,3.5,3.75,3.5
18856,3.25,3.5,2.75,3.17
71582,3.2,3.5,3.0,3.23
58048,3.2,3.5,2.8,3.17
13913,2.5,2.8,2.2,2.5
65730,2.8,3.1,3.5,3.13
20751,3.2,3.5,2.8,3.17
16965,3.5,3.8,3.2,3.5
3765,2.5,3.0,3.5,3.0
49000,2.5,3.0,2.0,2.5
4201,2.8,3.1,3.5,3.13
62954,2.5,2.8,1.7,2.33
47621,3.2,3.5,2.8,3.17
54864,3.5,3.8,2.2,3.17
70554,2.8,2.5,3.7,3.0
22255,2.5,2.2,4.0,2.9
50362,3.8,4.0,2.5,3.43
35298,1.0,1.0,1.0,1.0
70763,3.25,3.5,2.75,3.17
33979,2.5,2.2,3.8,2.83
50364,2.5,3.0,2.2,2.57
11910,2.1,2.3,3.5,2.63
66905,3.2,3.0,2.5,2.9
55286,2.8,3.1,2.5,2.8
68052,2.8,3.1,2.3,2.73
65352,2.5,3.0,2.2,2.57
58110,2.5,2.3,1.8,2.2
18724,2.5,2.2,3.8,2.83
42036,2.5,3.0,2.2,2.57
42410,2.5,3.0,2.2,2.57
17581,3.5,3.8,2.2,3.17
68551,3.2,3.5,2.1,2.93
37352,2.5,3.0,2.2,2.57
39287,3.5,3.2,1.8,2.83
13057,3.5,3.25,2.75,3.17
70211,3.5,3.25,2.75,3.17
27545,3.2,3.5,2.1,2.93
533,3.2,3.5,2.8,3.17
30953,2.5,2.8,2.2,2.5
69221,3.2,3.5,2.1,2.93
9924,3.8,4.2,2.5,3.5
67259,2.5,2.3,2.7,2.5
54836,3.8,4.0,2.5,3.43
44754,2.5,3.0,2.2,2.57
60704,3.5,3.25,3.75,3.5
59178,3.2,3.5,2.8,3.17
69907,2.5,2.2,4.1,2.93
57878,3.5,3.8,2.7,3.33
47371,3.2,3.5,2.8,3.17
25019,2.5,2.0,1.5,2.0
71572,3.5,3.2,2.8,3.17
67557,2.5,2.3,3.1,2.63
32659,2.5,3.0,1.8,2.43
44388,2.5,2.0,1.5,2.0
44645,2.5,2.3,2.7,2.5
5556,2.8,3.2,3.5,3.17
56388,2.5,2.3,1.8,2.2
50783,3.5,3.8,2.2,3.17
16379,2.5,2.3,1.8,2.2
3877,2.5,2.8,2.2,2.5
53786,4.2,3.8,2.5,3.5
58068,2.5,3.0,2.75,2.75
26625,3.5,3.25,2.75,3.17
4195,2.5,3.0,3.2,2.9
33156,2.5,2.8,3.7,3.0
53927,2.8,3.1,2.5,2.8
54737,2.5,3.0,2.0,2.5
52351,3.8,4.2,2.5,3.5
35622,3.5,3.75,2.8,3.35
19986,2.8,3.1,2.5,2.8
65384,2.5,3.0,2.2,2.57
64581,3.6,3.8,2.9,3.43
46941,3.5,3.25,2.0,2.92
50457,2.5,3.0,2.2,2.57
70035,2.5,3.0,3.2,2.9
10776,3.2,3.5,2.8,3.17
52531,3.5,3.0,2.0,2.83
20596,2.5,2.8,2.2,2.5
43523,2.1,2.3,1.8,2.07
66014,3.5,3.8,2.2,3.17
41144,3.2,3.5,2.8,3.17
66218,3.2,3.5,2.1,2.93
42908,3.5,3.2,2.1,2.93
67324,3.25,3.0,3.75,3.33
21156,2.5,3.0,2.2,2.57
15013,2.8,3.15,2.5,2.82
59676,3.2,3.5,2.1,2.93
42647,3.8,4.0,2.5,3.43
31420,3.2,3.5,3.8,3.5
26140,2.5,3.0,2.2,2.57
32201,3.5,3.2,2.1,2.93
857,2.8,3.1,2.2,2.7
13342,2.5,2.8,2.2,2.5
43606,2.5,2.8,3.2,2.83
24941,2.8,3.1,3.5,3.13
46451,2.5,2.0,2.25,2.25
71176,3.2,3.5,2.8,3.17
35228,2.8,3.1,3.5,3.13
36825,2.5,2.8,3.2,2.83
9464,3.2,3.5,2.8,3.17
25767,3.2,3.5,2.8,3.17
15283,1.5,2.0,1.0,1.5
40461,2.8,3.1,3.5,3.13
39519,3.8,4.0,2.5,3.43
7473,3.2,3.5,2.8,3.17
47870,3.8,4.0,2.5,3.43
39760,3.2,3.5,2.8,3.17
15904,3.5,3.8,2.2,3.17
66512,2.1,2.3,3.8,2.73
43066,3.5,3.8,2.2,3.17
397,3.2,3.5,2.8,3.17
3109,3.2,3.5,3.0,3.23
17936,2.8,3.1,3.5,3.13
68964,3.2,3.0,2.5,2.9
59284,2.5,3.0,2.2,2.57
53193,3.5,3.25,2.75,3.17
11164,2.5,3.0,1.5,2.33
16879,3.2,3.5,2.8,3.17
36834,2.5,2.0,1.5,2.0
37419,2.5,3.0,2.2,2.57
12378,2.5,2.3,3.8,2.87
46869,4.5,4.2,2.1,3.6
46348,2.5,2.8,3.2,2.83
1001,3.5,3.25,2.75,3.17
64532,2.5,2.2,3.8,2.83
16101,2.5,3.0,2.2,2.57
62268,3.2,3.0,2.5,2.9
49875,3.2,3.0,2.5,2.9
50864,3.2,3.5,2.8,3.17
52096,2.8,2.5,3.2,2.83
30325,2.8,3.1,3.5,3.13
43708,2.5,2.8,1.7,2.33
47211,3.25,3.5,3.75,3.5
23895,3.5,3.25,2.0,2.92
70155,3.2,3.5,2.8,3.17
54436,3.2,3.5,2.1,2.93
4029,2.5,2.2,1.8,2.17
32834,3.2,3.5,2.8,3.17
34279,3.8,4.0,2.5,3.43
71810,2.5,2.8,2.2,2.5
13624,3.5,3.8,2.7,3.33
934,3.2,3.5,2.1,2.93
9331,2.5,3.0,2.2,2.57
65729,3.2,3.5,2.8,3.17
40185,3.2,3.5,2.8,3.17
32267,2.5,3.0,2.2,2.57
47052,2.5,2.0,1.5,2.0
60699,2.8,3.1,3.5,3.13
50912,2.5,2.0,1.5,2.0
49581,2.5,2.3,3.8,2.87
41389,2.8,3.1,2.5,2.8
57424,2.5,2.8,3.2,2.83
53473,3.5,3.8,2.7,3.33
34275,3.5,3.8,2.7,3.33
57375,2.1,2.3,1.5,1.97
40057,2.5,2.8,3.1,2.8
7720,2.5,3.0,3.5,3.0
16526,3.2,3.5,2.8,3.17
60180,2.8,3.1,3.5,3.13
53608,2.8,3.1,1.9,2.6
24879,3.5,3.2,2.8,3.17
10131,2.5,2.8,2.2,2.5
32864,2.5,2.8,3.1,2.8
33741,2.8,3.1,3.5,3.13
64794,3.2,3.5,2.8,3.17
51837,3.2,3.5,2.1,2.93
62782,3.5,3.25,2.0,2.92
29547,3.2,3.0,2.5,2.9
46265,2.5,2.8,3.1,2.8
44575,3.2,3.5,2.8,3.17
34929,3.5,3.8,2.7,3.33
56484,3.5,3.8,2.2,3.17
17146,3.5,3.8,2.7,3.33
13046,3.25,3.5,2.75,3.17
2107,3.5,3.8,2.2,3.17
42697,3.2,3.0,2.5,2.9
19377,2.5,3.0,3.75,3.08
64259,3.5,3.25,2.1,2.95
57437,2.8,3.1,3.5,3.13
8570,3.2,3.0,3.5,3.23
57728,2.5,3.0,2.2,2.57
37214,3.5,3.25,2.75,3.17
17191,3.2,3.5,2.8,3.17
2699,3.5,3.25,2.75,3.17
50334,3.2,2.8,2.5,2.83
23176,2.5,2.3,3.1,2.63
22662,3.5,3.2,2.8,3.17
1809,3.5,3.25,2.0,2.92
66237,2.1,2.3,1.5,1.97
36168,3.25,3.5,2.75,3.17
24482,3.2,3.5,2.8,3.17
40338,3.5,3.25,2.75,3.17
64449,2.8,3.1,3.5,3.13
61630,3.8,4.2,2.5,3.5
68831,2.5,3.0,1.5,2.33
57433,2.5,3.0,2.2,2.57
32636,3.2,3.5,2.8,3.17
17254,3.2,3.5,2.8,3.17
60045,3.5,3.8,2.2,3.17
37554,2.5,3.0,2.1,2.53
13090,3.2,3.5,2.8,3.17
51811,3.2,3.5,2.1,2.93
8450,2.5,3.0,2.2,2.57
54477,2.1,2.5,1.8,2.13
48886,3.5,3.8,2.2,3.17
18244,2.5,2.8,2.2,2.5
61008,3.5,2.8,1.5,2.6
866,3.5,3.2,2.8,3.17
40359,2.8,3.1,2.5,2.8
53561,2.5,2.0,1.5,2.0
48916,3.2,3.5,2.8,3.17
43428,2.5,2.8,3.1,2.8
18986,3.2,3.5,2.8,3.17
4309,2.5,2.8,1.9,2.4
10260,3.2,3.5,2.1,2.93
9739,2.1,2.3,3.8,2.73
58699,2.5,3.0,3.2,2.9
13217,2.5,3.0,2.2,2.57
71820,2.5,2.8,2.2,2.5
38767,2.1,2.3,1.5,1.97
65369,3.8,3.9,2.5,3.4
4866,3.5,3.8,2.2,3.17
70558,3.5,3.8,2.2,3.17
68462,3.5,3.8,2.7,3.33
6161,2.5,2.0,1.5,2.0
21973,3.2,3.5,2.8,3.17
55808,2.1,2.3,4.5,2.97
48226,3.2,3.5,3.0,3.23
21732,3.5,3.8,2.7,3.33
58312,2.5,2.8,3.1,2.8
63828,2.5,2.8,1.5,2.27
18578,3.2,3.5,2.8,3.17
16956,3.5,3.25,2.75,3.17
7609,2.5,3.0,2.2,2.57
53496,3.2,3.5,3.8,3.5
49617,3.2,3.5,2.8,3.17
50004,3.5,3.8,2.7,3.33
6824,3.5,3.2,2.0,2.9
31530,2.5,3.0,2.2,2.57
43422,3.8,3.5,2.7,3.33
68143,2.1,2.3,1.8,2.07
35609,3.5,3.8,2.2,3.17
9721,3.5,3.8,2.2,3.17
687,3.5,3.8,2.2,3.17
55878,2.8,3.1,3.5,3.13
60370,2.5,2.8,3.2,2.83
70620,2.5,2.8,3.2,2.83
28332,2.5,2.8,2.2,2.5
36489,3.2,3.0,2.5,2.9
32958,3.2,3.5,2.8,3.17
29679,3.5,3.25,2.75,3.17
40075,2.5,2.0,1.5,2.0
63106,3.5,3.8,2.2,3.17
18908,2.5,2.8,1.9,2.4
19234,3.2,3.5,3.8,3.5
37449,3.8,3.9,2.2,3.3
49759,2.5,2.2,3.0,2.57
56352,2.5,2.3,3.1,2.63
59481,3.5,3.8,2.7,3.33
43955,4.2,4.0,2.5,3.57
29974,3.25,3.5,2.75,3.17
65640,3.2,3.0,2.5,2.9
69936,3.5,3.8,2.7,3.33
46272,3.5,3.25,2.0,2.92
9393,3.2,3.5,2.8,3.17
9263,3.8,4.2,2.5,3.5
57098,2.8,3.1,3.5,3.13
58734,3.5,3.8,2.2,3.17
46640,4.2,4.0,2.5,3.57
51772,3.8,3.5,2.2,3.17
24598,3.2,3.0,2.1,2.77
23490,3.8,4.0,2.5,3.43
2407,3.5,3.8,2.7,3.33
51210,3.5,3.25,2.0,2.92
57278,3.5,3.25,2.75,3.17
29453,2.5,3.0,2.2,2.57
55461,3.2,3.5,2.8,3.17
33129,3.2,3.5,2.1,2.93
54500,3.2,3.5,2.1,2.93
18865,4.2,4.0,2.5,3.57
57000,2.8,3.1,2.3,2.73
52997,2.5,3.0,1.8,2.43
22013,2.5,2.2,3.1,2.6
71211,3.2,2.85,3.5,3.18
45941,3.2,3.5,2.8,3.17
5599,2.8,3.1,3.5,3.13
52056,2.5,3.0,1.5,2.33
31565,2.8,3.2,2.5,2.83
57,2.5,2.0,1.5,2.0
17732,2.5,2.8,2.2,2.5
60268,2.8,3.1,3.5,3.13
33565,3.2,3.5,2.8,3.17
47208,3.5,3.25,2.75,3.17
41849,2.5,3.0,2.2,2.57
48508,3.2,3.0,3.5,3.23
47727,2.5,2.3,3.1,2.63
54175,3.2,3.5,3.8,3.5
56986,2.8,3.1,3.5,3.13
37736,2.8,2.5,3.1,2.8
54615,2.5,2.8,3.2,2.83
59448,3.2,3.5,2.8,3.17
65540,3.2,3.5,2.8,3.17
45377,3.5,3.8,2.7,3.33
29165,2.5,2.2,2.8,2.5
67870,3.5,3.8,2.2,3.17
800,2.5,3.0,2.2,2.57
38065,2.8,3.1,2.3,2.73
6334,3.2,3.5,2.8,3.17
10848,2.8,3.2,1.5,2.5
44621,2.5,3.0,2.2,2.57
17156,2.8,3.1,2.5,2.8
11665,2.1,2.3,3.8,2.73
35366,3.5,3.25,2.0,2.92
19743,2.1,2.3,4.5,2.97
13550,3.8,4.0,2.5,3.43
54362,3.5,3.2,2.1,2.93
13780,3.2,3.5,2.8,3.17
23424,3.6,4.0,2.8,3.47
9902,2.5,3.0,1.5,2.33
59589,2.8,3.1,2.5,2.8
61882,3.5,3.8,3.2,3.5
20858,2.5,2.3,3.8,2.87
29214,2.1,2.3,2.5,2.3
55205,3.25,3.5,3.75,3.5
26751,2.1,2.35,2.0,2.15
19819,2.1,2.3,3.8,2.73
69003,3.5,3.25,2.0,2.92
14130,2.8,3.1,3.5,3.13
55709,2.5,2.8,3.2,2.83
61808,3.2,3.5,2.8,3.17
8206,2.5,2.0,1.5,2.0
23697,3.5,3.8,2.7,3.33
59812,3.5,3.8,2.7,3.33
45860,3.5,3.25,2.75,3.17
12137,3.8,4.0,2.2,3.33
8094,2.5,3.0,2.2,2.57
63742,3.6,3.8,2.5,3.3
40060,3.5,3.2,1.8,2.83
1687,3.8,3.5,2.7,3.33
50655,2.8,3.1,2.3,2.73
67233,2.1,2.3,4.2,2.87
54692,3.5,3.8,2.2,3.17
58909,2.1,2.0,3.5,2.53
47182,3.2,3.5,2.8,3.17
67041,3.2,3.0,2.5,2.9
25038,2.5,2.3,3.8,2.87
59101,2.8,3.1,3.5,3.13
52819,3.2,3.5,2.1,2.93
47142,3.2,3.0,2.5,2.9
35908,3.5,3.25,2.75,3.17
25941,2.1,2.3,4.5,2.97
43870,3.5,3.8,2.7,3.33
61805,3.25,3.5,2.75,3.17
62584,3.2,3.5,2.1,2.93
62707,2.5,2.8,2.2,2.5
56106,3.8,4.0,2.5,3.43
71600,2.8,3.1,2.5,2.8
55903,3.2,3.5,2.8,3.17
54007,3.5,3.2,2.1,2.93
1312,3.5,3.8,2.2,3.17
35409,2.1,2.3,1.8,2.07
35816,3.2,3.5,2.8,3.17
9411,2.5,3.0,1.8,2.43
62044,2.5,3.0,3.75,3.08
55354,2.5,2.8,2.2,2.5
30849,3.5,3.2,2.8,3.17
46552,2.5,3.0,2.75,2.75
13594,2.1,2.3,3.5,2.63
1086,2.8,3.1,3.5,3.13
59182,3.2,3.5,2.8,3.17
26802,2.5,2.3,2.7,2.5
23641,3.5,3.8,2.7,3.33
50983,3.5,3.2,2.8,3.17
67289,2.1,2.3,1.8,2.07
61600,2.5,3.0,1.5,2.33
66747,3.5,3.8,2.2,3.17
6737,3.5,3.8,2.2,3.17
3945,3.2,3.5,2.1,2.93
648,3.5,3.25,2.75,3.17
25113,3.2,3.5,2.8,3.17
51849,3.5,3.25,2.75,3.17
69102,3.5,3.25,2.75,3.17
8940,2.5,2.8,2.2,2.5
863,2.5,2.0,3.75,2.75
34556,2.1,2.5,1.8,2.13
59902,3.8,4.0,2.5,3.43
48859,4.2,4.0,2.5,3.57
462,3.5,3.25,2.75,3.17
58839,4.2,4.0,2.5,3.57
49812,2.5,2.2,3.8,2.83
23213,3.2,3.5,3.8,3.5
61293,3.2,3.5,2.8,3.17
57949,3.5,3.8,2.2,3.17
23028,2.5,2.0,1.5,2.0
2968,3.5,3.2,3.8,3.5
39805,2.5,3.0,2.75,2.75
21987,2.5,2.3,3.1,2.63
55152,2.8,3.1,3.5,3.13
14989,3.5,3.8,2.7,3.33
22628,3.5,3.8,2.2,3.17
21740,2.5,2.8,3.1,2.8
58617,3.2,3.5,2.8,3.17
44062,3.5,3.0,1.5,2.67
17974,1.0,1.5,1.0,1.17
8437,4.2,4.0,2.5,3.57
1272,3.8,4.2,2.5,3.5
3847,3.5,3.2,3.8,3.5
28728,3.2,3.5,2.8,3.17
46836,2.8,3.2,2.0,2.67
2771,4.2,4.0,2.5,3.57
1869,3.5,3.8,2.2,3.17
20857,2.5,2.3,3.8,2.87
6958,2.5,2.2,3.8,2.83
65833,3.5,3.25,2.75,3.17
27075,3.2,3.5,2.8,3.17
10356,2.8,3.1,3.5,3.13
32170,3.5,3.25,2.75,3.17
40940,2.5,3.0,2.0,2.5
56960,3.2,3.5,2.8,3.17
20466,2.8,3.1,3.5,3.13
12679,3.2,3.0,2.5,2.9
20371,3.5,3.8,2.2,3.17
3158,2.5,3.0,3.2,2.9
49386,3.2,3.0,2.5,2.9
13375,3.5,3.8,2.2,3.17
61134,3.2,3.5,2.8,3.17
51305,3.2,3.5,2.8,3.17
50625,2.5,2.8,1.9,2.4
65645,3.2,3.5,2.8,3.17
53796,3.5,3.25,2.0,2.92
7388,3.2,3.5,2.1,2.93
42572,2.5,2.3,3.8,2.87
62153,3.2,3.5,3.8,3.5
47848,3.2,3.5,2.8,3.17
46429,2.5,3.0,2.0,2.5
33947,2.8,3.2,2.5,2.83
14881,3.2,3.5,2.8,3.17
61789,3.2,3.5,2.8,3.17
56818,2.1,2.5,1.8,2.13
31209,3.2,3.5,2.8,3.17
44792,2.8,3.1,3.5,3.13
24763,2.5,2.8,3.1,2.8
71155,2.5,3.0,1.8,2.43
44484,3.2,3.5,2.8,3.17
14552,3.2,3.5,2.8,3.17
61928,3.5,3.25,2.75,3.17
43499,2.5,2.0,1.5,2.0
2075,2.8,3.1,3.5,3.13
37644,3.2,3.5,2.8,3.17
45978,2.5,2.3,2.7,2.5
456,3.2,3.5,2.8,3.17
36833,2.5,2.8,1.5,2.27
16171,2.5,2.0,1.5,2.0
33381,3.2,3.5,2.8,3.17
24845,3.5,3.8,2.2,3.17
24305,3.8,3.9,2.5,3.4
53902,2.5,2.8,3.2,2.83
32261,3.2,3.5,2.8,3.17
32211,2.5,2.3,3.8,2.87
34125,2.5,2.8,3.1,2.8
29641,2.8,3.1,3.5,3.13
24665,3.5,3.25,2.75,3.17
59755,3.5,3.8,2.2,3.17
50792,2.1,2.3,3.5,2.63
45134,3.5,3.25,2.0,2.92
41493,2.1,2.3,3.5,2.63
47147,2.5,2.8,2.2,2.5
64395,3.2,3.5,2.8,3.17
59722,4.2,4.0,2.5,3.57
52949,2.1,2.3,1.8,2.07
1059,3.5,3.8,2.2,3.17
17691,2.1,2.3,2.0,2.13
54281,2.8,3.1,3.5,3.13
33170,3.5,3.8,2.2,3.17
39606,3.8,3.9,2.5,3.4
26108,2.8,3.1,3.5,3.13
52433,2.8,2.5,3.7,3.0
50509,3.5,3.8,3.2,3.5
51019,2.5,3.0,1.5,2.33
26326,2.5,3.0,2.2,2.57
12675,4.2,4.0,2.5,3.57
7019,2.5,3.0,1.5,2.33
31438,3.2,3.5,2.8,3.17
8285,2.5,2.2,3.0,2.57
62545,4.2,4.0,2.5,3.57
17607,3.5,3.8,2.7,3.33
35688,3.5,3.25,2.75,3.17
2717,3.6,3.8,2.5,3.3
45800,2.1,2.3,3.8,2.73
57892,3.2,3.5,2.1,2.93
28967,3.2,3.5,3.8,3.5
11631,3.2,3.5,2.1,2.93
44254,2.5,2.2,3.8,2.83
64275,3.8,4.0,2.5,3.43
60903,3.8,4.0,2.5,3.43
34995,2.5,2.8,2.2,2.5
44098,3.5,3.8,2.2,3.17
71064,2.5,2.3,1.8,2.2
43731,3.5,3.8,2.2,3.17
3960,3.2,3.5,2.1,2.93
42294,3.2,3.5,2.8,3.17
12920,3.8,4.1,2.75,3.55
29815,4.2,4.0,2.1,3.43
53083,3.2,3.5,2.8,3.17
22968,3.5,3.25,2.75,3.17
31397,3.2,3.0,2.5,2.9
44067,3.2,2.8,3.5,3.17
15497,3.2,3.5,2.8,3.17
16435,2.5,2.3,3.8,2.87
21295,3.2,3.5,2.8,3.17
69893,2.5,3.0,2.2,2.57
45655,3.5,3.8,2.2,3.17
45325,2.5,2.3,1.8,2.2
10495,3.8,4.0,2.5,3.43
51404,3.2,3.5,2.8,3.17
14379,3.5,3.25,2.75,3.17
24136,2.5,2.8,3.1,2.8
54369,2.1,2.3,3.5,2.63
51563,3.2,3.5,2.8,3.17
61129,2.5,2.8,2.2,2.5
24295,2.5,3.0,3.2,2.9
67049,3.6,3.8,2.5,3.3
5537,3.2,3.5,3.0,3.23
38195,3.5,3.8,2.7,3.33
65165,2.8,3.1,2.5,2.8
16979,3.5,3.0,2.5,3.0
23808,3.5,3.8,2.2,3.17
45642,3.5,3.8,2.75,3.35
64721,2.5,2.8,2.2,2.5
56522,3.5,3.25,2.75,3.17
67974,2.5,2.8,2.2,2.5
59030,4.2,4.0,2.5,3.57
61233,3.2,3.5,3.0,3.23
38943,3.5,3.25,2.75,3.17
52786,2.8,3.2,3.5,3.17
63922,2.8,3.1,3.5,3.13
14836,2.5,3.0,2.2,2.57
59385,3.2,3.5,2.8,3.17
55423,3.2,3.0,2.5,2.9
20374,3.5,3.8,2.2,3.17
11573,2.5,3.0,1.5,2.33
4047,3.2,3.5,2.8,3.17
57438,2.8,3.1,2.3,2.73
32251,2.5,3.0,2.2,2.57
12526,2.8,3.1,2.3,2.73
15874,3.2,3.5,2.1,2.93
14904,3.8,4.2,2.5,3.5
68454,2.5,2.8,3.7,3.0
22024,3.5,4.0,2.5,3.33
62421,3.2,3.5,3.0,3.23
26838,3.2,3.5,2.8,3.17
71640,3.5,3.8,2.7,3.33
14729,3.5,3.8,2.7,3.33
47988,3.5,4.0,2.5,3.33
64245,3.2,3.5,3.8,3.5
25248,2.8,3.2,3.5,3.17
27326,3.5,3.8,2.2,3.17
37111,2.5,2.8,2.2,2.5
35849,3.2,3.5,2.8,3.17
39965,3.2,3.0,2.1,2.77
51606,2.5,2.8,3.2,2.83
36914,3.5,4.0,2.75,3.42
3878,3.2,3.5,3.8,3.5
31109,2.5,2.0,1.5,2.0
11111,3.5,3.8,2.2,3.17
35953,2.5,2.8,2.2,2.5
54558,3.2,3.5,2.1,2.93
17912,3.5,3.8,2.2,3.17
4544,2.5,2.3,3.1,2.63
9065,3.25,3.5,3.0,3.25
52352,3.5,3.8,2.2,3.17
69862,3.2,3.5,2.1,2.93
50815,3.2,3.5,2.8,3.17
14237,3.2,3.5,2.8,3.17
59958,2.8,3.1,2.5,2.8
59327,2.5,2.8,1.5,2.27
4869,2.5,2.8,2.2,2.5
8762,3.8,4.1,2.5,3.47
56406,2.5,2.8,1.9,2.4
65975,2.8,3.1,3.5,3.13
14864,3.5,3.0,2.0,2.83
33924,3.5,4.0,2.2,3.23
43336,3.2,3.0,2.5,2.9
17134,2.1,2.3,3.5,2.63
29408,1.0,2.0,1.0,1.33
61970,3.2,3.5,2.8,3.17
55413,2.5,3.2,2.0,2.57
30119,3.5,3.25,2.75,3.17
50028,3.2,3.5,2.8,3.17
1579,3.2,3.5,2.8,3.17
69916,3.5,3.25,2.75,3.17
60563,3.5,3.8,2.2,3.17
751,2.5,2.0,1.5,2.0
354,3.2,3.5,3.8,3.5
36304,3.5,3.25,2.75,3.17
8733,2.5,2.0,1.0,1.83
53721,3.5,3.8,3.2,3.5
12035,3.5,3.75,3.25,3.5
41441,3.5,3.25,2.75,3.17
20559,2.5,3.0,3.2,2.9
4535,3.5,3.8,2.2,3.17
24758,3.8,4.0,2.5,3.43
19107,3.25,3.5,3.75,3.5
59377,3.2,3.0,2.8,3.0
36045,3.5,3.25,2.75,3.17
62580,3.2,3.5,2.8,3.17
62621,3.2,3.5,2.1,2.93
66057,3.5,3.25,2.75,3.17
46145,3.5,3.8,2.2,3.17
29727,2.5,3.0,2.2,2.57
51871,2.8,3.2,2.5,2.83
19665,3.2,3.0,2.5,2.9
29917,3.2,3.5,2.8,3.17
54799,3.65,3.8,2.9,3.45
62474,2.5,2.2,3.0,2.57
6718,4.2,4.0,2.5,3.57
58235,3.5,3.8,2.2,3.17
52869,2.5,2.8,3.1,2.8
34884,2.5,3.0,2.2,2.57
10746,3.5,3.8,2.7,3.33
46637,3.5,3.8,2.2,3.17
67660,3.5,3.8,2.2,3.17
46738,2.5,2.3,3.8,2.87
19447,2.5,3.0,1.5,2.33
18245,3.2,3.5,2.8,3.17
12794,2.5,2.8,2.2,2.5
10300,3.5,3.8,2.2,3.17
69271,3.8,4.0,2.5,3.43
49372,2.5,3.0,2.2,2.57
36240,3.5,3.25,2.75,3.17
45605,2.5,3.0,1.5,2.33
46255,3.2,3.5,2.8,3.17
15681,3.2,3.5,2.8,3.17
30330,2.8,3.1,2.5,2.8
24091,3.5,3.8,2.2,3.17
59473,2.5,3.0,2.2,2.57
59034,1.5,2.0,1.0,1.5
58019,3.5,3.8,2.2,3.17
33021,3.5,3.8,2.2,3.17
2420,3.5,3.8,2.2,3.17
37443,2.5,2.0,1.5,2.0
52747,2.5,3.0,1.8,2.43
66193,3.5,3.25,2.0,2.92
4398,2.5,2.8,2.2,2.5
19560,1.2,1.5,1.0,1.23
20859,2.1,2.3,3.8,2.73
22446,2.5,2.8,3.1,2.8
24816,3.8,4.0,2.5,3.43
50700,3.5,3.8,2.2,3.17
65106,3.2,3.5,2.8,3.17
68741,3.5,3.8,2.2,3.17
23081,3.5,3.25,2.1,2.95
17685,3.2,3.0,2.5,2.9
22261,3.2,3.5,2.1,2.93
54406,3.2,3.5,2.8,3.17
62765,2.5,3.0,3.2,2.9
47518,2.8,3.1,2.5,2.8
66240,2.1,2.3,1.5,1.97
13631,3.2,3.5,2.8,3.17
66189,3.2,3.5,2.8,3.17
59653,3.5,3.25,2.0,2.92
46333,2.8,3.1,3.5,3.13
40605,2.5,2.3,2.0,2.27
52621,2.5,2.2,2.8,2.5
69344,3.2,3.5,3.0,3.23
14898,3.8,4.2,2.5,3.5
29459,2.8,3.1,3.5,3.13
9508,3.5,3.8,2.7,3.33
14497,2.5,2.8,3.2,2.83
2676,3.5,3.8,2.2,3.17
16572,2.8,3.1,3.5,3.13
23273,2.5,2.0,3.0,2.5
58,3.8,3.9,2.5,3.4
9306,3.5,3.25,2.0,2.92
4233,3.8,3.9,2.5,3.4
322,2.5,3.0,1.5,2.33
3389,3.5,3.8,2.7,3.33
18568,3.2,3.0,3.5,3.23
54426,2.8,3.1,2.2,2.7
70139,2.8,3.1,3.5,3.13
25732,3.2,3.5,2.8,3.17
16689,2.1,2.3,1.5,1.97
29116,3.2,3.5,2.8,3.17
50893,3.2,3.5,2.8,3.17
1468,2.8,3.1,2.5,2.8
71847,3.8,4.0,2.5,3.43
31204,3.5,4.0,2.2,3.23
42238,3.2,3.5,3.0,3.23
39937,3.2,3.5,2.1,2.93
31992,3.2,3.5,2.8,3.17
50669,3.5,3.8,2.2,3.17
5364,2.5,2.3,3.1,2.63
30400,3.2,3.5,2.8,3.17
69806,2.5,2.8,2.2,2.5
9551,2.5,2.8,2.2,2.5
20282,3.5,3.2,2.1,2.93
47407,3.2,3.5,2.8,3.17
47491,2.5,2.8,3.2,2.83
34348,3.5,3.8,2.2,3.17
63289,3.2,3.5,2.8,3.17
31105,3.8,4.0,3.2,3.67
38457,3.2,3.5,2.8,3.17
7197,3.2,3.5,3.0,3.23
1029,2.1,2.3,1.8,2.07
30882,2.5,2.8,3.2,2.83
26471,3.2,3.5,2.1,2.93
61892,3.5,3.2,2.8,3.17
24865,3.5,3.2,2.8,3.17
57117,3.8,4.2,2.5,3.5
58928,1.5,2.0,1.0,1.5
52317,2.5,2.8,3.2,2.83
39002,2.5,2.8,2.2,2.5
9429,3.8,3.5,2.2,3.17
65460,2.8,3.1,3.5,3.13
3403,2.5,3.0,3.2,2.9
18966,2.8,3.2,2.1,2.7
54936,3.2,3.5,2.1,2.93
58468,3.5,3.8,2.2,3.17
32242,2.5,2.8,3.1,2.8
41824,1.0,1.0,1.0,1.0
4070,2.5,3.0,2.0,2.5
39588,2.5,2.8,3.1,2.8
33987,3.2,3.5,2.1,2.93
61204,3.2,3.5,2.8,3.17
30388,3.5,3.2,2.0,2.9
42311,3.2,3.5,2.1,2.93
9715,3.6,3.8,2.9,3.43
17321,3.5,3.25,2.75,3.17
21876,2.5,2.3,3.1,2.63
52722,3.2,3.5,2.8,3.17
50031,3.5,3.8,2.2,3.17
9524,3.5,3.25,2.75,3.17
65565,3.5,3.2,2.8,3.17
2883,2.5,2.2,3.0,2.57
66639,3.5,3.75,3.25,3.5
68526,3.2,3.5,2.8,3.17
70071,3.8,4.0,2.5,3.43
45699,3.5,3.25,2.75,3.17
23211,2.8,3.1,3.5,3.13
27644,3.5,3.25,2.75,3.17
58501,3.5,3.2,2.1,2.93
51382,2.5,2.3,3.1,2.63
15121,2.5,2.2,3.0,2.57
5812,2.5,2.8,2.2,2.5
15050,2.1,2.3,3.8,2.73
11221,2.5,3.0,1.5,2.33
66064,2.5,3.0,1.5,2.33
43620,3.8,4.2,2.5,3.5
51714,2.5,2.8,2.2,2.5
12058,3.2,3.5,2.8,3.17
63622,3.5,3.25,3.0,3.25
48452,2.5,3.0,3.2,2.9
48246,2.5,2.8,2.2,2.5
36959,2.8,3.1,2.2,2.7
60827,3.8,3.9,2.5,3.4
48959,2.5,3.0,2.2,2.57
24261,2.1,2.3,1.8,2.07
1243,3.2,3.5,3.0,3.23
4652,3.5,3.8,2.2,3.17
27483,3.5,3.8,2.7,3.33
46003,2.5,2.8,3.1,2.8
45762,2.5,2.3,3.1,2.63
41319,2.5,3.0,1.5,2.33
5323,2.5,2.3,3.1,2.63
68068,3.8,4.0,2.5,3.43
69633,3.5,3.2,2.8,3.17
34429,3.8,3.5,2.2,3.17
36137,3.5,3.8,2.2,3.17
24979,2.5,2.8,1.7,2.33
68392,3.2,3.5,2.8,3.17
48933,2.5,2.8,3.7,3.0
58483,3.5,3.25,2.75,3.17
66547,2.5,2.0,4.0,2.83
29483,3.5,3.2,2.0,2.9
18940,3.8,4.0,2.5,3.43
40834,3.5,3.25,2.75,3.17
43232,2.5,2.2,3.8,2.83
4384,2.5,2.0,1.5,2.0
16080,3.5,3.25,2.0,2.92
36423,3.2,3.5,3.8,3.5
34310,3.5,3.8,2.2,3.17
43296,3.5,3.8,2.2,3.17
10712,2.1,2.5,1.2,1.93
53843,3.5,3.8,3.2,3.5
2602,3.2,3.5,2.8,3.17
6596,2.8,3.1,2.2,2.7
63216,2.5,2.3,2.7,2.5
50529,3.2,2.85,4.1,3.38
55268,2.1,2.3,1.8,2.07
21184,2.5,3.0,2.2,2.57
60049,3.5,3.25,2.75,3.17
44088,2.5,3.0,1.5,2.33
19372,2.5,2.3,3.1,2.63
39646,2.5,3.0,2.2,2.57
20740,3.5,3.25,2.0,2.92
22101,2.5,2.3,3.1,2.63
47456,2.5,2.8,3.2,2.83
47423,3.5,3.25,2.75,3.17
67892,3.25,3.5,2.75,3.17
67499,3.5,3.8,2.2,3.17
19804,3.2,3.5,2.1,2.93
58680,3.2,3.5,2.8,3.17
58407,2.5,2.8,3.7,3.0
8889,2.5,3.0,1.5,2.33
33990,3.2,3.5,2.8,3.17
12706,3.2,3.5,2.8,3.17
24695,2.5,2.3,3.8,2.87
70268,3.5,3.8,2.2,3.17
42373,2.1,2.3,4.5,2.97
25542,3.5,3.8,2.2,3.17
14214,2.1,2.3,3.5,2.63
27716,2.5,2.0,4.2,2.9
34661,3.5,3.8,2.2,3.17
25699,3.5,3.2,2.0,2.9
12857,2.8,3.1,2.3,2.73
5426,3.2,3.5,2.8,3.17
2389,2.5,3.0,1.5,2.33
44314,3.2,3.5,2.1,2.93
62248,4.2,3.85,2.5,3.52
34152,3.2,3.5,2.8,3.17
69230,2.1,2.3,3.5,2.63
41168,2.5,2.8,3.1,2.8
40196,3.25,3.5,2.75,3.17
13087,3.2,3.5,2.8,3.17
12677,3.5,3.25,2.0,2.92
52902,3.2,3.5,2.8,3.17
3171,2.5,2.0,1.5,2.0
16915,2.5,2.8,3.2,2.83
56584,2.1,2.3,3.8,2.73
44529,3.2,3.5,2.8,3.17
51831,2.8,3.1,3.5,3.13
6478,3.5,3.8,2.2,3.17
28326,4.2,3.8,2.5,3.5
65113,3.2,3.5,2.8,3.17
59062,3.5,3.25,3.0,3.25
27649,3.5,2.8,1.5,2.6
48230,3.2,3.5,3.0,3.23
4606,3.5,3.8,2.2,3.17
477,3.5,3.8,2.7,3.33
21744,4.5,4.2,1.8,3.5
3510,2.8,3.1,3.5,3.13
70361,3.25,3.0,2.75,3.0
3522,2.5,3.0,1.5,2.33
34399,3.5,3.25,2.75,3.17
48813,1.5,2.0,1.2,1.57
53191,3.8,4.0,2.2,3.33
65152,2.5,2.0,3.5,2.67
15206,3.5,3.25,2.75,3.17
44242,2.5,2.8,3.2,2.83
26818,2.5,3.0,1.5,2.33
35077,3.2,3.0,2.5,2.9
24952,3.2,3.5,3.8,3.5
44224,3.2,3.5,2.1,2.93
37002,2.8,3.1,2.5,2.8
71854,3.5,3.25,2.75,3.17
63952,3.2,3.0,2.5,2.9
67214,2.8,3.1,2.5,2.8
33113,3.2,3.5,2.8,3.17
4230,2.5,2.8,3.1,2.8
62320,3.8,3.5,2.2,3.17
41960,2.8,3.1,3.5,3.13
68466,2.5,2.8,1.9,2.4
10425,3.5,3.25,2.0,2.92
43275,2.5,2.3,2.7,2.5
19284,2.5,2.8,3.2,2.83
39237,2.5,2.8,2.2,2.5
21169,3.2,3.8,2.5,3.17
25396,2.1,2.3,3.8,2.73
1516,2.8,3.1,3.5,3.13
44111,2.8,3.1,3.5,3.13
52537,3.5,3.2,2.0,2.9
28841,3.8,4.0,2.5,3.43
24185,3.5,3.25,2.75,3.17
20106,3.8,4.0,2.5,3.43
22624,2.8,3.1,2.5,2.8
20620,1.0,1.5,1.0,1.17
3421,3.2,3.5,2.8,3.17
49720,2.8,3.1,2.3,2.73
57464,2.8,3.1,2.5,2.8
63934,3.2,3.5,2.8,3.17
17913,3.5,3.8,2.2,3.17
53749,3.5,3.25,2.75,3.17
25417,2.5,2.8,3.2,2.83
37563,3.2,3.8,2.5,3.17
63534,3.2,3.5,2.8,3.17
32146,2.5,2.8,2.2,2.5
57645,2.5,2.2,3.0,2.57
17604,3.8,3.5,2.2,3.17
41920,3.2,3.5,2.8,3.17
54673,2.5,3.0,2.75,2.75
41750,2.5,2.3,3.1,2.63
69622,3.5,3.8,2.7,3.33
24131,3.5,3.75,2.25,3.17
49003,3.5,3.2,2.8,3.17
20876,3.2,3.5,2.1,2.93
52827,3.5,3.0,1.5,2.67
71027,2.5,3.0,3.2,2.9
69197,3.2,3.0,2.5,2.9
11473,3.5,3.25,2.0,2.92
26316,2.8,3.1,3.5,3.13
12877,2.8,3.1,3.5,3.13
18549,2.5,2.3,3.1,2.63
47899,3.2,3.5,2.8,3.17
49100,3.2,3.5,2.8,3.17
20869,3.2,3.5,2.1,2.93
18991,3.8,4.2,2.5,3.5
51565,3.2,2.8,2.5,2.83
43985,2.5,2.3,3.1,2.63
12633,2.8,3.1,3.5,3.13
72066,3.2,3.5,2.8,3.17
19862,3.2,3.5,2.8,3.17
69569,2.5,2.8,1.9,2.4
69412,3.5,3.8,2.2,3.17
27277,3.25,3.0,3.5,3.25
22154,2.5,2.0,1.5,2.0
44240,3.2,3.5,2.8,3.17
36979,3.5,3.2,2.8,3.17
4954,2.5,2.8,3.2,2.83
69540,2.8,3.2,2.1,2.7
52101,2.5,2.8,3.2,2.83
67808,2.5,2.3,3.1,2.63
57600,3.2,3.5,2.8,3.17
58153,2.5,2.0,1.5,2.0
53788,3.2,3.5,2.8,3.17
64216,2.5,2.8,2.2,2.5
29003,3.2,3.5,2.8,3.17
15741,2.5,2.8,2.2,2.5
24548,3.5,3.8,2.2,3.17
39833,2.5,2.0,1.5,2.0
50026,2.8,3.1,2.5,2.8
41275,3.2,3.5,2.1,2.93
6719,3.8,3.9,2.5,3.4
41934,3.5,3.25,2.0,2.92
21520,3.5,3.8,2.7,3.33
24728,3.2,3.0,2.5,2.9
64825,2.5,3.0,1.5,2.33
8424,3.5,3.8,2.2,3.17
49639,3.5,3.8,2.2,3.17
19579,2.5,2.0,1.5,2.0
62449,3.2,3.5,2.8,3.17
485,2.5,3.0,3.2,2.9
6416,3.2,3.5,2.8,3.17
60702,2.5,2.8,2.2,2.5
22292,3.25,3.5,2.75,3.17
51145,3.5,3.8,2.2,3.17
53653,2.5,3.0,3.2,2.9
70391,2.5,3.0,3.75,3.08
9944,2.5,3.0,3.2,2.9
21313,3.8,4.2,2.5,3.5
57904,2.5,2.8,3.2,2.83
55380,3.2,3.5,3.8,3.5
68984,3.5,3.8,2.2,3.17
40121,3.2,3.5,2.8,3.17
49364,3.5,3.8,2.2,3.17
48993,3.2,3.5,2.8,3.17
14591,2.5,3.0,2.75,2.75
25386,2.5,2.8,2.2,2.5
35200,2.5,2.0,1.5,2.0
35658,2.5,2.3,3.1,2.63
18831,3.5,3.8,2.7,3.33
17306,3.5,3.2,2.1,2.93
11092,3.5,3.8,2.2,3.17
23599,3.5,3.8,2.2,3.17
44620,2.1,2.3,1.8,2.07
66697,2.5,2.8,2.2,2.5
43438,2.5,3.0,1.5,2.33
5528,2.5,3.0,1.8,2.43
37905,3.5,3.8,2.2,3.17
64586,3.5,3.8,2.2,3.17
20043,3.25,3.5,3.75,3.5
49965,3.2,3.5,2.8,3.17
16456,2.5,3.0,2.2,2.57
6821,3.2,3.5,2.8,3.17
41569,3.5,3.8,3.2,3.5
50573,3.5,3.75,2.25,3.17
49573,4.2,3.8,2.1,3.37
12624,2.5,3.0,1.8,2.43
61777,2.8,3.1,2.5,2.8
45215,3.2,3.5,3.0,3.23
71290,3.2,3.5,2.8,3.17
7500,2.5,2.8,2.3,2.53
17862,2.5,2.3,3.1,2.63
16254,3.2,3.0,2.5,2.9
41969,3.2,3.5,2.8,3.17
53638,3.25,3.5,2.75,3.17
18705,3.25,3.5,2.75,3.17
49818,3.2,3.5,2.8,3.17
45738,3.2,3.5,2.8,3.17
64645,3.5,3.25,3.75,3.5
10072,2.5,3.0,1.5,2.33
61212,2.8,3.1,3.5,3.13
54875,3.5,3.8,2.7,3.33
8145,3.5,3.25,2.75,3.17
3868,3.5,3.8,2.2,3.17
44579,2.5,2.8,2.2,2.5
37958,2.5,2.8,2.2,2.5
34718,3.5,3.8,2.2,3.17
12895,3.5,3.8,2.7,3.33
56199,2.5,2.8,2.2,2.5
45095,2.5,2.8,2.2,2.5
38525,2.5,3.0,2.2,2.57
25365,2.5,3.0,3.2,2.9
62956,2.5,2.8,3.1,2.8
41961,3.2,3.5,2.8,3.17
62130,2.5,2.3,3.8,2.87
60789,3.2,3.0,2.5,2.9
8417,3.5,3.8,2.2,3.17
33449,2.8,3.1,3.5,3.13
489,3.8,3.5,2.2,3.17
71605,3.25,3.5,2.75,3.17
59031,3.5,3.25,2.0,2.92
60319,3.2,3.5,2.8,3.17
6527,3.5,3.8,2.7,3.33
56141,2.8,3.1,2.5,2.8
48057,3.8,3.5,2.75,3.35
16542,2.5,2.2,3.0,2.57
38279,2.5,2.3,2.7,2.5
67779,3.5,3.25,2.75,3.17
27046,3.2,3.5,2.8,3.17
41651,2.8,3.1,3.5,3.13
60599,3.5,3.25,2.75,3.17
25591,3.2,3.5,2.1,2.93
66659,3.5,3.2,1.8,2.83
15589,3.5,3.8,2.2,3.17
28993,2.5,3.0,2.2,2.57
49477,4.5,4.25,2.0,3.58
4602,3.25,3.5,2.75,3.17
37180,2.8,3.1,2.5,2.8
27242,2.8,3.1,3.5,3.13
22758,3.2,3.5,3.8,3.5
10346,3.5,3.8,2.7,3.33
56927,2.5,2.8,3.2,2.83
5918,3.8,3.5,2.2,3.17
62122,3.2,3.0,3.5,3.23
10480,3.6,3.8,2.5,3.3
48171,2.5,2.3,3.8,2.87
44608,3.8,4.2,2.5,3.5
17883,3.5,4.0,2.2,3.23
44429,3.5,3.8,2.2,3.17
9674,2.5,2.0,1.5,2.0
34999,3.5,3.25,2.75,3.17
53270,3.5,3.2,2.0,2.9
238,2.5,2.0,1.5,2.0
55531,3.5,3.2,2.1,2.93
63076,3.5,3.8,2.7,3.33
3108,3.5,3.8,2.2,3.17
37193,3.6,3.8,2.9,3.43
34212,3.5,3.8,2.2,3.17
9158,2.5,2.8,1.9,2.4
20464,2.8,3.1,3.5,3.13
38316,3.8,4.0,2.5,3.43
53086,3.5,3.8,2.2,3.17
7980,3.2,3.5,2.8,3.17
26946,3.5,3.8,2.7,3.33
27525,2.5,2.8,2.2,2.5
66415,2.5,2.8,2.2,2.5
45542,3.5,3.8,2.2,3.17
38157,3.5,3.2,2.0,2.9
47350,2.5,2.8,2.2,2.5
34418,3.5,3.8,2.2,3.17
50396,2.0,2.5,1.0,1.83
28482,3.2,3.5,2.8,3.17
55000,2.5,2.3,3.8,2.87
36464,3.5,3.25,2.0,2.92
71799,2.8,3.1,2.5,2.8
23678,3.2,3.0,2.5,2.9
37479,2.8,3.1,3.9,3.27
46550,2.5,2.8,2.2,2.5
61772,2.1,2.0,4.5,2.87
46894,3.6,3.8,2.5,3.3
41982,3.5,3.25,2.0,2.92
22068,3.2,3.5,2.8,3.17
34708,3.6,3.8,2.5,3.3
46989,3.5,3.25,2.75,3.17
70440,3.2,3.5,3.8,3.5
42098,2.5,2.8,1.5,2.27
26954,3.5,3.25,2.0,2.92
30459,3.5,3.8,2.2,3.17
4815,2.5,2.8,2.2,2.5
68822,2.5,2.8,2.2,2.5
61170,3.5,3.8,2.2,3.17
56688,2.5,3.0,2.0,2.5
36503,3.2,3.5,3.8,3.5
58671,3.2,3.5,2.8,3.17
19228,3.5,3.8,2.2,3.17
66417,2.5,2.0,1.5,2.0
6698,3.5,3.8,2.2,3.17
70972,2.5,3.0,2.75,2.75
17959,2.5,2.8,2.2,2.5
59444,3.5,3.8,2.2,3.17
25383,2.5,3.0,2.2,2.57
39670,3.2,2.8,2.1,2.7
61730,3.5,3.8,2.2,3.17
56300,2.5,2.3,3.1,2.63
2091,2.1,2.3,3.8,2.73
16702,2.5,2.8,3.2,2.83
24372,3.2,3.5,2.8,3.17
68376,3.2,3.5,2.8,3.17
36652,2.5,3.0,2.2,2.57
61916,3.5,3.25,2.75,3.17
32667,2.5,2.8,2.2,2.5
62853,2.1,2.3,3.8,2.73
46457,2.5,2.2,3.8,2.83
50528,2.5,3.0,3.5,3.0
56162,3.5,3.8,3.2,3.5
55291,3.8,4.0,2.5,3.43
56764,2.8,3.2,2.1,2.7
13463,3.5,3.8,2.2,3.17
20846,3.2,3.5,2.8,3.17
35924,3.2,3.5,2.8,3.17
51995,2.8,3.2,2.1,2.7
10317,3.5,3.2,2.8,3.17
63081,2.1,3.0,1.5,2.2
16114,2.5,2.8,2.2,2.5
64351,3.5,3.25,2.75,3.17
68290,3.2,3.5,2.8,3.17
41290,3.5,3.8,2.2,3.17
496,3.8,4.0,2.5,3.43
38957,1.0,1.5,1.0,1.17
15912,2.5,2.8,2.2,2.5
1429,2.5,2.8,2.2,2.5
27634,3.2,3.5,2.8,3.17
24880,2.8,3.1,2.3,2.73
34747,3.5,3.25,2.75,3.17
15356,3.8,3.5,2.2,3.17
50212,3.2,3.5,3.8,3.5
12518,3.5,3.8,2.2,3.17
57922,3.5,3.25,2.75,3.17
3559,3.2,3.5,2.8,3.17
36657,3.5,3.2,2.8,3.17
50524,3.5,3.8,2.2,3.17
5340,2.5,3.0,2.0,2.5
44507,2.1,2.3,2.0,2.13
29198,3.2,3.5,2.1,2.93
57080,2.8,3.1,2.5,2.8
49421,2.5,3.0,1.8,2.43
13842,3.5,3.0,1.5,2.67
61131,2.5,2.8,2.2,2.5
64146,3.2,3.5,2.8,3.17
21834,2.5,2.8,1.7,2.33
52284,3.5,3.25,2.75,3.17
42817,3.2,3.5,2.8,3.17
39182,3.5,3.25,2.75,3.17
10719,2.5,2.8,3.2,2.83
23549,2.5,2.8,3.2,2.83
66139,2.5,3.0,1.5,2.33
53454,2.5,3.0,1.5,2.33
63054,3.5,3.8,2.2,3.17
44330,1.0,1.0,1.0,1.0
2917,3.5,3.25,2.0,2.92
23105,3.5,3.8,2.2,3.17
12221,3.5,3.25,2.75,3.17
61784,2.5,2.8,2.2,2.5
49555,2.5,2.8,3.2,2.83
43849,3.2,3.5,2.8,3.17
44190,2.5,2.0,2.2,2.23
5625,2.8,3.1,3.5,3.13
25538,2.5,2.0,1.5,2.0
50600,2.5,2.8,2.2,2.5
21452,3.5,3.75,2.8,3.35
54600,3.5,3.8,2.2,3.17
12392,3.2,3.5,2.8,3.17
34044,3.5,3.8,2.2,3.17
9106,3.2,3.5,2.8,3.17
5332,3.5,3.8,2.2,3.17
10016,2.5,2.8,3.1,2.8
20626,2.1,2.3,3.5,2.63
1581,3.5,3.25,2.75,3.17
28504,3.8,4.2,2.5,3.5
61524,2.5,2.8,3.1,2.8
36586,2.1,2.3,4.5,2.97
33617,3.25,3.5,2.75,3.17
54323,3.5,3.8,2.7,3.33
36306,3.8,3.5,2.2,3.17
67634,3.2,3.5,2.8,3.17
48718,2.5,3.0,2.0,2.5
23449,3.2,3.5,2.8,3.17
72160,3.5,3.8,2.7,3.33
11011,2.8,3.1,3.5,3.13
58741,2.8,3.1,3.5,3.13
56576,2.8,3.2,3.5,3.17
807,3.5,3.25,2.75,3.17
16049,3.5,3.25,2.0,2.92
46381,2.8,3.1,3.5,3.13
29068,3.5,3.8,2.7,3.33
58031,3.5,3.8,2.2,3.17
7414,2.8,3.2,2.5,2.83
46990,1.5,2.0,1.0,1.5
48516,3.2,3.5,2.8,3.17
33299,3.5,3.8,2.2,3.17
33261,3.5,3.8,2.7,3.33
63844,3.2,3.5,3.0,3.23
28540,3.2,3.5,3.8,3.5
25158,3.5,3.25,2.75,3.17
50016,2.5,2.8,2.2,2.5
23093,3.5,3.8,2.7,3.33
40203,2.5,2.8,3.1,2.8
36867,2.5,2.8,3.2,2.83
47985,3.2,3.5,3.0,3.23
10279,3.2,3.5,2.1,2.93
27513,2.5,3.0,2.1,2.53
2182,2.5,3.0,2.1,2.53
3708,3.5,3.8,2.2,3.17
43564,3.5,3.2,2.8,3.17
68293,2.5,3.0,3.2,2.9
46960,3.2,3.5,2.8,3.17
14851,3.25,3.0,3.5,3.25
43359,2.1,2.3,3.5,2.63
29685,3.2,2.8,2.5,2.83
32782,3.5,3.8,3.2,3.5
17832,3.2,3.0,2.5,2.9
62995,3.5,3.25,2.75,3.17
69045,2.5,2.8,3.1,2.8
27236,3.8,4.2,2.5,3.5
45651,3.5,3.25,2.1,2.95
63655,3.2,3.5,2.8,3.17
62367,3.5,3.8,2.2,3.17
72048,2.5,2.0,3.2,2.57
2672,3.5,3.8,2.2,3.17
55978,3.2,2.8,1.5,2.5
39431,2.5,2.3,3.8,2.87
35130,3.2,3.5,2.8,3.17
47260,2.5,2.8,3.1,2.8
42083,3.2,3.0,2.5,2.9
60872,3.2,3.5,2.8,3.17
26291,2.5,2.3,3.1,2.63
60066,2.5,3.0,3.75,3.08
32764,3.2,3.5,2.8,3.17
61259,2.5,2.8,3.1,2.8
9825,3.5,3.8,2.2,3.17
5506,2.8,3.1,2.5,2.8
40571,3.8,4.0,2.5,3.43
71576,3.8,4.0,2.5,3.43
66865,3.5,3.8,2.2,3.17
11819,3.5,3.25,2.0,2.92
41952,2.8,3.1,3.5,3.13
17788,3.2,3.0,2.5,2.9
27243,4.5,4.2,2.8,3.83
7332,3.2,3.5,2.8,3.17
35482,2.5,2.2,3.0,2.57
68431,3.25,3.5,3.75,3.5
62077,3.5,3.75,3.25,3.5
24788,2.8,3.1,2.3,2.73
54777,2.5,3.0,2.0,2.5
8854,2.8,3.1,3.5,3.13
25392,2.5,2.8,3.2,2.83
62797,3.2,3.8,2.5,3.17
3107,3.5,3.8,2.2,3.17
37427,3.2,3.5,3.0,3.23
33615,3.5,3.8,2.2,3.17
69132,3.2,3.5,2.1,2.93
45515,3.5,3.8,2.7,3.33
10650,2.1,2.3,3.8,2.73
56401,3.5,3.8,2.2,3.17
64939,2.5,3.0,2.2,2.57
27650,2.5,2.0,2.25,2.25
26606,3.2,3.5,2.8,3.17
29256,2.5,2.2,4.0,2.9
16243,2.8,3.1,2.5,2.8
36554,2.8,3.1,2.5,2.8
54582,3.2,3.5,2.8,3.17
59502,3.25,3.5,2.75,3.17
64202,2.5,2.2,2.0,2.23
32902,2.5,2.2,3.1,2.6
15095,2.5,2.8,2.2,2.5
46706,3.25,3.5,2.75,3.17
22054,2.5,2.8,3.2,2.83
41617,4.2,4.0,2.5,3.57
30931,2.8,3.1,2.5,2.8
33641,3.5,3.2,2.0,2.9
24671,3.2,3.5,2.8,3.17
47910,2.5,3.0,2.2,2.57
69048,3.2,3.5,2.8,3.17
22349,3.5,3.8,2.2,3.17
59340,3.5,3.8,2.2,3.17
55189,3.2,3.5,3.0,3.23
22826,2.5,3.0,1.5,2.33
431,3.2,3.5,2.8,3.17
58753,3.5,3.8,2.7,3.33
6933,3.2,3.5,2.8,3.17
25759,3.8,4.0,2.5,3.43
58649,2.5,2.8,3.1,2.8
26211,3.5,3.25,2.75,3.17
27779,3.5,4.0,2.75,3.42
67729,3.2,3.5,2.8,3.17
25343,3.5,3.8,2.7,3.33
23622,3.5,3.25,2.75,3.17
65119,4.2,4.0,2.5,3.57
26693,2.1,2.3,1.8,2.07
65207,3.2,3.5,2.1,2.93
50830,2.1,2.3,3.8,2.73
33799,3.2,3.5,2.1,2.93
2054,2.5,2.8,2.2,2.5
68871,3.2,3.5,3.8,3.5
17170,3.5,3.8,2.2,3.17
9532,2.8,3.1,2.5,2.8
15260,3.6,3.8,2.9,3.43
54709,3.5,3.25,2.75,3.17
53908,3.2,3.5,2.1,2.93
42710,2.5,2.8,1.9,2.4
50516,3.2,3.5,3.0,3.23
10427,3.5,3.8,2.2,3.17
60489,2.8,3.1,2.5,2.8
66542,3.5,3.2,2.0,2.9
45879,3.2,3.5,2.8,3.17
12822,3.2,2.8,2.5,2.83
9261,2.5,2.8,1.9,2.4
41971,2.5,2.3,3.1,2.63
34768,3.2,3.5,2.8,3.17
50990,3.8,3.9,2.5,3.4
31051,3.5,3.25,2.0,2.92
42692,2.5,2.8,3.2,2.83
4796,2.5,3.0,1.5,2.33
2842,3.5,3.25,2.75,3.17
4259,3.2,3.5,2.8,3.17
68613,3.2,3.5,2.8,3.17
6049,3.2,3.5,2.8,3.17
43883,3.5,3.8,2.2,3.17
28801,3.5,3.8,2.7,3.33
3649,3.2,3.5,2.1,2.93
24900,3.5,3.2,3.8,3.5
59588,3.5,3.25,2.75,3.17
4809,2.8,3.1,3.5,3.13
1857,4.2,4.0,2.5,3.57
13616,2.5,2.8,2.2,2.5
44811,3.2,3.5,2.8,3.17
62736,2.5,2.0,1.5,2.0
38116,2.8,3.1,2.5,2.8
41721,2.5,3.0,3.2,2.9
45834,2.5,2.8,2.2,2.5
12152,3.5,3.8,2.2,3.17
43314,2.5,2.0,1.0,1.83
33249,3.5,3.8,2.2,3.17
36218,2.5,3.0,2.75,2.75
66744,3.5,3.8,2.2,3.17
55445,2.5,2.8,2.2,2.5
61279,2.5,2.8,3.2,2.83
21801,3.5,3.8,2.2,3.17
40347,3.2,3.5,2.8,3.17
18055,4.2,4.0,2.5,3.57
851,3.2,3.5,2.1,2.93
44334,2.5,3.0,1.8,2.43
40533,3.2,3.5,3.8,3.5
31065,3.2,3.0,2.5,2.9
55624,3.5,3.8,2.2,3.17
10567,2.8,3.1,3.5,3.13
10786,3.2,3.5,3.0,3.23
54607,3.2,3.0,2.5,2.9
24134,2.5,3.0,1.5,2.33
35279,3.8,3.9,2.5,3.4
48384,3.5,3.8,2.7,3.33
16738,3.2,3.5,3.0,3.23
31814,3.5,3.8,2.2,3.17
34173,2.5,2.3,3.1,2.63
5045,3.2,3.5,2.8,3.17
66854,3.25,3.5,3.0,3.25
2739,3.5,3.8,2.2,3.17
69638,2.5,3.0,2.2,2.57
46316,2.5,3.0,1.5,2.33
27620,3.2,3.5,2.1,2.93
25906,3.2,3.5,2.8,3.17
28040,2.5,3.0,1.5,2.33
41271,3.2,3.5,2.8,3.17
50473,3.5,3.8,2.2,3.17
32972,3.5,3.25,2.75,3.17
34435,3.5,3.75,2.25,3.17
2244,2.0,2.5,1.0,1.83
43086,3.5,3.2,1.8,2.83
3818,3.5,3.8,2.2,3.17
24121,3.5,3.8,2.2,3.17
37861,3.5,3.8,2.2,3.17
56395,3.2,3.5,2.1,2.93
59726,3.5,3.8,2.2,3.17
34834,2.5,3.0,2.2,2.57
34382,3.2,3.5,2.8,3.17
66375,3.5,3.8,2.2,3.17
36654,2.5,2.8,2.2,2.5
28763,2.5,2.2,3.8,2.83
39941,3.5,3.8,2.2,3.17
22146,3.8,3.5,2.2,3.17
47772,3.5,3.8,2.2,3.17
18764,2.8,2.5,3.1,2.8
48043,4.2,4.0,2.5,3.57
55421,3.5,3.8,2.2,3.17
25304,2.5,2.0,1.5,2.0
63753,3.2,3.5,2.8,3.17
16677,3.5,3.8,2.7,3.33
57682,3.2,3.5,2.8,3.17
9889,3.5,3.0,1.5,2.67
63064,3.25,3.5,2.75,3.17
25825,2.5,3.0,1.5,2.33
46754,2.5,2.8,3.2,2.83
38730,3.5,3.8,2.2,3.17
66497,2.5,3.0,2.2,2.57
35367,2.5,2.2,3.8,2.83
23185,2.8,3.1,2.5,2.8
19781,2.5,2.8,2.2,2.5
6279,2.8,3.1,3.5,3.13
58846,3.2,3.5,2.8,3.17
20042,3.2,3.5,3.8,3.5
41377,3.2,3.5,2.8,3.17
63162,2.5,2.3,2.7,2.5
10651,,,,
21936,3.2,3.5,2.1,2.93
38009,3.5,3.2,2.1,2.93
43135,3.5,3.8,2.7,3.33
18976,2.8,2.5,3.1,2.8
66052,3.5,3.8,2.2,3.17
51640,3.5,3.8,2.7,3.33
44262,3.2,3.5,2.8,3.17
45382,1.0,1.5,1.0,1.17
57663,2.5,2.0,3.0,2.5
9964,3.2,3.5,2.8,3.17
61870,3.2,3.5,2.8,3.17
7805,3.5,3.2,2.8,3.17
3004,2.8,3.2,2.1,2.7
26780,3.5,3.25,2.75,3.17
472,3.2,3.5,2.8,3.17
66626,3.5,3.25,2.75,3.17
47550,2.5,3.0,1.5,2.33
13165,3.2,3.5,2.1,2.93
36520,4.2,4.0,2.5,3.57
16618,3.5,3.25,2.75,3.17
55706,2.5,2.2,3.8,2.83
21009,3.2,3.5,3.0,3.23
1400,3.2,3.5,2.8,3.17
24475,2.5,2.8,1.9,2.4
63721,2.5,2.0,1.5,2.0
68414,2.1,2.3,1.8,2.07
41616,2.5,2.8,3.1,2.8
70015,3.5,3.8,2.7,3.33
51585,3.5,3.8,2.2,3.17
6758,3.5,3.8,2.2,3.17
39890,2.5,2.8,2.2,2.5
7928,3.2,3.5,2.8,3.17
32437,3.2,3.5,3.8,3.5
27394,2.5,2.8,1.5,2.27
34135,2.8,3.1,2.5,2.8
34093,3.2,3.0,3.5,3.23
47072,3.5,3.8,2.2,3.17
4689,3.5,3.25,2.75,3.17
63456,3.5,3.8,2.7,3.33
27237,3.2,3.5,3.8,3.5
3304,2.5,2.3,3.8,2.87
11307,2.5,2.8,3.9,3.07
37385,3.5,3.8,2.2,3.17
18120,2.5,2.0,3.5,2.67
7714,3.5,3.25,2.75,3.17
54937,3.5,3.25,2.75,3.17
4997,2.5,2.8,1.9,2.4
23366,3.2,3.0,2.5,2.9
48100,2.5,2.8,3.2,2.83
67186,2.8,3.1,2.5,2.8
52983,3.8,4.2,2.1,3.37
52939,2.5,2.0,1.5,2.0
9281,3.5,3.8,2.7,3.33
21787,2.1,2.3,1.8,2.07
61564,3.8,3.9,2.5,3.4
29075,3.5,3.8,2.2,3.17
3374,3.5,3.25,2.75,3.17
31788,2.5,2.3,1.8,2.2
54551,3.65,3.8,3.2,3.55
43841,4.5,4.2,2.1,3.6
42364,3.5,3.8,2.2,3.17
61202,2.1,2.3,3.8,2.73
58716,3.5,3.8,2.2,3.17
39691,1.0,1.5,1.0,1.17
15256,3.8,3.9,2.5,3.4
35379,2.5,2.3,2.7,2.5
50507,3.5,3.8,2.2,3.17
29209,3.2,3.5,2.8,3.17
40764,3.8,3.5,2.2,3.17
51719,3.6,3.8,2.9,3.43
19711,2.5,2.2,2.8,2.5
21305,2.5,2.8,3.1,2.8
52302,2.8,3.1,3.5,3.13
6329,2.5,3.0,3.75,3.08
32601,3.2,3.5,2.8,3.17
3803,3.5,3.8,2.2,3.17
51693,2.1,2.3,2.0,2.13
50420,3.5,2.8,1.5,2.6
47786,2.5,2.8,2.2,2.5
36934,3.2,3.5,3.0,3.23
66022,2.5,2.8,3.1,2.8
14786,2.5,2.2,3.8,2.83
153,2.5,3.0,3.2,2.9
20929,3.5,3.2,2.8,3.17
33008,3.5,3.25,2.0,2.92
25284,2.5,2.0,1.5,2.0
30905,2.8,3.1,2.5,2.8
31139,3.5,3.8,2.2,3.17
53171,3.2,3.5,2.8,3.17
29504,2.5,2.8,3.2,2.83
57002,2.8,3.1,2.5,2.8
71891,2.5,2.3,3.1,2.63
49958,3.2,3.5,3.0,3.23
5262,2.8,3.2,2.1,2.7
36324,3.2,3.5,2.8,3.17
28189,3.5,3.8,2.2,3.17
39560,3.5,3.8,2.7,3.33
61603,2.5,3.0,2.2,2.57
66919,3.5,3.8,2.2,3.17
34268,3.2,3.5,2.8,3.17
69773,3.5,3.25,2.75,3.17
48768,2.8,3.1,3.5,3.13
44503,2.5,2.0,2.75,2.42
39916,2.1,1.8,4.2,2.7
69285,4.2,4.0,2.5,3.57
21290,2.5,2.8,3.2,2.83
22439,3.5,3.25,2.0,2.92
66368,3.5,3.75,2.25,3.17
11511,2.5,2.8,3.2,2.83
18374,2.5,3.0,2.2,2.57
58141,3.5,3.25,2.75,3.17
25738,3.2,3.0,2.1,2.77
9687,3.2,3.5,2.8,3.17
26821,2.5,3.0,1.5,2.33
59199,3.5,3.2,2.1,2.93
56394,3.2,3.5,2.1,2.93
59560,3.5,3.8,2.2,3.17
7238,3.5,3.2,2.1,2.93
24124,3.2,3.5,2.8,3.17
21266,3.2,3.5,2.1,2.93
3644,2.5,3.0,2.2,2.57
1690,3.8,4.0,2.5,3.43
16398,2.5,2.8,3.2,2.83
14270,3.2,3.5,2.1,2.93
9216,2.5,2.8,3.7,3.0
46309,3.2,3.5,2.8,3.17
13596,2.8,3.1,3.5,3.13
11731,3.5,3.8,2.2,3.17
60929,4.5,4.25,2.0,3.58
36438,3.2,3.5,2.8,3.17
44703,3.5,3.8,2.2,3.17
60546,3.2,3.5,2.8,3.17
15552,2.5,2.2,2.8,2.5
16980,2.5,2.3,3.1,2.63
27598,2.8,3.1,2.2,2.7
50775,3.5,3.8,2.2,3.17
20494,2.5,2.8,1.5,2.27
15617,3.2,3.5,2.8,3.17
53288,2.5,3.0,1.8,2.43
35973,2.5,3.0,1.8,2.43
30643,2.1,2.35,4.5,2.98
25353,2.5,3.0,1.5,2.33
26556,3.5,3.2,1.8,2.83
58784,3.5,3.8,2.7,3.33
29048,3.5,3.25,2.75,3.17
39455,3.2,3.5,2.8,3.17
51374,2.5,2.8,2.2,2.5
18456,2.5,2.3,2.0,2.27
18772,2.5,2.8,3.7,3.0
44873,3.5,3.8,2.7,3.33
65351,3.5,3.8,2.2,3.17
21522,2.5,2.8,3.1,2.8
11892,2.5,2.8,3.1,2.8
12315,3.8,4.0,2.5,3.43
53917,2.8,3.1,3.5,3.13
33856,3.5,3.8,2.2,3.17
66742,3.2,3.5,2.8,3.17
31796,3.5,3.2,2.8,3.17
67002,3.8,4.0,2.5,3.43
70556,2.8,2.5,3.7,3.0
40991,3.6,3.8,2.5,3.3
9604,4.2,4.0,2.5,3.57
28262,2.8,3.1,3.5,3.13
46315,2.8,3.1,3.5,3.13
39558,2.5,3.0,1.5,2.33
19023,3.2,3.5,2.8,3.17
69552,3.5,3.8,2.2,3.17
67564,2.5,2.8,3.2,2.83
21963,2.5,2.0,1.5,2.0
49005,3.5,3.25,3.75,3.5
49429,2.5,2.0,1.5,2.0
40309,3.2,3.5,2.8,3.17
5168,3.2,3.8,2.5,3.17
5951,1.0,1.5,1.0,1.17
51994,2.5,2.3,3.8,2.87
47309,2.5,2.8,2.2,2.5
38928,3.5,3.8,2.2,3.17
44667,3.25,3.5,2.75,3.17
72027,2.5,3.0,1.8,2.43
52220,2.5,2.0,1.5,2.0
45370,3.5,3.8,2.2,3.17
30661,2.8,3.1,3.5,3.13
33242,2.5,2.8,2.2,2.5
41933,3.2,3.5,2.8,3.17
45761,3.5,3.2,2.8,3.17
25207,3.5,3.25,2.0,2.92
63100,2.5,2.0,1.5,2.0
16009,3.2,3.5,2.1,2.93
39378,3.5,3.8,2.2,3.17
30547,2.8,3.1,2.5,2.8
71831,3.5,3.75,2.25,3.17
37410,2.5,2.8,2.2,2.5
27396,3.2,3.5,2.8,3.17
20520,2.5,2.2,3.8,2.83
30262,2.5,3.0,1.8,2.43
70604,3.5,3.25,2.75,3.17
10002,3.2,3.5,2.8,3.17
44659,2.5,2.8,3.1,2.8
63836,3.5,4.0,2.2,3.23
60116,2.8,3.1,3.5,3.13
65958,2.5,3.0,2.2,2.57
19102,3.5,3.8,2.7,3.33
33023,3.8,4.0,2.5,3.43
29223,2.5,2.2,2.8,2.5
41139,3.5,3.8,2.2,3.17
45480,2.5,2.8,2.2,2.5
10561,3.2,2.85,3.5,3.18
67510,2.5,2.8,2.2,2.5
42667,3.2,3.5,2.1,2.93
59927,3.2,3.5,2.1,2.93
41648,3.5,3.75,2.25,3.17
30013,2.5,2.3,3.8,2.87
10609,2.5,2.2,3.8,2.83
606,3.2,3.5,2.8,3.17
38615,3.5,4.0,2.5,3.33
62655,3.8,3.5,2.2,3.17
29601,2.8,3.1,2.5,2.8
49393,2.8,3.1,3.5,3.13
25508,2.5,2.3,3.1,2.63
71734,2.5,2.8,2.2,2.5
10487,3.2,3.5,2.1,2.93
46296,3.8,4.0,2.5,3.43
34914,3.5,3.25,2.75,3.17
22730,3.25,3.5,3.75,3.5
37383,3.2,3.0,2.5,2.9
47089,3.2,3.5,2.8,3.17
3907,3.2,3.5,2.8,3.17
36282,3.2,3.5,2.1,2.93
26705,2.5,3.0,1.5,2.33
21005,2.5,2.0,2.2,2.23
57312,2.5,2.3,3.1,2.63
67288,2.5,3.0,2.2,2.57
69662,3.2,3.0,2.5,2.9
35966,2.5,2.3,3.1,2.63
64702,2.8,3.1,3.5,3.13
35210,3.2,3.0,2.5,2.9
24800,2.5,2.3,2.0,2.27
27628,3.5,3.25,2.75,3.17
15305,3.5,3.8,2.2,3.17
38056,3.2,3.0,2.5,2.9
51295,2.8,3.1,2.5,2.8
2606,2.8,3.1,3.5,3.13
44239,2.5,3.0,2.2,2.57
60505,3.5,3.8,2.7,3.33
62785,3.5,3.8,2.2,3.17
50480,3.6,3.8,2.5,3.3
63281,3.2,3.0,2.8,3.0
55962,2.5,2.3,1.8,2.2
55296,3.2,3.5,2.8,3.17
28224,2.5,2.3,3.8,2.87
29079,3.8,3.9,2.5,3.4
529,3.2,3.5,3.0,3.23
59133,3.5,3.8,2.2,3.17
45247,3.2,3.5,2.8,3.17
71470,2.5,2.0,1.5,2.0
28006,2.5,2.0,1.5,2.0
37459,3.2,3.5,2.8,3.17
22690,2.5,3.0,2.2,2.57
66317,3.2,3.5,2.8,3.17
14569,3.2,3.0,3.5,3.23
22324,3.2,3.5,2.1,2.93
19133,3.2,3.5,2.1,2.93
29394,3.5,3.8,2.7,3.33
17414,3.2,3.5,2.8,3.17
52057,2.5,3.0,1.5,2.33
8436,3.5,3.8,2.2,3.17
50751,3.5,3.2,2.0,2.9
40070,3.2,3.5,2.8,3.17
28244,2.5,3.0,1.8,2.43
56381,2.5,2.8,2.2,2.5
51118,3.2,3.5,2.8,3.17
42671,2.1,1.8,4.5,2.8
22678,2.5,2.0,1.5,2.0
6851,3.2,3.5,2.8,3.17
11281,3.5,3.2,2.8,3.17
20267,3.2,3.5,2.8,3.17
69348,2.8,3.1,3.5,3.13
45457,3.5,3.25,2.75,3.17
11454,3.2,3.5,2.1,2.93
22564,3.5,3.75,2.8,3.35
16857,3.5,3.8,2.7,3.33
28921,3.5,3.25,2.75,3.17
28028,2.5,2.8,3.2,2.83
8446,2.5,2.8,2.2,2.5
57329,3.5,3.8,2.2,3.17
3915,2.5,2.0,1.5,2.0
69234,2.5,2.8,3.1,2.8
10554,3.5,3.8,2.7,3.33
2561,3.2,3.5,2.8,3.17
16051,2.5,3.0,2.2,2.57
20133,3.5,3.2,2.8,3.17
10974,3.5,3.25,2.0,2.92
42768,2.5,2.8,2.2,2.5
24589,3.8,4.2,2.5,3.5
32899,3.1,3.3,2.8,3.07
37932,3.5,3.25,2.75,3.17
30785,3.2,3.5,2.1,2.93
61896,3.5,3.8,2.7,3.33
62752,3.2,3.5,2.8,3.17
43062,3.2,3.0,3.5,3.23
3478,2.1,2.3,4.5,2.97
40760,3.5,3.8,2.7,3.33
56155,2.5,2.8,3.1,2.8
62245,3.5,3.25,2.75,3.17
71301,2.5,2.0,1.5,2.0
32148,3.2,3.5,2.8,3.17
15367,2.5,2.0,3.5,2.67
65672,4.2,4.0,2.5,3.57
59615,3.5,3.8,2.2,3.17
19798,3.2,3.5,2.1,2.93
13745,2.5,3.0,3.75,3.08
27851,2.5,2.3,2.0,2.27
61264,2.8,3.1,2.5,2.8
36132,3.8,4.2,2.5,3.5
1479,3.2,3.5,3.0,3.23
71611,3.2,3.5,3.8,3.5
41198,4.2,4.0,2.5,3.57
22276,2.5,2.3,3.1,2.63
22949,2.5,2.8,2.2,2.5
6555,2.8,3.1,2.3,2.73
26716,2.5,2.8,2.2,2.5
63953,3.2,3.5,2.8,3.17
68248,2.1,2.3,4.5,2.97
64693,2.5,3.0,2.2,2.57
10839,3.5,3.25,2.75,3.17
18167,3.2,3.5,2.8,3.17
6075,3.2,3.5,2.1,2.93
57296,3.2,3.5,2.8,3.17
26648,3.5,3.2,2.1,2.93
35618,3.5,3.25,2.75,3.17
60949,3.8,3.9,2.5,3.4
39443,2.5,2.8,2.2,2.5
26541,2.5,2.8,3.1,2.8
70343,2.5,2.0,1.5,2.0
12216,3.5,3.8,2.2,3.17
2338,3.5,3.8,2.2,3.17
40579,2.5,3.0,1.5,2.33
58642,2.5,3.0,3.2,2.9
60933,3.2,3.5,2.8,3.17
16300,3.2,3.5,2.8,3.17
44515,2.8,3.1,2.5,2.8
54104,2.5,2.2,3.8,2.83
23996,2.5,3.0,2.2,2.57
41366,3.5,3.8,2.2,3.17
35925,3.5,3.8,2.2,3.17
55051,3.8,4.0,2.5,3.43
30816,3.5,3.25,2.75,3.17
3162,3.2,3.5,2.8,3.17
20704,2.8,3.1,3.5,3.13
51542,3.2,3.5,2.8,3.17
58169,3.25,3.5,3.75,3.5
12818,3.5,3.8,2.7,3.33
59253,4.2,4.0,2.5,3.57
46380,2.5,2.0,1.5,2.0
44502,2.5,2.2,3.0,2.57
18178,3.2,3.5,2.8,3.17
7282,2.5,3.0,2.2,2.57
41901,3.5,3.2,2.8,3.17
5216,2.1,2.3,3.5,2.63
29969,3.25,3.0,3.5,3.25
23352,3.5,3.8,2.2,3.17
341,3.5,3.8,2.2,3.17
8996,3.5,3.2,2.0,2.9
54146,2.5,2.8,3.2,2.83
24625,2.8,3.1,2.5,2.8
17580,2.5,2.8,3.7,3.0
25835,3.5,3.2,2.0,2.9
51792,2.8,3.1,2.5,2.8
38849,2.1,2.3,3.8,2.73
31747,2.5,2.8,3.1,2.8
10994,2.1,2.3,1.8,2.07
21293,2.8,3.1,3.5,3.13
62432,2.8,3.1,2.0,2.63
28514,3.5,3.25,2.75,3.17
48634,3.2,3.5,2.8,3.17
18012,3.2,3.5,3.8,3.5
8276,3.25,3.5,2.75,3.17
62106,3.2,3.5,2.8,3.17
26280,3.2,3.5,2.8,3.17
10598,3.5,3.8,2.2,3.17
12807,2.5,3.0,2.75,2.75
48389,2.8,3.1,2.5,2.8
61752,2.5,2.2,2.8,2.5
5572,4.2,3.8,2.5,3.5
41532,4.2,4.0,2.5,3.57
55570,3.8,4.0,2.5,3.43
49344,3.5,3.25,2.75,3.17
20477,2.5,3.0,2.2,2.57
66892,3.2,3.5,3.0,3.23
60920,3.5,3.8,2.2,3.17
16004,3.5,3.2,2.0,2.9
26634,3.5,3.8,2.2,3.17
20640,3.2,3.5,2.8,3.17
43154,2.8,3.1,3.5,3.13
16136,2.5,2.2,3.1,2.6
55418,3.8,4.0,2.5,3.43
50833,3.2,3.0,3.5,3.23
32666,3.2,3.5,2.8,3.17
60195,2.5,2.8,3.1,2.8
51283,3.5,3.8,2.7,3.33
14000,2.5,3.0,1.5,2.33
13986,2.5,3.0,2.2,2.57
33768,3.5,3.75,2.25,3.17
52615,3.2,3.5,3.0,3.23
20384,3.2,3.5,2.8,3.17
9971,2.5,2.8,2.2,2.5
45557,3.5,3.25,2.75,3.17
9762,3.5,3.25,2.1,2.95
17228,3.2,3.0,3.5,3.23
18421,3.25,3.5,2.75,3.17
42395,3.5,2.8,1.5,2.6
25600,2.5,2.8,2.2,2.5
3113,3.5,3.8,2.7,3.33
46942,2.5,2.0,3.5,2.67
62071,2.8,3.1,2.5,2.8
67082,2.5,2.3,3.8,2.87
60018,3.8,3.5,2.2,3.17
33250,3.5,3.2,2.0,2.9
63151,3.2,3.5,2.8,3.17
39167,3.2,3.5,2.8,3.17
58481,2.5,2.8,3.2,2.83
22997,2.5,2.3,3.1,2.63
8079,2.5,3.0,1.5,2.33
55626,3.5,3.8,3.2,3.5
35175,3.2,3.5,2.1,2.93
33951,2.5,2.3,3.1,2.63
57917,3.5,3.25,2.75,3.17
67644,3.5,3.8,2.7,3.33
9458,3.2,3.5,2.8,3.17
12651,2.8,3.1,3.5,3.13
42202,3.5,3.25,2.75,3.17
56754,3.2,3.5,2.8,3.17
39093,3.5,3.8,2.2,3.17
68927,3.5,3.8,3.2,3.5
29711,2.5,3.0,1.5,2.33
45956,2.5,3.0,2.2,2.57
56161,3.2,3.5,3.8,3.5
42542,3.5,3.8,2.2,3.17
22803,3.2,3.5,2.1,2.93
47481,3.2,3.5,2.1,2.93
22607,3.2,3.5,2.8,3.17
46013,2.1,2.3,4.5,2.97
33273,3.2,3.5,2.8,3.17
31683,3.2,3.5,2.1,2.93
58432,3.2,3.5,2.8,3.17
4109,2.8,3.1,2.3,2.73
28458,2.5,2.8,3.1,2.8
7748,2.8,3.1,2.5,2.8
4950,3.5,3.8,2.2,3.17
46704,3.2,3.5,2.8,3.17
20808,2.5,2.0,1.5,2.0
14593,3.2,3.5,2.1,2.93
9139,3.8,4.0,2.5,3.43
20479,3.2,3.5,3.0,3.23
39856,3.5,3.25,2.0,2.92
29770,3.5,3.25,2.75,3.17
64097,3.5,3.8,2.7,3.33
6731,3.2,3.5,2.1,2.93
45886,2.5,2.8,3.2,2.83
34519,3.8,4.0,2.5,3.43
40162,3.5,3.25,2.1,2.95
10042,3.2,3.5,2.8,3.17
6128,2.5,2.8,3.2,2.83
52129,3.2,3.5,2.8,3.17
8915,2.5,2.2,2.0,2.23
35253,3.5,3.25,2.75,3.17
58509,3.8,4.0,2.5,3.43
2254,3.5,3.8,2.7,3.33
11227,2.5,2.2,3.8,2.83
50907,3.2,3.5,2.8,3.17
66527,3.2,3.5,2.8,3.17
34323,2.5,2.3,2.0,2.27
61286,3.5,3.75,2.25,3.17
50958,3.5,3.25,2.75,3.17
26014,3.5,3.8,2.2,3.17
31424,2.8,2.5,3.1,2.8
57693,2.1,2.3,3.5,2.63
14243,3.2,2.8,3.5,3.17
53549,3.5,3.8,2.2,3.17
45719,3.5,3.8,2.2,3.17
64074,3.25,3.5,2.75,3.17
35812,3.5,3.8,2.2,3.17
22809,3.2,3.5,2.8,3.17
7616,3.2,3.5,2.1,2.93
69642,2.5,3.0,1.5,2.33
43010,3.2,3.5,2.8,3.17
60591,3.2,3.0,3.5,3.23
46511,2.8,2.5,2.2,2.5
70648,2.5,3.0,1.8,2.43
50470,3.6,3.8,2.5,3.3
28985,2.1,2.3,1.8,2.07
31578,2.1,2.0,1.5,1.87
37249,2.1,2.3,3.8,2.73
52321,3.25,3.5,3.75,3.5
31541,2.5,3.0,1.5,2.33
17420,3.2,3.5,2.8,3.17
16453,2.5,2.8,3.1,2.8
44650,2.5,2.0,1.5,2.0
8007,2.5,3.0,2.75,2.75
14456,3.2,3.5,2.8,3.17
12916,2.8,3.2,2.1,2.7
65136,2.5,3.0,3.2,2.9
72061,2.5,2.0,1.5,2.0
22063,3.2,3.5,2.8,3.17
12062,3.2,3.0,2.5,2.9
23582,2.5,2.3,3.8,2.87
17199,3.5,3.8,2.7,3.33
42207,3.2,3.5,3.8,3.5
22913,2.8,3.1,2.5,2.8
16604,3.2,3.5,2.8,3.17
12108,3.2,3.5,2.1,2.93
47749,2.8,3.1,2.5,2.8
52371,4.25,4.0,2.5,3.58
65204,3.2,3.5,2.8,3.17
35891,3.2,3.5,2.1,2.93
53525,3.5,3.75,2.8,3.35
42531,2.5,2.0,3.5,2.67
44819,3.5,3.75,2.8,3.35
512,2.5,2.2,4.0,2.9
56431,3.2,3.0,2.5,2.9
48974,3.2,3.5,3.8,3.5
27130,2.5,3.0,2.2,2.57
13250,2.8,3.1,3.5,3.13
34474,2.1,2.3,3.8,2.73
2481,3.5,3.25,3.75,3.5
49991,2.8,3.2,2.5,2.83
57496,4.2,4.0,2.5,3.57
14755,2.1,2.3,1.5,1.97
10867,2.5,2.8,1.7,2.33
24011,2.5,3.0,3.2,2.9
53375,3.5,3.8,2.2,3.17
42632,2.5,2.2,2.8,2.5
64933,3.2,2.8,2.5,2.83
15350,2.5,3.0,2.0,2.5
9789,2.5,2.2,3.8,2.83
62870,2.5,2.8,2.2,2.5
52185,3.5,3.8,2.2,3.17
14049,2.5,2.8,2.2,2.5
34132,2.5,2.8,3.2,2.83
46922,2.5,2.3,3.1,2.63
59168,3.5,3.8,2.7,3.33
37645,3.2,3.0,2.5,2.9
6427,2.8,3.1,2.3,2.73
7023,3.5,3.2,2.0,2.9
62423,3.5,3.8,2.2,3.17
56875,3.5,3.8,2.2,3.17
13893,2.5,2.8,2.2,2.5
6439,2.5,2.3,3.1,2.63
50703,2.5,2.3,3.8,2.87
2781,3.5,3.8,2.2,3.17
45008,2.5,2.3,4.2,3.0
12720,2.5,2.2,3.8,2.83
58550,3.5,3.25,2.0,2.92
14725,3.5,3.8,2.2,3.17
65089,2.5,3.0,2.2,2.57
30282,3.5,3.8,2.2,3.17
70132,2.5,2.3,3.8,2.87
24501,3.5,3.8,3.2,3.5
44410,3.2,3.5,2.1,2.93
16507,3.2,3.5,2.8,3.17
16793,3.6,3.8,2.9,3.43
57968,2.5,2.8,3.2,2.83
25495,3.2,3.0,2.8,3.0
45229,2.5,2.8,3.2,2.83
35650,3.5,3.8,2.2,3.17
22784,3.5,3.25,2.75,3.17
9329,3.2,3.0,2.5,2.9
44840,2.5,2.2,3.1,2.6
68884,2.5,2.2,3.8,2.83
26636,3.2,3.5,2.8,3.17
47691,3.5,3.8,2.2,3.17
66946,3.5,3.25,2.75,3.17
22079,2.5,3.0,1.5,2.33
46947,2.5,3.0,2.2,2.57
59527,2.5,2.8,3.7,3.0
4693,2.8,3.1,2.3,2.73
37597,2.5,2.25,3.75,2.83
59336,3.5,3.25,3.0,3.25
17093,2.5,2.3,2.7,2.5
60623,3.2,3.5,2.1,2.93
52165,3.65,3.8,2.9,3.45
48083,3.5,3.8,2.7,3.33
3394,2.1,2.3,1.8,2.07
5463,4.2,4.0,2.5,3.57
40438,3.5,3.25,3.75,3.5
56511,2.8,3.1,2.5,2.8
54058,3.2,3.5,2.8,3.17
38380,4.2,4.0,2.5,3.57
69449,4.2,4.0,2.5,3.57
21260,3.2,3.0,2.5,2.9
62308,3.2,3.0,2.5,2.9
22177,3.2,3.0,2.5,2.9
46406,2.5,3.0,2.0,2.5
36710,2.5,2.8,2.2,2.5
4346,2.5,2.2,3.1,2.6
32609,2.5,3.0,2.2,2.57
53497,3.5,3.8,2.2,3.17
2068,3.2,3.5,2.8,3.17
6830,3.2,3.5,2.8,3.17
4958,3.2,3.5,2.1,2.93
39447,3.5,3.8,2.7,3.33
8256,2.5,2.8,2.2,2.5
31033,3.2,3.0,2.5,2.9
46424,2.5,3.0,1.5,2.33
31758,1.5,2.0,1.0,1.5
65761,2.5,3.0,2.0,2.5
348,3.5,3.8,2.7,3.33
68473,2.8,3.1,3.5,3.13
60485,2.5,2.3,3.1,2.63
68397,2.8,3.1,2.2,2.7
38624,2.5,3.0,1.5,2.33
64547,3.5,3.8,2.2,3.17
58014,3.2,3.5,2.8,3.17
3167,3.2,3.5,2.8,3.17
50165,3.5,3.8,2.2,3.17
2613,3.5,3.8,2.2,3.17
4726,3.2,3.5,2.1,2.93
70675,3.5,3.8,2.2,3.17
2434,2.5,3.0,2.2,2.57
3500,3.65,3.8,2.5,3.32
6059,3.2,3.0,2.5,2.9
46433,3.8,4.0,2.5,3.43
59244,2.5,2.0,1.5,2.0
26972,3.2,3.5,2.8,3.17
34074,2.8,3.1,3.5,3.13
40047,2.5,2.0,3.5,2.67
39724,2.5,3.0,1.5,2.33
36442,3.5,3.25,2.75,3.17
10010,2.5,3.0,2.2,2.57
58041,2.8,3.1,3.5,3.13
12286,3.2,3.5,2.8,3.17
29067,3.5,3.8,2.2,3.17
49316,1.5,2.0,1.2,1.57
11075,2.5,2.3,3.8,2.87
44299,3.2,3.5,2.8,3.17
19021,2.5,3.0,3.5,3.0
30149,3.5,3.8,2.2,3.17
10423,2.5,2.0,1.5,2.0
30057,3.5,3.25,2.75,3.17
24888,2.5,2.2,3.8,2.83
24408,2.8,3.1,2.5,2.8
6646,3.2,3.5,2.8,3.17
31016,3.2,3.5,2.8,3.17
11427,2.5,3.0,2.0,2.5
60967,3.2,3.5,2.8,3.17
64264,3.5,3.8,2.2,3.17
55655,3.5,3.25,2.75,3.17
7243,2.8,3.1,2.5,2.8
70740,3.2,3.5,2.8,3.17
46645,3.2,3.8,1.5,2.83
43891,3.5,4.0,2.2,3.23
46816,3.5,3.25,2.75,3.17
7359,3.25,3.5,2.75,3.17
47785,3.2,3.5,2.8,3.17
20460,2.5,2.8,3.2,2.83
16320,2.5,2.8,2.2,2.5
7528,2.5,3.0,2.2,2.57
40550,3.5,3.8,2.2,3.17
33776,2.1,2.3,3.5,2.63
20546,2.5,2.8,2.2,2.5
7471,3.2,3.5,2.8,3.17
27754,3.8,4.0,2.5,3.43
34517,3.2,3.5,2.8,3.17
48470,3.2,2.8,2.5,2.83
69691,3.5,3.8,2.2,3.17
69810,3.5,3.25,2.75,3.17
897,2.5,3.0,2.2,2.57
63528,2.5,2.0,1.5,2.0
30055,3.5,3.25,2.75,3.17
1617,2.8,3.1,3.5,3.13
47718,3.8,4.2,2.5,3.5
36607,2.5,2.0,1.5,2.0
47629,3.5,3.8,2.7,3.33
24604,3.8,4.0,2.5,3.43
58548,3.2,3.5,2.1,2.93
15166,2.8,3.1,3.5,3.13
68665,3.5,3.8,2.2,3.17
31761,2.5,2.3,3.1,2.63
62335,3.2,3.5,2.8,3.17
41986,2.5,3.0,2.75,2.75
21677,3.2,3.5,3.8,3.5
4242,3.5,3.8,2.7,3.33
64520,3.2,3.5,2.8,3.17
55648,3.5,3.25,2.75,3.17
70906,3.2,3.0,2.1,2.77
48063,2.5,3.0,1.5,2.33
64101,3.2,3.5,2.8,3.17
70897,3.5,3.8,2.7,3.33
49285,3.2,3.5,2.1,2.93
52432,2.5,2.2,3.8,2.83
30060,3.2,3.5,2.8,3.17
12492,2.5,2.3,3.1,2.63
58336,3.2,3.5,2.1,2.93
71765,3.5,3.8,2.2,3.17
68857,2.5,3.0,2.0,2.5
35407,2.5,2.8,3.1,2.8
67271,2.5,2.3,1.8,2.2
61553,3.2,3.5,3.0,3.23
70166,2.8,2.5,2.2,2.5
60927,3.8,4.2,2.5,3.5
32420,3.5,3.8,2.7,3.33
70477,3.2,3.5,2.8,3.17
63947,3.5,3.8,3.2,3.5
38858,2.5,2.3,3.8,2.87
3768,2.5,2.3,2.7,2.5
18077,3.5,3.25,2.75,3.17
60898,3.5,3.8,2.2,3.17
25183,3.5,3.8,2.7,3.33
59436,3.5,3.8,2.2,3.17
53158,3.5,3.25,2.75,3.17
66058,4.2,4.0,2.5,3.57
49744,3.5,3.8,2.7,3.33
71418,3.5,3.8,2.2,3.17
51861,2.5,2.8,2.2,2.5
61370,3.2,3.5,2.8,3.17
5175,3.8,3.5,2.2,3.17
7129,2.5,2.3,3.1,2.63
13615,3.2,3.5,3.0,3.23
30336,3.5,3.8,2.7,3.33
44727,3.5,3.2,2.1,2.93
12752,3.5,3.25,2.0,2.92
9459,3.25,3.0,3.75,3.33
45777,3.8,4.0,2.5,3.43
47366,2.5,3.0,2.2,2.57
20044,2.8,3.1,3.5,3.13
319,3.2,3.5,2.8,3.17
43309,3.5,3.8,2.7,3.33
56206,2.5,2.0,3.75,2.75
24818,3.5,3.8,2.7,3.33
71389,2.1,2.3,3.5,2.63
13353,3.5,3.8,2.2,3.17
54579,3.5,3.0,2.0,2.83
58382,2.8,3.1,3.5,3.13
36167,3.5,3.25,2.0,2.92
39602,3.5,3.8,2.7,3.33
59767,2.5,2.8,3.2,2.83
49279,3.2,3.0,2.5,2.9
48004,4.2,4.0,2.5,3.57
43461,3.8,3.5,3.2,3.5
6867,2.5,2.8,3.1,2.8
2490,3.2,3.5,2.8,3.17
38713,3.5,3.25,3.75,3.5
29405,3.5,3.25,2.75,3.17
61934,2.5,2.8,3.2,2.83
36255,3.2,3.5,2.8,3.17
19944,2.5,2.8,3.1,2.8
18830,3.5,3.25,2.75,3.17
32529,4.2,4.0,1.5,3.23
1551,3.5,3.8,2.2,3.17
41568,3.8,4.0,3.2,3.67
47774,3.6,3.8,2.2,3.2
59289,2.5,2.3,3.8,2.87
13276,3.5,3.2,2.8,3.17
46292,3.5,3.2,2.0,2.9
36570,3.5,3.8,2.7,3.33
27602,2.8,3.1,2.2,2.7
15679,2.5,2.8,3.2,2.83
36528,2.5,2.2,3.1,2.6
71690,3.5,3.25,2.75,3.17
69952,2.5,2.8,3.2,2.83
61145,3.5,3.25,2.75,3.17
56212,3.5,3.25,2.75,3.17
18708,3.5,4.0,3.2,3.57
60348,2.8,3.1,2.5,2.8
19002,2.5,3.0,3.2,2.9
41882,3.2,3.5,2.8,3.17
47000,3.2,3.5,2.8,3.17
23315,3.8,3.5,2.2,3.17
70971,3.2,3.0,2.8,3.0
36316,3.2,3.5,3.8,3.5
53126,2.5,2.8,2.2,2.5
47768,2.8,3.1,2.5,2.8
23187,3.2,3.5,2.8,3.17
47125,2.5,3.0,2.2,2.57
50648,2.5,2.8,2.2,2.5
58663,3.5,3.8,2.7,3.33
4472,2.1,2.3,3.8,2.73
26475,3.2,3.5,2.1,2.93
26231,2.5,3.0,1.5,2.33
14805,3.5,3.8,2.7,3.33
27836,4.2,4.0,2.5,3.57
61331,3.2,3.5,2.8,3.17
38593,2.5,2.2,3.8,2.83
31668,3.2,3.5,2.8,3.17
55300,3.8,4.2,2.5,3.5
48050,2.5,3.0,2.2,2.57
16010,2.8,3.2,3.5,3.17
69214,2.5,2.8,3.7,3.0
54452,3.2,3.5,2.8,3.17
3750,3.5,3.8,2.2,3.17
38156,3.5,3.8,2.2,3.17
34397,3.5,3.75,2.25,3.17
70557,3.5,3.8,2.2,3.17
71120,2.5,2.2,3.8,2.83
31426,2.5,2.2,3.8,2.83
72032,2.5,2.3,3.1,2.63
49198,3.2,3.5,2.8,3.17
68965,3.6,3.8,2.5,3.3
11600,2.5,3.0,2.75,2.75
60855,2.8,3.2,3.5,3.17
3034,3.5,3.8,2.7,3.33
71009,3.5,3.8,2.2,3.17
3340,2.8,3.1,3.5,3.13
50661,2.5,2.3,2.0,2.27
71019,2.5,3.0,1.5,2.33
62987,3.5,3.25,2.0,2.92
7674,2.1,2.3,3.0,2.47
51143,2.5,3.0,2.2,2.57
1978,2.5,2.8,1.7,2.33
8745,3.2,3.5,2.8,3.17
12984,2.8,3.1,2.5,2.8
64011,4.2,4.0,2.5,3.57
25667,2.5,2.8,3.1,2.8
23409,2.5,3.0,2.2,2.57
55367,2.5,2.8,3.2,2.83
34924,2.5,2.3,1.8,2.2
67275,3.2,3.5,2.8,3.17
60081,3.5,3.8,2.2,3.17
58184,3.5,3.8,2.2,3.17
66274,4.2,3.8,2.5,3.5
15745,2.5,3.0,1.8,2.43
17544,3.5,3.25,2.0,2.92
58914,2.5,3.0,2.2,2.57
13640,2.5,2.2,4.0,2.9
26277,1.5,1.2,1.0,1.23
51011,3.2,3.5,2.8,3.17
19922,3.5,3.2,2.8,3.17
64956,2.5,3.0,2.0,2.5
64140,2.5,3.0,1.5,2.33
2928,3.5,3.25,2.75,3.17
1091,2.8,3.1,2.5,2.8
32988,4.2,4.5,2.1,3.6
55954,3.5,3.75,2.25,3.17
6751,3.5,3.8,2.2,3.17
17472,2.5,2.0,3.0,2.5
30366,2.8,3.1,3.5,3.13
9118,3.2,3.5,3.0,3.23
41260,3.5,3.25,2.0,2.92
11490,3.8,3.5,2.2,3.17
32260,2.5,3.0,2.2,2.57
24028,3.5,3.25,2.75,3.17
58940,3.8,3.5,2.2,3.17
45657,2.5,3.0,3.2,2.9
24208,3.25,3.5,2.75,3.17
23684,2.5,2.8,2.2,2.5
46189,3.2,3.5,2.8,3.17
44654,2.5,2.2,4.0,2.9
59602,3.5,3.75,3.25,3.5
6893,2.5,2.0,1.5,2.0
7397,2.8,3.1,3.5,3.13
42032,3.5,3.2,2.1,2.93
51135,3.6,3.8,2.9,3.43
9696,2.1,2.3,4.5,2.97
19445,3.5,3.8,2.2,3.17
56034,2.5,2.0,2.25,2.25
56268,3.5,3.25,2.75,3.17
54240,2.5,2.3,2.0,2.27
11200,3.5,3.2,2.1,2.93
35093,3.2,3.5,2.8,3.17
4852,3.2,3.5,2.1,2.93
53915,2.5,2.0,1.5,2.0
44877,2.5,3.0,2.2,2.57
12898,3.5,3.25,2.0,2.92
27100,3.5,3.8,2.2,3.17
21506,3.2,3.0,3.5,3.23
14004,3.5,3.8,2.2,3.17
29039,2.8,3.1,2.5,2.8
23479,2.5,3.0,2.2,2.57
62109,3.5,3.25,2.0,2.92
56130,2.5,3.0,2.2,2.57
50766,3.2,3.5,2.8,3.17
28190,4.2,4.0,2.5,3.57
13551,3.2,3.5,2.8,3.17
40850,2.5,2.8,3.1,2.8
53283,2.5,2.8,2.2,2.5
10562,2.5,2.8,3.2,2.83
14451,2.8,3.1,3.5,3.13
8131,3.2,3.5,2.8,3.17
53699,3.2,3.5,2.1,2.93
28192,3.5,3.8,2.2,3.17
53880,3.2,3.5,2.8,3.17
66230,2.5,2.2,4.0,2.9
53680,3.5,3.25,2.75,3.17
68640,3.2,3.5,2.8,3.17
17262,2.5,3.0,2.2,2.57
11262,2.8,3.1,2.5,2.8
29577,2.5,3.0,2.2,2.57
52955,3.5,3.8,2.2,3.17
35727,3.2,3.8,2.5,3.17
68661,2.5,2.8,2.2,2.5
35356,3.2,3.5,2.8,3.17
4372,3.5,3.8,2.2,3.17
68186,3.5,3.8,2.7,3.33
16658,3.5,4.0,2.75,3.42
9841,3.8,4.2,2.5,3.5
42157,3.2,3.5,2.8,3.17
49399,3.2,3.5,2.8,3.17
45223,3.5,3.25,2.75,3.17
68493,2.8,3.1,3.5,3.13
22593,3.5,3.25,2.75,3.17
23361,3.5,3.8,2.7,3.33
432,2.5,2.3,3.1,2.63
40394,3.2,3.5,2.8,3.17
47097,3.2,3.5,2.8,3.17
57135,3.5,3.8,2.7,3.33
11414,3.2,3.5,2.8,3.17
12668,3.5,3.8,2.2,3.17
67036,2.5,2.8,2.2,2.5
70963,2.8,2.5,2.2,2.5
30354,3.5,3.8,2.7,3.33
32363,2.5,2.8,2.2,2.5
42533,3.2,3.5,2.8,3.17
362,3.8,4.2,2.5,3.5
59232,2.5,2.3,3.8,2.87
2060,2.5,2.8,2.2,2.5
1120,3.2,3.5,2.8,3.17
33219,3.5,3.25,2.75,3.17
55277,2.5,2.8,3.1,2.8
33545,2.5,2.8,3.1,2.8
33756,3.5,3.25,2.0,2.92
5129,3.25,3.5,2.75,3.17
30188,2.5,3.0,1.8,2.43
25849,3.5,3.8,2.2,3.17
43240,3.2,3.0,2.5,2.9
28500,3.5,3.8,2.7,3.33
63579,3.2,3.5,3.0,3.23
14129,3.2,3.5,2.8,3.17
51331,3.2,3.5,2.8,3.17
27235,3.2,3.5,2.8,3.17
35792,3.8,4.2,2.5,3.5
63793,3.5,3.8,2.2,3.17
1195,2.8,3.1,2.5,2.8
4673,3.5,3.8,2.2,3.17
28798,3.5,3.25,3.75,3.5
69397,3.5,3.8,2.7,3.33
20240,2.8,3.1,2.2,2.7
32891,2.5,2.0,1.5,2.0
36164,3.5,3.2,2.0,2.9
53457,3.2,3.5,2.8,3.17
19178,3.5,3.2,2.1,2.93
72137,3.2,3.5,3.8,3.5
58274,4.2,3.8,2.5,3.5
3545,3.5,3.8,2.7,3.33
44490,2.5,3.0,3.2,2.9
54840,3.5,3.25,2.75,3.17
5043,3.2,3.5,2.8,3.17
51316,3.2,3.5,2.8,3.17
55456,2.5,2.8,3.1,2.8
25225,3.8,4.0,2.5,3.43
37728,2.8,3.2,2.1,2.7
26109,4.2,4.0,2.5,3.57
47861,2.1,2.3,2.5,2.3
20308,3.2,3.5,2.8,3.17
3834,3.5,3.8,3.2,3.5
30832,2.5,2.2,3.1,2.6
49957,2.5,2.3,2.7,2.5
32087,3.5,3.25,2.0,2.92
39831,3.5,3.25,2.75,3.17
45925,3.5,4.0,2.2,3.23
18803,2.5,2.8,3.2,2.83
23889,3.5,3.75,2.25,3.17
5314,3.5,3.25,2.75,3.17
19258,2.5,2.8,3.1,2.8
48386,3.5,3.8,2.7,3.33
45871,3.5,3.25,2.75,3.17
70925,2.8,3.2,2.5,2.83
62793,3.2,3.5,2.8,3.17
23596,3.5,3.8,2.7,3.33
19230,3.5,3.25,2.75,3.17
30619,3.5,3.25,2.75,3.17
55578,3.6,3.8,2.5,3.3
56666,3.2,3.0,2.5,2.9
44689,3.5,4.0,2.2,3.23
19032,3.5,3.8,2.2,3.17
66416,3.5,3.8,2.2,3.17
916,3.5,3.8,2.7,3.33
19730,3.6,3.8,2.5,3.3
53402,3.2,3.5,2.8,3.17
47360,3.5,3.8,2.7,3.33
20671,3.5,3.8,2.2,3.17
31187,2.5,2.3,3.1,2.63
1453,3.2,3.5,2.8,3.17
46880,3.2,3.5,2.1,2.93
4531,2.8,3.1,2.5,2.8
57595,2.8,3.1,2.5,2.8
17917,3.5,3.8,2.2,3.17
22454,3.8,3.9,2.5,3.4
31194,2.1,2.3,1.5,1.97
65414,2.5,2.25,3.75,2.83
19755,3.2,3.5,2.8,3.17
581,2.5,2.8,2.2,2.5
69644,3.5,4.0,2.2,3.23
60573,3.5,3.8,2.2,3.17
7427,3.5,3.8,2.2,3.17
37528,3.5,4.0,2.75,3.42
37350,2.8,3.2,2.5,2.83
3025,3.5,3.8,2.2,3.17
39446,2.5,2.8,2.2,2.5
59307,3.5,3.25,2.0,2.92
6425,3.5,3.8,2.2,3.17
52054,2.1,2.3,1.5,1.97
58831,2.5,2.2,3.0,2.57
28345,1.0,1.5,1.0,1.17
20255,2.5,2.8,3.2,2.83
61489,2.5,2.3,3.1,2.63
6914,3.2,3.5,2.8,3.17
17177,3.5,3.8,2.7,3.33
18790,2.5,2.2,2.0,2.23
22492,3.5,3.8,2.2,3.17
11721,2.5,2.2,1.8,2.17
60375,3.5,3.8,1.5,2.93
50400,3.5,3.25,2.75,3.17
50704,3.5,3.25,2.75,3.17
27874,2.5,3.0,1.5,2.33
49970,3.5,3.8,2.7,3.33
47502,4.2,3.8,2.1,3.37
50423,3.5,3.8,2.2,3.17
25489,3.5,3.8,2.7,3.33
68807,2.5,2.0,2.25,2.25
8318,3.2,3.5,3.0,3.23
6619,3.5,3.8,2.2,3.17
55507,2.8,3.1,3.5,3.13
11715,2.8,3.1,2.5,2.8
71073,3.5,3.25,2.75,3.17
15321,2.8,3.1,3.5,3.13
55554,3.5,3.2,2.1,2.93
69055,3.25,3.5,2.75,3.17
4162,3.5,3.2,2.8,3.17
71137,3.2,3.8,2.5,3.17
43304,3.6,3.8,2.5,3.3
65840,2.5,3.0,2.0,2.5
49906,3.2,3.5,2.8,3.17
41111,2.8,3.2,2.1,2.7
57106,3.8,4.2,2.5,3.5
52965,3.2,3.5,2.8,3.17
7433,3.5,3.25,2.75,3.17
22444,2.5,3.0,2.2,2.57
35810,3.5,4.0,2.2,3.23
42635,2.5,3.0,1.5,2.33
41433,3.5,3.8,2.2,3.17
19194,3.8,4.2,2.5,3.5
21047,2.8,3.1,2.5,2.8
23013,3.5,3.8,2.2,3.17
25157,2.5,2.8,3.2,2.83
70357,2.5,3.0,2.2,2.57
37175,3.5,3.8,2.7,3.33
66943,3.5,3.25,2.75,3.17
10990,3.5,3.8,2.7,3.33
281,3.25,3.5,3.0,3.25
37468,3.5,3.25,2.0,2.92
24931,2.5,3.0,2.2,2.57
59097,4.2,3.8,2.5,3.5
54428,3.5,3.8,2.2,3.17
23626,3.5,3.8,2.7,3.33
60084,2.8,3.1,2.5,2.8
23730,3.5,3.8,2.2,3.17
14423,3.2,3.5,2.8,3.17
21965,3.5,3.8,2.2,3.17
3920,3.5,3.8,2.7,3.33
50710,2.5,2.3,3.1,2.63
6629,3.2,3.5,2.8,3.17
55537,3.2,3.5,2.8,3.17
31774,3.5,3.8,2.7,3.33
40368,2.1,2.3,1.5,1.97
26507,3.2,3.5,2.8,3.17
38412,2.5,2.8,3.2,2.83
36940,2.0,2.5,1.0,1.83
7716,3.5,3.2,2.1,2.93
94,3.2,3.5,2.8,3.17
50136,3.2,3.5,2.1,2.93
66850,3.25,3.5,3.75,3.5
64436,3.5,3.8,2.2,3.17
8702,2.5,2.3,3.1,2.63
57642,3.2,3.5,2.8,3.17
30863,2.8,3.1,3.5,3.13
36245,3.5,3.8,2.2,3.17
50373,3.8,4.0,2.5,3.43
59105,3.2,3.5,2.8,3.17
47804,3.2,3.0,2.5,2.9
70729,3.5,3.8,2.2,3.17
45545,2.8,3.1,2.2,2.7
44781,3.2,3.5,2.8,3.17
52350,4.2,3.8,2.1,3.37
56605,3.5,3.2,3.8,3.5
61972,2.8,3.1,3.5,3.13
12593,3.5,3.25,2.75,3.17
44487,3.5,3.2,2.1,2.93
17351,2.5,3.0,3.2,2.9
39997,3.8,3.9,2.5,3.4
4033,3.2,3.5,3.0,3.23
64614,3.2,3.5,2.8,3.17
12831,3.5,3.25,2.0,2.92
26443,3.5,3.8,3.2,3.5
44363,3.5,3.25,2.75,3.17
45649,2.5,2.2,2.8,2.5
36333,3.2,3.5,2.8,3.17
58633,3.2,3.5,2.8,3.17
12638,2.5,3.0,1.5,2.33
46903,2.5,3.0,2.2,2.57
35807,3.5,4.0,2.2,3.23
4421,2.5,2.0,3.0,2.5
8068,3.5,3.25,2.0,2.92
9019,3.2,3.5,2.8,3.17
69174,2.5,3.0,2.0,2.5
22808,3.2,3.5,2.8,3.17
29494,2.8,3.1,2.5,2.8
39216,2.5,2.8,3.2,2.83
7217,3.5,3.25,2.75,3.17
30322,2.5,2.0,1.5,2.0
61135,3.5,3.25,2.1,2.95
64650,3.5,3.0,2.0,2.83
29162,3.8,4.2,2.5,3.5
4061,3.5,3.8,2.7,3.33
2124,3.5,3.25,2.75,3.17
38070,2.5,3.0,2.2,2.57
29695,3.2,3.5,2.8,3.17
50476,3.2,3.5,2.8,3.17
66377,2.8,3.1,3.5,3.13
55669,3.2,3.5,2.8,3.17
44260,3.2,3.5,3.8,3.5
8625,3.5,3.25,2.75,3.17
40753,3.5,3.8,2.7,3.33
68432,2.5,2.8,3.2,2.83
52757,3.8,4.0,2.5,3.43
40000,3.2,3.5,2.8,3.17
16074,2.5,2.8,2.2,2.5
57792,2.8,3.1,2.5,2.8
4320,3.5,3.2,2.8,3.17
17595,2.5,2.2,3.8,2.83
22139,2.5,2.0,1.5,2.0
61465,3.5,3.8,2.2,3.17
4868,2.5,3.0,1.5,2.33
56105,3.2,3.8,2.5,3.17
46188,2.8,3.1,4.25,3.38
19036,4.2,4.0,2.5,3.57
36179,3.5,3.2,2.8,3.17
71193,3.2,3.5,2.1,2.93
31670,2.1,2.5,3.0,2.53
39951,3.2,3.5,2.1,2.93
11643,3.5,3.8,2.2,3.17
22077,3.5,3.8,2.2,3.17
40134,3.2,3.5,2.8,3.17
48975,3.2,3.5,3.8,3.5
57146,3.5,3.25,2.75,3.17
23566,3.5,3.25,2.75,3.17
70227,3.2,3.5,3.0,3.23
16050,3.2,3.5,2.8,3.17
66866,2.5,2.8,3.2,2.83
6772,3.2,3.5,2.8,3.17
55802,2.5,3.0,1.5,2.33
52906,3.5,3.8,2.2,3.17
57069,3.2,3.5,2.8,3.17
62562,2.5,2.8,1.7,2.33
2106,2.8,3.1,3.5,3.13
57528,3.5,4.0,2.2,3.23
58486,3.2,3.5,2.8,3.17
18264,3.5,3.8,2.2,3.17
70138,3.5,3.8,2.2,3.17
17653,4.2,4.0,2.5,3.57
56730,2.5,3.0,1.5,2.33
39857,3.5,3.0,1.5,2.67
51873,2.5,2.8,3.1,2.8
34254,2.8,3.1,2.3,2.73
15692,2.8,3.1,3.5,3.13
6693,3.5,3.75,2.25,3.17
56793,2.5,2.8,3.1,2.8
35572,3.5,3.2,1.8,2.83
58086,3.2,3.8,2.5,3.17
62222,3.5,3.8,2.2,3.17
43915,2.8,3.1,3.5,3.13
50406,2.5,2.8,2.2,2.5
20782,3.2,3.5,2.1,2.93
35230,2.5,2.3,2.7,2.5
71548,3.2,3.5,2.8,3.17
35350,3.2,3.5,2.8,3.17
711,3.5,3.8,3.2,3.5
60762,3.2,3.5,2.8,3.17
21547,3.5,3.2,2.8,3.17
32471,3.5,3.8,2.2,3.17
47403,2.5,2.3,2.7,2.5
53646,3.2,3.5,2.8,3.17
20098,3.2,3.5,2.8,3.17
20936,2.8,3.1,3.5,3.13
19696,3.25,3.5,2.75,3.17
66060,3.5,3.8,2.2,3.17
72050,2.5,2.8,2.2,2.5
57108,4.2,4.0,2.5,3.57
13413,3.5,3.75,2.25,3.17
37891,3.5,3.8,2.2,3.17
3056,3.2,3.5,2.8,3.17
30653,3.5,3.25,2.75,3.17
7057,3.5,3.25,2.75,3.17
60785,3.5,3.2,2.8,3.17
39648,2.8,3.1,2.5,2.8
29344,3.2,3.5,2.8,3.17
51372,2.5,2.0,4.2,2.9
22209,2.5,2.0,1.5,2.0
17865,3.5,3.8,2.7,3.33
18792,3.5,3.2,2.1,2.93
23628,3.2,3.5,2.8,3.17
10210,3.2,3.0,2.5,2.9
51107,3.2,3.5,2.8,3.17
6057,3.5,3.8,2.7,3.33
26914,2.5,2.8,3.2,2.83
10814,3.5,3.8,2.7,3.33
40433,2.8,3.1,3.5,3.13
43015,2.5,2.3,3.8,2.87
43078,2.8,3.2,2.1,2.7
46006,3.8,4.2,2.5,3.5
63274,3.2,3.0,3.5,3.23
10362,3.5,3.25,2.1,2.95
50139,3.2,3.5,2.8,3.17
42760,2.5,2.3,3.1,2.63
25960,3.2,3.5,2.8,3.17
24566,3.2,3.5,2.8,3.17
8035,2.5,2.8,2.2,2.5
53643,3.5,3.8,2.2,3.17
41559,2.1,2.3,2.0,2.13
8801,3.5,3.25,2.75,3.17
37270,2.5,2.8,1.9,2.4
39379,3.6,3.8,2.2,3.2
15316,3.5,3.8,2.2,3.17
49670,3.5,3.8,2.2,3.17
49590,2.5,3.0,1.8,2.43
66549,2.1,2.3,4.5,2.97
2638,2.5,3.0,2.0,2.5
46244,3.2,3.5,3.8,3.5
28650,4.2,4.0,2.5,3.57
68447,3.8,4.0,2.5,3.43
9931,2.5,2.8,1.5,2.27
46893,3.5,3.2,2.1,2.93
6414,3.5,3.8,2.2,3.17
64492,3.6,3.8,2.9,3.43
69728,3.8,4.2,2.5,3.5
1324,3.6,3.8,2.5,3.3
22498,3.5,3.25,2.75,3.17
19960,3.2,3.5,2.1,2.93
13672,1.5,2.0,1.0,1.5
53188,2.5,2.2,3.8,2.83
33354,3.25,3.5,2.75,3.17
12436,3.2,3.5,2.8,3.17
19746,3.5,3.25,2.0,2.92
12144,2.5,2.3,3.1,2.63
54165,3.5,3.8,2.2,3.17
48178,3.5,3.8,2.75,3.35
65321,2.5,2.8,3.1,2.8
49806,1.5,2.0,1.0,1.5
9751,2.1,2.3,4.5,2.97
32214,3.5,3.8,2.2,3.17
15886,3.2,3.5,2.8,3.17
13248,3.5,3.8,2.2,3.17
17325,3.2,3.5,2.8,3.17
37704,3.2,3.5,2.8,3.17
2204,2.5,3.0,2.2,2.57
20881,2.5,2.8,1.7,2.33
54474,3.5,3.75,2.25,3.17
29061,3.2,3.5,3.8,3.5
50349,2.5,2.8,2.2,2.5
7236,3.2,3.5,2.1,2.93
55790,2.8,3.2,2.5,2.83
56333,2.5,3.0,2.0,2.5
49267,2.8,3.1,3.5,3.13
47825,2.5,2.3,3.1,2.63
61997,3.5,3.8,2.2,3.17
47201,3.2,3.5,2.8,3.17
67579,2.8,3.1,3.5,3.13
66923,3.8,4.0,2.5,3.43
59535,3.8,3.9,2.5,3.4
48250,3.5,3.8,2.2,3.17
34086,3.5,3.8,2.2,3.17
68472,2.5,3.0,3.2,2.9
16250,2.5,3.0,2.2,2.57
60779,2.5,2.0,2.25,2.25
29997,2.5,3.0,2.2,2.57
31605,2.8,3.2,2.5,2.83
34604,3.5,3.25,2.75,3.17
35247,3.8,4.2,2.5,3.5
64148,2.5,2.8,2.2,2.5
14514,3.5,3.8,2.2,3.17
60125,2.8,3.1,3.5,3.13
38396,2.5,2.3,2.7,2.5
65656,2.5,3.0,1.5,2.33
4645,3.8,4.0,2.5,3.43
14339,3.2,3.0,3.5,3.23
29598,2.5,3.0,1.5,2.33
41238,2.5,2.2,3.0,2.57
18980,3.2,3.5,3.0,3.23
18170,3.2,3.5,2.8,3.17
56006,2.5,2.8,2.0,2.43
2840,3.6,3.85,2.75,3.4
32080,2.8,3.1,3.5,3.13
44892,3.5,3.25,2.75,3.17
37511,2.5,2.8,2.2,2.5
44743,4.2,4.0,2.5,3.57
24078,3.2,3.5,2.1,2.93
56087,2.8,3.1,2.5,2.8
24030,3.25,3.5,2.75,3.17
50405,2.8,3.1,2.5,2.8
13887,2.5,3.0,3.25,2.92
17350,2.8,3.1,2.5,2.8
47770,3.5,3.8,2.2,3.17
9941,2.8,3.1,2.5,2.8
51530,3.2,3.5,2.8,3.17
45004,3.5,3.8,2.2,3.17
15883,2.5,2.0,3.5,2.67
42088,2.5,2.8,3.1,2.8
57898,3.5,3.8,2.2,3.17
55588,2.8,3.2,2.1,2.7
4991,2.8,3.1,2.5,2.8
62049,2.5,3.0,3.75,3.08
56765,3.2,3.5,2.8,3.17
29250,3.2,3.5,2.8,3.17
3838,2.8,3.1,3.5,3.13
50201,2.8,3.1,2.5,2.8
31115,2.5,2.8,3.2,2.83
27387,2.5,2.8,3.7,3.0
68157,3.5,3.0,2.2,2.9
48,2.5,2.8,3.1,2.8
7181,2.5,2.3,3.8,2.87
33660,3.2,3.5,2.8,3.17
18668,2.5,2.2,2.8,2.5
50545,3.2,3.5,2.1,2.93
47229,2.8,3.2,2.1,2.7
42940,2.5,3.0,1.8,2.43
44425,2.5,3.0,1.5,2.33
58226,2.8,3.1,2.3,2.73
51729,3.2,3.5,2.8,3.17
68700,2.8,3.1,2.5,2.8
42700,3.2,3.5,2.8,3.17
63312,2.5,3.0,1.5,2.33
22147,3.5,4.0,2.2,3.23
50236,3.5,3.8,2.2,3.17
25604,3.2,3.5,2.8,3.17
56884,3.8,4.0,2.5,3.43
29448,3.25,3.5,2.75,3.17
23030,3.5,3.25,2.0,2.92
10095,3.2,3.5,3.8,3.5
17906,3.2,3.5,2.8,3.17
11587,3.2,3.5,2.8,3.17
40846,2.8,3.1,3.5,3.13
51312,3.5,3.8,2.75,3.35
62578,3.5,3.8,2.7,3.33
17889,3.5,3.25,2.75,3.17
58776,2.5,2.8,3.2,2.83
23922,3.5,3.8,2.7,3.33
62759,3.2,3.5,2.8,3.17
50607,2.5,3.0,2.2,2.57
37564,3.5,3.8,2.7,3.33
66210,2.5,2.0,4.2,2.9
13029,3.5,3.25,2.75,3.17
32378,2.5,2.8,3.2,2.83
33396,2.8,3.1,2.5,2.8
47080,3.8,3.5,2.2,3.17
63184,2.5,3.0,2.2,2.57
52094,3.2,3.5,2.8,3.17
24235,2.5,3.0,2.2,2.57
10755,3.2,3.5,2.1,2.93
52304,3.2,3.5,2.8,3.17
23518,2.5,2.8,1.9,2.4
55672,3.2,3.5,2.1,2.93
28892,3.5,3.25,2.75,3.17
2704,2.8,2.5,3.1,2.8
62170,3.2,3.0,2.5,2.9
14531,2.5,2.8,2.2,2.5
30541,2.5,2.3,3.1,2.63
30054,4.2,4.0,2.5,3.57
43591,3.8,4.2,2.5,3.5
72129,3.5,3.8,2.2,3.17
317,3.2,3.5,2.8,3.17
60675,2.5,3.0,2.0,2.5
10385,,,,
68612,1.0,1.0,1.0,1.0
55410,3.2,3.5,2.8,3.17
32347,2.5,2.3,2.0,2.27
68434,4.2,4.0,2.5,3.57
36362,3.5,3.25,2.1,2.95
66745,3.2,3.5,2.1,2.93
4762,3.5,3.8,2.7,3.33
66423,2.1,2.3,1.5,1.97
11929,3.5,3.25,2.1,2.95
64930,3.5,3.8,2.7,3.33
8225,2.5,2.8,3.1,2.8
749,3.2,3.5,2.8,3.17
32164,2.5,2.2,3.1,2.6
6504,2.5,2.0,1.5,2.0
69376,2.8,3.1,3.5,3.13
54507,,,,
41769,2.5,2.3,3.1,2.63
41471,3.2,3.5,2.8,3.17
62608,3.2,3.5,2.8,3.17
12360,2.5,2.8,3.2,2.83
52730,3.2,3.0,2.5,2.9
19070,2.8,3.1,2.2,2.7
4192,3.2,3.5,2.8,3.17
2050,2.1,2.3,3.5,2.63
51422,3.2,3.5,2.8,3.17
71253,3.5,3.2,2.0,2.9
9777,3.2,3.5,2.8,3.17
32466,3.5,3.75,2.8,3.35
40678,3.2,3.5,2.8,3.17
61786,2.5,2.8,2.2,2.5
63752,3.5,3.8,2.7,3.33
37522,2.5,3.0,2.2,2.57
59112,2.8,3.1,3.5,3.13
13743,2.8,3.1,2.5,2.8
7490,3.5,3.0,2.2,2.9
44511,3.5,3.2,1.8,2.83
3,3.2,3.5,2.1,2.93
47368,3.8,4.0,2.2,3.33
57953,2.5,2.8,2.2,2.5
54852,3.2,3.5,2.8,3.17
31056,3.2,3.5,2.8,3.17
8832,3.25,3.5,2.75,3.17
45529,2.5,2.8,2.2,2.5
66707,3.2,3.5,2.8,3.17
23982,4.2,3.8,2.5,3.5
48133,3.8,4.0,2.5,3.43
55375,3.2,3.5,3.8,3.5
68058,3.5,3.25,2.75,3.17
62757,3.8,3.5,2.2,3.17
6252,4.2,3.8,2.5,3.5
7914,3.2,3.5,2.8,3.17
14428,3.5,3.25,2.75,3.17
20025,2.5,3.0,2.2,2.57
28820,3.5,3.25,2.0,2.92
65501,3.5,3.2,2.8,3.17
12056,2.5,3.0,1.8,2.43
32727,3.5,3.25,2.75,3.17
35010,3.5,3.8,2.7,3.33
51376,2.5,2.3,3.1,2.63
4540,3.5,3.8,2.2,3.17
65600,2.8,3.1,2.5,2.8
21191,3.5,3.25,2.75,3.17
47747,3.2,3.5,3.0,3.23
49976,2.8,3.1,3.5,3.13
35957,2.1,2.3,1.5,1.97
70784,3.5,3.25,3.0,3.25
49282,2.5,3.0,1.5,2.33
17822,3.2,3.5,2.8,3.17
61685,4.2,4.0,2.5,3.57
59682,3.2,3.5,2.8,3.17
30574,2.5,2.0,1.5,2.0
56674,3.5,3.0,1.5,2.67
70064,3.25,3.0,3.5,3.25
5697,2.8,3.1,3.5,3.13
12097,3.2,3.5,2.8,3.17
28202,2.5,2.8,3.1,2.8
37518,2.5,3.0,2.2,2.57
15806,2.5,2.8,2.2,2.5
42980,3.8,4.0,2.5,3.43
25945,2.5,3.0,2.2,2.57
34791,3.2,3.5,2.1,2.93
69727,3.5,3.25,2.75,3.17
7870,2.5,2.0,1.5,2.0
30205,3.2,2.85,3.5,3.18
24520,2.5,2.8,2.2,2.5
44773,3.2,3.5,3.0,3.23
30187,3.5,3.8,2.2,3.17
21818,3.5,3.8,2.7,3.33
17536,3.5,3.25,2.0,2.92
34948,2.5,3.0,3.2,2.9
61848,4.5,4.2,1.8,3.5
12493,3.2,3.5,2.8,3.17
8956,2.5,2.3,3.1,2.63
23583,3.2,3.5,2.8,3.17
16214,3.5,3.8,2.7,3.33
39495,2.5,3.2,2.0,2.57
43549,3.2,3.5,2.8,3.17
11645,1.5,2.0,1.2,1.57
62720,3.5,3.2,2.0,2.9
42007,2.8,3.1,2.5,2.8
43163,2.5,2.8,2.2,2.5
20419,2.5,3.0,2.25,2.58
9622,3.2,3.5,2.1,2.93
32790,2.5,2.0,3.0,2.5
42066,3.2,3.5,3.0,3.23
58435,2.5,2.8,2.2,2.5
44678,3.5,3.8,2.2,3.17
30711,3.2,3.0,3.5,3.23
61254,2.5,2.8,3.2,2.83
31929,2.5,2.3,3.8,2.87
19612,3.2,3.0,2.5,2.9
60843,3.2,3.5,2.8,3.17
16576,2.5,3.0,3.2,2.9
64277,2.5,2.8,3.7,3.0
44211,3.2,3.5,3.0,3.23
54765,2.5,2.2,2.0,2.23
18868,3.8,4.0,2.5,3.43
69795,2.8,3.2,2.5,2.83
57928,4.2,4.0,2.5,3.57
12423,3.5,3.8,2.2,3.17
40479,2.5,3.0,3.75,3.08
35818,3.5,3.8,2.2,3.17
57210,3.2,3.0,2.5,2.9
44597,4.5,4.2,1.8,3.5
17760,3.2,3.5,2.8,3.17
10245,3.2,3.5,2.1,2.93
7140,3.5,3.25,2.75,3.17
12932,4.2,4.5,2.8,3.83
55488,2.8,3.1,2.5,2.8
49223,2.5,3.0,1.5,2.33
15833,3.5,3.8,2.2,3.17
65830,4.2,4.0,2.5,3.57
40973,2.8,3.2,3.5,3.17
13067,2.5,2.3,3.1,2.63
16906,2.5,3.0,1.8,2.43
44482,2.5,2.8,3.2,2.83
60617,4.2,4.0,2.5,3.57
9643,2.8,3.1,2.5,2.8
59303,3.5,3.8,2.2,3.17
30838,2.5,2.8,2.2,2.5
11475,3.2,3.5,2.8,3.17
48144,3.5,3.8,2.7,3.33
60128,2.5,2.2,3.1,2.6
30818,3.5,3.8,2.2,3.17
52179,3.5,3.8,2.2,3.17
71839,2.5,3.0,1.5,2.33
31435,2.5,2.75,2.25,2.5
23470,2.5,2.0,3.0,2.5
2297,3.5,3.8,2.7,3.33
29211,3.5,3.8,2.7,3.33
28549,3.6,3.8,2.9,3.43
70325,4.5,4.2,2.1,3.6
70693,2.5,2.8,2.2,2.5
61048,2.5,3.0,3.2,2.9
39327,2.5,2.8,2.2,2.5
54414,3.2,3.0,2.5,2.9
17871,3.1,3.5,2.8,3.13
28277,3.5,3.25,2.75,3.17
20026,3.5,3.8,2.2,3.17
20629,2.8,3.1,2.5,2.8
28335,2.5,2.8,2.2,2.5
17675,2.5,2.3,2.7,2.5
11003,2.8,3.1,3.5,3.13
5113,3.5,3.8,2.2,3.17
4702,3.5,3.8,2.7,3.33
44083,1.5,2.0,1.2,1.57
16863,2.5,2.8,1.7,2.33
23870,3.5,3.8,2.7,3.33
45944,3.2,3.5,2.8,3.17
33437,2.5,2.8,3.1,2.8
46367,3.2,3.5,2.8,3.17
31248,3.2,3.5,2.8,3.17
28173,3.2,3.8,3.5,3.5
19458,3.2,2.8,3.5,3.17
5662,2.1,2.3,3.8,2.73
6306,3.2,3.0,2.5,2.9
67529,3.5,4.0,2.2,3.23
47934,2.5,2.8,1.5,2.27
26386,3.2,3.5,2.8,3.17
21576,3.25,3.5,2.75,3.17
1478,3.5,4.0,2.75,3.42
30773,1.5,2.0,1.0,1.5
50483,3.5,3.75,2.8,3.35
3270,2.5,2.0,1.5,2.0
67017,3.5,3.25,2.75,3.17
39486,3.5,3.8,2.2,3.17
13367,3.5,3.8,2.2,3.17
68193,2.8,3.1,3.5,3.13
11921,3.5,3.25,2.75,3.17
41233,2.8,3.1,2.5,2.8
54690,3.5,3.8,2.7,3.33
13349,4.2,4.0,1.5,3.23
17120,3.8,4.2,2.5,3.5
35543,3.2,3.5,2.8,3.17
68241,2.8,3.1,2.2,2.7
15766,3.5,3.25,2.75,3.17
66248,3.2,3.5,2.1,2.93
3610,2.8,3.1,3.5,3.13
22083,3.5,4.0,2.2,3.23
56639,3.5,3.2,2.8,3.17
871,2.1,2.3,3.8,2.73
49125,2.5,2.2,3.8,2.83
51560,2.8,3.1,2.3,2.73
65198,3.2,3.5,2.8,3.17
5568,3.5,3.8,2.7,3.33
56303,3.2,3.5,2.8,3.17
39622,3.2,3.5,2.1,2.93
50667,2.5,3.0,2.2,2.57
33774,2.5,2.8,3.1,2.8
7902,3.5,3.25,2.0,2.92
32288,2.5,2.0,1.5,2.0
63965,2.5,3.0,3.2,2.9
23317,3.5,3.8,2.2,3.17
57162,3.2,3.5,2.1,2.93
60122,2.5,3.0,1.8,2.43
5440,3.2,3.5,2.1,2.93
69660,2.5,2.3,2.7,2.5
71973,2.5,3.0,2.2,2.57
15264,2.8,3.1,3.5,3.13
59944,3.2,3.5,2.8,3.17
605,2.5,2.8,2.2,2.5
40900,3.2,3.5,2.8,3.17
71454,3.5,3.8,2.2,3.17
8040,2.5,2.8,2.2,2.5
16238,3.5,3.25,2.75,3.17
63638,3.8,3.5,2.0,3.1
62959,3.2,3.0,2.5,2.9
56259,3.5,3.8,2.2,3.17
4107,3.5,3.8,2.2,3.17
16516,3.2,3.5,2.8,3.17
40252,2.5,2.8,2.2,2.5
30713,3.5,3.8,2.7,3.33
68802,3.5,3.8,2.2,3.17
52605,3.2,3.5,2.8,3.17
56991,2.8,3.1,2.0,2.63
6064,3.5,3.8,2.2,3.17
7141,2.5,3.0,1.5,2.33
68901,3.2,3.5,2.0,2.9
2554,3.5,3.25,2.75,3.17
25007,2.5,2.8,3.1,2.8
19641,3.6,3.8,2.9,3.43
6663,3.2,3.5,2.8,3.17
27257,3.5,3.25,2.0,2.92
34285,3.2,2.8,2.5,2.83
36110,4.2,4.0,2.5,3.57
22404,3.2,3.5,2.8,3.17
56319,2.1,2.3,3.5,2.63
54054,2.5,2.3,3.8,2.87
32152,3.2,3.5,2.8,3.17
62084,3.5,3.0,2.2,2.9
31765,2.5,3.0,2.2,2.57
40110,3.2,3.0,2.1,2.77
42365,2.8,3.1,3.5,3.13
12001,2.5,3.0,1.5,2.33
14372,2.8,3.1,2.5,2.8
41536,3.2,3.5,2.8,3.17
17579,2.8,3.1,3.5,3.13
33514,3.2,3.5,2.8,3.17
41740,2.5,3.0,3.2,2.9
40603,3.5,3.25,2.75,3.17
21541,2.5,3.0,2.1,2.53
28931,3.5,3.8,2.7,3.33
60735,2.5,3.0,2.2,2.57
3333,2.5,2.3,3.1,2.63
49890,3.2,3.5,3.0,3.23
4797,3.5,3.75,2.25,3.17
18519,2.5,2.8,3.1,2.8
43673,3.2,3.5,2.1,2.93
16896,4.2,4.0,2.5,3.57
36995,3.2,3.5,2.8,3.17
63972,3.2,3.5,2.1,2.93
57271,3.2,3.5,2.8,3.17
66965,3.5,3.8,2.75,3.35
17195,3.2,3.5,2.8,3.17
31842,2.5,2.8,3.2,2.83
46805,3.5,3.8,2.2,3.17
52958,2.8,2.5,3.7,3.0
1476,3.2,3.5,2.8,3.17
62306,3.2,3.0,3.5,3.23
8292,2.5,2.8,3.1,2.8
45298,3.2,3.5,2.1,2.93
40587,2.8,3.1,2.5,2.8
70639,2.8,3.1,3.5,3.13
4899,3.25,3.5,2.75,3.17
37492,2.5,2.0,1.5,2.0
70460,2.5,3.0,1.8,2.43
51000,2.5,2.2,3.1,2.6
26317,3.2,3.5,2.8,3.17
46280,2.5,3.0,2.2,2.57
20729,3.8,4.0,2.5,3.43
41976,2.5,2.8,3.1,2.8
35556,3.2,3.5,2.8,3.17
14419,3.5,3.8,2.2,3.17
32826,2.8,3.1,3.5,3.13
23981,2.5,2.8,3.2,2.83
63727,4.2,4.0,2.5,3.57
5597,2.5,2.8,1.9,2.4
49016,3.2,3.5,2.1,2.93
38658,3.2,3.5,2.1,2.93
68255,2.8,3.1,3.5,3.13
38956,2.5,2.3,3.1,2.63
47512,3.5,3.8,2.2,3.17
61999,4.2,4.0,2.5,3.57
32915,3.5,3.8,2.2,3.17
46073,2.5,3.0,3.2,2.9
55974,3.2,3.5,2.8,3.17
25846,3.5,3.25,2.75,3.17
21688,2.1,2.3,3.8,2.73
53839,2.5,3.0,3.25,2.92
54320,3.5,3.25,2.75,3.17
69859,3.5,3.8,2.2,3.17
58901,3.2,3.5,2.1,2.93
571,3.2,3.5,2.1,2.93
47940,2.5,2.0,1.5,2.0
65233,3.5,3.8,2.2,3.17
67157,3.2,3.0,2.5,2.9
17667,3.2,3.5,2.8,3.17
49090,4.2,4.0,2.5,3.57
49336,3.5,3.25,2.75,3.17
40703,2.5,2.3,3.1,2.63
31808,2.1,2.3,1.5,1.97
4674,2.5,3.0,3.2,2.9
16539,3.5,3.25,2.75,3.17
66635,2.5,2.8,2.2,2.5
3958,3.25,3.5,2.75,3.17
21900,1.5,2.0,1.0,1.5
30558,4.2,4.0,2.5,3.57
3700,3.8,3.9,2.5,3.4
14668,3.2,3.5,2.8,3.17
49475,3.2,3.0,2.5,2.9
17316,3.8,4.2,2.5,3.5
55376,2.5,3.0,1.8,2.43
63744,3.2,3.5,2.8,3.17
9797,2.5,2.8,3.2,2.83
60955,3.2,3.5,2.8,3.17
64124,3.5,3.25,2.75,3.17
35245,2.5,2.8,1.7,2.33
31933,2.5,3.0,1.8,2.43
8866,3.5,3.25,2.75,3.17
52663,2.8,3.1,2.5,2.8
53684,2.8,3.1,2.2,2.7
14097,3.2,3.0,2.5,2.9
1608,2.8,3.2,2.1,2.7
24615,3.5,3.25,2.75,3.17
6394,3.2,3.5,3.0,3.23
19281,3.2,3.5,2.8,3.17
9125,3.5,3.8,2.7,3.33
59895,2.5,2.8,3.2,2.83
52009,2.1,2.3,1.8,2.07
63444,3.5,3.25,2.0,2.92
66557,3.8,4.0,2.5,3.43
60040,3.8,3.5,2.2,3.17
19853,2.5,2.2,3.8,2.83
53734,3.5,3.25,2.75,3.17
7116,3.5,3.8,2.2,3.17
40093,3.5,3.25,2.0,2.92
45204,3.2,3.0,2.5,2.9
29512,3.8,3.5,2.2,3.17
35982,3.5,3.25,2.75,3.17
50623,3.2,3.5,2.8,3.17
70197,4.2,4.0,2.5,3.57
39704,3.8,3.5,2.2,3.17
23160,2.5,2.3,3.1,2.63
23813,3.2,2.8,1.5,2.5
55055,2.5,3.0,3.75,3.08
31121,3.5,3.25,2.75,3.17
30021,3.5,3.8,2.2,3.17
71824,3.5,3.2,3.8,3.5
6243,3.5,3.8,2.2,3.17
7059,3.2,3.5,2.8,3.17
30321,3.2,3.0,2.5,2.9
38913,2.8,3.2,2.5,2.83
57493,2.8,3.1,3.5,3.13
33047,3.2,3.5,2.8,3.17
69140,2.5,2.8,3.2,2.83
48503,3.2,3.0,3.5,3.23
1055,3.5,3.25,2.75,3.17
50372,2.5,3.0,1.8,2.43
43840,3.2,3.5,2.1,2.93
36884,2.1,2.3,1.8,2.07
18529,3.25,3.5,2.75,3.17
68211,3.5,3.25,2.0,2.92
14156,2.5,3.0,1.5,2.33
34646,3.2,3.5,2.8,3.17
46335,3.2,3.5,2.8,3.17
13554,3.8,3.9,2.5,3.4
10050,3.8,4.2,2.5,3.5
56560,3.8,4.0,2.5,3.43
47045,3.2,3.5,2.8,3.17
8413,3.2,3.0,3.5,3.23
68798,3.5,3.8,2.2,3.17
17375,3.5,3.8,2.7,3.33
28928,3.6,3.8,2.9,3.43
12057,2.5,3.0,3.2,2.9
25783,2.5,3.0,1.5,2.33
38692,3.2,3.5,2.8,3.17
56492,2.5,3.0,1.5,2.33
48966,2.5,3.0,1.5,2.33
36251,3.5,3.8,2.2,3.17
51289,3.2,3.5,2.8,3.17
31224,3.2,3.5,2.8,3.17
57090,2.8,3.1,3.5,3.13
35493,2.5,3.0,1.8,2.43
70932,3.2,3.5,2.8,3.17
35408,3.2,3.5,2.1,2.93
38940,3.5,3.8,2.2,3.17
46107,2.5,3.0,1.5,2.33
24162,3.5,3.8,2.2,3.17
6873,2.5,3.0,1.8,2.43
21714,3.25,3.0,3.75,3.33
41494,2.8,2.5,3.1,2.8
19290,3.2,3.5,2.8,3.17
22704,3.5,4.0,2.2,3.23
46760,3.2,3.5,3.8,3.5
35604,2.5,2.8,3.2,2.83
34091,3.2,3.0,3.5,3.23
37721,3.2,3.5,2.8,3.17
70799,3.5,3.8,2.2,3.17
29326,3.2,3.5,3.8,3.5
5435,3.5,3.8,2.2,3.17
18404,3.5,3.8,2.7,3.33
9457,3.5,3.8,3.2,3.5
10773,2.5,2.2,3.8,2.83
14810,2.5,3.0,2.2,2.57
52895,3.2,3.5,2.8,3.17
11039,2.5,2.2,3.8,2.83
1966,2.5,2.2,3.8,2.83
57714,2.5,2.2,3.8,2.83
42288,3.2,3.8,2.5,3.17
6666,2.5,2.0,1.5,2.0
39040,2.1,2.3,3.8,2.73
19072,2.5,2.0,1.5,2.0
15654,3.5,3.75,2.25,3.17
69937,2.8,3.1,2.5,2.8
66501,2.5,2.3,2.7,2.5
63179,3.25,3.5,2.75,3.17
3764,2.5,3.0,2.2,2.57
40279,3.5,3.8,2.2,3.17
62094,2.1,2.3,3.8,2.73
7307,3.8,3.5,2.2,3.17
4989,3.5,3.8,2.2,3.17
38292,2.5,3.0,1.5,2.33
8386,2.5,2.2,3.8,2.83
22140,3.5,3.8,2.2,3.17
40181,2.5,2.8,2.2,2.5
43774,3.2,3.5,2.8,3.17
71259,3.5,3.2,2.1,2.93
69228,2.8,3.2,2.1,2.7
64137,2.5,3.0,1.8,2.43
39901,3.5,3.25,2.75,3.17
35612,3.2,3.5,2.8,3.17
33751,3.2,3.5,3.8,3.5
25125,3.2,3.0,2.5,2.9
22555,3.5,3.8,2.2,3.17
38228,2.8,3.1,2.5,2.8
49899,3.2,3.5,2.8,3.17
10500,2.5,3.0,2.75,2.75
976,2.8,3.1,3.5,3.13
43048,2.8,3.1,3.5,3.13
58343,2.8,3.1,2.5,2.8
25882,2.5,3.0,2.2,2.57
57113,3.5,3.8,2.2,3.17
43269,2.5,2.8,1.7,2.33
28031,3.2,3.5,2.8,3.17
37312,2.5,3.0,2.0,2.5
46173,3.1,3.3,3.7,3.37
48070,2.8,3.1,3.5,3.13
3451,3.5,3.25,2.75,3.17
12212,3.2,3.5,2.8,3.17
12525,2.5,3.0,2.0,2.5
47570,3.2,3.0,2.5,2.9
4205,2.5,2.8,1.9,2.4
56651,3.5,3.8,2.2,3.17
8180,3.5,3.8,2.2,3.17
66073,3.5,3.8,2.2,3.17
48335,2.5,2.8,3.2,2.83
41921,3.8,4.2,2.5,3.5
71693,3.5,3.2,2.0,2.9
6706,2.5,2.8,2.2,2.5
19522,2.5,2.0,3.5,2.67
58295,3.2,3.5,3.0,3.23
58366,1.0,2.0,1.0,1.33
44853,3.5,3.8,2.2,3.17
59616,3.5,3.2,2.1,2.93
61474,3.5,3.8,2.7,3.33
28750,2.5,3.0,3.75,3.08
4085,2.1,2.3,3.8,2.73
44259,2.5,3.0,3.75,3.08
15245,2.5,3.0,2.75,2.75
44660,3.5,3.25,2.75,3.17
71645,2.5,3.0,2.2,2.57
15940,3.5,3.25,2.75,3.17
26410,2.5,2.8,3.1,2.8
7412,3.5,3.25,2.75,3.17
51641,3.2,3.5,2.8,3.17
69944,3.5,3.25,2.0,2.92
53929,2.5,2.2,3.8,2.83
54269,4.2,4.0,2.5,3.57
15236,2.5,2.8,3.1,2.8
55261,3.2,3.5,2.8,3.17
51839,3.2,3.5,3.0,3.23
45732,3.25,3.5,2.75,3.17
62664,3.2,3.5,2.8,3.17
48293,3.5,3.8,2.7,3.33
30839,2.5,3.0,2.2,2.57
66687,2.5,2.2,3.0,2.57
13508,2.5,3.0,2.2,2.57
33003,2.5,3.0,2.1,2.53
4547,3.2,3.5,2.8,3.17
61447,2.5,2.3,3.1,2.63
10723,3.8,4.2,2.5,3.5
41118,2.5,3.0,3.2,2.9
8649,2.5,2.0,1.5,2.0
43986,2.8,3.2,2.1,2.7
41140,3.5,3.8,2.2,3.17
47927,2.5,2.3,2.0,2.27
58520,3.8,4.0,2.5,3.43
3224,3.2,3.5,2.8,3.17
37978,2.5,2.0,1.5,2.0
33604,2.5,3.0,1.5,2.33
62671,2.5,3.0,2.2,2.57
29706,3.2,3.0,3.5,3.23
2937,4.2,3.8,2.5,3.5
21300,2.5,2.8,1.9,2.4
12328,3.8,4.0,2.5,3.43
56032,3.5,3.8,2.2,3.17
49431,2.8,3.1,3.5,3.13
59542,3.5,3.8,2.7,3.33
30292,3.2,3.5,2.8,3.17
58092,3.2,3.5,2.1,2.93
61852,2.8,3.1,3.5,3.13
47293,2.5,3.0,2.2,2.57
27473,3.5,3.8,2.2,3.17
14093,3.5,3.25,2.75,3.17
51550,2.0,2.5,1.0,1.83
41390,2.5,2.8,3.7,3.0
48181,2.5,3.0,2.2,2.57
21428,3.5,3.25,2.0,2.92
47859,2.5,3.0,2.2,2.57
8518,3.5,3.75,2.25,3.17
53418,3.5,3.8,2.2,3.17
2953,2.5,3.0,2.75,2.75
69656,3.5,3.2,2.1,2.93
58770,3.5,3.8,2.2,3.17
7982,3.5,3.8,2.75,3.35
11816,2.5,2.3,2.0,2.27
29226,3.2,3.5,2.8,3.17
42163,2.5,2.8,3.2,2.83
15508,2.5,2.8,2.2,2.5
18486,2.5,2.8,3.1,2.8
43525,3.2,3.5,2.8,3.17
15146,2.5,2.8,3.1,2.8
61770,2.5,2.8,1.7,2.33
28633,2.5,2.8,1.7,2.33
26848,2.5,3.0,2.2,2.57
18858,3.5,3.8,2.2,3.17
50636,2.5,3.0,2.75,2.75
28851,2.5,2.8,3.7,3.0
28451,2.8,3.1,2.2,2.7
27192,2.5,2.2,3.0,2.57
1094,2.5,2.8,3.1,2.8
67973,2.5,2.0,1.5,2.0
9771,3.5,3.8,2.2,3.17
49839,3.2,3.5,2.8,3.17
21791,3.5,3.8,2.2,3.17
49067,4.2,3.85,2.5,3.52
58875,3.5,3.8,2.7,3.33
69294,3.2,3.5,2.1,2.93
53624,2.5,2.0,3.0,2.5
39674,3.2,2.8,1.5,2.5
34682,3.5,3.8,2.7,3.33
63304,2.8,3.1,3.5,3.13
2185,2.8,3.2,2.1,2.7
27522,3.2,3.5,2.1,2.93
61696,3.5,3.25,3.75,3.5
56399,3.5,3.8,2.2,3.17
6628,2.5,2.8,3.7,3.0
42174,4.5,4.25,2.0,3.58
22216,2.5,3.0,1.5,2.33
62743,3.2,3.5,2.8,3.17
44911,3.5,3.8,2.2,3.17
12183,4.2,4.0,2.5,3.57
32957,2.1,2.3,3.8,2.73
15622,2.5,3.0,3.2,2.9
19725,4.2,4.0,2.5,3.57
49303,2.5,3.0,2.2,2.57
64251,3.5,3.25,2.75,3.17
20423,3.5,3.8,2.7,3.33
42914,3.5,3.8,2.2,3.17
59760,3.5,3.8,2.2,3.17
37460,3.5,3.25,2.0,2.92
70007,2.5,3.0,2.2,2.57
35516,3.2,3.5,2.8,3.17
25965,4.2,4.0,2.5,3.57
70813,2.5,3.0,3.2,2.9
39255,3.5,3.8,2.2,3.17
58023,3.2,3.5,2.8,3.17
52099,3.6,3.8,2.5,3.3
21289,2.5,2.3,3.1,2.63
24140,2.5,3.0,3.25,2.92
48158,2.8,3.2,2.5,2.83
58554,2.1,2.3,1.8,2.07
33115,3.2,3.5,2.8,3.17
13628,2.8,3.1,2.5,2.8
68124,2.5,3.0,1.5,2.33
27719,2.1,2.3,3.8,2.73
59928,3.5,3.0,2.0,2.83
64102,3.2,3.5,2.8,3.17
69951,3.25,3.5,3.0,3.25
13492,3.5,3.25,2.0,2.92
21306,2.5,3.0,2.0,2.5
40781,3.5,3.8,2.2,3.17
36542,3.5,4.0,2.2,3.23
41590,3.2,3.5,3.0,3.23
3012,3.5,3.25,2.0,2.92
69269,2.5,2.0,1.5,2.0
59339,2.1,2.5,1.8,2.13
59741,3.2,3.5,2.8,3.17
45283,2.5,3.0,2.0,2.5
25678,2.5,2.8,2.2,2.5
35300,3.5,3.8,2.2,3.17
55212,2.5,3.0,2.2,2.57
56694,3.2,3.5,2.8,3.17
35988,2.5,2.0,3.0,2.5
69073,3.2,3.5,2.8,3.17
27607,3.5,3.8,2.2,3.17
66227,2.8,3.1,3.5,3.13
45131,3.2,3.5,3.0,3.23
65479,3.2,3.5,2.8,3.17
10789,2.5,2.0,1.5,2.0
29345,3.5,3.8,2.7,3.33
62611,2.8,3.1,3.5,3.13
68210,2.8,3.1,2.5,2.8
35434,4.5,4.25,2.0,3.58
7807,3.5,3.8,2.2,3.17
31067,3.2,3.5,2.8,3.17
4512,3.2,3.5,3.8,3.5
55174,2.5,2.8,2.2,2.5
7644,2.5,3.0,2.2,2.57
16521,3.6,3.8,2.2,3.2
45206,1.5,2.0,1.2,1.57
5209,3.2,3.5,2.1,2.93
33659,3.5,3.8,2.2,3.17
38704,3.8,4.0,2.5,3.43
50311,3.5,3.8,2.2,3.17
53115,3.5,3.25,2.1,2.95
28273,3.5,3.8,2.2,3.17
32457,3.5,3.8,2.7,3.33
2813,3.25,3.5,3.0,3.25
27888,2.5,2.8,2.2,2.5
62957,2.8,3.1,2.5,2.8
16577,3.2,3.5,2.8,3.17
27095,3.2,3.5,2.8,3.17
53259,3.2,3.5,2.8,3.17
6789,3.2,3.5,2.8,3.17
36054,3.5,3.8,2.2,3.17
40596,2.8,3.1,3.5,3.13
61096,3.2,3.0,3.5,3.23
54677,2.8,3.1,2.2,2.7
59520,2.8,3.1,3.5,3.13
26196,2.5,3.0,1.8,2.43
67153,2.5,3.0,2.2,2.57
54461,3.2,3.5,2.8,3.17
4888,3.5,3.8,2.7,3.33
68101,2.8,3.1,3.5,3.13
23116,2.5,2.8,3.2,2.83
4444,4.2,4.0,2.5,3.57
32602,3.5,3.25,3.0,3.25
54823,3.5,3.25,2.75,3.17
714,3.5,3.8,2.7,3.33
70674,2.8,3.1,2.5,2.8
30887,2.5,2.8,2.2,2.5
46260,2.5,3.0,2.2,2.57
10710,3.5,3.2,2.1,2.93
919,3.5,3.8,2.7,3.33
70090,2.5,2.8,2.2,2.5
64909,2.1,2.3,1.8,2.07
9537,3.5,3.75,2.8,3.35
69684,3.25,3.5,3.75,3.5
6621,1.0,2.5,1.0,1.5
16541,2.8,3.2,2.5,2.83
44783,3.2,3.5,2.8,3.17
16978,2.5,2.0,1.5,2.0
8293,3.2,3.0,2.5,2.9
3963,3.5,3.25,3.75,3.5
33518,3.2,3.5,2.8,3.17
8346,2.5,3.0,1.8,2.43
57974,2.5,3.0,2.2,2.57
28995,3.6,3.85,2.9,3.45
26837,3.8,4.2,2.5,3.5
23002,3.8,4.0,2.5,3.43
12247,3.5,3.8,2.2,3.17
11570,3.5,3.8,2.2,3.17
50885,2.8,3.1,3.5,3.13
68146,3.5,3.8,2.7,3.33
9545,3.5,3.8,2.2,3.17
49212,3.5,3.25,2.0,2.92
53436,2.5,2.8,3.2,2.83
24561,3.2,3.5,2.8,3.17
49541,3.2,3.5,2.8,3.17
70025,3.8,4.0,2.5,3.43
18157,2.5,3.0,2.2,2.57
68956,2.5,2.8,2.2,2.5
18031,3.5,3.8,2.2,3.17
69838,3.5,3.8,2.2,3.17
49904,2.5,3.0,1.5,2.33
1868,3.5,3.25,2.75,3.17
35054,2.5,2.2,3.1,2.6
53422,3.2,3.5,2.8,3.17
71830,3.5,3.8,2.2,3.17
52866,3.5,3.8,2.2,3.17
47439,1.0,1.0,1.0,1.0
6301,2.8,3.1,3.5,3.13
22493,3.5,3.25,2.0,2.92
17443,3.2,3.5,2.8,3.17
56077,2.5,3.0,2.2,2.57
22461,2.8,3.1,2.5,2.8
26928,3.5,3.25,2.0,2.92
29702,3.5,3.8,2.2,3.17
40978,3.2,3.5,2.8,3.17
53704,1.5,2.0,1.0,1.5
15070,2.5,2.0,1.5,2.0
52175,3.5,3.2,2.0,2.9
71330,3.2,3.5,2.8,3.17
28533,3.5,3.75,2.8,3.35
60836,3.5,3.8,2.7,3.33
38375,2.5,3.0,1.5,2.33
5586,3.5,3.25,2.75,3.17
914,3.5,3.8,2.2,3.17
60867,3.2,3.5,2.8,3.17
60881,3.2,3.5,2.1,2.93
31667,2.5,2.8,3.2,2.83
71020,1.0,1.0,1.0,1.0
72012,2.8,3.2,3.5,3.17
70399,3.5,3.2,2.1,2.93
14955,3.5,3.8,3.2,3.5
28599,2.8,3.2,2.5,2.83
61351,2.8,3.1,2.5,2.8
14154,3.5,3.8,2.7,3.33
35494,3.2,3.5,2.1,2.93
35890,3.5,3.8,2.2,3.17
32307,3.8,4.2,2.5,3.5
14001,3.25,3.5,2.75,3.17
27273,2.8,3.1,2.5,2.8
63634,2.5,2.3,3.8,2.87
27735,3.8,3.9,2.5,3.4
2202,3.2,3.5,3.0,3.23
39280,2.8,3.1,2.5,2.8
14633,2.5,2.8,1.7,2.33
70418,3.25,3.5,2.75,3.17
69833,3.5,3.8,2.2,3.17
50300,2.5,2.3,3.1,2.63
36146,2.5,2.8,3.2,2.83
22051,3.2,3.0,3.5,3.23
52719,3.5,3.25,2.75,3.17
42675,3.2,3.0,3.5,3.23
17298,1.0,1.0,1.0,1.0
19652,2.5,3.0,2.75,2.75
45825,4.2,4.0,2.5,3.57
60796,2.5,3.0,2.0,2.5
38664,3.2,3.5,2.8,3.17
24661,3.5,3.8,2.7,3.33
67428,3.2,2.8,3.5,3.17
8003,2.8,3.1,2.3,2.73
17142,3.8,3.5,2.2,3.17
3936,3.2,3.0,3.5,3.23
57341,3.2,3.5,2.1,2.93
27347,3.5,3.8,2.2,3.17
70778,3.8,4.2,2.5,3.5
12298,2.5,2.8,3.1,2.8
14883,2.5,2.2,3.8,2.83
14727,3.2,3.5,2.8,3.17
47769,3.5,3.8,2.2,3.17
58127,3.2,3.5,2.8,3.17
7199,3.2,3.5,2.8,3.17
6136,4.2,4.0,2.5,3.57
39625,2.5,2.0,1.5,2.0
1123,3.5,3.8,2.2,3.17
4302,2.5,2.3,3.1,2.63
19999,3.2,3.5,2.1,2.93
53163,3.5,3.8,2.7,3.33
52289,2.5,3.0,1.8,2.43
10051,2.1,2.3,4.5,2.97
12523,3.25,3.5,2.75,3.17
54015,2.1,2.5,1.0,1.87
36010,2.5,2.8,1.7,2.33
27848,3.25,3.0,3.75,3.33
20233,3.5,3.8,2.2,3.17
56354,3.25,3.5,2.75,3.17
32121,3.5,3.8,2.2,3.17
36065,3.2,3.5,2.8,3.17
47967,2.5,3.0,2.2,2.57
10220,3.2,3.5,2.8,3.17
7287,3.5,3.25,2.75,3.17
56813,3.2,3.8,2.5,3.17
777,2.5,2.2,3.8,2.83
42582,2.5,2.8,2.2,2.5
41710,,,,
9286,3.5,3.8,2.7,3.33
36864,3.5,3.8,2.7,3.33
58140,3.2,3.5,2.8,3.17
61601,2.5,3.0,1.5,2.33
63600,3.2,3.5,2.8,3.17
61873,3.8,4.2,2.5,3.5
14706,3.5,3.25,2.1,2.95
69354,2.5,2.8,2.2,2.5
70927,3.2,3.5,2.8,3.17
10198,3.2,3.5,2.8,3.17
35595,3.2,3.5,2.8,3.17
55627,3.5,3.75,3.25,3.5
6400,3.2,3.5,3.0,3.23
66181,2.8,3.1,3.5,3.13
41958,3.5,3.25,2.75,3.17
18119,2.5,3.0,1.5,2.33
72183,3.8,3.9,3.5,3.73
45495,3.5,3.25,2.75,3.17
33998,3.5,3.25,2.75,3.17
32356,3.5,3.2,2.8,3.17
55080,3.2,3.5,2.8,3.17
70651,3.2,3.5,2.1,2.93
36655,3.8,4.2,2.5,3.5
13686,3.5,3.25,2.75,3.17
51754,2.5,3.0,1.8,2.43
52816,3.5,3.25,2.75,3.17
16087,3.5,3.25,2.1,2.95
34400,3.5,3.2,2.1,2.93
68948,3.2,2.8,3.5,3.17
32788,2.5,3.0,3.2,2.9
15381,2.5,3.0,3.2,2.9
40496,3.5,3.25,2.75,3.17
60248,2.5,2.2,1.8,2.17
60640,2.5,3.0,1.5,2.33
29415,2.1,2.5,1.2,1.93
52859,2.5,2.8,2.2,2.5
23643,3.2,3.5,2.8,3.17
67167,2.5,3.0,1.8,2.43
46701,3.25,3.5,2.75,3.17
12642,1.5,2.0,3.5,2.33
35577,3.5,3.8,2.2,3.17
68008,3.5,3.8,2.2,3.17
22878,2.8,3.1,2.2,2.7
29971,3.2,3.5,2.8,3.17
56091,2.5,2.0,1.5,2.0
3599,3.5,3.25,2.75,3.17
7591,3.6,3.8,2.9,3.43
51634,3.5,3.8,2.7,3.33
55600,3.2,3.0,2.5,2.9
66184,3.2,3.5,2.8,3.17
42276,3.25,3.0,3.5,3.25
15666,3.2,3.0,2.5,2.9
51785,3.2,3.5,2.1,2.93
39122,3.25,3.5,2.1,2.95
66140,3.2,3.5,2.1,2.93
66614,3.5,3.2,2.8,3.17
70846,3.2,3.5,2.8,3.17
12369,3.5,3.8,2.7,3.33
23003,3.2,3.5,2.8,3.17
11670,2.8,3.1,3.5,3.13
57613,2.8,3.1,2.2,2.7
49137,2.5,3.0,3.75,3.08
25998,2.5,2.8,2.2,2.5
4249,3.5,3.25,2.75,3.17
35900,3.5,3.2,2.1,2.93
14222,2.5,2.3,3.8,2.87
62325,3.8,4.0,2.5,3.43
45820,2.5,3.0,2.75,2.75
52532,2.5,3.0,3.2,2.9
30537,2.5,2.0,2.25,2.25
43140,2.5,3.0,2.2,2.57
4538,2.5,2.8,2.2,2.5
7925,2.5,2.8,3.2,2.83
39851,4.2,4.0,2.5,3.57
11081,2.8,3.1,3.5,3.13
12455,2.85,3.1,3.5,3.15
32735,2.8,3.1,2.5,2.8
13746,3.2,3.5,2.1,2.93
32621,3.5,3.2,2.0,2.9
62024,3.5,3.8,2.2,3.17
57694,3.25,3.5,2.75,3.17
67730,3.5,3.8,2.2,3.17
36983,3.2,3.5,2.1,2.93
17905,3.2,3.5,2.8,3.17
24197,2.5,3.0,2.2,2.57
69913,3.5,3.25,2.1,2.95
53222,3.5,3.0,2.2,2.9
54185,3.5,3.8,2.2,3.17
44646,2.1,2.5,1.8,2.13
40417,2.5,3.0,1.5,2.33
54845,3.5,3.8,2.7,3.33
69987,2.8,3.1,3.5,3.13
20002,3.5,4.0,2.2,3.23
59010,3.6,3.8,2.5,3.3
48275,3.2,3.5,2.8,3.17
2562,3.5,3.2,2.1,2.93
14830,2.8,3.1,3.5,3.13
12445,3.5,3.8,2.2,3.17
58651,3.2,3.5,2.8,3.17
1946,2.5,2.8,2.2,2.5
42458,2.5,3.0,2.0,2.5
53221,2.5,3.0,3.2,2.9
11261,2.5,2.2,2.0,2.23
41262,2.5,2.2,3.8,2.83
50816,2.5,2.8,3.1,2.8
13047,3.6,3.8,2.5,3.3
26255,3.8,4.0,2.5,3.43
56430,3.5,3.8,2.2,3.17
52918,3.2,3.5,3.0,3.23
18717,3.5,3.8,2.2,3.17
10952,2.5,2.3,3.8,2.87
21637,2.5,2.2,3.0,2.57
51778,3.25,3.5,2.75,3.17
13318,2.5,3.0,2.2,2.57
30504,2.5,2.0,3.0,2.5
64183,3.5,3.8,2.2,3.17
7208,3.5,3.8,2.2,3.17
16518,2.5,3.0,1.5,2.33
40288,2.5,2.8,3.2,2.83
50357,2.5,2.0,1.5,2.0
21528,2.8,3.1,3.5,3.13
49020,2.5,2.3,3.8,2.87
14280,2.8,3.1,3.5,3.13
63987,2.5,2.8,1.5,2.27
63967,3.2,3.5,2.8,3.17
17147,3.5,3.8,2.2,3.17
17654,3.2,3.0,2.5,2.9
42986,3.5,3.8,2.2,3.17
4927,3.5,3.25,2.75,3.17
62730,3.5,3.25,2.75,3.17
50626,2.8,2.5,3.7,3.0
2480,3.2,2.85,3.5,3.18
7301,3.2,3.5,2.1,2.93
63086,3.5,3.8,2.2,3.17
23615,3.5,3.8,2.7,3.33
38325,4.2,4.0,1.5,3.23
326,3.5,3.8,2.2,3.17
63556,3.5,3.0,2.0,2.83
58804,3.5,3.8,2.2,3.17
68585,2.5,2.2,3.8,2.83
36738,3.5,3.8,2.7,3.33
31724,3.2,3.5,2.8,3.17
18093,3.5,3.25,2.75,3.17
55262,3.5,3.25,2.75,3.17
48048,2.5,2.8,3.2,2.83
46156,2.5,2.0,1.5,2.0
19182,2.5,3.0,1.5,2.33
31515,3.2,3.5,2.8,3.17
7969,2.5,3.0,2.2,2.57
24299,3.2,3.5,2.1,2.93
60488,3.8,3.5,2.2,3.17
13034,3.2,3.0,2.5,2.9
49145,3.2,3.0,3.5,3.23
21717,3.2,3.0,3.5,3.23
3249,2.5,2.8,2.2,2.5
14236,3.2,3.5,3.0,3.23
6841,3.5,3.8,2.2,3.17
28350,2.5,2.2,3.8,2.83
19439,4.2,4.0,2.5,3.57
60070,3.2,3.5,2.8,3.17
37595,2.5,2.8,3.2,2.83
21336,2.5,2.0,3.5,2.67
56116,2.5,2.8,1.7,2.33
34691,2.5,2.2,3.0,2.57
46630,3.5,3.8,2.2,3.17
69368,3.2,3.5,2.8,3.17
39164,2.5,3.0,2.0,2.5
26314,3.6,3.8,2.5,3.3
48460,3.2,3.5,2.8,3.17
12723,2.5,2.2,3.0,2.57
68345,2.5,2.3,2.7,2.5
16682,2.5,3.0,2.2,2.57
62221,3.5,3.8,2.7,3.33
8427,3.5,3.8,2.2,3.17
50428,2.5,2.0,3.5,2.67
35065,3.5,3.8,2.7,3.33
61385,3.2,3.5,2.1,2.93
9476,2.5,2.8,2.2,2.5
11034,3.5,3.2,2.0,2.9
42310,2.5,2.3,3.8,2.87
15398,2.5,2.3,3.8,2.87
10409,3.2,3.5,3.8,3.5
66964,3.8,4.0,2.5,3.43
22118,2.5,2.0,3.0,2.5
15983,3.2,3.0,3.5,3.23
56760,3.8,4.2,2.5,3.5
8989,3.5,3.8,2.2,3.17
71752,2.8,3.1,2.5,2.8
2902,2.5,2.2,3.8,2.83
37661,3.2,3.5,2.8,3.17
55937,3.8,4.0,2.5,3.43
63271,4.2,4.0,2.5,3.57
62295,2.5,3.0,2.2,2.57
61034,3.2,3.0,2.5,2.9
70910,3.2,3.5,2.8,3.17
55869,2.5,3.0,3.2,2.9
18490,2.5,3.0,2.2,2.57
23842,2.5,2.8,2.2,2.5
19600,3.5,3.8,2.2,3.17
52256,2.8,3.1,3.5,3.13
28167,3.2,3.5,2.8,3.17
44644,2.5,2.0,3.0,2.5
39923,2.1,2.3,3.8,2.73
3740,3.5,3.8,2.7,3.33
67398,3.2,3.0,2.5,2.9
21788,3.5,3.2,2.8,3.17
50315,3.5,3.75,2.8,3.35
5580,2.8,3.1,2.5,2.8
12509,3.5,3.75,2.25,3.17
49348,2.1,2.3,3.5,2.63
22152,3.65,3.8,2.5,3.32
57458,2.5,2.0,1.5,2.0
43152,2.8,3.1,3.5,3.13
71126,3.8,4.0,2.5,3.43
66301,3.2,3.5,2.8,3.17
51421,2.5,3.0,1.5,2.33
64584,3.5,3.8,2.2,3.17
617,2.5,2.8,3.7,3.0
3011,3.5,3.8,2.7,3.33
33284,2.5,2.8,3.2,2.83
71696,2.5,3.0,2.2,2.57
10274,3.2,3.5,2.8,3.17
46904,2.8,3.1,2.5,2.8
25815,3.5,3.8,2.2,3.17
22931,2.5,2.8,3.7,3.0
17861,2.5,3.0,1.8,2.43
45117,4.2,4.0,2.5,3.57
16407,2.8,3.1,2.5,2.8
50851,2.5,2.0,1.5,2.0
34191,4.5,4.0,1.5,3.33
60293,3.5,3.8,2.2,3.17
45765,2.5,2.8,3.7,3.0
43646,3.5,3.25,2.75,3.17
24722,2.5,2.8,3.2,2.83
40795,2.5,2.2,3.1,2.6
69729,2.5,3.0,1.8,2.43
66005,3.5,3.8,2.2,3.17
53634,3.5,3.8,2.2,3.17
2397,2.5,2.8,3.7,3.0
28535,2.5,3.0,1.5,2.33
6829,3.2,3.5,3.8,3.5
23041,2.8,3.1,3.5,3.13
17565,2.8,3.2,2.5,2.83
6257,2.5,2.8,3.2,2.83
65494,3.5,3.8,2.2,3.17
55360,2.5,2.3,3.1,2.63
41467,2.5,3.0,1.5,2.33
7256,3.5,3.25,2.75,3.17
2191,3.8,4.2,2.5,3.5
20774,3.8,3.9,2.5,3.4
54354,2.5,3.0,1.5,2.33
12875,3.2,3.5,2.8,3.17
13609,2.1,2.3,1.8,2.07
52632,3.5,3.8,2.7,3.33
3433,2.5,2.3,3.1,2.63
7456,3.2,3.5,2.8,3.17
24062,2.5,2.8,2.2,2.5
7862,2.5,2.8,2.2,2.5
26805,2.5,2.0,2.2,2.23
32409,2.5,2.8,2.2,2.5
50697,2.5,2.2,3.0,2.57
63128,4.2,4.0,2.5,3.57
60123,2.5,2.8,3.2,2.83
40102,3.2,3.5,2.1,2.93
12888,2.5,3.0,2.75,2.75
17014,3.2,3.5,2.8,3.17
58972,3.2,3.5,2.8,3.17
13488,3.5,3.8,2.2,3.17
45618,3.2,3.5,2.8,3.17
9154,2.8,3.2,2.5,2.83
66224,3.2,3.5,2.8,3.17
61880,3.2,3.5,2.8,3.17
11925,2.5,2.8,2.2,2.5
42189,2.1,2.5,3.8,2.8
44133,3.2,3.5,2.8,3.17
70577,3.5,3.2,1.8,2.83
9664,3.2,3.5,2.1,2.93
25787,2.5,2.8,1.7,2.33
7172,3.25,3.5,2.75,3.17
39556,3.5,3.8,2.2,3.17
49121,3.2,3.5,2.8,3.17
48301,2.8,3.2,2.1,2.7
31848,2.5,2.3,2.0,2.27
3786,4.2,4.0,2.5,3.57
23354,3.2,3.5,2.8,3.17
59398,2.5,2.2,1.8,2.17
54773,3.5,3.75,2.25,3.17
31830,2.5,3.0,2.2,2.57
2540,2.1,2.3,1.8,2.07
70050,2.5,2.2,3.1,2.6
1740,3.5,3.8,2.7,3.33
69227,3.5,3.8,2.7,3.33
25257,3.5,3.8,2.2,3.17
16564,3.2,3.5,2.8,3.17
25904,2.8,3.1,2.5,2.8
58795,2.8,3.1,2.5,2.8
3744,3.5,3.25,3.0,3.25
23428,2.5,2.0,1.5,2.0
35028,3.8,4.2,2.5,3.5
24805,2.1,2.3,3.5,2.63
71818,2.1,2.3,3.8,2.73
41249,2.5,2.8,3.2,2.83
48658,2.5,2.8,2.2,2.5
42137,3.5,3.25,3.0,3.25
13629,3.2,3.5,2.8,3.17
38988,3.2,3.5,2.8,3.17
19717,2.8,3.1,3.5,3.13
24522,2.5,3.0,2.2,2.57
50237,3.5,3.2,2.0,2.9
40217,2.1,2.3,3.8,2.73
22029,3.2,3.5,2.8,3.17
35803,4.2,4.0,2.5,3.57
34904,3.2,3.5,2.8,3.17
19109,2.5,2.0,1.5,2.0
4038,3.2,3.5,2.8,3.17
5762,2.5,2.2,3.0,2.57
23070,3.2,3.0,2.5,2.9
51739,3.2,3.5,2.8,3.17
33978,2.5,3.0,1.8,2.43
28084,3.8,3.5,2.2,3.17
23590,3.2,3.5,2.8,3.17
32511,2.1,2.3,2.5,2.3
18508,2.5,2.8,2.2,2.5
9843,3.2,3.5,3.8,3.5
55859,3.25,3.5,2.75,3.17
69115,3.5,3.8,2.2,3.17
13979,2.1,2.3,3.8,2.73
28829,2.5,3.0,2.2,2.57
19114,2.5,2.8,3.2,2.83
17462,2.5,2.8,2.2,2.5
40892,3.2,3.5,2.1,2.93
4043,3.2,2.8,3.5,3.17
37807,2.5,2.3,2.0,2.27
71966,3.2,3.5,2.8,3.17
60240,4.2,4.0,2.5,3.57
70123,3.5,2.8,1.5,2.6
24757,2.5,2.3,2.0,2.27
2974,2.5,2.3,3.8,2.87
49827,3.2,3.5,2.8,3.17
20587,3.5,3.8,2.2,3.17
6213,2.5,2.8,2.2,2.5
62442,2.0,2.5,1.5,2.0
52127,3.5,3.25,2.75,3.17
50375,2.5,3.0,1.8,2.43
21483,2.5,2.0,1.5,2.0
4818,2.5,3.0,3.2,2.9
4659,3.5,3.75,2.25,3.17
25379,2.8,3.1,3.5,3.13
15788,2.5,3.0,2.2,2.57
37380,2.8,3.1,2.5,2.8
44554,3.5,3.25,2.75,3.17
42489,3.5,3.8,2.2,3.17
24539,3.5,3.8,2.7,3.33
49054,3.2,3.5,3.0,3.23
41410,2.8,3.1,3.5,3.13
40695,3.5,3.8,2.7,3.33
28732,2.5,2.8,3.1,2.8
10960,3.8,4.2,2.5,3.5
58281,3.5,3.25,2.0,2.92
38445,3.2,3.5,2.8,3.17
58697,2.1,2.3,1.8,2.07
265,3.2,3.5,2.1,2.93
26581,3.5,3.8,2.7,3.33
7152,3.5,3.8,2.2,3.17
38854,3.5,3.25,2.75,3.17
48281,3.8,4.0,2.5,3.43
24922,2.5,3.0,3.5,3.0
7629,2.5,3.0,2.2,2.57
20003,3.8,4.0,2.5,3.43
67295,3.5,3.8,2.2,3.17
10303,3.5,3.25,2.75,3.17
37763,2.0,2.5,1.0,1.83
12944,3.5,3.8,2.2,3.17
12686,2.5,2.8,3.1,2.8
41228,3.2,3.5,2.8,3.17
58499,2.5,2.2,3.8,2.83
60784,3.5,3.8,2.2,3.17
71474,3.2,3.5,3.0,3.23
12222,2.5,2.3,3.1,2.63
65399,3.2,3.5,3.0,3.23
9547,2.5,2.3,2.0,2.27
66450,3.5,3.25,2.1,2.95
41779,3.5,3.25,2.75,3.17
63437,3.2,3.5,3.8,3.5
62658,3.5,3.8,2.2,3.17
56138,3.2,3.5,2.8,3.17
67627,3.2,3.5,2.8,3.17
16560,3.25,3.5,2.75,3.17
70551,2.8,3.1,3.5,3.13
42875,3.5,3.2,2.8,3.17
26118,2.5,3.0,1.5,2.33
15542,2.5,2.3,3.1,2.63
46952,3.2,3.5,2.8,3.17
59781,2.8,3.1,2.5,2.8
10827,2.5,2.0,1.5,2.0
55916,2.8,3.1,2.5,2.8
58395,2.5,2.8,3.2,2.83
3705,3.2,3.5,2.1,2.93
24639,2.5,2.0,3.0,2.5
65723,2.5,3.0,1.8,2.43
33966,3.2,3.5,2.1,2.93
29777,3.5,3.8,2.7,3.33
26030,3.5,3.25,2.75,3.17
68227,2.8,3.1,3.5,3.13
16091,2.5,2.8,2.2,2.5
11052,3.5,4.0,2.2,3.23
41813,3.5,3.8,2.2,3.17
68672,2.5,2.3,3.8,2.87
30349,3.5,3.8,2.2,3.17
67461,3.5,3.8,2.2,3.17
56556,3.5,3.25,2.75,3.17
40473,2.8,3.1,3.5,3.13
47711,2.5,2.8,3.7,3.0
59412,3.2,3.5,2.8,3.17
48560,3.5,3.25,2.75,3.17
11612,2.5,2.0,2.2,2.23
40208,2.1,2.3,1.5,1.97
68908,3.2,3.5,2.8,3.17
60987,3.2,3.0,2.5,2.9
19261,2.1,2.3,3.5,2.63
56546,2.5,2.8,3.2,2.83
36973,3.5,3.8,2.7,3.33
22503,3.25,3.0,3.5,3.25
62150,3.8,4.0,2.5,3.43
3472,2.5,3.0,2.2,2.57
51397,3.2,2.8,3.5,3.17
40800,3.5,3.8,2.2,3.17
8352,3.2,3.5,2.8,3.17
51820,2.8,3.1,3.5,3.13
10082,3.5,3.8,2.7,3.33
51429,2.5,2.3,3.1,2.63
14745,2.8,3.1,3.5,3.13
68529,2.8,3.1,2.5,2.8
66789,2.5,3.0,2.2,2.57
32322,3.5,3.2,1.8,2.83
8809,3.5,3.8,2.7,3.33
12160,3.5,3.8,2.7,3.33
29824,3.6,3.8,2.5,3.3
38304,3.25,3.5,2.75,3.17
5977,3.2,3.5,2.1,2.93
2809,2.5,2.8,3.2,2.83
56226,3.8,4.0,2.5,3.43
50432,2.5,3.0,2.2,2.57
45939,3.8,3.5,2.2,3.17
70596,3.2,3.5,2.1,2.93
62437,2.5,3.0,1.5,2.33
23911,2.5,2.3,3.1,2.63
6202,2.5,2.8,3.1,2.8
55298,3.5,3.8,2.2,3.17
15410,3.8,3.5,2.2,3.17
50976,3.5,3.25,2.75,3.17
32500,4.2,4.0,2.5,3.57
5867,2.5,2.8,3.7,3.0
13657,3.5,3.2,2.0,2.9
71869,3.25,3.5,3.0,3.25
5464,3.5,3.8,2.7,3.33
34318,2.5,2.3,2.7,2.5
13430,2.5,3.0,1.8,2.43
17453,3.5,4.0,2.2,3.23
35502,4.2,4.0,2.5,3.57
34415,3.8,4.0,2.5,3.43
40881,3.8,4.0,2.5,3.43
50868,2.8,3.1,2.5,2.8
12733,3.2,3.0,2.5,2.9
34414,3.2,3.5,2.8,3.17
34479,2.1,2.3,1.8,2.07
67419,2.5,2.0,1.5,2.0
52882,3.2,3.5,2.8,3.17
46970,2.8,3.1,2.5,2.8
56650,3.2,3.5,2.1,2.93
69232,3.5,3.8,2.2,3.17
4710,3.25,3.0,3.5,3.25
56939,4.5,4.2,1.8,3.5
6808,3.2,2.85,3.1,3.05
2375,3.5,3.8,2.7,3.33
66528,3.2,3.5,2.8,3.17
32454,3.5,3.8,2.2,3.17
69957,2.5,3.0,2.2,2.57
4576,3.5,3.25,2.75,3.17
17618,3.5,3.75,2.25,3.17
52933,1.0,1.5,1.0,1.17
41731,3.2,3.5,2.1,2.93
6530,2.5,2.8,3.1,2.8
59731,3.8,3.5,2.7,3.33
48326,3.2,3.5,2.8,3.17
66506,2.5,2.0,1.5,2.0
24075,3.5,3.75,2.25,3.17
59787,2.5,2.2,3.8,2.83
59270,3.25,3.0,2.75,3.0
60274,3.2,3.5,2.8,3.17
25107,3.2,3.5,2.8,3.17
31406,2.5,2.8,2.2,2.5
33593,3.5,4.0,2.75,3.42
27903,3.5,3.25,2.75,3.17
43382,2.5,2.8,2.2,2.5
54976,3.2,3.5,2.8,3.17
8374,3.5,3.8,2.2,3.17
2859,3.2,3.5,2.8,3.17
13636,2.8,3.1,3.5,3.13
14244,2.5,2.0,4.2,2.9
69857,3.2,3.5,2.8,3.17
33124,3.2,3.5,2.8,3.17
40048,2.5,2.0,2.75,2.42
4226,3.5,3.8,2.2,3.17
43252,3.5,3.8,2.7,3.33
4487,2.8,2.5,3.1,2.8
18210,2.8,3.2,3.5,3.17
41199,3.8,4.2,2.5,3.5
56969,3.2,3.0,3.5,3.23
45243,3.2,3.5,2.8,3.17
7560,3.2,3.5,2.8,3.17
6450,3.2,3.5,2.8,3.17
45303,2.5,2.3,3.1,2.63
29563,3.2,3.5,2.1,2.93
4002,3.2,3.5,2.8,3.17
51006,3.25,3.5,2.75,3.17
3458,3.2,3.5,2.8,3.17
68603,2.5,2.0,1.5,2.0
68037,3.8,4.0,2.5,3.43
55920,3.5,3.25,2.75,3.17
69453,3.2,3.5,2.8,3.17
69125,3.2,3.5,2.8,3.17
22715,3.5,3.25,2.75,3.17
40388,4.2,3.8,2.5,3.5
70785,3.5,3.25,2.75,3.17
15364,3.5,3.2,2.1,2.93
36024,2.5,2.2,3.1,2.6
22073,3.2,3.5,2.8,3.17
2932,3.8,4.0,2.5,3.43
70863,2.5,2.8,2.2,2.5
70539,3.25,3.5,2.75,3.17
21118,3.2,3.5,2.8,3.17
28505,3.8,4.0,2.5,3.43
17523,2.5,3.0,2.2,2.57
56163,3.5,3.8,3.2,3.5
19940,2.5,3.0,3.25,2.92
42937,3.5,4.0,2.2,3.23
20122,3.5,3.8,2.7,3.33
9515,2.5,3.0,2.2,2.57
44489,2.5,3.0,3.2,2.9
51427,2.5,3.0,1.8,2.43
11488,2.5,3.0,2.0,2.5
9933,2.5,3.0,2.2,2.57
71737,3.2,3.5,2.1,2.93
55136,3.5,3.25,3.75,3.5
45876,4.2,4.0,2.5,3.57
18820,3.5,3.75,2.25,3.17
41436,3.5,3.8,2.2,3.17
69932,3.8,3.9,2.5,3.4
37925,3.2,3.5,2.1,2.93
70414,3.2,3.5,2.8,3.17
58792,3.25,3.5,2.75,3.17
70759,3.2,3.5,2.1,2.93
11412,3.5,3.8,2.2,3.17
29513,3.8,3.9,2.5,3.4
22760,3.8,4.2,2.5,3.5
1422,3.2,3.5,2.8,3.17
11449,2.5,3.0,2.2,2.57
71374,3.5,3.8,2.2,3.17
25580,2.5,2.8,3.1,2.8
4442,3.5,3.8,2.7,3.33
67949,2.5,2.2,3.8,2.83
64732,2.5,2.8,3.1,2.8
64707,2.5,2.75,3.25,2.83
48234,3.5,3.25,2.1,2.95
32954,2.1,2.3,1.5,1.97
66646,3.5,3.75,2.25,3.17
52754,2.1,2.3,1.8,2.07
61967,3.2,3.5,2.8,3.17
31868,2.5,3.0,2.75,2.75
42255,3.5,3.8,2.7,3.33
49164,3.2,3.5,2.8,3.17
54096,2.5,2.8,3.2,2.83
56150,3.5,3.8,2.7,3.33
45114,3.5,3.8,2.2,3.17
46310,2.5,3.0,3.2,2.9
39582,2.5,2.2,3.8,2.83
40395,3.5,3.8,2.7,3.33
861,2.8,3.1,3.5,3.13
47515,2.8,3.1,3.5,3.13
7133,2.5,3.0,1.5,2.33
62118,3.2,3.5,2.8,3.17
7234,2.8,3.2,2.1,2.7
21602,3.5,3.8,2.2,3.17
62113,3.2,2.8,3.5,3.17
27407,2.8,3.1,2.5,2.8
25187,3.2,3.5,2.8,3.17
71920,3.5,3.2,1.8,2.83
34809,3.2,3.5,2.8,3.17
29306,2.5,2.8,3.2,2.83
6086,2.5,2.3,2.7,2.5
13140,3.5,3.8,2.7,3.33
7989,3.5,3.8,2.7,3.33
67390,2.5,2.0,1.5,2.0
65946,2.5,3.0,1.5,2.33
6881,3.2,3.5,2.8,3.17
8349,3.2,2.8,1.5,2.5
50832,2.5,2.8,3.2,2.83
20849,3.2,3.5,3.0,3.23
7210,2.5,2.8,3.2,2.83
45496,3.5,3.25,2.75,3.17
29122,3.2,3.5,2.8,3.17
7304,3.5,3.25,2.75,3.17
21848,2.5,3.0,1.8,2.43
5685,2.5,2.0,1.5,2.0
559,2.1,1.8,4.5,2.8
54125,1.8,2.2,4.5,2.83
62436,2.5,3.0,1.5,2.33
20357,,,,
67655,3.5,3.2,2.0,2.9
25962,3.5,3.25,2.75,3.17
17827,3.5,3.8,3.2,3.5
12750,3.5,3.8,2.7,3.33
31123,2.8,3.1,3.5,3.13
47960,3.5,3.25,2.0,2.92
1846,2.1,2.3,1.5,1.97
39314,2.8,3.2,2.1,2.7
27471,3.5,3.75,2.25,3.17
34675,3.5,3.8,2.2,3.17
22478,2.5,3.0,1.5,2.33
23784,3.2,3.5,2.8,3.17
47220,3.25,3.5,3.75,3.5
56784,2.8,3.1,2.5,2.8
12288,3.2,2.8,3.5,3.17
54077,1.8,1.5,4.5,2.6
31145,3.5,3.8,2.2,3.17
67971,2.5,3.0,2.0,2.5
19939,2.5,2.3,3.1,2.63
34871,3.2,3.5,2.8,3.17
39781,4.5,4.2,2.1,3.6
45773,2.5,3.0,1.5,2.33
20964,2.5,2.8,2.2,2.5
45361,3.8,4.0,2.5,3.43
30131,3.5,3.8,2.2,3.17
18136,2.8,3.1,2.5,2.8
11644,2.8,3.1,2.5,2.8
36921,3.5,3.8,2.7,3.33
43124,2.8,3.1,2.5,2.8
65931,3.5,3.8,2.7,3.33
67763,3.5,3.25,2.75,3.17
8004,2.5,3.0,2.0,2.5
31388,2.5,2.0,1.5,2.0
20543,3.5,3.25,2.75,3.17
10258,3.8,4.0,2.5,3.43
58843,2.5,2.2,3.8,2.83
46172,2.8,3.1,3.5,3.13
79,3.5,3.8,2.7,3.33
709,3.2,3.5,2.8,3.17
52826,3.5,3.8,2.2,3.17
56685,3.2,3.5,2.8,3.17
29763,2.1,2.3,3.8,2.73
41437,2.8,3.1,3.5,3.13
68020,2.5,2.2,3.8,2.83
8199,3.5,3.25,2.0,2.92
47911,2.5,2.3,2.7,2.5
9253,3.5,3.8,2.2,3.17
19877,2.1,2.3,2.0,2.13
62760,3.5,3.8,2.7,3.33
47385,3.2,3.5,2.8,3.17
9299,2.8,3.1,2.5,2.8
39392,3.2,3.5,2.8,3.17
32698,3.2,3.5,2.8,3.17
70341,3.2,3.5,2.8,3.17
17540,2.5,3.0,1.5,2.33
58386,3.2,3.5,2.1,2.93
8000,3.5,3.8,2.2,3.17
12687,1.85,2.1,4.5,2.82
19310,3.5,3.8,2.2,3.17
66259,3.5,3.8,2.2,3.17
46482,3.2,2.8,2.5,2.83
17824,3.5,3.8,2.7,3.33
30560,4.2,4.0,2.5,3.57
11637,3.5,3.8,2.2,3.17
36715,3.2,3.5,2.8,3.17
50739,3.5,4.0,2.5,3.33
24787,2.5,3.0,2.2,2.57
39631,2.5,2.8,3.7,3.0
33905,3.2,3.5,2.8,3.17
16205,3.2,3.5,3.0,3.23
31871,2.8,3.2,2.5,2.83
69947,2.5,2.8,1.5,2.27
5015,3.2,3.5,2.8,3.17
71480,2.5,2.8,3.2,2.83
2313,3.2,3.5,2.8,3.17
48545,3.2,3.5,2.8,3.17
44855,3.5,3.8,2.2,3.17
24903,2.5,3.0,2.2,2.57
61622,2.8,3.2,2.1,2.7
6068,3.5,3.25,2.75,3.17
28638,3.2,3.0,2.5,2.9
23164,2.5,3.0,2.2,2.57
11479,2.5,3.0,2.2,2.57
69982,3.2,3.5,3.8,3.5
45683,3.5,3.25,3.75,3.5
39594,2.8,3.1,3.5,3.13
54786,3.62,3.88,2.91,3.47
54441,2.5,3.0,3.2,2.9
15865,3.5,3.8,2.2,3.17
43922,3.25,3.0,3.5,3.25
36261,3.5,3.2,2.0,2.9
23089,3.2,3.5,2.8,3.17
42568,2.5,3.0,2.2,2.57
31202,3.5,3.8,2.2,3.17
4980,2.5,2.3,3.8,2.87
49939,2.8,3.1,3.5,3.13
43909,2.5,3.0,3.2,2.9
64969,3.2,3.5,3.0,3.23
54150,3.8,4.2,2.5,3.5
34140,3.2,3.5,2.8,3.17
36470,2.8,3.1,2.5,2.8
64431,3.2,3.5,2.1,2.93
57378,3.2,3.5,2.8,3.17
38417,2.5,2.2,3.8,2.83
34673,2.5,2.3,3.8,2.87
35701,2.5,3.0,1.5,2.33
34866,3.5,3.8,2.2,3.17
10812,3.5,3.8,2.7,3.33
29077,2.5,2.8,3.2,2.83
33089,3.5,3.8,2.2,3.17
3350,2.5,2.3,3.1,2.63
64376,3.5,4.0,2.2,3.23
39600,2.5,2.8,2.2,2.5
47116,2.8,3.1,2.5,2.8
15879,3.5,3.8,2.7,3.33
24489,2.1,2.3,3.5,2.63
71269,3.5,3.8,2.7,3.33
39520,3.5,3.8,2.2,3.17
5904,2.5,2.8,2.2,2.5
37623,3.2,3.5,2.8,3.17
63040,3.2,3.5,2.1,2.93
39415,3.2,3.5,3.0,3.23
29335,3.2,3.5,3.0,3.23
21048,2.8,3.1,2.3,2.73
67169,2.8,3.1,2.5,2.8
58155,3.5,3.8,2.7,3.33
38173,2.5,3.0,2.2,2.57
58190,3.2,3.0,2.5,2.9
37537,2.5,2.8,2.2,2.5
19323,3.5,3.25,2.75,3.17
48784,2.1,2.5,1.8,2.13
70641,3.2,3.0,2.5,2.9
15764,3.2,3.5,3.0,3.23
19636,2.5,2.8,3.2,2.83
8672,3.2,3.5,2.8,3.17
30241,2.5,2.0,1.5,2.0
41479,3.5,3.8,2.7,3.33
44787,2.5,2.8,2.2,2.5
32484,3.2,3.5,2.1,2.93
69964,2.8,3.2,2.5,2.83
48998,2.5,2.8,3.1,2.8
59969,3.2,3.5,2.8,3.17
35043,4.25,4.5,2.75,3.83
65350,3.2,2.8,2.5,2.83
70969,3.2,3.0,2.1,2.77
37229,3.5,4.0,2.75,3.42
52176,3.5,3.8,2.2,3.17
70824,3.25,3.5,2.75,3.17
37557,3.5,3.2,2.1,2.93
2181,2.5,2.8,3.2,2.83
46785,2.5,3.0,2.2,2.57
40656,3.2,3.5,2.8,3.17
56993,3.2,3.0,2.1,2.77
47556,2.5,2.8,1.7,2.33
59913,3.6,3.8,2.5,3.3
19157,4.2,3.8,2.1,3.37
23384,3.6,3.8,2.5,3.3
22569,2.5,3.0,2.2,2.57
3542,3.5,3.8,2.7,3.33
71493,3.5,3.8,2.7,3.33
46658,3.2,3.5,2.8,3.17
71014,3.8,4.2,2.5,3.5
12820,2.1,2.3,1.5,1.97
30159,2.5,2.0,1.5,2.0
48665,3.2,3.5,2.8,3.17
6983,2.5,2.8,2.2,2.5
68671,3.2,3.5,2.8,3.17
4700,3.2,3.5,2.1,2.93
58930,2.8,3.1,3.5,3.13
40740,3.2,3.0,2.1,2.77
25050,2.5,3.0,2.1,2.53
11760,2.5,2.8,3.2,2.83
62233,3.8,4.2,2.5,3.5
10147,2.8,3.1,3.5,3.13
204,2.8,3.2,1.5,2.5
2761,2.8,3.1,2.5,2.8
30047,3.5,3.8,2.2,3.17
52300,2.5,2.8,2.2,2.5
52037,2.5,3.0,2.2,2.57
41348,2.8,3.1,3.5,3.13
18317,3.25,3.5,2.75,3.17
53220,2.1,2.3,3.8,2.73
541,2.5,3.0,3.2,2.9
66371,3.2,3.5,2.8,3.17
37717,3.2,3.5,2.8,3.17
22115,2.8,3.1,3.5,3.13
42664,3.8,4.0,2.5,3.43
55536,3.5,3.2,1.8,2.83
52628,3.5,3.8,2.7,3.33
26381,3.2,3.5,2.8,3.17
11885,2.8,3.1,3.5,3.13
17975,1.0,1.0,1.0,1.0
60527,3.5,3.75,2.25,3.17
28594,2.8,3.1,2.3,2.73
42734,2.8,3.1,2.2,2.7
14459,3.2,3.0,2.8,3.0
49511,2.5,2.3,3.1,2.63
59304,2.5,2.8,2.2,2.5
34183,2.5,2.3,2.0,2.27
48388,3.5,3.8,2.2,3.17
41856,3.2,3.5,2.8,3.17
47408,3.2,3.5,2.8,3.17
3900,2.8,3.1,3.5,3.13
27249,3.2,3.0,1.5,2.57
5147,3.5,3.25,4.0,3.58
55415,3.2,3.5,2.8,3.17
41579,3.5,3.8,2.2,3.17
55986,3.5,3.25,2.75,3.17
6402,3.5,3.25,2.75,3.17
18009,2.5,2.8,2.2,2.5
70980,2.5,3.0,2.2,2.57
43978,2.1,2.3,1.8,2.07
58467,3.5,3.8,2.2,3.17
48005,4.2,3.85,2.1,3.38
11150,2.5,3.0,1.5,2.33
2738,3.5,3.8,2.7,3.33
2098,3.2,3.5,2.8,3.17
48435,3.8,4.2,2.5,3.5
13905,2.5,2.8,2.2,2.5
19800,3.5,3.8,2.2,3.17
31353,3.2,3.0,3.5,3.23
40591,3.5,3.8,2.2,3.17
55923,2.5,3.0,3.2,2.9
70724,3.8,4.2,2.5,3.5
33904,2.5,2.3,3.1,2.63
21007,3.5,3.25,2.75,3.17
1354,3.5,3.8,2.7,3.33
28278,2.1,2.3,1.8,2.07
34147,2.5,3.0,1.5,2.33
997,3.25,3.5,2.75,3.17
52019,3.2,3.5,2.8,3.17
33796,4.2,3.8,2.1,3.37
13226,3.2,3.5,2.8,3.17
2941,3.5,3.8,2.2,3.17
29523,3.2,3.5,2.1,2.93
45082,3.5,3.8,2.2,3.17
8298,2.5,3.0,1.8,2.43
15143,3.2,3.0,2.5,2.9
44063,1.5,2.0,1.0,1.5
23047,2.1,2.3,4.5,2.97
60634,2.5,3.0,2.0,2.5
51471,2.1,2.3,3.5,2.63
22399,3.5,3.25,2.0,2.92
6052,2.5,2.8,2.0,2.43
7598,3.8,3.9,2.5,3.4
49504,2.5,3.0,1.5,2.33
59753,2.5,2.3,2.0,2.27
2128,3.5,3.8,2.2,3.17
46019,2.5,2.3,2.7,2.5
69491,2.5,2.8,3.1,2.8
31099,3.5,3.8,3.2,3.5
55318,3.2,3.5,2.8,3.17
9051,3.5,3.8,2.2,3.17
30102,3.5,3.25,2.0,2.92
28200,,,,
55372,2.8,3.2,3.5,3.17
56220,3.2,3.5,2.8,3.17
55566,3.2,3.0,2.5,2.9
71821,2.1,2.3,3.8,2.73
1642,2.5,2.8,3.2,2.83
4541,3.5,3.8,2.2,3.17
48321,3.5,3.25,2.0,2.92
33529,2.5,2.2,3.0,2.57
65598,3.2,3.5,2.8,3.17
10856,4.5,4.2,1.8,3.5
19159,4.5,4.2,2.8,3.83
44331,2.5,2.0,1.5,2.0
2888,3.2,3.5,2.8,3.17
34877,3.2,3.0,3.5,3.23
6147,2.5,3.0,1.5,2.33
42171,2.1,2.3,1.8,2.07
69625,3.2,3.5,3.0,3.23
32801,3.2,3.5,2.8,3.17
20992,3.2,3.5,2.8,3.17
70109,2.5,2.8,3.2,2.83
24630,2.5,3.0,2.2,2.57
9376,3.5,3.2,2.8,3.17
43371,3.1,3.5,3.8,3.47
2484,2.8,3.1,2.5,2.8
68796,3.25,3.5,2.75,3.17
6248,3.5,4.0,2.2,3.23
46962,2.5,3.0,2.75,2.75
50493,2.5,3.0,1.5,2.33
55651,2.5,3.0,2.2,2.57
44807,3.5,3.8,2.2,3.17
45256,3.5,3.8,2.2,3.17
57140,3.5,3.8,2.7,3.33
46491,2.5,2.8,2.2,2.5
56495,3.5,3.2,3.8,3.5
59997,2.5,2.0,1.5,2.0
62972,3.8,4.0,2.5,3.43
7049,3.5,3.8,2.2,3.17
37729,2.8,3.1,3.5,3.13
40558,3.5,3.2,2.1,2.93
15117,3.2,3.5,2.8,3.17
17805,3.2,3.5,2.8,3.17
64054,2.5,3.0,2.2,2.57
1877,3.5,3.8,2.2,3.17
11140,2.5,2.8,3.1,2.8
41795,3.2,3.5,2.8,3.17
33305,3.5,3.25,2.1,2.95
66896,3.5,3.8,2.2,3.17
55738,2.1,2.3,1.8,2.07
34231,2.8,2.5,3.1,2.8
19287,2.8,3.1,3.5,3.13
65502,3.5,3.8,2.7,3.33
39382,3.5,3.0,2.0,2.83
49432,2.5,2.8,3.1,2.8
64959,2.5,2.8,2.2,2.5
6045,2.5,2.8,2.0,2.43
32906,3.5,3.25,2.0,2.92
69189,2.8,3.1,3.5,3.13
56972,2.8,3.2,2.1,2.7
3033,3.5,3.8,2.2,3.17
11907,2.1,2.3,1.8,2.07
59236,2.8,3.1,3.5,3.13
63776,3.2,3.5,2.1,2.93
1793,3.5,3.2,2.0,2.9
6895,2.5,2.0,1.5,2.0
18598,2.5,2.0,3.0,2.5
55985,2.8,3.1,3.5,3.13
1954,2.5,2.8,3.2,2.83
71730,3.2,3.5,2.8,3.17
25174,2.5,3.0,2.2,2.57
30514,3.2,3.5,2.8,3.17
18393,2.5,3.0,4.2,3.23
6569,3.5,3.0,1.5,2.67
18699,2.5,2.8,3.2,2.83
15268,3.2,3.5,2.8,3.17
38230,3.2,3.5,2.8,3.17
55723,2.8,3.1,3.5,3.13
60410,3.5,3.8,2.7,3.33
69270,3.8,4.2,3.1,3.7
17503,2.1,2.3,3.5,2.63
15199,2.5,3.0,1.5,2.33
11232,3.2,3.5,2.8,3.17
6120,3.5,3.2,2.1,2.93
42128,3.5,3.8,2.2,3.17
60058,3.2,3.5,2.8,3.17
65086,3.2,3.5,2.8,3.17
12838,3.5,3.25,2.75,3.17
23207,4.2,4.0,2.1,3.43
17257,3.2,3.5,2.1,2.93
12166,3.5,3.8,2.2,3.17
62344,2.5,2.8,2.2,2.5
53661,3.5,3.25,3.0,3.25
44039,2.1,2.3,1.5,1.97
49150,2.5,3.0,1.5,2.33
13955,2.8,3.1,3.5,3.13
41130,3.2,3.5,2.8,3.17
17949,3.25,3.0,2.5,2.92
26909,2.8,3.1,3.5,3.13
12886,2.5,3.0,1.8,2.43
1443,3.2,3.5,2.8,3.17
70044,2.8,3.1,2.5,2.8
65114,3.2,3.5,2.8,3.17
10687,3.2,3.5,2.8,3.17
5987,3.2,3.0,2.1,2.77
16468,2.1,2.3,1.8,2.07
61687,3.5,3.8,2.7,3.33
18279,3.25,3.5,2.75,3.17
49707,2.5,2.3,3.1,2.63
7134,2.5,2.8,3.2,2.83
48809,2.8,3.1,3.5,3.13
23431,3.2,2.8,3.5,3.17
71433,3.2,3.5,2.8,3.17
54384,3.2,3.5,2.8,3.17
70066,3.25,3.0,3.5,3.25
11937,3.2,3.0,2.5,2.9
16094,2.5,2.8,3.2,2.83
19758,3.5,3.8,2.2,3.17
59342,3.2,3.5,2.8,3.17
28603,3.5,3.8,2.7,3.33
48300,4.2,4.0,2.5,3.57
33283,3.2,3.0,2.8,3.0
33562,2.5,2.2,1.8,2.17
20828,3.5,3.8,2.7,3.33
43199,3.2,3.5,2.1,2.93
61594,2.5,2.0,1.5,2.0
58188,3.5,3.25,2.75,3.17
5046,3.5,3.2,2.8,3.17
26198,3.5,3.25,2.75,3.17
43472,3.5,3.8,2.2,3.17
47702,3.25,3.5,2.75,3.17
14561,2.5,3.0,1.5,2.33
16625,4.2,4.0,2.5,3.57
48180,3.8,3.5,2.2,3.17
60423,2.5,2.8,3.7,3.0
10924,3.2,3.5,2.8,3.17
44999,2.5,3.0,1.5,2.33
24573,3.2,2.8,2.1,2.7
57369,2.5,3.0,3.2,2.9
2291,3.2,3.5,2.8,3.17
28905,2.8,3.1,2.5,2.8
21605,3.8,3.9,2.5,3.4
59838,3.2,3.5,2.8,3.17
45604,2.5,3.0,2.0,2.5
1026,2.5,2.3,3.8,2.87
5798,3.5,3.25,2.75,3.17
16600,3.2,3.5,2.8,3.17
24346,2.5,2.3,2.0,2.27
43427,3.25,3.5,2.75,3.17
56822,3.5,3.8,2.2,3.17
41484,3.5,3.8,2.7,3.33
34480,3.5,3.8,2.2,3.17
56230,3.5,3.8,2.2,3.17
4892,3.6,3.8,3.2,3.53
22515,3.5,3.25,2.75,3.17
39222,3.2,3.5,2.1,2.93
54572,3.2,3.5,2.1,2.93
17223,3.8,4.0,2.5,3.43
22219,3.2,3.5,2.1,2.93
8860,3.2,3.5,2.8,3.17
3529,3.2,3.0,2.1,2.77
38189,3.5,3.8,2.2,3.17
24361,2.5,3.0,2.2,2.57
44094,3.5,3.8,2.7,3.33
71720,2.5,2.2,3.1,2.6
37109,2.1,2.3,3.8,2.73
71245,3.5,3.8,2.2,3.17
60310,2.1,2.3,3.5,2.63
30956,3.5,3.25,2.75,3.17
18269,3.2,3.5,2.8,3.17
40914,3.5,3.8,2.2,3.17
17411,2.5,2.8,3.2,2.83
44426,3.5,3.8,2.2,3.17
19080,2.5,3.0,2.1,2.53
42906,3.5,3.8,2.2,3.17
60363,3.5,3.25,2.0,2.92
70045,1.8,2.1,4.2,2.7
70506,2.5,3.0,2.0,2.5
29314,3.25,3.5,3.75,3.5
68471,2.5,2.0,1.5,2.0
57761,4.2,4.0,2.1,3.43
12718,3.5,3.8,2.7,3.33
15491,3.5,3.8,2.7,3.33
71345,2.5,3.0,3.75,3.08
42775,3.5,3.25,3.75,3.5
17753,2.5,2.3,3.1,2.63
35617,3.2,3.5,2.1,2.93
29012,2.8,3.1,3.5,3.13
40332,2.8,3.1,2.5,2.8
49608,3.2,3.5,2.8,3.17
58696,3.2,3.5,2.1,2.93
3081,3.5,3.25,2.1,2.95
65712,3.5,3.2,2.8,3.17
39505,2.5,2.2,3.8,2.83
25132,2.5,2.3,3.1,2.63
9678,2.5,2.0,1.5,2.0
37089,3.5,3.8,2.2,3.17
29454,3.2,3.5,3.0,3.23
38436,3.5,3.25,2.75,3.17
22744,3.25,3.5,2.75,3.17
65517,3.5,3.0,2.2,2.9
62964,2.5,2.3,3.1,2.63
41556,2.5,2.8,2.2,2.5
54909,3.5,3.25,2.75,3.17
34538,3.5,3.0,2.0,2.83
22110,3.5,3.2,2.1,2.93
10849,2.8,3.1,2.5,2.8
5461,2.5,2.2,3.8,2.83
68510,2.8,3.1,2.5,2.8
65947,3.8,4.2,2.5,3.5
17070,3.2,3.5,3.8,3.5
36381,3.5,3.25,2.0,2.92
39127,3.2,3.5,2.8,3.17
44618,2.5,3.0,2.0,2.5
53567,3.5,3.25,2.0,2.92
54751,2.5,2.3,2.7,2.5
15674,3.2,3.5,2.8,3.17
17967,2.8,3.5,2.2,2.83
19617,2.5,2.8,2.2,2.5
36286,3.2,3.5,2.8,3.17
36656,3.5,3.25,2.75,3.17
56031,3.5,3.8,2.2,3.17
48990,4.2,3.8,2.1,3.37
16823,3.2,3.5,2.8,3.17
65284,3.2,3.5,2.8,3.17
21407,3.2,3.5,2.8,3.17
14326,3.2,3.5,2.8,3.17
34300,2.8,3.1,3.5,3.13
23374,3.2,3.5,2.8,3.17
32694,3.5,3.25,2.75,3.17
23446,3.5,3.8,2.2,3.17
65941,1.5,2.0,1.0,1.5
36897,3.5,3.8,2.2,3.17
18214,3.2,3.5,2.8,3.17
25613,3.8,4.2,2.5,3.5
38224,3.5,3.8,2.2,3.17
57970,2.5,2.3,3.1,2.63
43105,3.5,3.8,2.7,3.33
28680,2.5,2.8,2.2,2.5
60536,2.5,3.0,2.0,2.5
57198,2.5,2.0,1.5,2.0
60604,2.8,3.1,2.2,2.7
48456,3.8,3.9,2.5,3.4
49183,3.2,3.5,2.8,3.17
28296,3.6,3.8,2.5,3.3
65969,2.5,2.8,3.2,2.83
62127,3.2,3.5,2.8,3.17
62867,3.5,3.25,2.75,3.17
52563,2.5,2.3,3.8,2.87
36632,3.2,3.5,2.8,3.17
33802,2.5,2.2,3.0,2.57
41565,4.2,4.0,2.5,3.57
54145,3.5,3.0,2.0,2.83
64342,3.5,3.8,2.2,3.17
68041,3.5,3.25,2.75,3.17
4215,3.2,3.5,3.0,3.23
9294,3.5,3.25,2.75,3.17
28704,3.5,3.25,2.75,3.17
19903,2.5,2.8,3.2,2.83
60739,2.5,3.0,3.2,2.9
40195,3.2,3.5,2.1,2.93
69421,2.5,2.3,3.1,2.63
18180,3.2,3.0,2.5,2.9
66743,3.2,3.5,2.1,2.93
8114,3.5,3.8,2.2,3.17
71068,2.1,2.3,3.8,2.73
25477,3.2,3.0,2.5,2.9
51495,2.8,3.1,2.5,2.8
18984,3.5,3.8,2.7,3.33
11965,2.5,2.0,1.5,2.0
66306,3.5,3.2,2.0,2.9
58798,3.5,3.8,2.7,3.33
1352,3.5,3.25,2.0,2.92
14555,3.2,3.5,2.1,2.93
43046,3.2,3.5,2.8,3.17
54847,3.8,4.2,2.5,3.5
11755,2.8,3.1,2.5,2.8
221,2.5,2.0,1.5,2.0
35480,2.5,2.8,2.2,2.5
499,3.5,3.8,2.2,3.17
54913,3.2,3.5,3.0,3.23
31906,2.8,3.2,2.1,2.7
20307,3.5,3.8,2.7,3.33
30212,2.1,2.5,1.8,2.13
51070,2.8,3.1,3.5,3.13
65889,2.5,2.8,3.2,2.83
16458,2.5,2.2,3.8,2.83
60230,3.2,3.0,2.5,2.9
15124,4.5,4.25,1.5,3.42
53747,3.5,3.25,2.75,3.17
59687,3.2,3.5,2.8,3.17
65177,2.8,2.5,3.7,3.0
69040,3.25,3.5,2.75,3.17
42683,2.5,3.0,2.2,2.57
6498,3.2,3.5,2.8,3.17
40922,3.5,3.8,2.2,3.17
68,2.5,2.0,3.0,2.5
29640,2.5,2.3,3.8,2.87
53807,2.5,3.0,2.0,2.5
43031,2.5,2.0,1.5,2.0
42552,3.2,3.5,2.8,3.17
43466,3.5,3.8,2.2,3.17
27548,3.5,3.25,2.75,3.17
64618,3.8,4.1,2.5,3.47
67090,2.8,3.1,3.5,3.13
63421,2.5,3.0,2.0,2.5
4582,3.5,3.8,2.2,3.17
4620,3.2,3.0,2.5,2.9
11159,3.5,3.8,2.2,3.17
60472,2.5,2.8,2.2,2.5
12095,3.5,3.25,2.75,3.17
38613,3.5,3.8,2.2,3.17
17961,2.5,2.8,3.1,2.8
35545,3.2,3.5,2.8,3.17
39905,3.2,3.0,2.5,2.9
30991,2.5,2.8,2.2,2.5
67697,2.5,3.0,2.0,2.5
39419,3.8,4.0,3.2,3.67
7167,3.6,3.8,2.5,3.3
12388,2.5,2.0,2.25,2.25
1217,3.2,3.5,2.8,3.17
21952,3.2,3.5,2.8,3.17
46840,1.0,1.0,1.0,1.0
67747,3.5,3.8,2.2,3.17
61507,3.2,3.0,2.5,2.9
3023,3.2,3.5,2.8,3.17
56720,3.25,3.5,2.75,3.17
21069,3.5,3.8,3.2,3.5
42637,2.5,2.8,3.1,2.8
8338,3.25,3.5,2.75,3.17
18977,2.8,3.1,3.5,3.13
30837,2.5,2.8,3.1,2.8
57363,2.5,3.0,1.8,2.43
35922,3.2,3.5,2.8,3.17
42361,2.5,2.8,3.2,2.83
60475,2.5,3.0,2.2,2.57
17355,3.5,3.25,2.75,3.17
47616,2.8,3.1,3.5,3.13
54661,3.5,3.0,1.5,2.67
68165,3.2,3.5,3.0,3.23
53679,2.5,2.8,3.1,2.8
46652,2.5,3.0,1.5,2.33
55368,2.5,3.0,1.8,2.43
45744,3.2,3.0,2.5,2.9
47820,3.5,3.8,2.2,3.17
41178,3.5,3.8,2.2,3.17
41571,3.5,3.8,2.7,3.33
47206,3.6,3.8,2.5,3.3
20558,3.2,3.5,2.8,3.17
65837,3.25,3.5,2.75,3.17
13717,3.5,3.8,2.2,3.17
36068,3.5,3.8,2.2,3.17
9760,2.5,2.8,2.2,2.5
4284,2.5,3.0,2.2,2.57
64927,2.1,2.3,3.5,2.63
35177,3.5,3.25,2.75,3.17
65597,3.5,3.8,2.7,3.33
5475,3.2,3.5,2.1,2.93
33596,3.5,4.0,2.75,3.42
60638,3.5,3.25,2.75,3.17
29064,3.5,3.25,2.75,3.17
31408,3.2,3.0,2.1,2.77
6531,2.5,2.3,3.1,2.63
11867,2.1,2.3,3.5,2.63
48985,2.5,3.0,2.75,2.75
13,3.5,3.8,2.2,3.17
18567,2.5,2.2,3.8,2.83
34478,2.5,2.8,1.9,2.4
33345,2.8,3.1,3.5,3.13
63425,3.2,3.5,2.8,3.17
59071,2.5,2.8,3.1,2.8
48581,2.5,2.8,2.2,2.5
11765,2.5,2.8,1.5,2.27
60558,3.2,3.5,2.8,3.17
51285,3.5,3.8,2.7,3.33
32858,3.2,3.0,3.5,3.23
35348,2.5,3.0,1.8,2.43
16520,3.5,3.25,2.0,2.92
38448,3.8,4.2,2.5,3.5
3312,3.5,3.2,2.1,2.93
33903,2.5,2.8,2.2,2.5
37395,3.2,3.5,2.8,3.17
33494,3.2,3.5,2.8,3.17
71215,3.5,3.8,2.2,3.17
53757,3.2,2.8,1.5,2.5
2635,3.5,3.8,2.2,3.17
26569,2.5,2.3,3.1,2.63
67065,3.6,3.8,2.5,3.3
52877,3.2,3.0,2.5,2.9
68821,3.5,3.8,2.7,3.33
49111,3.5,3.25,2.0,2.92
15670,3.5,3.8,2.7,3.33
55545,2.8,3.1,3.5,3.13
14380,2.5,2.2,1.8,2.17
30353,3.2,3.5,2.8,3.17
6688,2.5,3.0,2.2,2.57
32613,3.5,3.8,2.2,3.17
21474,2.5,2.0,2.25,2.25
1130,2.5,3.0,2.75,2.75
9333,2.5,2.3,2.0,2.27
31857,3.5,3.25,3.75,3.5
6650,3.5,3.8,3.2,3.5
40583,3.5,3.8,2.7,3.33
53512,2.8,3.1,3.5,3.13
38071,3.2,3.5,2.8,3.17
47564,2.8,3.1,3.5,3.13
44125,3.2,3.5,2.1,2.93
37987,3.5,3.25,2.75,3.17
2786,3.8,4.2,2.5,3.5
11345,2.5,3.0,1.5,2.33
56096,4.2,4.0,2.5,3.57
41170,3.2,3.0,2.5,2.9
48832,3.5,3.8,2.2,3.17
11460,2.8,3.1,2.2,2.7
31117,2.5,3.0,1.8,2.43
35173,3.5,3.8,2.2,3.17
4771,3.5,3.8,2.7,3.33
3600,3.5,3.25,2.75,3.17
31568,3.2,3.5,2.8,3.17
4784,3.2,3.5,2.8,3.17
16543,3.5,3.2,2.8,3.17
63340,2.1,2.3,1.8,2.07
42425,2.5,3.0,3.2,2.9
1669,3.8,3.5,2.2,3.17
55726,2.8,3.1,3.5,3.13
54667,2.8,3.1,2.5,2.8
23828,3.5,3.8,2.7,3.33
32516,1.25,1.5,4.75,2.5
8265,2.5,2.8,1.5,2.27
43332,3.5,3.8,2.2,3.17
63552,3.2,3.5,2.8,3.17
60540,3.5,3.8,2.7,3.33
54189,2.5,3.0,2.2,2.57
32756,2.5,2.2,1.8,2.17
2125,3.8,3.5,2.7,3.33
5058,3.5,3.8,2.7,3.33
30008,2.5,2.3,3.1,2.63
34278,3.5,3.8,2.2,3.17
38997,2.5,3.0,2.0,2.5
23551,4.2,3.8,2.1,3.37
42975,2.1,2.3,1.8,2.07
51969,3.5,3.8,2.7,3.33
61988,2.5,2.8,2.2,2.5
15041,3.2,3.0,2.5,2.9
45526,3.2,3.5,2.8,3.17
2435,2.5,2.3,3.8,2.87
29260,2.5,2.8,3.7,3.0
27764,2.5,2.3,1.8,2.2
13154,3.2,3.5,2.8,3.17
29874,3.5,3.8,2.7,3.33
4790,3.5,3.8,3.2,3.5
36739,3.8,4.0,3.2,3.67
63095,3.2,3.5,2.8,3.17
25133,2.5,2.3,3.1,2.63
5124,2.8,3.1,2.3,2.73
8791,2.8,3.1,2.5,2.8
16172,2.1,2.3,1.8,2.07
57488,3.5,3.8,2.2,3.17
48188,2.8,3.1,2.5,2.8
16348,3.5,3.8,2.7,3.33
49072,3.8,4.0,2.5,3.43
3257,3.2,3.5,2.8,3.17
28319,2.8,3.1,3.5,3.13
14491,3.5,3.8,2.2,3.17
47464,3.2,3.5,2.8,3.17
62880,1.5,2.0,1.0,1.5
45193,3.5,3.8,3.2,3.5
66788,2.5,3.0,1.8,2.43
38382,3.2,3.5,2.8,3.17
24071,3.5,3.25,2.0,2.92
66754,3.8,3.5,2.2,3.17
62511,3.5,3.25,2.0,2.92
15134,3.5,3.25,3.0,3.25
53084,2.8,3.1,3.5,3.13
6655,2.5,2.2,3.0,2.57
43455,2.5,3.0,1.8,2.43
63067,2.8,3.1,3.5,3.13
30031,4.2,4.0,2.5,3.57
38773,2.5,2.8,2.2,2.5
53911,2.8,3.1,3.5,3.13
45784,2.5,3.0,2.2,2.57
70107,3.2,3.5,2.8,3.17
23435,3.5,3.8,2.2,3.17
37544,3.5,3.8,2.2,3.17
36757,2.5,3.0,3.25,2.92
26799,4.2,3.8,2.5,3.5
51273,3.2,3.5,2.8,3.17
8300,2.5,2.8,2.0,2.43
40107,3.5,3.25,2.75,3.17
64349,4.2,4.0,2.5,3.57
60440,2.5,3.0,1.5,2.33
46258,2.5,2.8,2.2,2.5
22202,2.8,3.1,3.5,3.13
11220,1.0,1.0,1.0,1.0
51460,3.2,3.5,2.8,3.17
56558,3.2,3.5,2.1,2.93
44216,1.0,1.0,1.0,1.0
2260,3.5,3.25,2.75,3.17
67123,2.5,3.0,2.75,2.75
43111,2.5,3.0,2.2,2.57
24274,2.1,2.3,1.8,2.07
53729,3.2,3.5,2.1,2.93
59081,3.8,4.0,2.5,3.43
40998,3.5,3.2,2.0,2.9
27950,3.5,3.75,2.25,3.17
52123,3.5,3.8,2.7,3.33
45296,3.5,3.8,2.7,3.33
63378,3.5,4.0,2.2,3.23
50552,3.2,3.5,2.8,3.17
60821,3.5,3.8,2.2,3.17
38822,2.5,2.8,3.2,2.83
47442,3.5,3.25,2.75,3.17
58066,2.5,2.0,1.5,2.0
51394,2.5,3.0,2.2,2.57
13992,3.5,3.2,2.8,3.17
44592,3.2,3.5,3.8,3.5
23476,2.8,3.2,2.5,2.83
34335,3.8,3.9,2.5,3.4
40679,2.8,3.1,2.5,2.8
19926,2.8,3.1,3.5,3.13
2611,3.5,3.8,2.2,3.17
20120,2.5,2.8,2.2,2.5
59357,3.5,2.8,3.7,3.33
70754,2.5,3.0,1.8,2.43
60579,3.2,3.5,3.8,3.5
70548,3.2,3.0,3.5,3.23
69243,3.5,4.0,2.0,3.17
37278,3.5,3.8,2.2,3.17
31258,3.6,3.8,2.9,3.43
1431,2.8,3.1,2.5,2.8
51864,2.5,2.8,3.2,2.83
8517,3.2,3.5,2.1,2.93
37429,3.5,3.8,2.2,3.17
27878,3.2,3.5,2.1,2.93
29241,3.2,3.5,2.8,3.17
64488,3.5,3.75,3.25,3.5
2083,3.2,3.5,3.0,3.23
71594,3.5,3.2,2.8,3.17
9280,2.5,2.8,1.7,2.33
49671,2.8,3.1,2.5,2.8
25845,3.2,3.5,2.8,3.17
37003,2.8,3.1,2.5,2.8
64983,2.5,2.8,2.2,2.5
67582,3.25,3.5,2.75,3.17
20072,2.8,3.1,3.5,3.13
22932,2.5,2.2,2.8,2.5
1184,2.5,2.3,3.8,2.87
26435,3.2,3.5,2.8,3.17
62597,3.2,3.0,2.5,2.9
30722,2.5,3.0,3.2,2.9
40792,2.5,2.3,2.0,2.27
42208,3.2,3.5,2.8,3.17
47031,3.2,3.5,3.8,3.5
39003,2.5,2.8,2.2,2.5
38042,3.2,3.5,3.8,3.5
52806,2.5,2.2,3.8,2.83
12453,3.2,3.5,2.1,2.93
23570,3.2,3.5,2.8,3.17
20749,3.5,3.8,2.2,3.17
28280,3.5,3.25,2.75,3.17
19110,2.5,2.2,3.0,2.57
1193,2.5,3.0,3.2,2.9
2730,2.8,3.1,2.5,2.8
62137,2.8,3.1,3.5,3.13
63031,2.8,3.1,2.5,2.8
28628,4.2,3.8,2.1,3.37
70649,2.8,3.2,2.1,2.7
46465,3.5,3.25,2.0,2.92
21890,3.2,3.5,2.8,3.17
52599,3.5,3.25,2.0,2.92
64271,3.5,3.8,2.2,3.17
57782,2.8,3.1,3.5,3.13
42237,3.2,3.5,2.8,3.17
61679,3.5,3.8,2.2,3.17
11312,4.2,4.0,2.5,3.57
13693,3.5,3.8,2.2,3.17
15595,3.2,3.5,2.8,3.17
68334,2.5,2.8,2.2,2.5
49695,3.5,3.2,2.8,3.17
29912,3.2,3.0,2.5,2.9
14258,3.8,4.0,2.5,3.43
37072,3.8,4.0,2.2,3.33
34284,3.2,3.0,2.5,2.9
54448,2.5,2.8,3.1,2.8
53490,3.2,2.8,2.5,2.83
8189,3.2,3.5,2.8,3.17
3643,3.25,3.0,2.5,2.92
57907,3.5,3.8,2.2,3.17
19383,3.2,3.5,2.8,3.17
2584,3.5,3.8,2.2,3.17
17517,2.5,3.0,2.2,2.57
65773,3.85,4.1,3.2,3.72
58560,3.5,3.0,2.0,2.83
43175,3.1,3.5,2.8,3.13
18083,3.6,3.8,2.9,3.43
44574,2.8,3.1,3.5,3.13
53962,3.5,3.25,2.0,2.92
48349,3.2,3.5,2.1,2.93
70387,3.25,3.0,2.75,3.0
65161,3.5,3.25,2.0,2.92
26831,2.5,2.2,3.8,2.83
42944,2.5,2.3,2.7,2.5
16054,3.5,3.8,2.2,3.17
25973,3.2,3.5,2.1,2.93
67576,3.2,3.5,2.8,3.17
18186,3.2,3.5,2.8,3.17
611,2.5,3.0,3.75,3.08
63226,3.2,3.5,2.8,3.17
68866,3.2,3.5,2.8,3.17
66245,2.5,2.8,3.7,3.0
48602,3.5,3.25,2.75,3.17
58761,2.5,3.0,2.1,2.53
3598,2.5,2.3,3.8,2.87
63172,3.5,3.75,2.25,3.17
59478,2.8,3.1,2.2,2.7
59204,3.2,3.0,2.5,2.9
25833,3.8,4.0,2.5,3.43
38099,2.5,2.3,3.1,2.63
64659,3.2,3.5,2.1,2.93
19677,3.2,3.5,2.8,3.17
17180,2.5,3.0,1.5,2.33
21827,3.2,2.8,3.5,3.17
24351,3.5,3.25,2.75,3.17
28408,2.8,3.1,2.3,2.73
39211,3.5,2.8,1.5,2.6
37156,2.8,3.1,3.5,3.13
27,2.5,2.8,2.2,2.5
48926,3.2,3.5,2.8,3.17
9846,3.5,3.25,2.0,2.92
42559,3.2,3.5,2.8,3.17
68004,3.2,3.5,2.8,3.17
3498,3.5,3.8,2.2,3.17
5632,2.5,2.3,3.1,2.63
17583,4.2,4.0,2.5,3.57
65892,2.5,2.8,3.7,3.0
46147,3.8,4.0,2.5,3.43
3817,2.5,2.3,1.8,2.2
68134,2.1,2.3,3.5,2.63
71282,3.5,3.8,2.2,3.17
26481,3.5,3.25,2.75,3.17
28625,3.2,3.5,2.8,3.17
61803,3.5,3.2,2.8,3.17
19715,2.5,3.0,2.2,2.57
34258,3.2,3.5,2.8,3.17
4153,1.85,2.1,3.5,2.48
68873,3.5,3.8,2.7,3.33
68226,3.2,3.5,2.8,3.17
71320,4.2,4.0,2.5,3.57
11387,3.5,3.8,2.2,3.17
52713,2.5,2.8,1.5,2.27
49983,4.2,4.0,2.5,3.57
12295,2.8,2.5,3.7,3.0
58906,3.5,3.8,2.2,3.17
71675,3.5,3.25,2.75,3.17
62714,3.8,3.5,2.7,3.33
13649,3.2,3.5,2.8,3.17
55715,2.5,2.8,3.1,2.8
62085,3.5,3.25,2.75,3.17
54443,2.5,2.2,3.8,2.83
26068,,,,
26907,3.2,3.0,2.5,2.9
46588,3.5,3.25,2.75,3.17
829,3.5,3.25,2.75,3.17
30635,3.25,3.5,2.75,3.17
7383,2.5,3.0,2.2,2.57
5639,3.5,3.8,2.2,3.17
3425,3.5,3.8,2.7,3.33
64806,3.6,3.8,2.5,3.3
18172,1.5,1.2,1.0,1.23
4545,2.5,2.0,1.5,2.0
9597,3.2,3.5,2.8,3.17
3941,3.5,3.8,2.2,3.17
70453,2.5,3.0,2.2,2.57
10532,2.5,2.2,3.8,2.83
36173,3.2,3.8,2.5,3.17
27105,3.5,3.8,2.2,3.17
30091,3.8,3.9,2.5,3.4
63554,3.2,3.5,2.8,3.17
60016,2.1,2.3,2.0,2.13
25805,3.2,3.5,2.8,3.17
2988,3.2,3.5,2.1,2.93
24111,3.2,3.5,2.8,3.17
20800,3.8,4.0,2.5,3.43
39175,2.5,3.0,2.2,2.57
51699,2.5,3.0,3.2,2.9
31167,2.1,2.3,2.0,2.13
60655,3.2,3.5,2.8,3.17
52606,3.2,3.5,2.1,2.93
37029,3.8,4.2,2.5,3.5
62116,3.5,3.25,2.0,2.92
12238,3.2,3.5,2.8,3.17
2836,3.5,4.0,2.2,3.23
1536,3.5,3.75,2.25,3.17
61511,3.2,3.5,2.1,2.93
42650,2.8,3.2,2.1,2.7
41255,3.5,3.25,2.75,3.17
58742,3.8,3.9,2.5,3.4
71694,3.2,3.0,3.5,3.23
32311,3.5,3.8,2.2,3.17
57469,3.2,3.5,2.1,2.93
38064,2.5,2.8,1.7,2.33
16710,2.5,2.2,3.8,2.83
66723,3.5,3.8,2.2,3.17
7578,2.5,2.0,1.5,2.0
27505,3.5,3.8,2.2,3.17
43570,3.5,3.2,2.8,3.17
14437,2.1,2.3,1.8,2.07
33542,2.1,2.3,1.8,2.07
68732,2.5,3.0,2.2,2.57
49726,3.5,3.8,2.2,3.17
58229,2.5,3.0,1.5,2.33
46267,3.8,4.0,2.5,3.43
58797,3.8,3.9,2.5,3.4
31896,3.2,3.5,2.1,2.93
40109,2.5,2.0,1.5,2.0
56042,2.8,3.1,3.5,3.13
67329,2.8,3.1,2.5,2.8
60344,2.1,2.3,1.5,1.97
13466,3.5,3.25,2.75,3.17
5235,3.25,3.5,3.75,3.5
52362,3.8,3.9,2.5,3.4
22429,2.5,2.2,1.8,2.17
51602,2.5,2.3,3.1,2.63
39471,2.5,2.3,2.7,2.5
6222,3.2,3.5,2.8,3.17
52333,3.5,3.8,2.2,3.17
19090,3.5,3.8,2.7,3.33
10184,3.5,3.75,2.25,3.17
36658,2.5,2.8,3.2,2.83
63670,3.2,3.5,3.8,3.5
51491,3.5,3.2,2.8,3.17
30394,2.8,3.1,3.5,3.13
30923,2.5,2.3,3.1,2.63
48039,2.5,3.0,2.75,2.75
15490,3.2,3.5,2.8,3.17
17442,2.5,2.0,1.5,2.0
20649,3.2,3.5,2.8,3.17
72166,2.5,2.8,2.2,2.5
67695,3.2,3.5,2.8,3.17
57203,2.5,3.0,1.5,2.33
60714,3.5,3.8,2.7,3.33
69484,3.25,3.0,2.5,2.92
60419,2.5,2.3,3.1,2.63
18690,2.5,2.8,2.2,2.5
49205,3.5,3.8,2.7,3.33
554,2.8,3.1,2.5,2.8
37281,3.5,3.2,2.0,2.9
6232,3.5,3.25,2.0,2.92
31337,3.5,3.75,2.25,3.17
9685,3.2,3.5,2.8,3.17
71674,3.5,3.25,2.0,2.92
66116,3.5,3.8,2.2,3.17
69769,2.5,3.0,1.5,2.33
27487,3.5,3.8,2.2,3.17
21721,2.8,3.1,2.2,2.7
55512,2.8,3.1,2.5,2.8
49141,3.2,3.0,2.5,2.9
31943,3.2,3.0,2.5,2.9
62756,3.8,4.2,2.5,3.5
28901,2.8,3.1,3.5,3.13
23348,2.5,3.0,2.2,2.57
65264,2.5,3.0,3.75,3.08
37556,3.2,3.5,2.1,2.93
34548,3.5,3.8,2.2,3.17
22293,2.8,3.1,2.5,2.8
36205,3.5,3.8,2.2,3.17
35145,3.8,3.9,2.5,3.4
47712,2.5,2.2,3.8,2.83
25048,2.5,2.8,3.1,2.8
11364,4.2,4.0,2.5,3.57
11504,2.5,2.2,3.0,2.57
46954,3.5,3.2,2.8,3.17
52818,3.5,3.8,2.7,3.33
50402,3.5,3.8,2.2,3.17
6782,3.25,3.5,2.75,3.17
25312,2.5,2.8,1.9,2.4
15974,2.5,2.8,3.2,2.83
40675,2.5,2.8,3.2,2.83
23324,3.2,3.5,2.8,3.17
27555,2.8,3.1,2.2,2.7
56428,3.2,3.5,2.1,2.93
21409,3.5,3.8,2.7,3.33
13305,3.5,3.8,2.2,3.17
9589,3.5,3.8,2.2,3.17
50769,3.5,3.8,2.2,3.17
38521,2.5,2.3,3.8,2.87
63986,2.5,2.0,1.5,2.0
9015,3.2,3.5,2.8,3.17
20022,2.5,2.8,3.2,2.83
15979,3.5,3.8,2.2,3.17
34567,3.2,3.5,2.1,2.93
21495,2.5,3.0,2.2,2.57
65024,2.8,3.1,3.5,3.13
17852,3.25,3.5,3.75,3.5
10932,2.5,2.3,3.8,2.87
57542,3.5,3.8,2.2,3.17
4482,3.5,3.2,2.1,2.93
38939,3.5,3.2,2.8,3.17
6111,2.5,2.8,2.2,2.5
7973,2.5,3.0,3.2,2.9
54577,2.0,2.5,1.0,1.83
42803,3.8,4.0,2.5,3.43
17924,2.8,3.1,2.2,2.7
63379,2.5,2.8,1.9,2.4
63415,3.5,3.2,2.8,3.17
23645,3.2,3.0,2.5,2.9
22849,2.8,3.1,2.5,2.8
61672,3.2,3.5,2.8,3.17
27832,3.5,3.8,2.7,3.33
29296,2.5,3.0,2.2,2.57
63626,3.2,3.5,2.8,3.17
42804,3.25,3.5,3.0,3.25
35438,3.2,3.5,2.8,3.17
18698,2.5,2.8,2.2,2.5
38668,3.5,3.8,2.7,3.33
23872,3.5,3.8,3.2,3.5
4959,3.5,3.25,2.1,2.95
7815,3.5,3.25,2.75,3.17
28975,3.5,3.8,2.2,3.17
58072,2.5,3.0,2.2,2.57
69015,3.2,3.5,2.1,2.93
22779,3.2,3.5,2.8,3.17
37813,2.5,2.8,2.2,2.5
22175,3.5,3.75,2.25,3.17
37170,3.5,3.8,2.7,3.33
66591,,,,
19788,4.2,3.8,2.5,3.5
11908,2.5,2.8,2.2,2.5
2943,3.5,3.8,2.2,3.17
27556,3.5,3.25,2.75,3.17
25806,3.2,3.5,2.8,3.17
50749,2.5,3.0,2.75,2.75
39957,3.5,3.2,2.8,3.17
2661,2.5,2.8,3.2,2.83
64333,3.5,3.8,2.2,3.17
48514,3.5,3.8,2.7,3.33
55274,3.5,3.25,2.75,3.17
6441,3.2,3.5,2.8,3.17
40405,2.5,2.3,2.0,2.27
15740,2.5,3.0,2.2,2.57
1069,3.5,3.25,2.75,3.17
41119,2.8,3.1,2.5,2.8
18898,2.5,2.0,3.0,2.5
31630,4.2,4.0,2.5,3.57
55908,2.5,2.3,3.1,2.63
64337,2.5,2.8,3.2,2.83
63611,2.1,2.5,1.8,2.13
24228,3.5,3.25,2.75,3.17
57189,3.5,3.8,2.2,3.17
35537,2.5,2.8,3.1,2.8
56877,3.2,3.5,2.1,2.93
3814,3.2,3.5,2.8,3.17
58691,2.8,3.2,2.5,2.83
49403,4.2,4.0,2.5,3.57
27148,3.2,3.5,2.8,3.17
14892,3.2,3.5,2.8,3.17
16381,3.2,3.5,2.8,3.17
46860,2.5,3.0,3.2,2.9
1392,2.5,2.3,3.1,2.63
13467,1.0,1.0,1.0,1.0
3232,2.1,1.8,3.5,2.47
25758,3.2,3.5,3.8,3.5
69317,2.5,2.8,2.2,2.5
9641,2.5,2.0,1.5,2.0
50017,3.8,4.0,2.5,3.43
54395,3.2,3.5,2.1,2.93
62953,3.2,3.5,2.8,3.17
49473,2.5,2.8,1.9,2.4
69123,3.2,3.5,2.8,3.17
5947,2.5,2.3,3.8,2.87
68027,3.5,3.75,2.8,3.35
1033,2.5,2.3,3.8,2.87
7337,2.5,2.8,2.2,2.5
43449,2.8,3.1,3.5,3.13
50901,3.8,4.2,2.5,3.5
35371,2.5,2.2,3.8,2.83
9470,3.2,3.5,2.8,3.17
36279,2.5,3.0,2.2,2.57
54422,3.5,3.25,2.75,3.17
34750,2.1,2.3,3.8,2.73
18833,3.5,3.8,2.2,3.17
47016,3.5,3.8,2.7,3.33
1275,3.5,3.25,2.75,3.17
48352,,,,
64250,3.5,3.25,2.75,3.17
72154,3.8,4.2,2.5,3.5
2148,2.5,3.0,2.2,2.57
4340,4.2,4.0,2.5,3.57
42720,3.2,2.8,2.5,2.83
32729,3.5,3.25,2.75,3.17
41045,2.5,3.0,2.2,2.57
70170,4.2,4.0,2.5,3.57
16014,3.2,3.5,2.1,2.93
31176,2.8,3.1,2.5,2.8
56994,2.5,2.8,3.1,2.8
4513,3.5,3.8,2.2,3.17
38774,2.5,3.0,2.2,2.57
19504,2.5,2.8,3.1,2.8
27470,3.2,3.5,2.8,3.17
65769,3.5,3.25,3.75,3.5
65171,3.5,3.25,2.75,3.17
12940,3.5,3.8,2.7,3.33
18548,2.5,2.8,3.2,2.83
43112,2.5,3.0,2.2,2.57
28853,3.2,3.5,2.8,3.17
59445,3.5,3.8,2.7,3.33
34109,4.2,4.0,2.5,3.57
38595,2.5,2.2,3.8,2.83
28972,3.5,4.0,2.2,3.23
27643,3.5,2.8,1.5,2.6
50459,2.5,2.0,1.5,2.0
6032,3.2,3.5,2.8,3.17
27678,3.6,3.8,2.5,3.3
66086,3.2,3.5,2.8,3.17
30870,3.5,3.2,2.0,2.9
38982,2.8,3.2,2.5,2.83
21131,2.5,2.3,3.8,2.87
8793,2.5,2.8,2.2,2.5
58737,3.5,3.8,2.7,3.33
42624,3.5,3.25,2.75,3.17
60455,3.5,3.8,2.7,3.33
20168,3.8,4.0,2.5,3.43
46777,3.2,3.5,2.8,3.17
53489,3.5,3.8,2.2,3.17
52042,2.8,3.1,2.3,2.73
65324,2.8,3.1,3.5,3.13
39242,3.2,3.5,2.1,2.93
1356,3.5,3.25,2.0,2.92
22752,3.5,3.2,2.8,3.17
67787,4.2,4.0,2.1,3.43
68523,2.8,3.2,2.5,2.83
25389,2.5,2.3,3.8,2.87
22392,3.5,3.8,2.7,3.33
1238,2.5,2.8,3.1,2.8
41204,3.5,3.8,2.7,3.33
27433,2.5,3.0,2.75,2.75
21022,3.2,3.5,2.8,3.17
56714,2.5,2.3,3.8,2.87
40989,3.5,3.8,2.7,3.33
39022,2.5,2.8,1.7,2.33
17773,3.2,3.5,2.8,3.17
42852,3.2,3.5,2.8,3.17
12729,3.25,3.0,3.5,3.25
39353,2.8,3.2,2.5,2.83
3383,3.5,3.8,2.2,3.17
56919,2.5,2.8,3.7,3.0
47106,3.2,3.5,2.8,3.17
42198,3.8,3.5,2.2,3.17
40380,3.5,3.8,2.2,3.17
42730,3.5,3.8,2.2,3.17
17552,2.1,2.3,3.5,2.63
57616,3.2,3.5,2.1,2.93
19946,2.5,2.8,3.2,2.83
18270,2.8,3.1,3.5,3.13
33393,3.5,3.8,2.2,3.17
16278,2.5,2.2,3.0,2.57
2368,4.5,4.2,2.1,3.6
29044,3.5,3.0,2.0,2.83
22206,3.2,3.5,2.8,3.17
21350,3.5,3.8,2.2,3.17
59572,3.5,3.8,2.2,3.17
68099,3.25,3.5,3.75,3.5
7452,3.5,3.8,2.7,3.33
47265,3.2,3.5,2.8,3.17
53890,3.2,3.5,2.8,3.17
48693,2.5,3.0,2.2,2.57
24239,3.2,3.0,2.5,2.9
48554,2.8,3.1,2.5,2.8
68829,3.5,3.8,2.2,3.17
4483,2.5,3.0,2.0,2.5
60661,2.5,2.3,1.8,2.2
47736,3.2,3.5,2.1,2.93
2220,1.0,1.5,2.0,1.5
37673,3.2,3.5,2.8,3.17
15144,2.5,2.8,3.2,2.83
26470,2.5,3.2,2.0,2.57
66027,3.5,4.2,2.8,3.5
43045,2.5,2.8,2.2,2.5
54776,3.5,3.25,3.0,3.25
16321,3.25,3.5,3.75,3.5
32016,2.8,3.1,2.5,2.8
11708,3.2,3.5,2.8,3.17
29055,3.2,3.5,2.8,3.17
55043,3.25,3.5,3.75,3.5
55002,3.5,3.8,2.2,3.17
18169,3.6,4.0,3.2,3.6
36246,3.8,3.9,2.5,3.4
34909,3.5,3.8,2.2,3.17
48977,3.5,3.25,2.0,2.92
17130,3.5,3.25,2.75,3.17
31675,3.2,3.5,2.8,3.17
20375,3.5,3.8,2.2,3.17
11914,2.8,3.2,3.5,3.17
15418,3.25,3.5,3.75,3.5
40542,3.2,3.5,2.8,3.17
5682,2.5,2.8,2.2,2.5
53647,3.2,3.5,2.1,2.93
41818,3.2,3.5,2.1,2.93
4016,3.5,3.25,3.75,3.5
51494,3.2,3.0,2.5,2.9
28036,2.5,3.0,2.1,2.53
49216,3.2,3.5,2.8,3.17
53530,3.5,3.25,2.0,2.92
10366,2.8,3.1,3.5,3.13
32095,3.5,3.8,2.2,3.17
68096,3.5,3.25,2.75,3.17
534,3.5,3.8,2.7,3.33
51095,2.1,2.3,3.8,2.73
4010,3.5,3.25,2.1,2.95
31775,3.5,3.8,2.7,3.33
58380,3.2,3.5,3.0,3.23
58551,2.5,2.8,1.5,2.27
62596,3.2,3.5,2.1,2.93
47634,4.2,4.0,2.5,3.57
18645,3.5,3.8,2.2,3.17
24177,3.5,3.25,2.75,3.17
9503,3.5,3.25,2.75,3.17
62901,3.2,3.5,2.8,3.17
52551,2.8,3.1,2.5,2.8
28974,2.5,3.0,2.2,2.57
31626,3.25,3.5,3.75,3.5
9039,2.5,2.8,2.2,2.5
13705,4.2,4.0,2.5,3.57
5919,3.5,3.8,2.2,3.17
14746,3.5,3.8,2.2,3.17
46233,3.2,3.5,2.8,3.17
4974,3.5,3.2,2.8,3.17
35398,3.2,3.5,2.1,2.93
1621,3.5,3.25,2.0,2.92
36549,3.5,3.8,2.2,3.17
27084,2.5,3.0,1.8,2.43
22026,2.5,3.0,3.2,2.9
26092,2.5,3.0,2.2,2.57
7533,,,,
36553,2.5,2.3,3.8,2.87
15987,3.2,3.5,2.1,2.93
11351,4.2,4.0,2.5,3.57
2398,2.5,2.2,4.0,2.9
20985,3.2,3.5,2.8,3.17
35884,3.5,3.8,2.7,3.33
61513,3.6,3.8,2.5,3.3
9249,3.5,3.2,2.1,2.93
7501,2.5,2.8,2.2,2.5
52821,2.1,2.3,3.5,2.63
59749,2.5,3.0,2.0,2.5
53240,3.5,3.8,2.2,3.17
66688,2.5,2.0,2.25,2.25
70121,3.2,3.0,2.5,2.9
29952,2.5,2.3,2.0,2.27
42592,3.5,3.8,2.2,3.17
72201,2.5,2.8,2.2,2.5
3874,2.8,3.1,3.5,3.13
58678,3.2,3.5,2.8,3.17
30696,3.2,3.5,2.8,3.17
55317,3.5,3.25,2.75,3.17
4982,2.1,2.3,3.5,2.63
18773,2.5,2.8,3.2,2.83
34003,3.2,3.5,2.8,3.17
54075,4.2,4.0,2.5,3.57
16444,3.5,3.8,2.2,3.17
34539,2.5,2.8,2.2,2.5
65330,2.5,2.3,3.1,2.63
23422,3.5,3.8,2.7,3.33
42511,3.8,3.9,2.5,3.4
39593,2.5,2.0,1.5,2.0
35851,3.5,3.25,2.75,3.17
41606,3.8,4.0,2.5,3.43
27987,3.5,3.8,2.2,3.17
47254,3.5,4.0,2.2,3.23
49604,3.2,3.5,2.8,3.17
3811,3.2,3.5,2.1,2.93
16052,3.8,3.9,2.2,3.3
60006,3.2,3.5,2.8,3.17
38075,2.8,3.1,2.5,2.8
34585,3.6,3.2,2.8,3.2
70830,3.2,3.5,2.8,3.17
2259,3.5,3.75,2.8,3.35
38845,4.2,4.0,2.5,3.57
51642,2.1,2.3,3.5,2.63
38311,3.5,3.0,1.5,2.67
68617,1.0,1.0,1.0,1.0
12708,3.2,3.5,2.8,3.17
44030,3.5,3.25,2.1,2.95
32889,3.2,3.5,3.8,3.5
40745,2.5,2.2,3.0,2.57
54746,3.8,4.0,2.5,3.43
72077,2.5,2.8,3.2,2.83
52848,3.8,3.5,2.2,3.17
5544,3.5,3.8,2.7,3.33
57207,2.8,3.1,2.5,2.8
20481,3.5,3.0,2.2,2.9
8410,3.5,3.8,2.2,3.17
44905,2.5,3.0,2.2,2.57
51566,3.2,3.5,2.8,3.17
52825,2.5,2.8,3.2,2.83
44745,2.1,2.0,3.5,2.53
15598,3.8,4.0,2.5,3.43
29461,3.5,3.25,2.75,3.17
41053,2.5,2.8,2.2,2.5
39084,3.25,3.5,2.75,3.17
15303,3.2,3.5,2.8,3.17
64791,2.5,2.8,1.5,2.27
4168,2.8,3.1,2.5,2.8
66500,2.5,2.8,2.2,2.5
19983,3.5,3.8,2.2,3.17
18542,2.8,3.1,2.5,2.8
66284,3.25,3.0,3.75,3.33
30061,3.5,3.25,2.75,3.17
9624,2.8,3.2,2.5,2.83
6485,3.5,3.8,2.2,3.17
38422,2.5,3.0,3.2,2.9
29759,2.5,3.0,2.75,2.75
47593,2.8,3.1,2.5,2.8
13166,2.5,3.0,2.2,2.57
46484,3.2,3.8,2.5,3.17
15125,3.2,3.5,3.8,3.5
12999,2.5,3.0,1.5,2.33
44035,2.5,3.0,2.0,2.5
17245,3.5,3.25,2.75,3.17
43855,2.5,3.0,2.75,2.75
38237,3.5,3.8,3.2,3.5
37465,2.5,3.0,1.5,2.33
16332,3.5,3.8,2.2,3.17
40831,3.8,3.5,2.2,3.17
53731,3.2,3.5,2.8,3.17
71007,3.2,3.5,2.8,3.17
4759,3.5,3.2,2.0,2.9
26930,3.5,3.25,2.75,3.17
33764,3.5,3.8,2.7,3.33
27066,2.5,3.0,2.2,2.57
6891,2.1,2.3,3.8,2.73
15461,2.5,2.8,3.2,2.83
60788,2.5,2.0,1.5,2.0
43375,2.8,3.1,3.5,3.13
11073,2.5,2.0,1.5,2.0
1764,2.5,2.8,3.2,2.83
58979,3.2,3.5,2.8,3.17
53778,2.8,3.2,2.1,2.7
40701,2.1,2.3,3.5,2.63
22126,3.5,3.8,2.7,3.33
61922,3.2,3.5,2.8,3.17
22312,2.5,2.8,2.2,2.5
69753,3.8,4.0,2.5,3.43
13007,3.5,3.25,2.75,3.17
15555,3.2,3.5,3.8,3.5
69863,3.2,3.5,2.8,3.17
56621,3.2,3.5,2.8,3.17
29893,4.2,4.0,2.5,3.57
30936,3.2,3.5,2.8,3.17
48786,3.8,4.2,2.5,3.5
579,3.5,3.2,1.8,2.83
64743,2.5,3.0,2.2,2.57
71377,2.5,2.8,2.2,2.5
54363,3.5,3.25,2.0,2.92
39896,3.8,3.5,2.2,3.17
51184,3.8,4.0,2.5,3.43
27759,1.0,1.0,1.0,1.0
32862,2.5,2.8,3.1,2.8
22640,2.5,2.3,1.8,2.2
24153,3.2,3.5,2.8,3.17
22512,2.8,3.1,3.5,3.13
15244,3.5,3.2,2.8,3.17
59393,2.5,3.0,1.5,2.33
49866,2.5,2.8,3.1,2.8
27366,3.25,3.5,2.75,3.17
54564,3.5,3.25,2.0,2.92
9003,2.5,3.0,1.5,2.33
38827,3.5,3.25,3.0,3.25
70638,2.5,2.3,3.1,2.63
68830,3.5,3.8,2.2,3.17
10369,3.5,3.8,2.2,3.17
36294,2.5,2.8,3.2,2.83
8143,3.2,3.5,2.1,2.93
10880,3.2,3.5,2.1,2.93
8533,3.25,3.5,2.75,3.17
53378,4.2,4.0,2.5,3.57
41650,3.2,3.5,2.8,3.17
40539,3.5,3.8,2.7,3.33
68373,2.1,2.3,1.8,2.07
36955,3.2,3.5,2.8,3.17
53509,2.8,3.1,2.5,2.8
59222,3.2,3.5,2.8,3.17
49712,2.1,2.3,3.5,2.63
58017,3.2,3.5,2.8,3.17
42289,3.2,3.5,2.8,3.17
30215,3.2,3.5,2.8,3.17
50824,3.2,3.5,2.8,3.17
50692,2.1,2.0,1.5,1.87
34118,2.5,2.8,3.2,2.83
55714,2.5,2.8,3.2,2.83
71739,3.2,3.5,2.8,3.17
55691,2.5,2.8,2.0,2.43
54666,3.2,3.5,2.8,3.17
69646,2.5,3.0,1.8,2.43
30206,2.5,2.8,3.7,3.0
15881,3.5,3.75,3.25,3.5
18377,2.5,2.0,1.5,2.0
67013,3.5,3.25,2.75,3.17
10918,2.5,2.8,2.2,2.5
22866,3.2,2.8,2.5,2.83
17516,3.2,3.5,2.8,3.17
11050,3.5,3.8,2.7,3.33
56100,3.5,3.25,3.0,3.25
6543,3.2,3.5,2.8,3.17
70049,2.5,3.0,2.2,2.57
24041,2.5,3.0,2.2,2.57
41895,3.2,3.5,3.0,3.23
52909,3.5,3.25,2.75,3.17
65213,3.2,3.5,2.1,2.93
52976,3.5,3.25,2.0,2.92
26195,2.5,3.0,1.8,2.43
38983,2.5,3.0,2.2,2.57
51348,3.8,4.0,2.5,3.43
6216,2.5,2.8,2.2,2.5
71586,2.5,2.8,3.1,2.8
22872,3.2,2.8,1.5,2.5
15765,3.8,3.9,2.5,3.4
30092,4.2,4.0,2.5,3.57
60858,2.5,2.3,3.1,2.63
40739,3.6,3.8,2.9,3.43
19954,2.5,2.3,3.8,2.87
68006,2.8,3.1,4.2,3.37
9619,3.2,3.5,2.1,2.93
11434,2.5,2.0,1.5,2.0
178,2.8,3.1,3.5,3.13
21216,2.5,2.0,1.5,2.0
20284,3.5,3.8,2.2,3.17
756,2.5,2.2,3.8,2.83
56514,2.5,3.0,1.5,2.33
6448,2.5,2.2,3.8,2.83
64780,3.5,3.8,2.7,3.33
4128,2.1,2.3,3.5,2.63
11295,2.5,3.0,2.2,2.57
39864,2.5,2.3,3.8,2.87
48666,3.5,3.2,2.8,3.17
26251,3.2,3.5,2.1,2.93
23526,2.8,3.2,3.5,3.17
29719,3.2,3.5,2.8,3.17
47653,3.5,3.25,2.75,3.17
3609,3.2,3.5,2.8,3.17
13384,2.5,2.8,1.9,2.4
32382,2.1,2.3,3.5,2.63
10533,2.5,2.0,1.5,2.0
16880,3.6,3.8,2.5,3.3
51620,2.8,3.1,2.5,2.8
57174,2.5,2.8,3.1,2.8
65199,3.2,3.5,2.1,2.93
37629,4.2,4.0,2.5,3.57
429,2.5,2.3,1.8,2.2
58751,3.5,3.8,2.2,3.17
48232,2.5,2.8,3.2,2.83
49320,2.1,2.3,3.5,2.63
58352,3.2,3.5,2.8,3.17
46691,3.2,3.5,2.8,3.17
29467,2.5,2.0,3.75,2.75
63596,3.5,3.8,2.2,3.17
67111,2.5,3.0,2.2,2.57
9318,2.5,2.8,2.2,2.5
42252,3.2,3.5,2.8,3.17
745,2.5,2.0,3.5,2.67
6383,3.2,3.5,2.8,3.17
57930,3.5,3.8,2.2,3.17
65472,3.5,3.25,2.75,3.17
54881,2.5,3.0,2.2,2.57
42399,3.5,3.8,2.7,3.33
25556,2.5,2.3,3.8,2.87
57272,3.5,3.8,2.7,3.33
6664,2.5,2.3,3.1,2.63
44967,2.5,2.8,3.1,2.8
11259,2.5,2.3,3.1,2.63
38041,3.2,3.5,3.0,3.23
48074,3.5,3.8,2.2,3.17
31077,3.5,3.8,2.7,3.33
46621,3.5,3.8,2.2,3.17
14254,2.5,2.3,3.1,2.63
27932,3.2,3.5,2.8,3.17
52890,3.5,3.8,2.2,3.17
37716,3.8,4.0,2.5,3.43
41401,2.8,3.1,3.5,3.13
17828,2.1,2.0,1.5,1.87
42845,2.5,3.0,2.2,2.57
51115,2.5,3.0,2.75,2.75
9632,3.5,3.25,2.75,3.17
33218,3.5,3.8,2.7,3.33
39775,2.8,3.2,2.5,2.83
56191,3.8,3.5,2.2,3.17
7767,3.2,3.5,2.8,3.17
11369,3.5,3.8,2.2,3.17
7066,3.5,3.8,3.2,3.5
293,3.5,3.8,2.7,3.33
58035,2.5,3.0,1.5,2.33
2295,3.2,3.5,2.8,3.17
41141,4.2,4.0,2.5,3.57
64432,3.2,3.5,2.8,3.17
8511,3.2,3.5,2.1,2.93
25568,2.8,3.2,1.5,2.5
43653,4.2,4.0,2.1,3.43
24748,3.2,3.5,2.8,3.17
48811,2.5,2.0,1.5,2.0
64181,3.5,3.25,2.75,3.17
65779,3.2,3.5,2.8,3.17
49725,3.5,3.8,2.2,3.17
66906,3.5,3.25,2.0,2.92
53459,3.5,3.25,3.0,3.25
41094,2.5,2.3,3.8,2.87
18765,2.5,2.3,3.1,2.63
29630,2.5,3.0,2.2,2.57
57814,2.1,2.5,2.8,2.47
70271,2.5,2.3,3.1,2.63
36004,3.5,3.8,2.2,3.17
377,3.5,3.8,2.7,3.33
54545,2.5,3.0,2.2,2.57
53141,3.2,3.0,2.5,2.9
58567,2.5,3.0,2.2,2.57
3409,2.1,2.3,1.5,1.97
69816,2.5,2.8,3.2,2.83
41334,2.8,3.1,3.5,3.13
62771,2.5,3.0,2.2,2.57
20930,3.2,3.0,2.5,2.9
51063,2.5,3.0,2.2,2.57
23915,3.5,3.25,2.75,3.17
28943,3.5,3.2,3.8,3.5
55716,2.8,3.1,3.5,3.13
59530,3.5,4.0,2.2,3.23
15770,2.5,3.0,1.5,2.33
5417,3.5,3.25,2.0,2.92
42023,3.2,3.5,2.8,3.17
18624,3.2,3.5,2.1,2.93
2170,3.2,3.5,2.8,3.17
23398,3.2,3.5,2.1,2.93
68005,2.5,2.3,3.8,2.87
4998,2.5,3.0,2.2,2.57
42682,2.8,3.1,3.5,3.13
71233,3.8,4.2,2.5,3.5
62372,2.5,3.0,1.5,2.33
70579,2.5,3.0,2.2,2.57
42776,2.8,3.1,2.5,2.8
30268,2.5,2.8,3.1,2.8
25749,3.2,3.5,2.8,3.17
24053,3.5,3.8,2.2,3.17
46850,3.2,3.8,2.5,3.17
13124,3.5,3.25,2.75,3.17
11186,3.5,3.25,2.0,2.92
69551,3.2,3.0,2.5,2.9
27495,3.2,3.5,2.8,3.17
33884,2.5,3.0,1.5,2.33
54778,3.5,3.8,2.2,3.17
6684,2.1,2.3,1.8,2.07
21798,3.5,3.25,2.75,3.17
43377,2.5,3.0,1.8,2.43
12117,3.2,3.5,2.8,3.17
14263,3.2,3.5,2.8,3.17
32622,3.5,3.8,2.2,3.17
38626,2.5,3.0,1.5,2.33
17642,3.5,3.25,2.0,2.92
50741,2.5,3.0,2.2,2.57
25181,2.5,3.0,1.8,2.43
18086,2.5,3.0,2.2,2.57
47189,3.5,3.2,2.8,3.17
25025,2.8,3.2,2.5,2.83
42268,2.8,3.1,3.5,3.13
67326,2.5,3.0,1.5,2.33
32802,3.25,3.5,2.75,3.17
61843,2.5,2.8,2.2,2.5
33748,2.5,2.0,1.5,2.0
60837,4.2,4.0,2.5,3.57
1310,2.5,2.0,1.5,2.0
6088,2.5,2.2,3.8,2.83
46862,2.5,2.8,3.2,2.83
27911,2.8,2.5,2.2,2.5
20162,3.5,3.75,2.8,3.35
6563,3.5,3.75,3.25,3.5
65044,3.5,3.25,2.1,2.95
4988,2.1,2.3,4.5,2.97
54313,3.5,3.8,2.2,3.17
16996,2.1,2.3,3.5,2.63
56740,2.8,3.1,2.5,2.8
13347,2.8,3.2,2.5,2.83
39112,2.5,2.3,3.8,2.87
62717,3.8,3.5,2.7,3.33
40343,3.2,3.5,2.8,3.17
59945,2.5,3.0,2.2,2.57
9588,3.8,3.9,2.5,3.4
17117,2.5,3.2,2.0,2.57
61644,3.2,3.5,3.0,3.23
50317,3.5,3.25,2.75,3.17
50258,2.8,3.1,2.5,2.8
61674,2.8,3.2,2.5,2.83
16833,2.5,2.8,3.7,3.0
4722,3.2,3.0,2.5,2.9
12805,2.5,3.0,1.5,2.33
43628,2.8,3.1,3.5,3.13
17087,3.8,4.0,2.5,3.43
21274,2.8,3.1,3.5,3.13
5159,3.5,3.8,2.2,3.17
17899,3.2,3.5,2.8,3.17
23798,2.5,3.0,2.0,2.5
9928,2.5,2.2,3.1,2.6
20601,2.5,2.3,3.1,2.63
58176,3.5,3.2,2.8,3.17
29555,2.1,2.3,3.5,2.63
56858,2.8,3.1,3.5,3.13
632,3.2,3.5,2.8,3.17
63438,3.5,3.8,2.2,3.17
43543,3.2,3.0,2.5,2.9
66893,2.8,3.1,2.2,2.7
58442,2.5,2.3,3.8,2.87
16638,3.5,3.25,2.1,2.95
20431,3.5,3.25,2.1,2.95
52817,3.5,3.8,2.7,3.33
34301,2.5,2.8,2.2,2.5
32433,2.1,2.3,4.5,2.97
1921,2.5,3.0,2.2,2.57
18227,3.5,3.2,1.8,2.83
2356,3.2,3.5,2.8,3.17
39190,2.8,3.2,2.5,2.83
37633,3.5,3.8,2.2,3.17
60828,2.5,3.0,1.8,2.43
60817,3.5,3.8,2.2,3.17
10424,3.5,3.8,2.2,3.17
26416,2.1,2.3,4.2,2.87
41421,3.5,3.25,2.75,3.17
32861,2.5,2.8,1.9,2.4
29222,2.5,3.0,2.0,2.5
4349,3.2,3.5,2.8,3.17
21575,2.5,3.0,2.0,2.5
15688,2.5,3.0,2.2,2.57
27821,2.5,2.2,3.8,2.83
34841,2.1,2.3,3.8,2.73
62850,2.1,2.3,1.5,1.97
59887,3.2,3.5,3.0,3.23
37587,4.2,4.0,2.5,3.57
34112,3.2,3.5,2.8,3.17
8728,2.5,2.0,3.0,2.5
54042,2.5,2.8,3.2,2.83
26423,3.5,3.25,2.75,3.17
6505,2.5,2.8,2.2,2.5
5979,3.2,2.8,1.5,2.5
59807,3.2,3.5,2.8,3.17
45085,2.5,2.8,2.2,2.5
38020,2.5,2.8,3.1,2.8
61991,2.5,3.0,3.2,2.9
25282,3.2,3.5,3.8,3.5
19223,3.5,3.25,2.75,3.17
8693,2.8,3.1,3.5,3.13
37490,2.5,3.0,2.2,2.57
3722,3.5,3.2,2.1,2.93
4044,3.5,3.25,2.75,3.17
65725,2.5,3.0,1.5,2.33
67613,3.25,3.5,2.75,3.17
6904,2.5,2.8,2.2,2.5
71359,2.5,3.0,1.8,2.43
11968,3.2,3.5,3.0,3.23
9132,2.5,2.8,2.2,2.5
1976,3.2,3.5,2.8,3.17
759,2.8,3.1,3.5,3.13
10665,3.2,3.5,2.8,3.17
57483,2.5,2.8,2.2,2.5
44282,2.8,3.1,2.5,2.8
7852,2.8,3.1,3.5,3.13
15661,3.2,3.5,2.8,3.17
3266,2.8,3.1,2.5,2.8
31006,2.5,2.8,2.2,2.5
36716,3.2,3.0,2.5,2.9
61023,3.2,3.5,2.8,3.17
21092,2.5,3.0,2.2,2.57
38843,3.5,3.25,2.0,2.92
14096,2.5,2.2,3.8,2.83
36192,3.2,3.5,2.8,3.17
60173,3.5,3.8,2.2,3.17
12458,2.5,2.0,1.5,2.0
53685,2.5,2.8,2.2,2.5
52355,4.2,3.8,2.5,3.5
20149,2.5,3.0,1.5,2.33
47962,3.5,3.25,2.0,2.92
13864,2.8,3.2,2.5,2.83
51713,3.5,3.2,2.1,2.93
68950,2.5,2.3,3.1,2.63
53698,4.5,4.2,2.1,3.6
4443,3.5,3.8,2.2,3.17
29773,3.2,3.5,2.8,3.17
37874,2.5,2.8,2.2,2.5
36737,3.5,3.8,2.7,3.33
55017,3.5,3.25,3.75,3.5
564,4.5,4.25,2.0,3.58
46642,3.5,3.8,2.2,3.17
30308,3.2,3.5,2.1,2.93
57727,2.5,2.8,1.9,2.4
59119,3.2,3.5,2.8,3.17
71697,2.5,2.0,3.0,2.5
33040,3.2,3.5,2.8,3.17
10534,2.1,2.35,4.5,2.98
6962,2.5,2.3,3.8,2.87
44936,2.1,2.3,3.8,2.73
50307,3.5,3.8,2.2,3.17
6764,3.5,3.25,2.0,2.92
56370,2.8,3.2,2.1,2.7
36866,3.8,4.0,2.5,3.43
39644,2.5,2.8,3.1,2.8
52566,2.5,2.8,3.7,3.0
23782,3.8,4.0,2.5,3.43
46064,2.5,2.8,3.2,2.83
51222,2.5,3.0,1.5,2.33
62058,3.2,3.5,2.8,3.17
50780,3.5,3.8,2.2,3.17
53113,3.5,3.8,2.2,3.17
39395,3.2,3.5,2.8,3.17
56189,3.2,3.5,2.8,3.17
33126,2.5,3.0,1.5,2.33
61639,3.8,3.9,2.5,3.4
52916,2.8,3.1,3.5,3.13
36918,3.8,4.2,2.1,3.37
61246,2.8,3.15,2.5,2.82
23265,2.8,3.15,3.5,3.15
3013,2.1,2.3,3.5,2.63
15615,3.8,3.5,2.75,3.35
12450,2.8,3.1,2.5,2.8
45622,3.5,3.8,2.7,3.33
32427,3.5,3.75,3.25,3.5
9060,3.25,3.5,2.75,3.17
57964,2.5,2.3,3.8,2.87
57560,3.2,3.5,2.8,3.17
58943,4.5,4.2,2.1,3.6
18431,2.5,3.0,2.2,2.57
44475,3.5,4.0,2.2,3.23
45836,3.5,3.8,2.2,3.17
29033,2.8,3.2,2.1,2.7
24329,3.2,3.0,2.5,2.9
16230,2.5,3.0,3.2,2.9
66033,4.2,4.0,2.5,3.57
46530,3.5,3.25,2.0,2.92
30824,3.2,3.5,2.8,3.17
44527,3.25,3.0,3.5,3.25
8744,3.2,3.5,2.8,3.17
60039,3.5,3.8,2.7,3.33
991,3.5,3.8,3.2,3.5
2079,3.5,3.8,2.2,3.17
11552,3.25,3.5,2.75,3.17
11850,4.2,4.0,2.5,3.57
62569,2.5,2.2,3.8,2.83
4578,3.5,3.8,2.2,3.17
4911,3.5,3.8,2.2,3.17
27329,2.5,3.0,1.8,2.43
26169,3.8,4.0,2.5,3.43
61169,2.5,2.0,1.5,2.0
30285,2.5,2.0,1.5,2.0
58055,3.5,3.25,2.0,2.92
38091,2.8,3.2,2.5,2.83
43506,3.2,3.5,2.8,3.17
68675,3.5,3.8,2.2,3.17
69380,2.5,2.2,3.1,2.6
13996,3.2,3.5,2.8,3.17
34875,3.2,3.8,2.5,3.17
27393,2.1,2.3,4.5,2.97
51408,2.8,3.1,2.5,2.8
43643,2.5,2.2,3.1,2.6
33699,3.5,3.8,2.2,3.17
18280,3.2,3.0,2.5,2.9
13167,2.5,2.8,2.2,2.5
6001,2.5,3.0,1.5,2.33
694,3.2,3.5,2.8,3.17
18357,3.2,3.5,2.1,2.93
398,3.2,3.5,2.8,3.17
29911,3.8,3.9,2.7,3.47
47834,3.2,3.5,2.8,3.17
58736,3.2,3.5,2.8,3.17
10312,2.5,2.8,3.2,2.83
8069,2.5,2.0,3.0,2.5
32715,,,,
25842,3.2,3.5,2.1,2.93
59316,3.2,3.5,2.8,3.17
48428,3.2,3.5,2.8,3.17
47409,2.5,2.3,3.8,2.87
57294,3.5,3.25,2.1,2.95
51454,2.1,2.3,3.8,2.73
63090,3.6,3.85,2.75,3.4
4533,3.5,3.2,2.0,2.9
69298,2.5,2.2,2.8,2.5
25688,2.5,3.0,2.2,2.57
33438,2.8,3.2,2.5,2.83
29991,2.5,2.8,3.1,2.8
29070,3.5,3.8,2.2,3.17
54160,2.1,2.35,3.75,2.73
61837,2.5,3.0,3.75,3.08
57306,3.2,3.5,2.1,2.93
47853,3.2,3.5,2.8,3.17
54504,3.2,3.5,3.0,3.23
19348,3.5,3.75,2.8,3.35
57276,3.5,3.8,2.7,3.33
35169,3.5,3.25,2.75,3.17
44422,4.2,4.0,2.5,3.57
58779,3.25,3.5,3.0,3.25
2657,2.5,2.8,2.2,2.5
17074,3.2,3.5,2.1,2.93
3196,3.5,3.8,2.2,3.17
4423,2.5,2.8,3.2,2.83
48483,3.2,3.5,2.8,3.17
22970,3.5,3.8,2.7,3.33
61452,3.5,3.25,2.75,3.17
34154,3.5,3.2,2.8,3.17
40176,3.5,3.8,2.2,3.17
1656,2.5,3.0,2.2,2.57
19833,3.2,3.5,2.8,3.17
69788,2.5,2.3,4.1,2.97
64676,3.5,3.8,2.2,3.17
8334,3.2,3.5,2.8,3.17
15473,2.5,3.0,2.2,2.57
16192,2.5,2.0,3.2,2.57
1414,1.5,2.0,1.2,1.57
38235,3.2,3.5,2.8,3.17
18689,3.2,3.5,2.8,3.17
8023,3.2,3.5,2.8,3.17
70505,2.5,2.8,3.2,2.83
39642,2.5,2.8,3.1,2.8
15235,3.2,3.5,2.1,2.93
34650,3.8,4.0,2.5,3.43
54771,3.8,4.0,2.5,3.43
44844,3.2,3.5,2.8,3.17
36785,3.2,3.5,3.8,3.5
4885,3.5,3.8,2.2,3.17
46981,3.5,4.0,2.5,3.33
44379,3.8,4.2,2.5,3.5
61471,3.5,3.8,2.7,3.33
36284,3.2,3.5,2.8,3.17
27671,3.8,4.2,2.5,3.5
48600,3.2,3.0,2.5,2.9
68386,3.5,3.75,2.25,3.17
52031,3.5,3.8,1.5,2.93
38149,3.5,3.8,2.2,3.17
39249,2.5,2.8,3.2,2.83
55612,2.5,3.0,2.2,2.57
42507,3.5,3.8,2.2,3.17
58390,2.5,3.0,2.2,2.57
37702,3.25,3.5,2.75,3.17
64212,3.5,3.2,2.0,2.9
19680,3.25,3.5,2.75,3.17
43537,3.5,3.2,2.0,2.9
18503,3.8,3.9,2.5,3.4
69068,2.5,2.8,2.0,2.43
5705,3.2,2.8,3.5,3.17
40378,2.8,3.1,2.3,2.73
18649,3.5,3.8,2.2,3.17
5663,2.5,2.8,3.2,2.83
4402,3.2,3.0,2.5,2.9
45015,3.2,3.5,2.8,3.17
62744,2.5,2.8,1.9,2.4
55999,3.2,3.5,3.8,3.5
24253,3.2,3.5,2.8,3.17
40243,2.5,2.8,2.2,2.5
41402,2.8,3.1,3.5,3.13
12154,3.2,3.5,2.8,3.17
59360,3.5,3.8,2.2,3.17
2059,2.1,2.3,1.8,2.07
66739,2.8,2.5,3.7,3.0
34653,2.5,2.8,3.2,2.83
1794,3.8,4.0,2.5,3.43
63576,,,,
37179,2.5,2.2,1.8,2.17
17412,3.2,3.5,2.8,3.17
18098,2.5,3.0,1.5,2.33
34670,3.25,3.5,2.75,3.17
69345,3.5,3.8,2.7,3.33
69881,3.2,3.5,2.8,3.17
12699,2.5,2.8,2.2,2.5
44624,3.5,3.8,3.2,3.5
20344,3.2,3.5,2.8,3.17
17877,3.5,3.25,2.75,3.17
817,2.8,3.1,2.5,2.8
66291,2.5,2.8,2.2,2.5
71291,3.2,3.5,2.8,3.17
30243,3.2,3.5,2.8,3.17
29668,3.2,2.8,2.5,2.83
42241,2.5,3.0,2.0,2.5
11856,3.2,2.8,3.5,3.17
62232,3.5,3.8,2.2,3.17
9824,4.2,3.8,2.1,3.37
19526,3.2,3.5,2.8,3.17
67487,2.5,2.3,3.1,2.63
48934,3.2,2.8,3.5,3.17
38023,2.5,2.2,3.8,2.83
71853,2.1,2.3,4.5,2.97
3037,3.2,3.5,2.1,2.93
29005,3.2,3.5,2.8,3.17
68407,3.5,3.8,2.2,3.17
22389,2.8,3.1,2.5,2.8
974,2.5,2.8,1.7,2.33
69079,2.1,2.3,1.5,1.97
10125,3.5,3.25,2.75,3.17
18189,2.5,3.0,2.0,2.5
46256,2.5,2.0,1.5,2.0
33332,2.8,3.1,3.5,3.13
67325,3.5,3.8,2.2,3.17
70547,3.2,3.5,2.8,3.17
71035,3.2,3.0,2.5,2.9
41899,3.2,3.5,2.8,3.17
47872,3.5,3.0,2.0,2.83
30664,2.5,2.0,1.5,2.0
4742,3.2,3.0,2.5,2.9
40045,2.5,2.0,1.5,2.0
32629,2.5,2.2,3.8,2.83
61626,2.0,2.5,1.0,1.83
35144,2.5,3.0,1.5,2.33
63514,2.5,2.2,2.8,2.5
57632,3.2,3.5,2.8,3.17
49977,3.8,4.2,2.5,3.5
18873,2.8,3.2,2.5,2.83
9758,2.8,3.1,2.5,2.8
19255,3.5,3.25,2.75,3.17
43464,3.8,4.0,2.5,3.43
62523,2.5,2.0,1.5,2.0
40584,3.2,3.5,2.8,3.17
60327,4.2,4.0,2.5,3.57
72179,2.8,3.2,2.5,2.83
54179,3.5,3.8,2.2,3.17
70642,2.5,2.8,3.2,2.83
20004,3.5,3.25,2.75,3.17
58147,3.5,3.8,2.7,3.33
31797,2.8,3.1,2.2,2.7
15995,3.5,3.8,2.2,3.17
51260,2.5,2.2,3.1,2.6
6825,3.5,4.2,2.1,3.27
5117,3.2,3.5,3.0,3.23
37239,3.2,3.5,2.8,3.17
35796,3.5,3.8,2.2,3.17
25610,3.5,3.8,2.7,3.33
36320,2.5,3.0,2.0,2.5
32716,2.5,2.8,2.2,2.5
4585,3.2,3.5,2.8,3.17
13048,2.5,3.0,1.5,2.33
54375,3.2,3.0,3.5,3.23
39451,3.5,3.8,2.2,3.17
58679,3.2,3.5,2.8,3.17
64055,3.5,3.8,2.2,3.17
52746,2.5,3.0,2.1,2.53
15946,2.5,3.0,2.2,2.57
67682,2.5,2.8,3.2,2.83
56789,3.8,3.9,2.5,3.4
64375,3.5,3.8,2.7,3.33
47808,3.5,3.8,2.7,3.33
5160,2.5,2.8,2.2,2.5
60971,3.5,3.8,2.7,3.33
56800,2.5,2.8,1.7,2.33
30609,2.5,3.0,1.5,2.33
47117,3.2,3.5,2.8,3.17
72187,2.5,2.8,1.7,2.33
64073,3.5,3.2,1.8,2.83
52568,2.1,2.3,3.8,2.73
47003,3.2,3.5,2.1,2.93
15683,3.25,3.5,2.75,3.17
22962,2.5,2.8,2.2,2.5
50837,3.2,3.5,2.8,3.17
45901,2.5,3.0,3.5,3.0
63650,3.2,3.5,2.8,3.17
60075,3.5,2.8,1.5,2.6
13538,2.5,2.8,3.2,2.83
47703,3.5,3.8,2.2,3.17
8897,2.5,3.0,1.5,2.33
22780,3.5,3.8,2.7,3.33
59614,3.8,4.0,2.5,3.43
41566,3.8,4.2,2.5,3.5
43324,3.8,3.9,2.5,3.4
11224,2.5,2.3,3.8,2.87
69255,3.5,3.8,2.7,3.33
53547,3.5,3.8,3.2,3.5
45240,4.2,3.8,2.5,3.5
22137,3.5,3.2,2.8,3.17
11246,3.2,3.5,2.8,3.17
28434,2.8,3.1,3.5,3.13
61962,2.8,2.5,3.1,2.8
23821,2.5,3.0,2.2,2.57
26414,2.8,3.1,2.5,2.8
56695,3.25,3.5,3.75,3.5
48288,3.5,3.2,2.8,3.17
39521,3.5,3.8,2.2,3.17
15653,3.2,3.0,2.5,2.9
45356,2.1,2.3,3.5,2.63
50045,2.8,3.1,3.5,3.13
31402,3.2,3.5,2.8,3.17
36725,2.1,2.3,3.0,2.47
48890,3.8,3.9,2.5,3.4
12992,2.5,2.3,3.1,2.63
63858,3.2,3.0,2.5,2.9
11521,2.5,2.8,2.2,2.5
32781,3.5,3.8,2.7,3.33
39064,2.5,3.0,2.75,2.75
22183,2.5,3.0,3.2,2.9
8460,2.5,2.8,3.1,2.8
11592,3.8,4.2,2.5,3.5
44942,3.2,3.5,2.8,3.17
3118,3.5,3.25,2.75,3.17
67278,4.2,4.0,2.5,3.57
27205,2.1,2.3,2.0,2.13
16110,2.5,2.3,3.1,2.63
17687,3.2,3.5,2.8,3.17
16640,3.5,3.8,2.2,3.17
459,3.8,4.0,2.5,3.43
21342,2.5,2.2,1.8,2.17
29129,3.2,3.5,3.0,3.23
19662,3.25,3.0,3.5,3.25
22342,3.5,3.25,2.75,3.17
27107,3.2,3.5,2.8,3.17
60765,3.5,3.8,2.2,3.17
70776,3.2,3.5,2.8,3.17
70802,2.5,3.2,1.8,2.5
71409,3.5,3.25,2.0,2.92
6398,2.8,3.1,2.5,2.8
54878,3.2,3.5,2.8,3.17
21435,2.5,3.0,1.8,2.43
13929,3.5,3.25,2.75,3.17
68849,3.5,3.2,2.8,3.17
31801,2.8,3.1,2.2,2.7
22268,2.5,2.0,1.5,2.0
11808,3.5,3.25,2.75,3.17
57186,2.1,2.3,1.5,1.97
13904,2.5,2.8,2.2,2.5
29915,3.2,3.5,2.8,3.17
63543,2.5,3.0,3.75,3.08
66665,3.8,4.0,2.5,3.43
31378,2.5,2.8,3.1,2.8
19561,2.5,3.0,2.0,2.5
37453,3.2,3.5,2.8,3.17
31719,2.5,2.8,2.2,2.5
2725,3.2,3.5,2.8,3.17
35027,2.8,3.1,2.5,2.8
18102,2.5,3.0,3.2,2.9
13452,2.5,2.3,3.8,2.87
2361,2.8,3.1,2.5,2.8
26063,2.5,3.0,2.2,2.57
68131,2.5,2.8,2.2,2.5
66967,3.5,3.8,2.2,3.17
48715,2.5,2.0,1.5,2.0
25866,3.5,3.8,2.2,3.17
4273,3.5,3.2,2.0,2.9
43725,2.5,2.8,1.7,2.33
67570,3.2,3.5,2.1,2.93
43441,1.5,2.0,1.0,1.5
35632,3.5,3.2,3.0,3.23
17711,3.8,4.2,2.5,3.5
28034,2.5,2.3,3.1,2.63
14044,3.5,3.8,2.7,3.33
31237,3.5,3.8,2.2,3.17
40842,3.2,3.5,2.1,2.93
46613,3.5,4.2,2.1,3.27
37077,3.5,3.2,2.0,2.9
14378,2.5,3.0,2.2,2.57
42122,3.2,2.8,2.5,2.83
11916,2.5,2.8,3.2,2.83
37100,2.5,2.8,2.2,2.5
5183,2.1,2.3,1.8,2.07
25682,2.5,2.0,2.2,2.23
67630,4.2,4.0,2.5,3.57
28026,3.5,3.25,2.75,3.17
4667,3.5,3.25,2.0,2.92
48723,2.5,2.0,1.5,2.0
62967,2.5,3.0,2.2,2.57
16810,3.5,3.25,2.75,3.17
2648,4.2,4.0,2.5,3.57
60408,3.8,3.9,2.5,3.4
46715,3.2,3.5,2.8,3.17
53085,2.8,3.2,2.5,2.83
68853,4.5,4.2,1.8,3.5
18406,3.5,3.8,2.75,3.35
30326,3.2,3.5,2.8,3.17
47576,2.5,2.8,2.2,2.5
37057,3.5,3.8,2.2,3.17
69589,3.2,3.5,2.8,3.17
15594,3.5,3.25,2.75,3.17
5199,3.2,3.5,2.8,3.17
43187,3.5,3.8,2.2,3.17
23663,2.5,3.0,2.0,2.5
61716,3.8,3.9,2.5,3.4
69789,2.5,3.0,2.2,2.57
70457,3.2,3.5,2.1,2.93
45814,2.5,2.2,4.1,2.93
21344,2.5,2.8,3.2,2.83
61666,3.2,3.5,2.8,3.17
26406,3.2,3.5,2.8,3.17
45628,2.1,2.3,3.8,2.73
38169,3.2,3.5,2.8,3.17
46743,2.5,3.0,2.0,2.5
40003,2.1,2.3,3.8,2.73
12795,3.5,3.8,2.2,3.17
1006,3.5,3.8,2.7,3.33
63589,3.2,3.5,2.1,2.93
50994,2.5,2.3,3.1,2.63
29372,3.25,3.5,3.0,3.25
53174,2.5,2.3,3.8,2.87
21294,2.8,3.1,2.5,2.8
10031,3.5,3.25,2.75,3.17
1401,3.2,3.0,2.5,2.9
7896,3.5,3.8,2.7,3.33
28315,3.5,3.25,2.75,3.17
49445,3.5,3.0,1.5,2.67
26776,3.5,3.25,2.75,3.17
54961,2.5,2.8,3.1,2.8
35321,4.2,4.0,2.5,3.57
33506,3.2,3.5,2.8,3.17
51750,3.2,3.5,2.1,2.93
67795,2.8,3.2,2.5,2.83
48661,3.2,3.5,2.1,2.93
43834,4.5,4.2,2.1,3.6
28874,1.5,2.0,1.2,1.57
13028,3.5,3.25,3.75,3.5
20886,3.8,4.0,2.5,3.43
58891,3.5,3.25,2.1,2.95
4539,2.5,3.0,3.2,2.9
47256,3.5,4.0,2.2,3.23
14688,2.5,2.8,2.2,2.5
30075,3.5,3.8,2.2,3.17
16018,2.8,3.1,2.2,2.7
36315,3.2,3.5,2.8,3.17
56249,3.8,4.0,2.2,3.33
62726,3.5,3.8,2.2,3.17
19329,3.5,3.8,3.2,3.5
57962,2.5,2.3,3.8,2.87
46825,2.8,3.1,3.5,3.13
28752,3.2,3.5,2.8,3.17
38715,2.5,2.8,3.1,2.8
6524,2.5,3.0,1.8,2.43
5031,3.2,2.8,2.5,2.83
43467,3.2,3.5,2.8,3.17
31235,4.2,4.0,2.5,3.57
55117,2.5,2.8,3.2,2.83
32940,2.5,2.3,3.8,2.87
51951,3.5,4.0,2.2,3.23
27529,3.5,3.8,2.2,3.17
59757,2.8,3.1,2.5,2.8
64028,3.5,3.8,2.2,3.17
40068,2.5,2.8,2.2,2.5
28299,3.8,4.2,2.5,3.5
26457,2.1,2.3,1.5,1.97
53819,2.8,3.1,3.5,3.13
31518,3.2,3.5,2.8,3.17
32882,2.5,2.0,1.5,2.0
9447,3.8,4.2,2.5,3.5
40506,3.5,3.8,2.7,3.33
67406,2.8,3.1,3.5,3.13
3200,4.2,4.0,2.5,3.57
1105,3.5,3.8,2.2,3.17
5581,2.8,3.1,2.5,2.8
1893,3.5,3.8,2.2,3.17
52778,2.8,3.1,3.5,3.13
10123,2.8,3.1,2.5,2.8
50199,3.25,3.5,2.75,3.17
41615,2.5,2.8,2.2,2.5
10257,2.1,2.5,1.8,2.13
10641,3.8,4.1,2.5,3.47
54521,3.2,3.5,2.8,3.17
21725,2.8,3.1,2.2,2.7
37475,3.5,3.25,2.0,2.92
8851,3.2,3.5,2.8,3.17
56129,3.2,3.0,2.5,2.9
64648,2.8,3.1,2.2,2.7
42462,3.5,3.8,2.7,3.33
60376,2.1,2.3,3.5,2.63
36160,3.2,3.5,2.1,2.93
45665,3.2,3.5,2.8,3.17
15423,3.5,3.25,2.75,3.17
6594,3.5,3.8,2.7,3.33
52937,2.5,2.0,1.5,2.0
53068,2.8,3.1,3.5,3.13
15186,3.5,3.25,2.75,3.17
4570,3.5,3.8,2.2,3.17
12043,2.8,3.1,2.5,2.8
54444,2.8,3.1,3.5,3.13
39578,2.5,2.3,3.8,2.87
54494,2.5,2.8,3.2,2.83
18257,3.2,3.5,2.8,3.17
33609,3.2,3.5,2.8,3.17
3508,3.2,3.5,2.8,3.17
49676,3.5,3.8,2.2,3.17
666,3.2,3.5,2.8,3.17
35768,2.5,2.3,3.8,2.87
21972,2.5,2.8,2.2,2.5
60737,3.5,3.25,2.75,3.17
56160,3.2,3.5,2.8,3.17
10568,2.8,3.1,3.5,3.13
18358,2.8,3.2,2.5,2.83
40691,3.5,3.8,2.2,3.17
34724,3.5,3.25,3.0,3.25
22999,3.2,3.5,2.8,3.17
39541,3.2,3.0,2.5,2.9
10622,3.2,3.5,2.8,3.17
67874,3.5,4.0,2.2,3.23
8127,3.2,3.5,2.8,3.17
11304,3.8,4.2,2.5,3.5
64790,3.25,3.5,2.75,3.17
28861,3.2,3.5,3.0,3.23
54999,2.5,2.3,3.8,2.87
5693,3.25,3.0,2.5,2.92
33931,3.2,3.5,3.0,3.23
22907,2.5,3.0,1.8,2.43
16036,3.2,3.5,3.0,3.23
50494,3.5,3.2,2.0,2.9
66281,3.2,3.0,2.5,2.9
71098,3.2,3.5,2.8,3.17
57494,3.2,3.5,2.8,3.17
24842,2.8,3.1,3.5,3.13
25713,3.2,3.0,2.5,2.9
42782,2.8,3.1,3.5,3.13
63515,3.5,3.8,2.2,3.17
12440,2.5,2.2,4.1,2.93
28838,3.5,3.8,2.7,3.33
9943,2.5,2.8,2.2,2.5
7031,3.2,3.5,2.1,2.93
8652,3.2,3.5,2.8,3.17
49997,2.1,2.3,1.8,2.07
24032,3.2,3.5,2.8,3.17
10481,3.2,3.5,2.8,3.17
23186,2.5,2.8,3.1,2.8
52154,3.2,3.5,2.8,3.17
36364,3.2,3.5,2.8,3.17
1745,2.5,3.0,2.2,2.57
28601,3.2,3.5,2.8,3.17
9235,4.2,4.0,2.5,3.57
4318,2.5,2.8,2.2,2.5
42794,2.5,3.0,2.2,2.57
21515,3.2,2.8,1.5,2.5
62612,3.2,3.0,2.1,2.77
23044,2.5,3.0,1.8,2.43
53665,3.5,3.8,2.2,3.17
58862,3.5,3.8,2.2,3.17
47417,4.2,4.0,2.5,3.57
5448,3.5,3.8,2.2,3.17
55135,3.25,3.5,2.75,3.17
49788,2.5,2.0,2.25,2.25
4738,3.2,3.5,2.8,3.17
21858,3.5,3.8,2.2,3.17
65585,2.5,2.8,1.5,2.27
48844,2.8,3.1,3.5,3.13
67240,3.25,3.5,2.75,3.17
59329,1.5,2.0,3.5,2.33
14353,2.5,3.0,2.0,2.5
18521,2.5,2.2,3.8,2.83
27384,2.8,3.1,3.5,3.13
47683,3.5,3.8,2.2,3.17
69152,2.5,3.0,2.2,2.57
44643,2.5,2.0,3.0,2.5
5821,2.5,3.0,1.8,2.43
6168,3.5,3.25,2.0,2.92
28395,3.8,4.0,2.5,3.43
22928,2.5,2.2,3.8,2.83
5484,3.2,3.5,2.8,3.17
11513,3.5,3.2,2.8,3.17
55906,3.2,3.5,2.8,3.17
54825,2.5,2.8,2.2,2.5
45308,2.5,3.0,2.2,2.57
50555,3.2,3.0,2.5,2.9
26903,3.2,3.5,2.8,3.17
55005,3.5,3.8,2.7,3.33
4705,2.5,2.2,4.0,2.9
40149,3.5,3.8,2.2,3.17
10118,2.8,3.1,2.5,2.8
38383,2.5,2.0,1.5,2.0
9773,2.5,2.2,3.0,2.57
62842,3.8,3.9,2.5,3.4
52993,3.2,3.5,2.1,2.93
13451,3.2,3.5,2.8,3.17
31616,3.5,3.8,2.2,3.17
38751,2.5,2.8,2.2,2.5
37065,3.2,3.5,2.8,3.17
63463,3.5,3.8,2.2,3.17
18151,3.5,3.8,2.2,3.17
54972,3.2,3.5,2.1,2.93
44339,3.2,3.5,3.8,3.5
40956,2.5,2.3,3.8,2.87
42891,2.5,2.8,2.2,2.5
34166,3.5,3.25,2.75,3.17
44277,2.5,2.8,3.2,2.83
60163,2.5,3.0,2.75,2.75
12897,2.5,3.0,2.1,2.53
57707,3.5,3.25,2.75,3.17
7429,3.5,3.25,2.75,3.17
13119,3.8,4.2,2.5,3.5
64357,2.5,2.8,2.2,2.5
37921,3.5,3.8,2.2,3.17
45277,2.5,2.8,3.2,2.83
39808,1.0,1.5,1.0,1.17
3110,4.5,4.2,2.8,3.83
10309,3.5,3.25,2.75,3.17
36097,3.8,4.0,2.5,3.43
23098,2.5,2.2,3.1,2.6
3244,3.5,3.25,2.75,3.17
15464,2.5,2.8,2.0,2.43
47798,3.2,3.5,2.8,3.17
69110,2.5,2.3,1.8,2.2
58775,3.2,3.5,2.8,3.17
25118,2.8,3.1,2.5,2.8
55645,3.5,3.0,2.0,2.83
38172,2.8,3.1,2.5,2.8
14987,4.2,4.0,2.5,3.57
2671,3.5,3.8,2.7,3.33
23240,3.2,2.8,3.5,3.17
21100,2.5,2.8,3.2,2.83
32083,2.5,2.0,3.75,2.75
30739,3.5,3.8,2.7,3.33
1421,3.2,3.5,2.8,3.17
71182,2.1,2.3,1.8,2.07
9752,2.5,2.8,2.2,2.5
16481,2.1,2.3,1.8,2.07
1185,2.5,3.0,2.0,2.5
41825,2.5,2.8,2.2,2.5
38714,3.5,3.25,2.0,2.92
11590,3.2,3.5,2.0,2.9
63785,3.2,3.5,2.8,3.17
51363,2.5,3.0,2.0,2.5
64793,3.2,3.5,2.8,3.17
26740,3.5,3.25,2.0,2.92
26540,2.5,2.8,2.2,2.5
17259,3.5,3.8,2.7,3.33
41416,3.2,3.5,2.1,2.93
25990,3.5,3.2,2.8,3.17
32830,2.8,3.1,3.5,3.13
13634,2.5,2.2,3.8,2.83
32365,2.5,3.0,3.2,2.9
44423,3.8,4.0,2.5,3.43
65381,2.5,2.8,2.2,2.5
6507,2.5,3.0,2.2,2.57
6127,2.8,3.1,3.5,3.13
49582,2.5,3.0,2.75,2.75
50896,2.5,2.8,3.1,2.8
39156,2.5,3.0,1.5,2.33
6048,2.8,3.1,2.5,2.8
16404,2.5,3.0,2.2,2.57
513,2.8,3.1,3.5,3.13
39661,3.2,3.5,2.8,3.17
48249,2.5,3.0,2.2,2.57
9939,2.5,3.0,2.2,2.57
15705,2.5,3.0,2.2,2.57
14048,2.5,2.3,3.8,2.87
12205,3.2,3.0,2.5,2.9
35149,2.5,3.0,1.5,2.33
30888,2.5,2.2,3.8,2.83
55929,3.2,3.0,2.5,2.9
14351,2.5,3.0,2.2,2.57
61702,3.5,3.25,2.0,2.92
18528,3.5,3.8,2.7,3.33
7966,3.5,3.2,2.1,2.93
39381,3.5,3.8,2.7,3.33
7799,2.5,2.8,3.2,2.83
30126,3.2,3.5,2.1,2.93
50328,2.5,2.3,3.8,2.87
8419,3.2,3.5,2.1,2.93
70817,2.5,2.3,3.1,2.63
14400,2.5,3.0,2.2,2.57
1683,3.2,3.0,2.5,2.9
54814,3.2,3.5,2.8,3.17
13720,3.2,3.5,2.8,3.17
47,2.5,3.0,2.2,2.57
13473,3.5,3.8,2.2,3.17
69390,2.8,3.2,2.5,2.83
35401,2.8,3.1,3.5,3.13
36718,3.2,3.5,2.8,3.17
64171,3.5,3.25,2.75,3.17
50725,3.2,3.5,2.8,3.17
59711,3.2,3.5,2.8,3.17
37341,2.5,2.3,3.8,2.87
25628,2.5,2.3,4.1,2.97
49559,2.5,2.3,3.8,2.87
62005,2.1,2.3,1.5,1.97
53658,3.2,3.5,2.8,3.17
51200,3.25,3.5,3.0,3.25
10713,3.5,4.0,2.0,3.17
9910,3.5,3.8,2.2,3.17
35562,3.2,3.5,2.8,3.17
64819,2.5,2.8,3.7,3.0
70200,3.5,3.8,2.7,3.33
50959,3.2,3.5,2.8,3.17
50874,2.8,3.1,3.5,3.13
16797,2.5,2.8,3.1,2.8
32761,2.5,3.0,3.2,2.9
7964,3.5,3.25,2.75,3.17
54706,2.5,2.8,1.9,2.4
6172,3.2,3.5,2.8,3.17
11709,3.5,3.25,2.75,3.17
66714,3.5,3.25,2.75,3.17
69930,2.8,3.1,2.3,2.73
31983,3.2,3.5,2.8,3.17
48821,2.5,2.8,3.1,2.8
22966,3.5,3.75,3.25,3.5
17271,2.5,3.0,2.2,2.57
16881,3.2,3.5,2.8,3.17
69880,2.8,3.1,2.5,2.8
49281,3.6,3.8,2.5,3.3
62341,3.2,3.0,2.5,2.9
14507,3.8,4.2,2.1,3.37
49133,2.5,2.8,2.2,2.5
23034,3.8,3.5,2.2,3.17
47881,2.8,3.1,3.5,3.13
18430,3.5,3.8,2.7,3.33
52086,2.8,3.1,3.5,3.13
43742,2.8,3.1,3.5,3.13
27150,3.25,3.5,3.0,3.25
66282,3.8,4.0,2.5,3.43
65326,2.5,2.0,1.5,2.0
41913,3.2,3.0,3.5,3.23
62895,3.2,3.5,2.8,3.17
5100,2.1,1.8,4.5,2.8
39544,3.2,3.5,2.8,3.17
22563,2.5,3.0,3.25,2.92
26284,3.5,3.25,2.75,3.17
19203,3.2,3.5,2.1,2.93
12935,3.5,3.8,2.7,3.33
14034,2.5,3.0,1.5,2.33
18536,3.5,3.8,2.2,3.17
30790,3.5,3.75,2.25,3.17
48622,2.5,2.8,3.1,2.8
38987,3.5,3.8,2.2,3.17
44015,2.5,3.0,2.0,2.5
53095,2.5,2.3,3.1,2.63
59859,3.2,3.5,2.8,3.17
33927,3.5,4.0,2.2,3.23
30762,3.25,3.5,2.75,3.17
9521,4.5,4.25,2.0,3.58
45859,3.2,3.5,2.8,3.17
61251,2.5,3.0,3.2,2.9
19767,2.5,2.3,3.1,2.63
19905,2.5,3.0,2.2,2.57
41159,2.5,3.0,1.5,2.33
306,2.8,3.1,3.5,3.13
49809,2.1,2.3,3.8,2.73
32960,2.8,3.1,2.3,2.73
29488,3.5,3.8,2.7,3.33
34620,3.2,3.5,3.0,3.23
10547,3.2,3.5,2.8,3.17
44301,2.5,3.0,2.2,2.57
69973,2.8,3.1,3.5,3.13
53505,3.5,3.8,2.7,3.33
64540,3.6,3.8,2.5,3.3
66020,2.5,2.8,3.7,3.0
13834,2.1,2.3,3.8,2.73
25923,2.5,3.0,2.2,2.57
43616,2.5,3.0,2.2,2.57
4701,2.5,2.2,4.0,2.9
13644,3.2,3.5,2.8,3.17
38045,3.2,3.5,2.8,3.17
3302,2.5,2.2,4.0,2.9
23145,3.5,3.8,2.2,3.17
2346,2.5,2.8,1.7,2.33
64258,2.5,3.0,2.0,2.5
23521,2.1,2.3,3.5,2.63
61867,2.0,2.5,1.0,1.83
14565,2.8,3.2,2.1,2.7
32877,2.5,2.8,2.2,2.5
22778,2.1,2.3,3.8,2.73
54216,3.5,3.8,2.2,3.17
68945,2.5,2.0,1.5,2.0
56017,3.5,3.8,2.2,3.17
71184,2.5,3.0,1.5,2.33
72064,3.8,3.5,2.7,3.33
49570,4.2,3.8,2.1,3.37
55872,3.2,3.5,3.8,3.5
32216,3.5,3.8,2.7,3.33
48217,4.2,4.0,2.5,3.57
47440,3.5,3.8,2.2,3.17
32499,3.2,3.5,2.8,3.17
50654,2.5,2.8,3.1,2.8
30014,3.2,3.0,3.5,3.23
37838,2.5,2.8,1.9,2.4
32014,2.8,3.2,2.5,2.83
20946,3.5,3.8,2.7,3.33
17049,3.5,3.8,2.2,3.17
62548,3.2,3.0,3.5,3.23
12819,2.1,2.3,1.5,1.97
42913,3.2,3.8,2.5,3.17
2473,1.0,2.0,1.0,1.33
65045,2.8,3.1,2.5,2.8
52174,3.5,3.8,2.2,3.17
24960,3.2,3.5,2.8,3.17
5592,4.2,4.0,2.5,3.57
25413,2.5,2.8,3.2,2.83
40952,2.5,2.3,3.8,2.87
51197,3.5,3.8,2.2,3.17
24293,2.5,2.3,1.8,2.2
26028,4.2,4.0,2.5,3.57
41872,4.2,4.0,2.5,3.57
62840,3.5,3.8,2.2,3.17
60769,2.5,3.0,2.2,2.57
65327,2.5,3.0,2.2,2.57
58944,2.8,3.1,2.5,2.8
35051,3.5,3.0,1.5,2.67
23793,2.5,2.3,2.7,2.5
36637,3.8,3.5,2.2,3.17
22460,3.8,4.0,2.5,3.43
10433,3.5,3.8,2.2,3.17
34247,2.8,3.1,3.5,3.13
10661,2.5,3.0,1.8,2.43
14937,3.2,3.5,2.8,3.17
33935,3.2,3.5,2.8,3.17
11984,2.5,3.0,1.5,2.33
46714,2.5,2.3,3.1,2.63
17719,3.5,3.0,1.5,2.67
19558,2.5,3.0,2.0,2.5
9382,3.2,3.5,3.0,3.23
39270,3.5,3.25,2.0,2.92
23086,3.2,3.5,2.8,3.17
51698,2.1,2.5,1.8,2.13
48694,3.2,3.5,2.8,3.17
63624,2.5,2.2,3.8,2.83
9937,2.5,3.0,1.8,2.43
66028,3.2,3.8,2.5,3.17
11963,2.5,2.8,3.1,2.8
23376,2.8,3.2,3.5,3.17
8634,2.5,2.0,2.25,2.25
29043,2.5,3.0,2.1,2.53
21763,4.2,4.0,2.5,3.57
24701,3.2,3.5,2.8,3.17
27568,3.5,3.25,2.75,3.17
57558,3.5,3.25,2.75,3.17
21771,3.5,3.8,2.2,3.17
7860,3.2,3.5,2.8,3.17
46703,2.8,3.1,2.5,2.8
26459,3.25,3.5,2.75,3.17
22057,3.5,3.0,1.5,2.67
23180,3.2,3.5,2.1,2.93
66295,2.5,3.0,1.5,2.33
21896,3.2,3.5,2.8,3.17
63369,2.5,3.0,1.5,2.33
16791,3.2,3.5,2.8,3.17
11381,3.8,4.0,2.5,3.43
54808,3.5,3.8,2.2,3.17
19177,4.5,3.8,1.5,3.27
35246,2.5,3.0,1.5,2.33
5329,2.5,2.2,3.0,2.57
64604,2.5,2.8,2.2,2.5
32664,2.5,2.8,2.2,2.5
24101,3.2,3.5,2.1,2.93
30363,3.5,3.8,2.7,3.33
40289,2.8,3.1,3.5,3.13
26097,3.5,4.0,2.2,3.23
63310,2.1,2.3,3.8,2.73
34837,2.5,3.0,2.75,2.75
53736,3.8,3.9,3.5,3.73
21581,2.5,2.8,1.9,2.4
44885,3.5,3.8,2.7,3.33
67609,2.5,2.0,1.5,2.0
6364,3.5,3.8,2.2,3.17
57036,3.5,3.8,2.2,3.17
14373,2.5,2.3,3.1,2.63
17923,2.5,3.0,1.5,2.33
19686,3.2,3.5,2.8,3.17
18742,2.8,3.1,2.5,2.8
22795,2.5,2.8,3.1,2.8
22918,3.2,3.5,2.8,3.17
45285,2.1,2.3,1.8,2.07
3520,3.2,3.5,2.1,2.93
55992,2.5,2.0,2.2,2.23
34950,2.5,2.8,3.2,2.83
31214,2.8,3.1,2.5,2.8
49558,2.5,2.3,3.8,2.87
38562,2.5,2.0,2.25,2.25
5201,3.2,3.5,2.8,3.17
6988,3.8,4.2,2.5,3.5
13070,2.5,2.8,2.2,2.5
72175,3.5,3.75,2.25,3.17
50650,3.2,3.5,2.8,3.17
48792,3.5,3.8,2.2,3.17
22762,3.5,3.8,2.2,3.17
45504,3.2,3.5,2.8,3.17
65468,2.5,2.3,3.8,2.87
19980,3.2,3.0,2.5,2.9
31949,2.5,2.3,1.8,2.2
66855,2.8,3.1,3.5,3.13
7436,3.2,3.5,2.8,3.17
65631,3.5,3.25,2.75,3.17
28790,2.1,2.3,4.5,2.97
18459,3.5,3.8,2.7,3.33
43703,2.8,3.1,3.5,3.13
9074,3.5,3.8,2.7,3.33
42463,3.2,3.5,2.8,3.17
62955,2.5,2.3,3.1,2.63
58112,3.2,3.0,2.5,2.9
15439,3.5,3.8,2.2,3.17
41229,3.2,3.0,2.5,2.9
53914,3.5,3.8,2.2,3.17
50583,3.5,3.25,2.75,3.17
14336,3.5,3.25,2.0,2.92
21297,2.8,2.5,3.1,2.8
43724,2.5,3.0,2.2,2.57
35853,2.1,2.3,3.8,2.73
59669,2.5,2.8,1.9,2.4
52668,2.5,2.8,2.2,2.5
9191,3.2,3.5,2.1,2.93
43759,2.8,3.1,2.3,2.73
61841,3.2,3.5,2.8,3.17
43074,3.5,3.8,2.7,3.33
72007,3.2,3.5,2.8,3.17
68658,3.5,3.25,2.75,3.17
2209,3.6,3.8,3.2,3.53
3153,3.5,3.2,2.1,2.93
57136,3.5,3.8,2.7,3.33
34928,3.5,3.25,2.0,2.92
9655,3.5,3.8,2.2,3.17
5600,2.5,2.8,2.2,2.5
42055,2.5,2.0,3.0,2.5
57359,2.5,2.8,2.2,2.5
62878,3.2,3.0,3.5,3.23
41428,3.25,3.5,3.0,3.25
27978,3.2,3.0,3.5,3.23
48395,2.5,2.8,3.1,2.8
36675,2.5,2.3,3.8,2.87
52133,2.5,2.0,1.5,2.0
48582,2.5,2.3,2.7,2.5
62951,3.2,3.5,2.8,3.17
12426,3.8,3.9,2.5,3.4
62833,3.2,3.5,2.8,3.17
24737,2.5,2.8,2.2,2.5
23636,3.2,3.5,2.8,3.17
40028,2.5,2.8,1.7,2.33
25723,2.5,2.8,3.2,2.83
36353,3.5,3.8,2.2,3.17
24673,2.5,2.3,2.7,2.5
3042,3.2,3.5,2.8,3.17
38243,3.5,3.8,2.7,3.33
8060,3.2,3.5,3.8,3.5
65905,3.2,3.5,2.8,3.17
20611,3.5,3.25,2.75,3.17
34941,3.5,3.8,2.2,3.17
67534,2.5,2.3,3.8,2.87
46455,3.2,3.0,2.5,2.9
70465,2.5,3.0,1.5,2.33
18968,3.2,3.5,2.1,2.93
59688,3.5,3.8,2.2,3.17
1560,3.5,3.75,2.8,3.35
29731,2.5,2.8,2.2,2.5
39538,3.5,3.8,2.2,3.17
44370,3.8,3.9,2.5,3.4
33525,3.5,3.8,2.7,3.33
25406,3.2,3.5,2.8,3.17
9130,3.5,3.8,2.2,3.17
64445,3.2,3.5,2.8,3.17
8308,3.5,3.8,2.7,3.33
43953,3.5,3.8,2.7,3.33
68122,3.5,3.8,2.7,3.33
71751,3.5,3.25,2.0,2.92
7230,2.5,3.0,1.8,2.43
39967,2.5,3.0,3.2,2.9
41012,2.5,2.2,3.8,2.83
38749,2.5,2.2,3.8,2.83
372,2.5,2.8,3.2,2.83
34542,2.8,3.1,3.5,3.13
4301,2.5,2.8,1.9,2.4
72045,3.2,3.5,2.1,2.93
69570,2.5,2.2,4.0,2.9
35461,3.5,3.8,2.2,3.17
68104,2.5,2.8,2.2,2.5
22127,3.6,3.85,3.2,3.55
39368,3.5,3.25,2.0,2.92
25685,2.5,2.8,2.2,2.5
9510,3.5,3.8,2.7,3.33
52710,3.2,2.8,2.1,2.7
15086,2.8,3.1,3.5,3.13
34006,1.8,2.1,4.5,2.8
69989,2.5,2.8,1.9,2.4
69467,3.2,3.5,2.8,3.17
43270,2.1,2.3,2.0,2.13
43994,3.2,3.5,2.8,3.17
46201,3.5,3.8,2.7,3.33
52552,3.5,3.25,2.75,3.17
15240,2.5,3.0,2.1,2.53
64811,3.2,3.5,2.8,3.17
25255,3.2,3.5,2.8,3.17
9631,3.5,3.8,2.2,3.17
17929,3.2,3.5,2.8,3.17
67093,3.5,3.8,2.2,3.17
34089,3.2,3.5,2.8,3.17
1258,3.2,3.5,2.8,3.17
69406,3.5,3.8,2.2,3.17
67386,2.5,2.3,3.1,2.63
32375,2.8,3.1,2.5,2.8
23227,2.5,3.0,2.2,2.57
62303,3.2,3.5,2.8,3.17
32084,3.2,3.5,2.8,3.17
26712,3.5,3.8,2.2,3.17
3021,3.2,3.5,2.8,3.17
59283,4.2,4.0,2.5,3.57
9179,3.2,3.5,2.1,2.93
990,3.5,3.8,2.2,3.17
28402,3.5,3.8,2.2,3.17
22855,3.2,3.5,2.8,3.17
56696,3.2,3.5,2.8,3.17
49864,2.5,2.8,3.1,2.8
70450,3.5,3.8,2.2,3.17
62322,3.5,3.8,2.2,3.17
57392,3.25,3.0,3.5,3.25
67872,3.5,3.8,2.7,3.33
45980,3.5,3.2,2.8,3.17
69388,3.5,3.8,2.2,3.17
10574,1.0,1.0,1.0,1.0
60879,3.2,3.5,3.0,3.23
30005,3.5,3.2,2.1,2.93
64036,3.5,3.8,2.2,3.17
3321,2.8,3.1,3.5,3.13
36859,2.5,2.8,3.7,3.0
36999,3.2,3.5,2.8,3.17
48313,3.2,3.5,2.8,3.17
60086,3.2,3.5,2.8,3.17
5334,3.2,3.0,3.5,3.23
10790,2.5,2.3,3.1,2.63
41313,2.8,3.1,2.5,2.8
53242,3.25,3.5,2.75,3.17
9614,3.2,3.5,2.8,3.17
60295,2.8,3.1,3.5,3.13
20024,2.1,2.3,3.8,2.73
36467,2.5,2.0,1.5,2.0
2524,2.5,3.0,1.5,2.33
25195,3.5,3.8,2.2,3.17
57835,2.5,2.8,3.2,2.83
59523,3.2,3.5,2.8,3.17
70345,2.5,2.3,2.0,2.27
41468,2.5,2.8,3.2,2.83
25681,2.5,2.8,2.2,2.5
44191,2.8,3.1,2.5,2.8
70479,2.8,3.2,1.5,2.5
46581,3.2,3.5,2.8,3.17
62404,3.2,3.5,3.0,3.23
41110,3.2,3.5,2.8,3.17
57784,2.8,3.2,2.5,2.83
40613,2.8,3.1,3.5,3.13
32822,3.2,3.5,3.0,3.23
15749,3.8,3.5,2.7,3.33
30874,2.8,3.2,2.5,2.83
22681,2.5,2.8,3.2,2.83
38514,3.5,3.8,2.2,3.17
60882,2.8,3.1,2.5,2.8
5622,2.5,2.8,3.7,3.0
7755,3.5,3.8,3.2,3.5
64796,2.5,2.2,3.1,2.6
39165,2.5,2.3,3.1,2.63
72042,3.2,3.5,2.8,3.17
4695,3.5,3.25,2.75,3.17
1199,2.5,2.8,3.2,2.83
63526,1.0,1.0,1.0,1.0
19283,2.5,2.8,2.2,2.5
48140,3.5,3.2,2.1,2.93
18576,2.8,3.1,2.5,2.8
30395,2.5,3.0,2.0,2.5
6391,3.2,3.5,2.8,3.17
10648,3.2,3.0,2.5,2.9
43147,3.5,3.8,2.7,3.33
9200,3.2,3.5,2.8,3.17
33710,2.8,3.1,3.5,3.13
61876,4.2,4.0,2.5,3.57
2511,2.5,2.0,3.5,2.67
37865,3.2,3.5,2.8,3.17
38293,3.5,3.2,2.8,3.17
5540,2.5,2.8,2.2,2.5
64186,2.5,2.8,2.2,2.5
36830,3.8,4.0,2.5,3.43
6040,3.8,4.0,2.5,3.43
61460,2.5,2.3,1.8,2.2
69176,2.5,3.0,2.2,2.57
70401,2.5,3.0,3.2,2.9
30015,2.5,3.2,1.8,2.5
31854,3.25,3.5,3.0,3.25
4877,3.2,3.0,3.5,3.23
11520,3.2,3.0,2.5,2.9
47535,2.5,2.0,1.5,2.0
12130,3.2,3.5,2.8,3.17
19294,3.25,3.5,2.75,3.17
20370,3.5,3.25,2.0,2.92
66882,3.2,3.5,2.8,3.17
47572,2.5,2.3,1.8,2.2
51584,1.0,1.0,1.0,1.0
4979,2.5,2.3,3.8,2.87
50130,2.5,3.0,1.5,2.33
47921,3.2,3.5,2.8,3.17
36038,3.5,3.8,2.2,3.17
35394,3.2,2.8,2.1,2.7
23708,3.5,3.8,2.2,3.17
36021,2.1,2.3,1.8,2.07
14266,2.5,2.8,3.2,2.83
45414,3.5,3.25,2.75,3.17
35721,3.5,3.8,3.2,3.5
22711,3.2,3.5,2.8,3.17
41489,3.2,3.5,2.8,3.17
1731,2.5,2.0,2.2,2.23
32056,3.5,3.8,2.2,3.17
47658,3.5,3.8,2.2,3.17
39991,2.5,3.0,3.2,2.9
5219,3.5,3.8,2.2,3.17
30328,2.5,2.8,3.1,2.8
16258,2.5,2.0,3.0,2.5
21585,2.5,2.2,3.8,2.83
17006,3.5,2.8,1.5,2.6
54653,3.2,3.5,2.8,3.17
4660,3.5,3.8,2.2,3.17
70695,3.5,3.8,2.2,3.17
12122,3.2,3.5,2.8,3.17
62520,3.8,3.5,2.2,3.17
49811,3.2,3.5,3.8,3.5
9734,3.25,3.5,2.75,3.17
64263,3.5,3.8,2.2,3.17
22611,2.5,3.0,1.5,2.33
23369,3.2,3.5,2.8,3.17
14661,3.5,3.25,3.75,3.5
70029,3.5,3.8,2.2,3.17
29026,2.5,3.0,2.2,2.57
23827,3.5,3.25,2.0,2.92
25623,3.25,3.5,2.75,3.17
2949,2.1,2.3,1.5,1.97
53649,2.1,2.3,3.8,2.73
70946,3.5,3.25,2.75,3.17
14690,2.1,2.3,3.8,2.73
40197,3.5,3.8,2.2,3.17
67422,2.5,3.0,2.2,2.57
34609,2.5,2.0,1.5,2.0
44353,2.5,2.2,2.8,2.5
1074,3.5,3.2,2.1,2.93
21608,2.5,3.0,1.5,2.33
63441,4.5,4.2,1.8,3.5
7508,2.5,3.0,3.2,2.9
36051,3.5,3.8,2.2,3.17
7268,2.5,3.0,2.2,2.57
17437,2.5,3.0,2.2,2.57
18627,2.5,2.8,2.2,2.5
45562,2.5,2.3,3.1,2.63
37819,2.5,3.0,2.0,2.5
68604,3.2,3.5,2.1,2.93
62182,3.8,4.0,2.5,3.43
14587,2.8,3.1,2.5,2.8
35916,3.5,3.25,2.75,3.17
23863,2.5,2.3,3.1,2.63
18681,3.5,3.25,2.0,2.92
23814,2.5,2.0,1.5,2.0
30669,2.5,2.8,2.2,2.5
3873,2.5,2.8,3.1,2.8
5696,2.5,2.8,1.9,2.4
54028,3.2,3.5,2.8,3.17
61628,3.2,3.5,2.8,3.17
20714,2.5,2.3,1.8,2.2
8596,3.5,3.8,2.7,3.33
47997,3.2,3.5,2.1,2.93
30708,2.8,3.1,3.5,3.13
48801,3.5,3.8,2.7,3.33
23635,3.5,3.8,3.2,3.5
67232,2.5,2.2,4.1,2.93
57432,2.5,2.8,3.2,2.83
55309,3.5,3.8,2.7,3.33
40453,3.2,3.5,2.8,3.17
28475,3.2,3.5,2.8,3.17
23548,2.5,3.0,2.2,2.57
10501,2.5,3.0,2.2,2.57
19578,2.5,2.2,3.0,2.57
3961,2.5,2.8,1.9,2.4
14281,3.5,3.2,2.1,2.93
36573,2.5,2.2,3.8,2.83
49914,3.5,3.8,2.7,3.33
2651,3.2,3.5,2.1,2.93
44820,3.5,3.8,2.7,3.33
3206,3.5,3.25,2.75,3.17
47638,1.0,1.5,1.0,1.17
42599,4.2,4.0,2.5,3.57
40540,3.5,3.2,2.0,2.9
62188,3.2,3.5,2.1,2.93
48058,2.5,3.0,2.75,2.75
12627,2.8,3.1,3.9,3.27
58765,2.5,3.0,2.0,2.5
16115,2.5,2.8,3.1,2.8
29293,2.5,2.8,2.2,2.5
52769,3.2,3.5,2.8,3.17
40295,3.2,3.5,3.8,3.5
66285,3.5,3.8,2.2,3.17
56371,2.5,3.0,2.0,2.5
68112,1.5,2.0,1.0,1.5
70468,3.2,3.5,2.1,2.93
36050,3.5,3.25,2.75,3.17
5047,3.2,3.5,2.8,3.17
71183,2.5,3.0,1.5,2.33
37589,3.2,3.5,2.8,3.17
26659,3.5,3.8,2.2,3.17
61745,2.5,3.0,3.5,3.0
66922,4.2,4.0,2.5,3.57
58484,2.5,3.0,1.5,2.33
38721,3.5,3.2,2.1,2.93
40385,2.8,3.1,2.5,2.8
69614,3.5,3.8,2.2,3.17
53619,3.2,3.0,2.5,2.9
2241,3.5,3.25,2.75,3.17
56254,2.5,2.8,2.2,2.5
47598,2.8,3.1,3.5,3.13
16396,3.5,4.0,2.75,3.42
36208,3.5,3.8,2.2,3.17
56261,3.2,3.5,2.8,3.17
1291,2.8,3.1,3.5,3.13
2607,3.5,3.8,3.2,3.5
71546,3.5,3.25,2.75,3.17
28344,2.5,3.0,1.5,2.33
51475,2.1,2.3,1.8,2.07
45641,3.8,4.2,2.5,3.5
29541,2.5,3.0,2.2,2.57
54144,3.5,3.25,2.0,2.92
14460,3.2,3.5,2.8,3.17
6462,2.1,2.3,1.5,1.97
58057,2.5,2.0,2.25,2.25
57778,3.5,3.8,3.2,3.5
71219,4.2,4.0,2.5,3.57
42762,2.1,2.3,1.8,2.07
68566,2.5,3.0,2.2,2.57
71370,3.8,4.2,2.5,3.5
46594,3.6,3.8,2.5,3.3
1812,2.5,3.0,2.2,2.57
7660,2.8,3.1,3.5,3.13
71648,3.5,3.25,3.75,3.5
59922,3.2,3.5,2.8,3.17
17073,3.2,3.5,2.8,3.17
43440,2.5,3.0,1.5,2.33
60642,3.2,3.5,2.8,3.17
31850,2.5,2.0,1.5,2.0
37268,2.1,2.3,1.5,1.97
39954,3.5,3.8,2.2,3.17
21121,3.2,3.5,2.1,2.93
26895,2.5,3.0,3.75,3.08
23925,3.2,3.0,2.5,2.9
43553,3.5,3.2,1.8,2.83
1297,3.2,3.5,2.1,2.93
40659,3.5,3.75,2.8,3.35
11752,3.5,3.2,1.8,2.83
14900,4.2,4.5,2.8,3.83
5218,3.5,3.8,2.7,3.33
56,1.5,2.0,1.0,1.5
9219,3.8,4.0,2.5,3.43
67060,2.5,2.0,1.5,2.0
40643,3.5,3.75,2.8,3.35
71174,3.25,3.5,2.75,3.17
3301,2.5,2.2,3.8,2.83
59328,2.5,3.0,1.8,2.43
3658,3.5,3.8,2.7,3.33
61890,3.5,3.2,2.8,3.17
36417,3.2,3.0,2.5,2.9
12519,2.5,3.0,3.2,2.9
10720,3.5,3.25,2.75,3.17
65065,3.2,3.5,2.8,3.17
17689,3.5,3.8,2.2,3.17
56923,2.5,2.8,3.2,2.83
19113,2.5,2.8,3.2,2.83
31915,2.5,2.8,2.2,2.5
54366,2.5,2.8,3.7,3.0
59497,2.5,3.0,2.2,2.57
40797,2.5,2.3,2.0,2.27
7021,3.2,3.5,2.8,3.17
40610,3.2,3.5,3.0,3.23
63907,2.5,2.2,4.0,2.9
66447,3.8,3.5,2.2,3.17
46308,3.5,3.8,2.2,3.17
53463,3.2,3.5,2.1,2.93
26229,3.5,3.8,2.2,3.17
71772,3.2,3.5,2.8,3.17
70021,3.2,3.5,2.1,2.93
19365,2.8,3.1,3.5,3.13
68932,2.5,2.8,3.1,2.8
28730,2.8,3.1,3.5,3.13
20883,3.5,3.8,2.7,3.33
21521,3.25,3.5,2.75,3.17
11181,3.5,3.2,2.8,3.17
50054,2.5,3.0,2.75,2.75
16723,2.8,3.1,2.5,2.8
21975,3.8,4.2,2.5,3.5
29678,2.5,2.8,3.2,2.83
18315,3.5,3.0,2.2,2.9
45429,2.5,2.8,1.5,2.27
59035,3.2,3.0,3.5,3.23
36034,4.25,4.0,2.5,3.58
2139,3.2,3.5,3.8,3.5
1519,2.8,3.2,2.0,2.67
54431,2.8,3.2,2.1,2.7
64121,2.5,3.0,1.5,2.33
1075,4.2,4.0,2.5,3.57
54803,3.5,3.8,2.7,3.33
28311,3.2,3.5,3.0,3.23
20358,3.2,3.5,2.8,3.17
39285,3.5,3.8,2.2,3.17
68161,3.5,3.8,2.2,3.17
22020,2.5,2.3,3.8,2.87
24552,3.5,3.8,2.2,3.17
5728,3.2,3.5,2.8,3.17
12273,3.5,3.8,2.2,3.17
54662,4.2,4.0,2.5,3.57
4527,3.5,3.8,2.7,3.33
64745,2.5,2.2,2.8,2.5
3939,3.5,3.8,2.7,3.33
56143,3.25,3.0,3.5,3.25
7386,3.5,3.8,2.2,3.17
8566,2.5,2.8,2.2,2.5
44630,3.5,3.25,2.75,3.17
52328,2.5,3.0,3.2,2.9
53835,3.5,3.8,2.2,3.17
57405,2.5,3.0,2.75,2.75
53677,2.5,3.0,2.2,2.57
9386,2.5,2.3,3.1,2.63
36020,3.2,3.5,2.1,2.93
55694,1.8,1.5,3.2,2.17
30577,3.2,3.5,2.8,3.17
39507,2.1,2.3,3.5,2.63
13486,3.5,3.8,2.2,3.17
4947,3.2,3.5,2.8,3.17
68841,2.5,2.8,2.2,2.5
13223,2.5,2.8,3.1,2.8
61025,3.2,3.5,2.8,3.17
62047,2.5,2.8,3.1,2.8
69993,2.5,3.0,2.2,2.57
23550,3.5,3.8,2.2,3.17
67279,2.5,3.0,2.2,2.57
34976,3.2,3.5,2.8,3.17
260,2.5,2.0,1.5,2.0
2343,2.5,2.2,3.1,2.6
16135,2.5,2.0,1.5,2.0
1106,3.8,4.0,2.5,3.43
38019,3.2,3.5,2.8,3.17
11854,3.5,3.8,2.7,3.33
10964,3.5,3.8,2.2,3.17
32586,2.1,2.3,3.8,2.73
22946,2.5,3.0,2.2,2.57
54959,3.2,3.5,2.8,3.17
54282,3.5,3.8,2.2,3.17
14233,3.2,3.5,2.1,2.93
64917,2.1,2.3,2.0,2.13
16473,2.5,2.8,3.1,2.8
53954,2.8,3.1,3.5,3.13
69440,3.2,3.5,2.1,2.93
57894,2.5,2.8,2.2,2.5
62748,1.5,1.2,1.0,1.23
12931,3.5,3.8,2.2,3.17
62908,3.25,3.0,2.5,2.92
43977,3.5,3.25,2.75,3.17
17249,3.2,3.5,2.8,3.17
31917,3.2,3.5,2.8,3.17
31584,2.5,3.0,2.2,2.57
47193,3.8,4.2,2.5,3.5
8372,3.5,3.8,2.2,3.17
2279,2.1,2.3,3.0,2.47
51255,2.8,3.1,3.5,3.13
2391,2.5,3.0,2.2,2.57
45892,2.8,3.15,2.5,2.82
36300,2.8,3.1,3.5,3.13
38431,3.5,3.2,1.8,2.83
18094,3.8,4.2,2.5,3.5
25586,2.5,3.0,2.1,2.53
24331,2.5,2.3,3.1,2.63
65862,2.8,3.1,2.2,2.7
33833,2.5,2.8,3.1,2.8
3166,3.5,3.8,2.7,3.33
21730,3.8,4.2,2.5,3.5
1099,2.5,3.0,1.5,2.33
36746,3.2,3.5,2.8,3.17
53237,3.2,3.5,2.8,3.17
62096,2.5,2.2,3.0,2.57
1080,3.2,3.5,2.8,3.17
35929,3.2,3.5,2.8,3.17
62263,2.8,3.1,3.5,3.13
40441,3.2,3.5,2.1,2.93
24771,3.5,3.25,2.75,3.17
14416,3.2,3.0,3.5,3.23
53528,3.5,3.25,3.75,3.5
28676,3.5,3.8,2.2,3.17
52988,3.5,3.8,2.7,3.33
51196,2.5,3.0,2.2,2.57
34630,3.25,3.0,2.75,3.0
12926,4.2,4.5,2.1,3.6
14495,3.2,3.5,2.8,3.17
67296,3.2,3.5,2.8,3.17
9639,3.5,3.8,2.2,3.17
62627,3.2,3.0,2.5,2.9
6071,2.5,2.8,3.1,2.8
49510,2.8,3.1,2.5,2.8
70026,3.5,3.0,1.5,2.67
16829,2.5,2.2,3.8,2.83
57139,3.2,3.5,2.8,3.17
45547,2.5,3.0,2.0,2.5
8616,3.6,3.8,2.9,3.43
21587,2.1,2.5,4.2,2.93
2684,3.2,3.8,2.5,3.17
16349,3.5,3.8,2.2,3.17
49576,3.2,3.5,3.8,3.5
31730,3.2,3.5,2.1,2.93
51653,2.5,2.2,1.8,2.17
71166,2.5,2.8,3.1,2.8
35889,3.5,3.8,2.2,3.17
54834,3.2,3.5,2.8,3.17
60959,3.2,3.5,2.8,3.17
5595,2.5,2.8,3.1,2.8
18880,3.5,3.25,2.75,3.17
32271,2.5,2.2,3.8,2.83
21846,3.5,3.25,2.75,3.17
51963,3.2,3.0,2.5,2.9
60329,3.5,3.8,2.2,3.17
9164,2.5,2.25,3.0,2.58
31215,3.8,4.0,2.5,3.43
54126,3.2,3.5,2.1,2.93
67549,3.2,3.5,2.8,3.17
14505,2.5,2.2,2.8,2.5
65808,3.2,3.5,2.8,3.17
11157,3.5,3.8,2.2,3.17
50172,2.5,2.8,3.1,2.8
48654,3.2,3.5,2.8,3.17
769,2.5,2.3,3.1,2.63
61747,3.2,3.0,3.5,3.23
43877,3.5,3.8,2.2,3.17
67100,2.5,3.0,2.2,2.57
59057,3.5,3.8,2.7,3.33
25587,3.5,3.2,2.8,3.17
43374,2.5,3.0,2.2,2.57
48800,3.5,3.8,2.7,3.33
68229,2.8,3.1,3.5,3.13
62985,3.5,3.8,2.7,3.33
25598,3.8,4.0,2.5,3.43
11395,2.5,3.0,2.2,2.57
5067,2.5,2.8,2.2,2.5
69801,3.2,3.5,2.8,3.17
18296,2.8,3.1,2.2,2.7
62414,3.5,3.8,2.7,3.33
25860,3.2,3.5,2.8,3.17
58803,2.8,3.2,2.1,2.7
68198,2.5,2.8,3.7,3.0
60050,3.2,3.5,2.8,3.17
26309,3.2,3.5,2.1,2.93
65971,2.5,3.0,3.25,2.92
15315,2.5,3.0,2.2,2.57
13995,2.5,2.3,3.1,2.63
19197,2.8,3.1,3.5,3.13
34968,3.5,3.8,2.2,3.17
43082,3.5,3.2,2.0,2.9
29825,3.2,3.5,2.8,3.17
23573,3.5,3.25,2.75,3.17
20238,1.0,1.0,1.0,1.0
35042,4.2,4.0,2.5,3.57
23719,3.2,3.5,2.1,2.93
52414,3.2,3.5,2.8,3.17
12529,2.5,2.8,3.2,2.83
25972,3.5,3.8,2.2,3.17
57977,2.5,3.0,2.2,2.57
49458,3.5,3.25,2.1,2.95
39491,3.2,3.0,2.5,2.9
58895,3.5,3.8,2.2,3.17
3204,2.5,2.0,1.5,2.0
18964,3.5,3.25,2.75,3.17
28651,3.5,3.8,2.2,3.17
3119,3.5,3.25,2.0,2.92
52549,2.5,3.0,1.5,2.33
60250,3.2,2.8,3.5,3.17
12659,2.5,3.0,1.5,2.33
445,2.8,3.1,2.5,2.8
7437,3.5,3.8,2.2,3.17
52875,2.5,2.3,3.1,2.63
29325,3.5,3.8,2.2,3.17
624,2.5,2.2,3.8,2.83
1157,2.5,2.8,3.2,2.83
25330,3.2,3.5,2.8,3.17
58461,3.8,4.2,2.5,3.5
64410,3.2,3.5,2.8,3.17
688,3.8,4.0,2.5,3.43
26227,3.5,3.8,2.7,3.33
23822,3.5,3.0,1.5,2.67
4574,4.2,4.0,2.5,3.57
68885,3.5,3.75,2.25,3.17
62705,1.5,2.0,1.0,1.5
26611,3.2,3.5,2.8,3.17
55505,2.5,3.0,1.5,2.33
56115,2.5,3.0,2.2,2.57
57599,3.2,3.5,2.8,3.17
24925,2.8,3.1,2.5,2.8
50145,3.2,3.5,2.8,3.17
35403,3.25,3.5,3.75,3.5
44536,3.5,3.8,2.7,3.33
62231,3.2,3.5,2.8,3.17
22415,3.8,4.2,2.5,3.5
39407,3.2,3.5,2.1,2.93
5158,3.5,3.8,2.2,3.17
10380,3.5,3.2,2.0,2.9
14320,3.8,4.2,2.5,3.5
63969,2.8,3.2,2.5,2.83
9436,2.5,3.0,2.2,2.57
22965,3.2,3.5,2.8,3.17
64672,3.5,3.0,2.0,2.83
51893,2.8,3.1,3.5,3.13
19456,3.5,3.25,2.75,3.17
23709,3.25,3.5,2.75,3.17
18405,3.5,3.8,2.7,3.33
7848,3.5,3.8,2.7,3.33
21734,3.2,3.5,2.8,3.17
49117,2.5,2.8,2.2,2.5
67950,2.5,2.0,3.0,2.5
23718,3.5,3.2,2.0,2.9
71413,2.8,3.1,3.5,3.13
43635,2.5,2.3,3.8,2.87
61733,3.5,3.8,2.2,3.17
38327,3.2,3.5,2.1,2.93
57955,3.2,3.5,2.1,2.93
40985,2.5,2.8,3.1,2.8
30779,3.8,3.9,2.5,3.4
68423,2.8,3.1,3.5,3.13
57734,2.5,2.8,3.2,2.83
23281,3.5,3.75,2.8,3.35
26392,3.5,3.0,2.0,2.83
7820,2.8,3.1,3.5,3.13
21916,2.5,2.8,3.1,2.8
49986,1.5,2.0,2.5,2.0
26649,2.8,3.1,2.5,2.8
30234,2.5,3.0,3.75,3.08
62359,3.2,3.5,2.8,3.17
48075,2.8,3.1,2.5,2.8
39770,2.5,3.0,2.2,2.57
51978,3.8,3.9,2.5,3.4
23530,3.5,3.8,2.2,3.17
66938,3.2,3.5,2.8,3.17
62462,3.5,3.25,2.0,2.92
15354,3.2,3.5,2.1,2.93
34035,3.2,3.5,3.8,3.5
70694,2.5,2.8,2.0,2.43
35172,3.5,3.75,2.25,3.17
21316,4.2,4.0,2.5,3.57
41231,2.5,2.3,3.1,2.63
39345,2.8,3.1,3.5,3.13
38088,3.2,3.0,2.5,2.9
43507,3.2,3.5,2.8,3.17
50235,4.2,4.0,2.5,3.57
58608,3.5,3.8,2.2,3.17
38804,3.5,3.2,2.1,2.93
6024,2.8,3.1,3.5,3.13
20532,3.5,3.25,2.75,3.17
41954,3.5,3.25,2.75,3.17
11306,2.5,2.2,3.8,2.83
60341,2.5,3.0,2.2,2.57
68010,3.5,3.8,2.7,3.33
384,3.5,3.25,2.75,3.17
15551,1.5,2.0,1.0,1.5
60151,3.2,3.5,2.1,2.93
30050,3.5,3.25,2.75,3.17
620,2.5,2.3,3.1,2.63
45608,3.5,3.2,2.0,2.9
20311,2.5,2.0,1.0,1.83
46596,3.5,3.25,2.0,2.92
68539,2.5,2.8,2.2,2.5
7783,2.5,3.0,1.5,2.33
27211,2.5,2.0,3.0,2.5
3534,2.5,3.0,2.2,2.57
40757,3.2,3.5,2.8,3.17
30411,4.2,4.0,2.5,3.57
4013,3.2,3.5,3.0,3.23
28990,2.1,2.3,1.8,2.07
35005,3.5,3.8,2.2,3.17
67154,2.1,2.3,3.8,2.73
62162,3.2,3.5,2.8,3.17
41878,2.8,3.1,3.5,3.13
14825,3.2,3.5,2.8,3.17
32343,2.5,2.3,3.1,2.63
19135,3.2,3.5,2.8,3.17
57307,1.0,1.5,1.0,1.17
41142,3.5,3.25,2.75,3.17
64354,3.5,3.8,2.2,3.17
7898,3.2,3.5,2.8,3.17
22794,2.5,3.0,2.2,2.57
10249,3.5,3.8,2.7,3.33
10852,3.2,3.5,2.1,2.93
43201,3.5,3.25,2.75,3.17
58305,3.2,3.5,2.8,3.17
64031,2.5,3.0,1.8,2.43
61804,2.8,3.1,3.5,3.13
6617,2.5,3.0,2.2,2.57
36920,2.5,2.0,1.5,2.0
37638,3.5,3.8,2.7,3.33
36276,2.5,3.0,2.2,2.57
59080,3.5,4.0,2.75,3.42
34885,3.2,3.5,2.8,3.17
3557,3.5,3.25,2.75,3.17
42508,3.2,3.5,2.8,3.17
30543,2.5,3.0,2.2,2.57
5233,2.5,2.0,1.5,2.0
9679,3.5,3.2,2.8,3.17
65652,2.5,2.0,1.5,2.0
3719,4.2,4.0,2.5,3.57
12611,3.2,3.0,2.5,2.9
7269,2.1,2.3,3.5,2.63
35619,3.5,3.8,2.2,3.17
47410,3.2,3.5,2.0,2.9
20950,2.5,2.0,1.5,2.0
23075,2.5,2.8,2.2,2.5
60406,4.2,3.85,2.5,3.52
39014,2.8,3.1,3.5,3.13
2709,2.8,3.1,2.5,2.8
60950,2.5,2.3,3.1,2.63
59685,3.5,3.8,2.2,3.17
57769,2.5,3.0,2.2,2.57
70354,3.2,3.5,2.8,3.17
43785,3.2,3.5,2.8,3.17
56926,2.5,3.0,3.2,2.9
71018,2.5,3.0,1.8,2.43
51940,3.5,3.8,2.2,3.17
55575,3.5,3.25,2.75,3.17
34582,2.8,3.1,3.5,3.13
56126,2.5,2.8,2.2,2.5
13858,3.5,3.25,2.0,2.92
53046,3.8,4.2,2.5,3.5
66615,3.2,3.5,3.0,3.23
38185,3.2,3.5,2.1,2.93
66422,2.8,3.1,3.5,3.13
66146,3.2,3.5,2.8,3.17
26233,2.5,2.0,2.2,2.23
8735,3.5,3.25,2.1,2.95
12277,4.2,4.0,2.5,3.57
34162,3.2,2.8,2.5,2.83
51659,3.2,3.5,2.1,2.93
56750,3.2,3.0,2.5,2.9
54745,3.5,4.0,2.5,3.33
11873,3.2,3.5,2.8,3.17
62635,3.8,3.9,2.5,3.4
54084,2.5,2.3,3.1,2.63
5271,3.8,3.5,2.2,3.17
6924,3.5,3.8,2.2,3.17
27527,3.5,3.2,2.0,2.9
7971,2.5,2.8,3.1,2.8
40245,2.5,3.0,2.2,2.57
55029,3.5,3.25,2.75,3.17
19902,2.5,2.2,3.8,2.83
67144,3.5,3.8,2.7,3.33
26557,3.5,3.2,2.0,2.9
49728,2.5,3.0,2.2,2.57
48213,2.5,2.3,3.1,2.63
65535,2.5,2.8,3.1,2.8
20887,3.5,3.8,2.7,3.33
70767,2.8,3.2,2.1,2.7
17815,3.5,3.75,2.25,3.17
60932,3.2,3.5,2.8,3.17
16196,3.5,3.8,2.2,3.17
52604,3.5,3.8,2.2,3.17
57081,3.5,3.2,2.1,2.93
35590,2.5,2.0,1.5,2.0
36477,3.2,3.5,2.1,2.93
6386,2.5,3.0,1.5,2.33
48722,2.5,2.0,1.5,2.0
15375,3.5,3.8,2.2,3.17
616,2.8,3.1,3.5,3.13
22746,3.5,3.75,2.8,3.35
38102,2.5,2.8,3.1,2.8
21182,3.5,3.8,3.2,3.5
38369,2.1,2.35,3.8,2.75
26900,3.2,3.5,2.8,3.17
66451,3.5,3.25,2.0,2.92
30174,3.5,3.8,2.75,3.35
663,3.8,3.5,2.2,3.17
45324,2.8,3.1,2.5,2.8
53563,3.2,3.5,2.1,2.93
9114,3.25,3.5,3.75,3.5
8204,3.5,3.25,2.75,3.17
30554,2.8,3.1,3.5,3.13
58529,3.25,3.5,2.75,3.17
37376,2.8,3.1,2.2,2.7
59743,3.8,4.2,2.5,3.5
58134,2.5,3.0,3.75,3.08
15967,2.5,3.0,1.5,2.33
9625,2.8,3.2,2.1,2.7
52013,1.0,1.0,1.0,1.0
47844,4.5,4.2,1.8,3.5
33055,3.2,3.5,2.8,3.17
67614,3.5,3.8,2.7,3.33
28018,3.2,3.5,2.8,3.17
595,2.5,2.8,2.2,2.5
24059,2.5,2.8,2.2,2.5
59472,2.5,2.8,3.2,2.83
7445,3.2,3.5,2.8,3.17
56283,2.1,2.3,3.8,2.73
30561,2.8,3.1,3.5,3.13
10413,2.5,3.0,2.2,2.57
21387,3.5,3.8,2.2,3.17
65096,3.2,3.5,2.8,3.17
65870,2.8,3.1,2.3,2.73
16493,2.5,2.3,3.1,2.63
14682,2.5,2.8,3.1,2.8
61332,2.5,3.0,1.5,2.33
37782,3.25,3.5,3.75,3.5
44765,2.5,3.0,2.2,2.57
37699,2.5,2.8,2.2,2.5
53269,2.5,3.0,2.0,2.5
29318,3.5,3.8,2.2,3.17
58471,3.6,3.8,2.9,3.43
38646,3.2,3.0,2.5,2.9
21524,4.2,4.0,2.5,3.57
21914,3.5,3.8,2.7,3.33
34977,3.5,3.25,2.75,3.17
70520,3.2,3.0,2.5,2.9
62164,2.5,2.8,3.2,2.83
61769,3.5,3.8,2.2,3.17
2331,3.5,3.8,2.2,3.17
42274,2.8,3.1,3.5,3.13
223,2.5,3.0,2.2,2.57
43323,2.5,3.0,1.5,2.33
17407,3.2,3.5,2.8,3.17
39938,3.2,3.5,2.1,2.93
47505,2.8,3.1,3.5,3.13
2425,2.5,3.0,2.2,2.57
22545,3.5,3.75,2.25,3.17
23493,4.2,4.0,2.5,3.57
13938,2.5,3.0,2.2,2.57
59571,3.5,3.8,2.7,3.33
22346,3.5,3.8,2.2,3.17
60171,1.0,1.5,1.0,1.17
2293,2.5,2.8,2.2,2.5
27368,3.5,3.8,2.7,3.33
9916,3.5,3.8,2.7,3.33
3929,4.2,3.8,2.1,3.37
514,2.5,2.3,3.8,2.87
51226,2.8,3.2,2.5,2.83
17344,3.5,3.8,2.2,3.17
5203,2.5,2.2,1.8,2.17
21218,2.5,3.0,1.5,2.33
15341,2.5,2.0,1.5,2.0
29614,2.5,3.0,2.2,2.57
6929,3.2,3.5,2.8,3.17
61203,2.1,2.3,1.8,2.07
18353,3.2,3.5,3.8,3.5
28567,2.5,2.3,3.1,2.63
1430,3.2,3.5,2.8,3.17
32912,3.25,3.0,3.5,3.25
11962,2.5,2.8,2.2,2.5
48691,2.5,2.8,3.2,2.83
25754,3.2,3.5,2.8,3.17
41697,3.2,3.5,2.8,3.17
42197,3.2,3.5,2.8,3.17
65168,3.5,3.2,2.1,2.93
60253,3.2,3.0,2.5,2.9
16741,2.8,3.1,2.5,2.8
10638,3.2,3.0,2.5,2.9
1407,3.2,3.5,2.8,3.17
27825,3.2,3.5,2.8,3.17
59701,3.8,4.0,2.5,3.43
7448,3.5,3.8,2.2,3.17
54063,3.2,3.5,2.8,3.17
48488,3.2,3.5,2.8,3.17
128,3.2,3.5,2.8,3.17
1649,3.25,3.5,2.75,3.17
62998,2.5,2.8,3.1,2.8
44596,3.5,3.8,3.2,3.5
10489,2.5,3.0,1.5,2.33
35036,4.2,4.0,2.5,3.57
49789,2.5,3.0,3.75,3.08
44447,1.5,2.0,1.0,1.5
60306,2.5,2.8,2.2,2.5
27810,2.5,3.0,2.2,2.57
62482,3.2,3.5,2.8,3.17
41394,2.8,3.1,3.5,3.13
60030,3.2,3.5,2.1,2.93
32580,2.5,2.8,3.7,3.0
49885,3.6,3.8,3.2,3.53
38557,2.5,3.0,2.75,2.75
69493,2.8,3.1,3.5,3.13
34743,3.25,3.5,2.75,3.17
5509,3.2,3.5,2.8,3.17
70541,3.5,3.25,2.75,3.17
31039,3.5,3.25,2.75,3.17
26062,2.5,2.8,2.2,2.5
34150,2.8,3.1,3.5,3.13
54047,2.5,2.8,3.2,2.83
36525,3.5,3.25,2.75,3.17
35215,3.5,3.8,2.2,3.17
50331,3.5,3.8,2.2,3.17
1383,3.2,3.0,2.5,2.9
67276,2.5,2.8,1.7,2.33
61640,3.8,4.2,2.5,3.5
16698,3.8,4.2,2.5,3.5
10185,3.5,3.25,2.75,3.17
40330,3.2,3.5,2.8,3.17
56241,2.1,2.3,1.5,1.97
62377,2.1,2.3,3.8,2.73
57972,2.1,2.3,3.8,2.73
19276,3.5,3.25,2.75,3.17
8949,3.2,3.5,2.8,3.17
49713,2.5,2.0,1.5,2.0
18222,3.2,3.5,2.8,3.17
45142,3.8,4.0,2.5,3.43
28753,2.5,2.0,2.75,2.42
8280,2.5,2.3,3.8,2.87
59677,2.1,2.3,3.5,2.63
26623,2.8,3.1,2.5,2.8
34597,2.5,2.0,1.5,2.0
65756,3.5,3.8,2.7,3.33
68031,4.2,4.0,2.5,3.57
55434,2.5,2.3,3.8,2.87
53606,3.5,3.75,2.25,3.17
41528,2.5,2.8,3.1,2.8
44134,3.2,3.5,2.8,3.17
37472,2.0,2.5,1.0,1.83
53689,3.2,3.5,3.0,3.23
69021,3.8,4.2,2.5,3.5
10188,2.5,3.0,1.5,2.33
52131,2.5,2.0,1.5,2.0
31552,2.8,3.1,3.5,3.13
11096,3.2,3.5,2.1,2.93
6823,3.5,3.2,2.1,2.93
34087,3.5,3.8,2.2,3.17
13044,3.5,4.2,2.8,3.5
58673,3.5,3.2,2.8,3.17
31820,2.5,3.0,1.5,2.33
68557,3.2,3.0,2.5,2.9
68745,3.8,4.0,2.5,3.43
8428,2.5,2.8,2.2,2.5
5004,3.8,3.9,2.5,3.4
63924,3.5,3.8,2.7,3.33
36629,2.1,2.3,1.8,2.07
58892,3.2,3.5,2.8,3.17
50438,2.5,2.8,3.1,2.8
15436,3.5,3.2,1.8,2.83
70565,3.5,3.8,2.2,3.17
38433,3.5,3.8,2.2,3.17
41584,3.5,3.25,2.75,3.17
53552,3.2,3.5,2.8,3.17
56312,3.2,3.5,2.8,3.17
16718,3.25,3.5,2.75,3.17
58549,3.5,3.8,2.2,3.17
35621,2.0,2.5,1.0,1.83
29660,2.5,2.8,2.2,2.5
50066,3.2,3.5,2.8,3.17
23125,2.5,2.3,3.1,2.63
57100,3.2,3.5,2.8,3.17
19605,2.5,3.0,2.75,2.75
44446,3.5,3.8,2.7,3.33
47801,3.2,3.5,2.8,3.17
57425,2.8,3.1,3.5,3.13
68772,2.5,2.3,2.0,2.27
12103,2.5,3.0,1.5,2.33
18547,2.5,3.0,2.75,2.75
43033,2.5,2.8,1.5,2.27
15835,3.5,3.25,3.75,3.5
68017,2.5,3.0,2.2,2.57
54542,3.8,4.0,2.5,3.43
46327,2.5,2.8,2.2,2.5
40969,3.2,3.5,2.8,3.17
64890,4.2,3.8,2.5,3.5
3965,3.5,4.0,2.2,3.23
17751,2.5,2.8,2.2,2.5
41964,2.5,3.0,2.2,2.57
53840,3.2,3.5,2.8,3.17
45828,2.5,2.3,2.0,2.27
68509,2.5,3.0,2.2,2.57
26296,2.5,2.8,3.2,2.83
24195,3.5,3.8,2.2,3.17
21512,3.2,3.5,2.8,3.17
59793,2.5,3.0,1.5,2.33
971,2.5,2.3,3.1,2.63
56337,3.2,3.5,2.8,3.17
16000,2.5,3.0,3.2,2.9
17091,2.5,2.8,2.2,2.5
38923,2.8,2.5,3.1,2.8
57366,3.2,2.8,3.5,3.17
11935,3.2,3.5,2.8,3.17
20801,2.8,3.1,3.5,3.13
3188,3.2,3.5,2.1,2.93
6710,2.5,2.8,3.2,2.83
7524,3.5,3.25,2.75,3.17
28807,3.5,3.25,2.0,2.92
67321,3.5,3.25,2.75,3.17
57579,2.1,2.3,3.8,2.73
27231,3.2,3.5,2.8,3.17
5410,2.5,2.8,1.9,2.4
41594,4.2,3.8,2.1,3.37
7711,3.5,3.25,2.75,3.17
18237,3.2,3.5,2.8,3.17
54072,3.25,3.5,2.75,3.17
65813,3.5,3.2,2.8,3.17
45417,2.1,2.3,1.8,2.07
51830,3.2,3.5,2.8,3.17
57983,2.8,3.2,3.5,3.17
42669,3.8,3.9,2.5,3.4
66076,2.5,2.2,3.8,2.83
8816,2.8,3.1,2.5,2.8
32316,3.2,3.5,3.8,3.5
25008,2.8,3.1,3.5,3.13
64905,2.5,2.8,1.7,2.33
60626,2.5,3.0,2.2,2.57
49625,3.5,3.8,2.2,3.17
14324,3.2,3.5,2.8,3.17
52573,3.2,3.5,2.8,3.17
32984,2.8,3.1,3.5,3.13
35126,3.2,3.5,2.8,3.17
57472,3.5,4.0,2.75,3.42
59136,2.5,2.0,1.5,2.0
58685,3.2,2.8,3.5,3.17
71247,3.5,3.8,3.2,3.5
35412,2.5,2.8,3.7,3.0
53231,2.5,3.0,2.2,2.57
52422,3.6,3.8,2.9,3.43
47183,2.5,3.0,1.8,2.43
7266,3.5,3.25,2.75,3.17
25642,3.5,3.8,2.7,3.33
24994,2.8,3.1,2.2,2.7
27352,2.5,3.0,2.0,2.5
60868,3.5,3.8,2.7,3.33
29482,2.5,2.8,1.5,2.27
15885,3.5,3.8,2.2,3.17
17481,3.2,3.5,2.8,3.17
6487,3.5,3.8,2.2,3.17
32798,3.25,3.5,2.75,3.17
58982,2.5,2.2,2.0,2.23
7051,2.5,2.0,1.5,2.0
71110,2.5,2.3,3.8,2.87
59247,4.2,4.0,2.5,3.57
17779,3.5,3.8,2.2,3.17
69461,3.2,3.5,2.8,3.17
63512,3.5,3.8,2.2,3.17
18520,3.2,3.0,2.5,2.9
30897,2.5,2.75,3.25,2.83
7171,2.5,2.8,3.2,2.83
48104,2.5,3.0,1.5,2.33
58740,3.5,3.8,2.2,3.17
9285,3.8,4.2,2.5,3.5
6208,3.2,3.5,2.8,3.17
14120,3.2,3.0,3.5,3.23
48960,2.5,2.2,4.1,2.93
45512,3.5,3.0,2.0,2.83
66109,2.5,2.0,1.5,2.0
35855,2.1,2.5,1.8,2.13
7131,2.5,3.0,2.75,2.75
31351,2.8,3.1,2.5,2.8
3438,3.5,3.8,2.2,3.17
70290,2.5,3.0,2.2,2.57
1845,4.2,4.5,2.8,3.83
69780,3.5,3.8,2.2,3.17
53930,2.5,2.3,3.8,2.87
49696,3.2,3.5,2.1,2.93
49002,2.5,2.8,3.1,2.8
71256,2.5,2.8,3.2,2.83
67506,3.2,3.5,2.1,2.93
66428,3.2,3.5,2.1,2.93
10612,3.2,3.5,2.8,3.17
45675,3.5,3.8,2.2,3.17
40565,3.5,3.8,2.7,3.33
31081,3.2,3.5,2.8,3.17
19703,2.5,2.8,3.1,2.8
29838,2.8,3.1,2.5,2.8
2470,2.8,3.1,3.5,3.13
4315,3.5,3.8,3.2,3.5
70128,2.1,2.3,3.8,2.73
40264,2.5,3.0,2.0,2.5
19906,2.5,2.8,3.1,2.8
49686,3.25,3.5,2.75,3.17
290,4.2,3.8,2.5,3.5
19782,3.5,3.2,2.0,2.9
59395,2.5,3.0,1.5,2.33
54065,2.8,3.1,2.5,2.8
56536,2.5,3.0,1.5,2.33
12267,3.2,3.5,2.1,2.93
64239,2.8,2.5,3.7,3.0
31383,2.5,3.0,2.2,2.57
30612,2.5,2.8,3.1,2.8
43307,3.2,3.8,2.5,3.17
71925,2.5,2.0,1.5,2.0
1826,3.5,3.8,2.7,3.33
28323,3.2,3.5,3.8,3.5
56748,3.2,3.5,2.8,3.17
65329,2.1,2.3,3.8,2.73
41719,3.2,3.0,2.5,2.9
51681,2.5,2.3,2.7,2.5
2449,2.5,3.0,2.2,2.57
42859,3.2,3.5,2.8,3.17
65491,3.5,3.8,2.2,3.17
56607,3.5,3.8,2.2,3.17
35105,2.1,2.3,1.8,2.07
13923,3.5,3.8,2.7,3.33
32336,3.25,3.5,3.75,3.5
20305,3.5,3.25,2.0,2.92
57431,2.5,2.8,3.9,3.07
24126,3.2,3.5,2.8,3.17
58449,2.5,3.0,1.8,2.43
25085,3.2,3.0,2.5,2.9
56377,2.8,3.1,3.5,3.13
58668,2.5,3.0,2.75,2.75
13494,3.2,3.5,2.8,3.17
22095,3.2,3.5,3.0,3.23
65587,3.2,3.5,2.8,3.17
58118,3.5,3.8,2.2,3.17
36094,2.5,2.8,1.5,2.27
29985,2.5,2.8,3.1,2.8
5363,3.2,3.5,2.8,3.17
20739,2.5,2.8,3.1,2.8
11419,3.5,3.25,2.75,3.17
9232,3.2,3.5,2.8,3.17
36123,3.8,4.2,2.5,3.5
65176,2.5,2.3,3.8,2.87
38069,2.5,2.8,1.7,2.33
6133,3.2,3.5,2.8,3.17
41407,2.5,2.3,3.8,2.87
66406,3.5,3.2,2.0,2.9
60080,3.2,2.8,1.5,2.5
36067,3.2,3.5,2.8,3.17
36049,4.2,3.8,2.1,3.37
14816,3.5,3.8,2.2,3.17
44939,2.5,2.3,3.8,2.87
58075,2.8,3.2,2.5,2.83
2898,2.5,2.8,3.1,2.8
28938,3.2,3.0,2.5,2.9
56121,3.2,3.5,2.8,3.17
23126,3.2,3.5,3.0,3.23
56419,3.8,3.9,2.5,3.4
46284,2.5,3.0,2.0,2.5
36221,3.2,3.5,2.8,3.17
16519,3.5,3.8,2.2,3.17
18749,3.5,3.8,2.2,3.17
6750,3.2,3.5,3.8,3.5
59730,2.8,3.1,3.5,3.13
48347,3.5,3.8,2.2,3.17
66477,3.5,3.8,3.2,3.5
56954,2.5,2.8,3.2,2.83
65317,2.5,2.8,3.2,2.83
40367,2.5,3.0,2.2,2.57
53276,3.2,3.5,2.1,2.93
21041,2.8,3.1,2.5,2.8
48119,2.5,3.0,3.25,2.92
7540,2.5,2.8,3.2,2.83
3938,3.2,3.5,2.8,3.17
63767,2.5,2.0,1.5,2.0
41980,3.2,3.0,2.5,2.9
29489,3.2,3.5,2.8,3.17
19710,2.5,2.2,2.0,2.23
24073,3.2,3.5,2.8,3.17
24646,3.5,3.8,2.2,3.17
63541,3.8,3.5,2.75,3.35
2316,3.2,3.5,2.8,3.17
58641,2.5,3.0,3.2,2.9
53066,2.5,2.8,3.1,2.8
66971,3.5,3.25,2.0,2.92
67672,3.2,3.5,2.1,2.93
58020,2.5,3.0,2.1,2.53
9173,2.5,2.8,3.1,2.8
16838,3.25,3.5,3.0,3.25
5486,3.2,3.5,2.8,3.17
19918,2.5,2.8,3.1,2.8
3509,3.2,3.0,2.5,2.9
64475,3.5,3.8,2.2,3.17
54928,2.5,2.0,1.5,2.0
21346,2.8,3.1,3.5,3.13
13763,3.5,3.8,2.7,3.33
16440,2.5,3.0,3.2,2.9
33771,3.5,3.25,2.75,3.17
41434,2.5,2.3,3.8,2.87
22130,3.25,3.5,2.75,3.17
13489,3.5,3.2,2.8,3.17
63355,2.8,3.1,3.5,3.13
44166,2.8,3.1,2.5,2.8
6832,3.6,3.8,2.9,3.43
32670,2.5,3.0,2.2,2.57
49167,3.5,3.8,2.2,3.17
38828,3.2,3.5,2.8,3.17
61829,3.8,4.2,2.5,3.5
51407,2.5,2.8,2.2,2.5
57787,3.2,3.5,2.8,3.17
36871,2.5,2.0,1.5,2.0
26398,1.0,1.0,1.0,1.0
12244,3.2,3.0,3.5,3.23
17941,3.5,3.8,2.75,3.35
26138,3.2,3.5,2.8,3.17
36415,3.2,3.5,2.8,3.17
64591,2.5,2.8,3.1,2.8
30209,2.5,2.3,3.1,2.63
55544,3.5,3.8,2.7,3.33
8855,3.2,3.5,2.8,3.17
21652,3.5,3.8,2.2,3.17
53159,2.1,2.3,1.8,2.07
59281,2.8,2.5,3.7,3.0
35019,3.5,3.8,2.7,3.33
55807,2.5,3.0,1.8,2.43
54392,3.5,3.8,2.2,3.17
53565,2.5,2.8,1.5,2.27
16011,2.8,3.1,3.5,3.13
40759,3.8,3.9,2.5,3.4
53008,2.5,2.2,2.0,2.23
3544,2.5,2.0,1.0,1.83
65287,4.2,4.0,2.5,3.57
51758,3.8,4.2,2.5,3.5
53182,3.2,3.0,2.5,2.9
39574,3.5,3.8,2.2,3.17
34530,3.5,3.8,2.7,3.33
65417,2.8,3.1,3.5,3.13
18033,3.5,3.25,2.75,3.17
17809,2.8,3.1,3.5,3.13
15515,2.5,3.0,1.5,2.33
63492,3.5,3.8,2.7,3.33
64705,3.2,3.0,2.5,2.9
6853,2.5,3.0,2.75,2.75
54272,4.5,4.2,1.8,3.5
43793,3.2,3.5,3.8,3.5
25076,3.5,3.8,2.2,3.17
11508,2.5,2.8,3.2,2.83
48763,2.5,2.3,3.1,2.63
47866,2.5,2.0,1.5,2.0
47845,4.2,4.0,2.5,3.57
41794,3.2,3.0,2.5,2.9
2834,3.5,3.8,2.7,3.33
55950,3.5,3.8,3.2,3.5
59291,3.5,3.8,2.2,3.17
16336,2.0,2.5,1.5,2.0
49132,2.5,2.3,3.1,2.63
22235,2.8,2.5,3.1,2.8
35565,2.5,2.8,2.2,2.5
71644,3.2,3.5,2.8,3.17
52617,3.5,3.8,2.7,3.33
68070,3.2,3.5,2.8,3.17
68804,2.5,2.8,3.2,2.83
68887,2.5,3.0,2.2,2.57
47773,3.5,3.8,2.2,3.17
18386,3.5,3.2,2.1,2.93
16647,3.8,3.9,2.5,3.4
31798,2.5,2.8,1.7,2.33
14253,2.5,2.2,3.8,2.83
57216,2.8,3.1,3.5,3.13
71375,3.2,3.5,2.8,3.17
69309,2.1,2.3,1.5,1.97
36971,3.2,3.5,2.8,3.17
56397,3.2,3.5,2.1,2.93
11302,3.8,4.2,2.5,3.5
36222,2.5,2.8,3.1,2.8
4680,2.5,3.0,2.2,2.57
45560,2.8,3.1,2.5,2.8
4511,3.2,3.5,2.8,3.17
42437,3.5,3.8,2.7,3.33
14279,2.8,3.1,3.5,3.13
70561,3.5,3.8,2.2,3.17
48636,2.5,2.8,3.2,2.83
9819,3.25,3.0,2.5,2.92
57215,3.2,3.5,3.8,3.5
53094,3.2,3.5,2.8,3.17
18298,3.8,3.9,2.5,3.4
62701,2.5,2.8,2.0,2.43
59775,2.5,2.3,3.1,2.63
23930,3.25,3.5,3.0,3.25
53569,3.2,3.5,2.8,3.17
17851,3.2,3.5,3.8,3.5
22207,3.2,3.5,2.8,3.17
49524,4.2,4.0,2.5,3.57
6344,4.2,4.0,2.5,3.57
22149,3.5,3.8,2.2,3.17
10319,2.5,2.3,3.8,2.87
46716,2.1,2.3,1.8,2.07
39708,2.5,2.2,1.8,2.17
3096,3.5,3.8,2.2,3.17
18233,3.2,3.5,3.0,3.23
7620,3.5,3.8,2.2,3.17
18603,4.2,3.8,2.5,3.5
47996,3.2,3.5,2.8,3.17
23847,2.5,2.3,2.0,2.27
5315,2.5,2.8,2.2,2.5
20874,2.5,3.0,1.8,2.43
15893,4.2,4.0,2.5,3.57
64437,3.5,4.0,2.2,3.23
27180,3.5,3.75,2.25,3.17
64663,2.5,3.0,3.25,2.92
12306,2.1,2.3,3.8,2.73
15651,4.2,4.0,2.5,3.57
18355,2.5,3.0,2.2,2.57
43558,2.5,3.0,3.2,2.9
29954,3.2,3.5,2.8,3.17
34292,2.5,3.0,2.2,2.57
62642,2.1,2.3,3.5,2.63
21596,3.5,3.8,2.7,3.33
38109,2.5,2.0,1.5,2.0
53541,3.5,3.8,2.7,3.33
10000,3.2,3.5,2.8,3.17
61257,3.5,3.2,1.8,2.83
30073,2.5,3.0,2.2,2.57
13069,2.5,2.8,2.2,2.5
9755,2.1,2.3,4.5,2.97
29631,2.1,2.3,2.5,2.3
65278,2.5,2.8,1.9,2.4
62257,3.5,3.25,2.75,3.17
39562,2.8,3.1,3.5,3.13
19340,3.2,3.5,3.0,3.23
48113,2.5,2.3,3.1,2.63
69530,3.2,2.8,2.5,2.83
56036,1.5,2.0,1.2,1.57
30866,3.2,3.5,2.8,3.17
63964,2.8,3.1,2.5,2.8
33558,2.8,3.1,2.5,2.8
50005,3.8,4.0,2.5,3.43
9055,3.2,3.5,2.8,3.17
43851,3.2,3.5,2.8,3.17
64104,3.8,4.0,2.5,3.43
55541,3.2,3.5,2.8,3.17
1662,3.2,3.5,2.8,3.17
5384,3.5,3.8,2.2,3.17
12975,2.5,2.8,2.2,2.5
25903,2.5,2.8,2.2,2.5
12437,3.5,3.8,2.7,3.33
22695,3.2,3.5,3.8,3.5
70567,2.5,3.0,2.2,2.57
3002,3.5,3.8,2.2,3.17
24460,3.5,3.8,2.2,3.17
18960,3.2,3.5,2.1,2.93
6109,2.1,2.3,1.5,1.97
46549,2.5,3.0,1.5,2.33
24515,2.5,2.8,2.2,2.5
49068,3.2,3.5,2.8,3.17
34004,3.5,3.25,2.75,3.17
28604,2.5,3.0,1.5,2.33
18584,2.5,3.0,2.2,2.57
58221,2.5,2.8,3.2,2.83
51091,2.5,3.0,2.2,2.57
63598,3.2,3.5,2.8,3.17
14981,3.2,3.5,2.8,3.17
46396,2.1,2.3,1.5,1.97
27072,2.5,3.0,3.75,3.08
63392,3.5,3.8,2.2,3.17
35420,2.5,2.3,3.1,2.63
52978,3.2,3.5,2.8,3.17
21008,2.5,2.0,1.5,2.0
36622,2.5,2.3,3.1,2.63
40280,2.8,3.1,3.5,3.13
15553,2.5,3.0,2.2,2.57
26978,2.5,2.8,2.2,2.5
69168,3.2,3.5,2.8,3.17
38270,3.8,4.0,2.5,3.43
61797,2.8,3.1,2.5,2.8
1961,2.5,2.2,3.8,2.83
45530,3.2,3.5,2.8,3.17
23681,2.8,3.1,2.5,2.8
14736,3.8,4.2,2.5,3.5
51567,2.5,2.8,3.1,2.8
5845,2.1,2.3,3.5,2.63
67205,2.5,2.0,3.0,2.5
51804,2.5,2.3,1.8,2.2
56147,3.2,3.5,2.8,3.17
52724,3.5,3.25,2.0,2.92
22975,2.8,3.1,3.5,3.13
57281,3.2,3.5,2.8,3.17
34824,3.8,4.2,2.5,3.5
47289,3.2,3.5,3.0,3.23
69800,3.5,4.0,2.5,3.33
52858,2.5,2.8,2.0,2.43
63923,3.5,3.8,2.7,3.33
4992,2.5,2.8,2.2,2.5
21062,3.5,3.8,2.2,3.17
37898,3.2,3.5,2.8,3.17
6144,2.5,2.0,1.5,2.0
31106,2.8,3.1,3.5,3.13
38817,2.8,3.1,3.5,3.13
65928,3.2,3.5,2.8,3.17
72164,4.2,3.8,2.1,3.37
49826,3.5,3.25,2.75,3.17
71254,3.8,4.2,2.5,3.5
62203,1.0,1.0,1.0,1.0
28117,3.2,3.0,2.5,2.9
9260,3.5,3.25,2.75,3.17
45218,3.2,3.5,2.8,3.17
17392,3.8,4.2,2.5,3.5
55250,3.5,3.2,2.1,2.93
798,3.5,3.25,2.0,2.92
37059,3.5,3.8,2.7,3.33
14412,2.5,2.8,3.1,2.8
32090,2.5,2.2,2.8,2.5
52277,3.8,3.9,2.5,3.4
63371,2.8,3.1,3.5,3.13
71173,2.5,3.0,1.8,2.43
32360,2.5,2.2,3.1,2.6
9157,2.5,2.8,2.2,2.5
19812,3.6,3.8,2.9,3.43
25126,3.2,3.5,2.1,2.93
70266,2.5,2.2,3.8,2.83
1066,2.5,2.2,3.0,2.57
16558,3.5,3.8,2.7,3.33
35135,3.2,3.5,3.8,3.5
24908,2.5,3.0,2.2,2.57
68913,3.5,3.8,2.2,3.17
17059,3.5,3.8,2.7,3.33
18261,2.5,3.0,2.2,2.57
21873,2.5,2.8,3.2,2.83
44858,3.5,3.75,2.25,3.17
58174,3.5,3.8,2.2,3.17
30453,3.2,3.5,2.8,3.17
48887,3.2,3.5,2.8,3.17
64915,2.5,2.3,3.8,2.87
16397,3.5,3.25,3.0,3.25
65902,2.5,3.0,2.2,2.57
33347,2.8,3.1,2.5,2.8
56380,3.5,3.8,2.2,3.17
47817,2.5,2.2,3.0,2.57
28913,3.5,3.8,3.2,3.5
46516,2.8,3.1,3.5,3.13
65660,3.2,3.5,2.8,3.17
50083,3.2,3.5,2.1,2.93
16623,3.8,4.0,2.5,3.43
68754,3.5,3.8,2.2,3.17
21539,3.2,3.5,2.8,3.17
69555,3.2,3.5,2.8,3.17
9502,3.25,3.5,2.75,3.17
65771,3.5,3.8,3.2,3.5
60568,3.5,3.8,2.2,3.17
7811,2.8,3.1,3.5,3.13
59026,2.5,2.8,2.2,2.5
5483,3.5,3.8,2.7,3.33
45230,3.5,3.25,2.75,3.17
67855,2.5,2.8,3.2,2.83
49246,3.5,3.25,2.0,2.92
36779,3.2,3.5,2.8,3.17
41635,2.5,3.0,1.5,2.33
49099,2.8,3.1,3.5,3.13
1853,3.8,4.2,2.5,3.5
27350,2.5,2.8,3.1,2.8
10637,3.5,3.8,2.7,3.33
55464,2.8,3.2,2.1,2.7
44044,3.2,3.0,2.5,2.9
57181,2.5,3.0,2.2,2.57
20506,3.2,3.0,2.5,2.9
53499,3.5,3.25,2.75,3.17
18453,3.5,3.25,3.0,3.25
19577,3.2,2.8,2.5,2.83
35238,2.5,3.0,2.75,2.75
47534,2.5,3.0,1.5,2.33
58648,2.8,3.1,2.5,2.8
27904,3.5,3.8,2.2,3.17
1353,3.2,3.5,2.1,2.93
57984,4.2,4.0,2.5,3.57
52200,2.8,3.1,2.3,2.73
34704,2.1,2.3,1.8,2.07
56806,2.5,2.75,3.25,2.83
26657,3.5,3.8,2.2,3.17
7808,3.8,3.5,2.75,3.35
5019,3.5,4.0,2.2,3.23
37809,3.5,3.0,2.0,2.83
56763,3.2,3.5,2.8,3.17
40382,3.2,3.5,2.8,3.17
2239,3.5,3.8,2.7,3.33
71221,3.2,3.5,2.8,3.17
33669,2.5,2.8,2.2,2.5
41106,2.8,3.1,3.5,3.13
433,3.2,3.5,2.8,3.17
29227,2.8,3.1,3.5,3.13
28499,3.5,3.8,2.7,3.33
38425,3.2,3.5,2.1,2.93
44483,3.5,3.25,2.0,2.92
57535,3.5,3.2,2.0,2.9
25316,2.5,3.0,2.0,2.5
9336,2.5,2.8,3.1,2.8
5198,3.2,3.5,3.0,3.23
9985,2.5,2.8,3.1,2.8
3040,3.2,3.5,2.8,3.17
69732,3.2,3.5,2.8,3.17
30853,2.5,2.8,3.1,2.8
16047,3.5,3.8,2.2,3.17
51911,3.2,3.0,2.5,2.9
69118,2.5,2.3,2.0,2.27
15136,2.5,3.0,2.2,2.57
69959,2.5,2.3,2.0,2.27
26090,3.2,3.5,2.8,3.17
16282,3.8,4.0,2.5,3.43
21139,4.2,4.0,2.5,3.57
48009,3.2,3.0,2.5,2.9
1384,2.5,2.2,2.8,2.5
1565,3.25,3.5,2.75,3.17
59164,3.5,3.8,2.7,3.33
29159,4.2,4.0,2.5,3.57
4668,3.2,3.5,2.1,2.93
42721,3.25,3.0,2.5,2.92
10718,3.5,4.0,2.2,3.23
38182,3.5,3.8,2.2,3.17
70855,2.5,2.2,3.8,2.83
43729,1.0,1.0,1.0,1.0
665,2.1,2.3,3.5,2.63
1911,3.2,3.0,2.5,2.9
41803,3.2,3.5,2.1,2.93
43026,4.2,4.0,2.5,3.57
4414,2.5,2.8,3.1,2.8
55353,2.5,2.8,3.1,2.8
54769,2.8,3.1,2.5,2.8
45276,2.5,2.0,4.25,2.92
56214,2.1,2.3,4.5,2.97
60978,3.2,3.5,2.8,3.17
36980,3.5,3.25,2.75,3.17
10919,2.5,2.8,2.2,2.5
50665,2.5,2.8,3.1,2.8
22827,2.5,2.8,1.5,2.27
59325,2.5,2.0,1.0,1.83
10490,2.5,3.0,1.8,2.43
57264,3.8,4.2,2.5,3.5
38240,3.8,4.0,2.5,3.43
8257,3.2,3.5,2.1,2.93
45404,3.25,3.5,2.75,3.17
59557,3.5,3.8,2.7,3.33
33114,2.8,3.1,3.5,3.13
6379,4.2,3.8,2.5,3.5
58876,2.5,2.8,2.2,2.5
53752,3.5,3.25,2.75,3.17
44955,3.5,3.8,2.7,3.33
65343,2.5,2.3,3.8,2.87
50222,3.2,3.0,2.5,2.9
7225,1.5,2.0,1.0,1.5
50078,3.5,3.25,2.0,2.92
39794,2.5,2.8,2.3,2.53
21396,3.2,3.5,2.8,3.17
54631,3.5,3.8,2.7,3.33
44670,3.5,3.8,2.7,3.33
6073,3.5,3.8,2.7,3.33
21805,2.5,2.8,2.2,2.5
1503,2.5,2.3,3.1,2.63
34515,2.5,3.0,1.5,2.33
18905,4.5,4.25,2.1,3.62
44052,3.2,3.5,2.8,3.17
33627,2.5,2.3,3.1,2.63
13383,2.5,2.8,2.2,2.5
3809,3.5,3.8,2.2,3.17
42888,2.5,2.8,1.9,2.4
9014,3.5,3.25,2.75,3.17
62152,2.8,3.2,2.5,2.83
34893,3.8,4.2,2.5,3.5
17599,3.2,3.5,2.8,3.17
32638,2.5,3.0,1.5,2.33
7218,2.5,2.8,2.2,2.5
26697,2.1,2.3,1.8,2.07
45728,2.5,2.2,3.0,2.57
70461,3.2,3.5,2.8,3.17
29421,2.5,2.2,3.8,2.83
2999,3.2,3.5,2.8,3.17
42039,3.2,3.5,2.1,2.93
2964,3.5,3.8,2.2,3.17
2774,3.5,3.8,2.2,3.17
24288,3.2,3.5,3.8,3.5
10134,3.5,3.25,2.75,3.17
58810,3.5,3.25,2.0,2.92
51687,3.2,3.5,2.8,3.17
47615,2.8,3.1,2.5,2.8
36212,2.5,2.8,2.2,2.5
24606,3.5,3.25,2.75,3.17
664,3.2,3.0,2.5,2.9
52505,3.2,3.5,2.8,3.17
44171,3.2,3.5,2.8,3.17
12352,2.5,2.8,2.0,2.43
40712,3.2,3.5,2.8,3.17
50752,3.2,3.5,2.1,2.93
66509,2.5,3.0,1.5,2.33
13845,2.5,3.0,1.5,2.33
33782,2.5,3.0,2.2,2.57
9008,3.5,3.8,2.2,3.17
50620,3.2,3.5,2.8,3.17
4055,3.5,3.8,2.2,3.17
32005,2.5,2.0,1.5,2.0
29934,3.2,3.5,2.8,3.17
33662,2.5,3.0,1.5,2.33
17213,2.5,2.2,3.0,2.57
10308,3.2,3.5,2.8,3.17
66398,3.6,3.8,2.5,3.3
70085,2.1,2.3,1.8,2.07
22578,3.5,3.8,2.2,3.17
36741,3.5,3.8,2.7,3.33
33702,3.5,3.25,2.75,3.17
10593,3.2,3.5,2.8,3.17
1680,2.5,3.0,2.2,2.57
38637,2.5,3.0,1.5,2.33
42674,1.5,2.0,1.2,1.57
23282,4.2,4.0,2.5,3.57
15659,3.5,3.8,2.2,3.17
45012,3.2,3.5,2.8,3.17
44099,2.5,2.8,3.2,2.83
68183,2.5,2.2,4.1,2.93
37305,3.5,3.8,2.2,3.17
18282,3.5,3.25,3.0,3.25
4236,4.2,4.0,2.5,3.57
10468,3.2,3.5,2.8,3.17
20515,4.2,4.0,2.5,3.57
53439,3.8,3.9,2.5,3.4
26719,2.5,3.0,2.2,2.57
25146,2.5,2.2,3.8,2.83
9342,2.5,3.0,2.2,2.57
36319,2.8,3.1,3.5,3.13
7940,3.8,4.2,2.5,3.5
70862,3.2,2.8,3.5,3.17
67886,2.5,2.0,1.5,2.0
38459,3.5,3.8,2.2,3.17
22310,3.5,3.25,2.0,2.92
45561,2.5,2.3,3.1,2.63
2807,2.5,3.0,2.2,2.57
17313,2.5,2.0,1.5,2.0
39159,2.5,2.0,1.5,2.0
5341,3.2,3.5,2.8,3.17
39204,3.25,3.5,3.75,3.5
20911,3.5,3.25,2.0,2.92
19341,2.8,3.1,2.3,2.73
33653,3.5,3.8,2.2,3.17
64768,3.2,3.5,2.8,3.17
8356,4.2,3.8,2.1,3.37
63142,3.2,3.5,2.8,3.17
34014,4.2,4.0,1.5,3.23
56931,3.5,3.25,2.75,3.17
23336,2.1,2.3,1.8,2.07
17432,3.2,2.8,1.5,2.5
22790,3.5,3.75,2.8,3.35
29092,2.5,2.8,3.2,2.83
71792,3.5,3.8,2.2,3.17
18927,2.5,2.8,2.2,2.5
72010,2.5,2.8,3.1,2.8
37980,3.2,3.5,2.8,3.17
59201,3.2,3.5,2.1,2.93
32220,3.2,3.5,3.8,3.5
12096,3.2,3.5,2.8,3.17
7453,3.5,3.8,2.2,3.17
54116,3.8,4.2,2.5,3.5
61610,3.5,3.8,2.2,3.17
41781,2.8,3.1,3.5,3.13
66595,2.8,3.1,3.5,3.13
27809,2.5,2.8,3.2,2.83
60643,3.5,3.8,2.2,3.17
37982,3.2,2.8,3.5,3.17
42468,3.8,4.0,2.5,3.43
69692,3.2,3.5,2.8,3.17
66794,2.5,2.8,1.5,2.27
5507,2.8,3.1,3.5,3.13
7627,2.5,3.0,2.2,2.57
62136,2.5,2.2,3.8,2.83
31773,3.8,3.9,2.5,3.4
59656,3.5,3.25,2.75,3.17
36611,2.5,2.3,2.7,2.5
43276,2.5,3.0,3.25,2.92
70143,3.2,3.5,2.8,3.17
59061,3.5,3.8,3.2,3.5
35905,3.2,3.5,2.8,3.17
8231,3.2,3.5,2.8,3.17
17377,3.8,4.0,2.5,3.43
17261,2.5,2.8,2.2,2.5
11391,3.8,3.9,2.5,3.4
18439,3.5,3.8,2.2,3.17
20509,3.2,2.8,3.5,3.17
33039,2.5,2.0,1.5,2.0
4316,3.2,3.5,3.8,3.5
10904,2.5,3.0,2.2,2.57
55284,2.8,3.2,2.5,2.83
25867,3.2,3.5,2.8,3.17
13462,2.8,3.1,2.5,2.8
61958,3.25,2.8,3.5,3.18
32911,1.5,2.0,1.0,1.5
3857,2.8,3.2,2.5,2.83
49398,3.5,3.8,2.2,3.17
58774,2.5,2.8,3.2,2.83
10544,3.6,3.8,2.5,3.3
3886,2.5,2.2,3.8,2.83
41838,3.5,3.8,2.7,3.33
68102,2.5,2.3,3.8,2.87
28929,2.8,3.2,3.5,3.17
66101,2.5,3.0,2.75,2.75
7249,3.5,3.25,2.75,3.17
38524,3.5,3.8,2.2,3.17
762,3.2,3.5,2.8,3.17
50744,2.5,3.0,2.75,2.75
20288,3.5,3.2,2.1,2.93
58230,3.5,3.8,2.2,3.17
4389,2.5,2.8,2.2,2.5
22621,3.25,3.0,2.75,3.0
2668,4.2,4.0,2.5,3.57
6218,3.8,4.0,2.5,3.43
17708,3.5,3.2,2.0,2.9
27661,3.5,3.25,2.0,2.92
5641,3.2,3.5,2.8,3.17
26553,3.5,3.2,2.1,2.93
54123,3.2,3.5,2.8,3.17
38538,2.5,2.8,3.2,2.83
23333,3.2,3.5,2.8,3.17
64505,3.5,3.25,3.75,3.5
56744,3.5,3.8,2.7,3.33
16904,3.5,3.8,2.7,3.33
56421,3.2,3.5,2.8,3.17
58310,2.5,2.2,3.8,2.83
68905,3.25,3.5,2.75,3.17
5035,2.5,2.3,3.8,2.87
22241,3.5,3.25,2.75,3.17
22736,3.25,3.5,3.75,3.5
4903,3.5,3.8,2.7,3.33
51527,2.8,3.1,3.5,3.13
5190,2.5,2.0,1.5,2.0
19990,3.2,3.5,2.8,3.17
25354,2.5,2.3,2.7,2.5
18071,2.5,2.8,3.2,2.83
18837,3.5,3.8,2.2,3.17
36695,2.5,2.3,2.0,2.27
12585,3.5,3.0,2.2,2.9
28349,2.5,2.8,3.7,3.0
22948,2.1,2.3,1.5,1.97
67745,3.2,3.5,2.8,3.17
38330,4.5,4.2,1.8,3.5
11158,3.2,3.5,2.8,3.17
50676,3.2,3.5,2.8,3.17
23406,2.5,2.8,2.2,2.5
71336,2.5,2.8,2.2,2.5
13386,2.5,3.0,1.5,2.33
35333,2.5,2.3,3.8,2.87
3709,3.8,4.2,2.1,3.37
44766,1.0,1.5,1.0,1.17
30447,3.2,2.8,2.5,2.83
56360,3.5,3.8,2.2,3.17
51815,2.8,3.1,2.2,2.7
25522,3.2,3.5,2.8,3.17
24881,1.0,1.0,1.0,1.0
66448,2.8,3.1,3.5,3.13
67504,3.5,3.25,2.75,3.17
41774,2.5,2.8,3.2,2.83
14089,3.2,3.5,2.1,2.93
43801,3.5,3.25,2.0,2.92
70898,3.5,3.25,2.0,2.92
52565,2.5,2.8,3.7,3.0
13436,2.5,3.0,1.5,2.33
30305,3.5,3.8,2.2,3.17
17396,2.5,2.0,1.5,2.0
65378,3.5,4.0,2.2,3.23
34293,2.8,3.1,3.5,3.13
28826,3.5,4.0,2.2,3.23
786,2.1,2.3,3.8,2.73
5708,3.5,3.8,2.7,3.33
37797,3.2,3.5,2.8,3.17
26519,3.6,3.8,3.2,3.53
31366,2.5,3.0,2.0,2.5
13155,3.2,3.0,2.5,2.9
22285,2.5,2.8,2.2,2.5
12734,3.8,4.0,2.5,3.43
62272,2.5,3.0,1.5,2.33
13468,3.25,3.0,3.5,3.25
8669,2.8,3.1,2.2,2.7
59255,2.8,3.1,3.5,3.13
61249,3.2,3.0,2.5,2.9
24214,3.5,3.75,2.8,3.35
29127,2.5,2.8,2.2,2.5
41316,2.5,2.8,3.9,3.07
28796,3.5,3.8,2.2,3.17
