screen_id,usability,layout_quality,visual_complexity,screen_mean
52214,2.8,3.1,3.5,3.13
17476,2.5,2.8,3.1,2.8
1165,3.1,3.5,2.8,3.13
59041,2.8,3.1,3.5,3.13
2844,2.85,3.1,4.25,3.4
26390,3.2,3.5,2.8,3.17
24971,2.8,3.15,3.65,3.2
19321,3.15,3.8,4.25,3.73
58713,2.5,2.0,1.5,2.0
16870,2.5,2.8,3.75,3.02
54764,3.25,3.8,2.5,3.18
58988,2.8,3.15,3.6,3.18
68868,2.85,3.1,4.25,3.4
46124,3.25,3.5,2.75,3.17
15815,3.15,3.8,2.95,3.3
48987,2.8,3.1,4.2,3.37
38037,2.8,3.15,4.2,3.38
12105,3.25,3.5,3.75,3.5
1197,2.85,3.1,3.75,3.23
16286,3.25,3.5,3.75,3.5
24676,2.85,3.1,4.25,3.4
2560,3.15,3.8,2.9,3.28
43510,3.15,3.8,4.25,3.73
4972,2.5,2.8,3.2,2.83
11742,3.25,3.5,4.0,3.58
47138,2.85,3.15,3.9,3.3
2336,2.85,3.1,3.5,3.15
57382,3.15,3.8,4.25,3.73
52984,3.25,3.5,2.75,3.17
56432,2.8,3.15,3.6,3.18
46098,2.5,3.1,4.2,3.27
37888,2.8,3.1,3.5,3.13
24791,5.0,3.48,3.36,3.9467
39834,2.5,2.25,3.75,2.83
48913,2.85,3.1,4.25,3.4
28655,2.85,3.1,4.25,3.4
63417,2.8,3.15,4.2,3.38
67317,2.5,3.0,2.2,2.57
10418,2.5,3.0,3.75,3.08
60148,2.8,3.15,3.6,3.18
63171,2.5,2.0,1.5,2.0
20767,2.8,3.15,4.2,3.38
56231,2.5,3.0,3.75,3.08
3808,2.8,3.15,3.5,3.15
32799,2.8,3.1,3.5,3.13
28634,2.5,3.0,2.75,2.75
20505,2.8,3.15,3.9,3.28
24466,2.8,3.15,3.6,3.18
8102,2.5,3.1,3.8,3.13
60444,3.15,3.8,4.25,3.73
32555,2.85,3.1,4.25,3.4
16853,3.25,3.5,4.1,3.62
16226,3.15,3.8,3.5,3.48
35308,2.85,3.1,3.75,3.23
16480,3.25,3.5,2.75,3.17
3400,2.5,3.1,3.8,3.13
65930,3.25,3.5,3.75,3.5
33029,3.25,3.5,4.0,3.58
49832,2.8,3.15,3.9,3.28
27726,2.8,3.15,3.6,3.18
63252,2.5,3.1,3.8,3.13
12896,2.8,3.15,3.65,3.2
58264,2.5,3.1,3.75,3.12
40482,3.5,4.0,2.2,3.23
4555,2.85,2.5,3.75,3.03
18361,2.5,2.8,3.1,2.8
911,3.5,3.25,2.75,3.17
7079,2.8,3.15,4.2,3.38
35220,3.25,3.5,2.75,3.17
15280,3.5,3.8,2.75,3.35
46547,2.85,3.1,4.25,3.4
29617,2.8,3.15,3.6,3.18
64763,2.85,3.1,3.75,3.23
51510,2.5,2.25,4.0,2.92
50826,2.8,3.1,3.5,3.13
68408,2.8,3.15,4.2,3.38
66845,2.8,3.15,4.2,3.38
34176,3.25,3.5,3.75,3.5
48130,2.8,3.15,3.6,3.18
22954,2.8,3.15,2.5,2.82
56632,2.85,3.1,3.75,3.23
14665,2.85,3.1,4.25,3.4
13049,3.25,3.5,4.0,3.58
53758,2.5,2.8,2.2,2.5
25264,3.25,3.5,3.75,3.5
6107,2.8,3.15,3.6,3.18
29381,2.8,3.15,3.9,3.28
9905,3.25,3.5,2.75,3.17
15340,2.8,3.15,3.65,3.2
66436,2.5,3.0,3.75,3.08
25609,3.25,3.5,3.75,3.5
67140,3.25,3.5,2.75,3.17
16753,2.8,3.1,3.5,3.13
3532,2.8,3.15,3.65,3.2
28641,2.5,3.1,3.8,3.13
40118,3.25,3.5,4.0,3.58
51983,2.8,3.15,3.9,3.28
65057,2.5,3.0,3.5,3.0
34368,2.8,3.15,4.2,3.38
20968,2.5,3.0,3.75,3.08
34706,2.5,3.0,3.75,3.08
3375,2.5,3.0,4.25,3.25
24058,2.5,3.1,4.2,3.27
54358,2.8,3.1,2.5,2.8
27880,3.25,3.5,2.75,3.17
56461,2.5,3.0,3.75,3.08
71744,2.5,3.0,3.75,3.08
55214,2.5,2.8,3.5,2.93
52874,2.8,3.15,3.6,3.18
14790,3.25,3.5,2.75,3.17
50219,2.8,3.15,4.2,3.38
5194,3.15,3.8,4.25,3.73
21568,3.15,3.8,2.55,3.17
45392,2.8,3.15,4.2,3.38
58223,2.8,3.1,2.5,2.8
26385,2.8,3.1,4.2,3.37
21012,3.25,3.5,4.0,3.58
40664,2.5,2.8,4.2,3.17
3528,2.85,3.1,4.25,3.4
28107,3.5,3.8,2.75,3.35
70985,2.8,3.1,3.5,3.13
52267,2.8,3.15,3.9,3.28
55555,2.5,3.0,3.5,3.0
46858,2.5,2.0,1.5,2.0
24742,3.25,3.5,3.75,3.5
55294,3.15,3.8,4.25,3.73
31727,2.8,3.1,3.5,3.13
65628,3.25,3.5,3.75,3.5
60766,3.25,3.5,2.75,3.17
61284,3.25,3.5,4.0,3.58
13729,2.5,3.1,3.8,3.13
25333,2.5,3.1,2.8,2.8
64256,2.8,3.1,3.5,3.13
12124,2.8,3.15,4.2,3.38
63120,3.5,3.8,2.75,3.35
31053,2.5,2.0,1.5,2.0
36688,2.85,3.1,4.25,3.4
27926,2.8,3.1,3.5,3.13
14426,2.8,3.1,3.5,3.13
24148,3.25,3.5,4.0,3.58
70167,2.5,3.0,4.2,3.23
7224,2.8,3.1,4.2,3.37
47510,3.25,3.5,4.1,3.62
67764,2.5,2.8,3.1,2.8
5750,2.85,3.1,3.75,3.23
30999,2.8,3.15,3.6,3.18
24252,2.8,3.15,3.6,3.18
53347,3.15,3.8,3.5,3.48
43113,2.85,3.1,3.75,3.23
36338,2.5,3.0,3.75,3.08
6836,3.25,3.5,2.75,3.17
7027,2.85,3.1,3.75,3.23
52498,2.5,3.0,2.2,2.57
40447,2.8,3.15,3.5,3.15
19589,2.5,2.8,3.1,2.8
27748,3.5,3.8,2.75,3.35
19327,2.5,3.1,2.8,2.8
26498,2.5,2.8,3.75,3.02
59269,3.25,3.5,3.75,3.5
47149,3.25,3.5,2.75,3.17
4572,2.8,3.1,3.5,3.13
27614,3.15,3.8,4.25,3.73
59392,2.5,2.8,4.2,3.17
48628,2.8,3.1,3.5,3.13
38465,3.5,3.8,3.2,3.5
69226,2.8,3.1,3.5,3.13
48551,2.8,3.15,3.6,3.18
36583,3.25,3.5,4.0,3.58
34197,3.25,3.5,3.75,3.5
24725,2.85,3.1,3.75,3.23
19243,3.25,3.5,2.75,3.17
43780,3.25,3.5,2.75,3.17
42764,2.8,3.15,3.6,3.18
16102,2.5,3.1,3.8,3.13
59946,2.8,3.15,3.5,3.15
13128,2.5,2.8,2.2,2.5
66790,2.8,3.15,4.2,3.38
17370,3.25,3.5,4.1,3.62
20314,3.15,3.8,4.25,3.73
51437,3.25,3.5,3.75,3.5
20787,2.8,3.15,3.65,3.2
62285,3.25,3.5,2.75,3.17
54995,2.5,3.0,2.0,2.5
38051,5.0,3.45,3.22,3.89
49356,5.0,3.48,2.89,3.79
14255,2.8,3.15,3.5,3.15
35616,3.25,3.5,4.0,3.58
35410,2.5,2.0,3.75,2.75
49325,2.5,3.1,3.8,3.13
41043,2.8,2.5,4.2,3.17
45014,2.5,2.25,3.75,2.83
26807,2.5,2.8,3.1,2.8
8987,2.85,3.1,3.75,3.23
4662,3.25,3.8,4.1,3.72
66769,2.85,3.1,3.75,3.23
72188,5.0,3.52,3.04,3.8533
10766,3.25,3.5,4.15,3.63
5498,2.8,3.15,3.6,3.18
57676,3.25,3.5,4.0,3.58
17680,2.5,2.8,3.1,2.8
55067,2.8,3.15,4.2,3.38
68368,3.25,3.5,4.1,3.62
45595,2.85,3.1,3.75,3.23
59643,2.5,2.0,1.5,2.0
27871,3.25,3.5,2.75,3.17
60783,2.8,3.15,3.5,3.15
52325,3.25,3.5,4.1,3.62
32794,3.25,3.5,2.75,3.17
17494,2.8,3.15,4.2,3.38
29637,2.8,3.15,4.2,3.38
38915,2.8,3.15,4.2,3.38
20679,2.8,3.15,3.5,3.15
40137,2.8,3.1,4.2,3.37
10194,2.8,3.15,3.5,3.15
7890,3.25,3.8,2.9,3.32
5776,3.25,3.5,3.75,3.5
67727,3.25,3.5,2.75,3.17
57608,2.8,3.15,3.9,3.28
27653,2.8,3.1,2.5,2.8
9035,3.15,3.8,4.25,3.73
43196,2.5,3.1,2.2,2.6
60343,2.8,3.15,3.5,3.15
22064,2.5,3.0,2.2,2.57
43656,2.5,2.0,3.5,2.67
70129,3.25,3.5,2.75,3.17
17152,2.8,3.15,3.65,3.2
67394,2.8,3.1,3.5,3.13
51293,3.25,3.5,3.75,3.5
29946,2.5,3.0,2.0,2.5
65557,2.5,2.8,3.75,3.02
52187,2.85,3.1,4.25,3.4
43655,2.5,2.0,3.0,2.5
50209,2.5,2.8,2.2,2.5
23363,2.8,3.15,4.2,3.38
9801,2.5,3.0,3.75,3.08
3493,2.85,3.1,4.25,3.4
60380,2.8,3.15,3.6,3.18
20894,3.25,3.5,3.75,3.5
45743,2.5,2.0,1.5,2.0
7871,2.5,3.0,3.75,3.08
6146,3.15,3.8,3.5,3.48
70798,2.5,2.8,3.1,2.8
45126,3.15,3.8,4.25,3.73
70543,2.5,3.0,3.75,3.08
10033,2.85,3.1,4.25,3.4
49515,3.25,3.5,4.0,3.58
31714,2.5,2.0,1.5,2.0
42440,2.8,3.15,3.9,3.28
11286,3.15,3.8,4.25,3.73
17513,2.5,2.0,3.75,2.75
71230,2.5,2.25,4.0,2.92
34257,2.8,2.5,3.75,3.02
67979,3.25,3.5,4.0,3.58
64908,3.25,3.5,3.75,3.5
63230,2.8,3.15,3.6,3.18
30520,3.25,3.8,4.1,3.72
26053,2.8,3.15,4.2,3.38
13871,3.15,3.8,4.25,3.73
26139,2.5,2.8,3.1,2.8
67905,2.5,3.0,2.75,2.75
47521,2.8,3.15,4.2,3.38
7477,2.8,3.15,4.2,3.38
15278,3.25,3.5,2.75,3.17
15712,2.5,2.0,3.0,2.5
58401,2.8,3.15,4.2,3.38
42245,2.8,3.15,3.6,3.18
63879,2.85,3.1,3.75,3.23
14613,2.85,3.1,4.25,3.4
9418,2.8,3.15,3.5,3.15
60257,2.5,2.8,3.1,2.8
45295,3.15,3.85,4.2,3.73
60597,2.8,3.15,3.65,3.2
18417,3.25,3.5,3.75,3.5
18579,2.5,2.8,3.75,3.02
5366,2.5,3.0,3.75,3.08
41533,3.25,3.5,3.75,3.5
7470,2.85,3.1,3.75,3.23
46393,3.15,3.8,4.25,3.73
2114,2.5,2.25,3.75,2.83
27758,3.25,3.5,2.75,3.17
44929,2.5,2.8,4.2,3.17
67512,3.25,3.8,4.1,3.72
5003,2.8,3.15,4.2,3.38
38113,3.25,3.5,4.1,3.62
8539,2.85,3.1,3.75,3.23
24203,2.8,3.15,3.9,3.28
7122,2.5,2.8,3.7,3.0
45739,2.8,3.15,4.2,3.38
59915,3.25,3.5,4.1,3.62
58276,3.25,3.5,3.75,3.5
55664,2.85,3.1,4.25,3.4
23515,3.25,3.5,3.75,3.5
57165,2.5,2.8,3.7,3.0
30793,3.25,3.5,4.0,3.58
36558,3.5,4.0,3.25,3.58
54449,2.8,3.15,3.6,3.18
9972,3.25,3.5,3.75,3.5
34900,2.8,3.1,3.5,3.13
3913,3.15,3.8,4.25,3.73
69333,3.25,3.5,4.0,3.58
44296,2.8,3.15,3.6,3.18
39988,2.5,2.8,2.2,2.5
18105,2.5,3.0,3.75,3.08
26586,3.25,3.5,2.75,3.17
25060,2.8,3.1,3.5,3.13
14287,3.15,3.8,4.25,3.73
32645,3.25,3.5,2.75,3.17
11384,2.85,3.1,4.25,3.4
48854,3.25,3.5,4.0,3.58
46660,2.85,3.1,4.25,3.4
25402,2.5,3.0,3.75,3.08
48862,3.25,3.5,4.0,3.58
24779,3.25,3.5,4.1,3.62
10485,3.25,3.5,4.0,3.58
14764,2.5,2.8,2.2,2.5
56828,2.8,3.15,3.6,3.18
51682,2.8,3.15,3.65,3.2
13927,3.15,3.8,3.5,3.48
25326,2.8,3.1,3.5,3.13
145,2.8,3.15,4.2,3.38
69686,2.5,3.0,4.25,3.25
12070,3.25,3.5,4.0,3.58
667,2.5,3.1,3.75,3.12
32158,2.8,3.15,3.9,3.28
14754,3.25,3.5,3.75,3.5
44089,2.8,3.1,3.5,3.13
25968,3.15,3.8,2.95,3.3
28678,3.5,3.25,2.75,3.17
54284,2.8,2.5,3.75,3.02
4221,2.8,3.1,2.5,2.8
2436,3.2,3.5,2.8,3.17
45735,2.8,3.15,3.6,3.18
18838,3.15,3.8,4.25,3.73
57836,2.5,2.8,3.75,3.02
71673,2.85,3.1,3.5,3.15
68220,2.5,2.0,1.5,2.0
47750,3.25,3.5,3.75,3.5
48062,3.25,3.5,2.75,3.17
41356,3.25,3.5,3.75,3.5
26274,2.5,2.8,3.75,3.02
61826,2.5,3.0,2.75,2.75
41374,2.5,3.0,3.75,3.08
63277,2.5,2.8,3.75,3.02
37076,2.5,3.0,3.75,3.08
22840,2.85,3.1,3.75,3.23
16322,2.85,3.1,4.2,3.38
16497,3.25,3.5,4.0,3.58
53612,3.25,3.8,3.5,3.52
38652,2.5,3.0,3.75,3.08
33689,3.25,3.5,2.75,3.17
38158,2.8,3.1,3.5,3.13
37340,2.5,3.0,3.75,3.08
40981,3.25,3.8,3.5,3.52
66980,2.8,3.15,3.75,3.23
5822,3.25,3.5,4.0,3.58
13618,3.5,3.8,2.75,3.35
54561,2.8,3.15,4.2,3.38
53198,2.85,3.1,4.25,3.4
52762,3.25,3.5,4.1,3.62
16585,2.5,2.8,3.75,3.02
14043,3.25,3.5,3.75,3.5
36777,3.25,3.5,4.0,3.58
58168,2.8,3.15,4.2,3.38
32736,2.5,2.0,1.5,2.0
62838,2.5,3.0,2.0,2.5
66843,2.5,3.1,4.2,3.27
17349,2.8,3.15,4.2,3.38
2663,3.25,3.5,3.75,3.5
22912,2.8,3.15,3.6,3.18
22829,2.8,3.15,4.2,3.38
45553,2.8,3.15,3.5,3.15
39792,2.8,3.15,3.5,3.15
1936,3.25,3.5,4.0,3.58
38034,2.85,3.1,4.25,3.4
22412,2.85,3.1,3.75,3.23
28682,3.15,3.8,3.5,3.48
40687,2.8,3.15,4.2,3.38
267,2.85,3.1,4.25,3.4
67642,2.8,3.15,3.6,3.18
70847,2.85,3.1,4.25,3.4
1505,3.5,3.25,2.75,3.17
39454,3.15,3.8,4.25,3.73
63315,3.25,3.5,3.75,3.5
66807,3.25,3.5,4.0,3.58
66476,2.8,3.15,3.75,3.23
46441,2.8,3.15,3.5,3.15
16555,2.8,3.15,3.9,3.28
13358,2.8,3.15,3.6,3.18
5312,3.15,3.8,4.25,3.73
45822,2.8,3.15,3.5,3.15
65189,3.25,3.5,3.75,3.5
10976,2.8,3.15,3.5,3.15
8859,3.5,3.8,2.2,3.17
1626,3.25,3.5,4.1,3.62
71042,3.25,3.5,2.75,3.17
59810,2.5,3.0,3.75,3.08
66006,2.8,3.1,4.2,3.37
2586,2.8,3.15,4.2,3.38
2123,2.8,3.15,3.6,3.18
37037,2.5,2.8,2.2,2.5
42224,2.8,3.15,4.2,3.38
41911,2.85,3.1,4.25,3.4
2433,2.8,3.15,3.6,3.18
6703,3.15,3.8,3.5,3.48
36680,2.8,3.1,3.5,3.13
69503,2.5,3.1,3.8,3.13
13912,2.5,2.3,3.8,2.87
2111,3.15,3.8,4.25,3.73
35249,3.25,3.5,4.1,3.62
1013,2.85,3.1,4.25,3.4
36007,2.5,3.0,3.75,3.08
27767,2.8,3.15,3.6,3.18
7106,2.5,2.0,1.5,2.0
61791,2.8,3.15,4.2,3.38
61859,2.8,3.15,3.9,3.28
40218,3.25,3.5,3.75,3.5
29123,2.8,3.1,3.5,3.13
38106,2.5,3.0,2.75,2.75
56134,2.85,3.1,4.25,3.4
8109,2.8,3.1,3.5,3.13
58313,3.25,3.8,4.1,3.72
61746,3.2,3.5,2.8,3.17
46782,3.25,3.5,2.75,3.17
53795,2.8,3.15,3.6,3.18
5753,3.25,3.5,3.75,3.5
42286,3.25,3.8,3.5,3.52
20465,2.8,3.15,4.2,3.38
22810,3.15,3.8,4.25,3.73
29831,2.5,3.0,2.2,2.57
24620,2.8,3.15,3.5,3.15
883,3.25,3.5,3.75,3.5
13903,2.5,2.8,3.75,3.02
48264,3.25,3.5,3.75,3.5
58669,3.5,3.8,2.2,3.17
45923,3.25,3.5,3.75,3.5
14063,2.8,3.15,4.2,3.38
59454,3.25,3.5,2.75,3.17
30913,2.8,3.1,4.2,3.37
13825,2.85,3.1,3.75,3.23
1333,2.8,3.15,3.6,3.18
48594,2.85,3.1,4.25,3.4
41630,2.8,3.15,3.9,3.28
43337,2.8,3.15,4.2,3.38
70607,3.25,3.5,2.75,3.17
66271,2.5,3.1,2.2,2.6
45197,2.5,3.0,4.25,3.25
20625,2.85,3.1,3.75,3.23
13808,2.8,3.15,3.6,3.18
8324,2.8,3.15,4.2,3.38
43667,2.8,3.15,4.2,3.38
15360,3.25,3.5,3.75,3.5
66186,2.5,3.0,3.75,3.08
22557,3.25,3.8,2.5,3.18
14572,3.15,3.8,4.25,3.73
49273,2.8,3.15,3.6,3.18
14539,3.25,3.5,3.75,3.5
54672,2.8,3.1,3.5,3.13
66853,3.15,3.8,4.25,3.73
25781,2.85,3.1,3.75,3.23
36856,3.15,3.8,4.25,3.73
18026,3.2,3.5,2.8,3.17
72138,2.85,3.1,4.25,3.4
6874,2.8,3.15,3.5,3.15
47668,2.5,3.0,2.75,2.75
26473,2.8,3.15,4.2,3.38
48248,2.8,3.1,3.5,3.13
49238,2.8,3.15,3.6,3.18
12667,3.15,3.8,4.25,3.73
50884,2.85,3.1,4.25,3.4
15475,2.5,2.3,3.8,2.87
3787,3.25,3.5,3.75,3.5
53486,2.8,3.15,3.6,3.18
48562,2.5,3.0,2.2,2.57
47384,3.25,3.5,4.0,3.58
44625,3.15,3.8,4.25,3.73
31107,2.5,3.0,2.2,2.57
71607,2.8,3.15,3.6,3.18
27492,2.5,2.8,3.1,2.8
23711,2.85,3.1,3.75,3.23
54328,2.8,3.15,4.2,3.38
57393,3.25,3.5,2.75,3.17
30950,3.25,3.8,3.5,3.52
26008,3.25,3.8,4.15,3.73
27791,2.5,2.8,3.1,2.8
36347,2.5,2.0,1.5,2.0
18748,3.25,3.5,2.75,3.17
9690,2.5,3.0,4.2,3.23
5272,3.5,3.8,2.75,3.35
30037,2.5,2.8,3.7,3.0
40349,2.8,3.15,3.6,3.18
31096,3.25,3.5,3.75,3.5
71226,2.8,3.15,4.2,3.38
59706,2.8,3.15,3.6,3.18
71688,2.8,3.15,4.2,3.38
14861,2.5,3.1,3.75,3.12
1062,2.5,2.0,1.5,2.0
40412,2.5,2.8,3.1,2.8
51020,2.8,3.1,3.5,3.13
47250,2.85,3.1,3.75,3.23
16683,3.15,3.8,4.25,3.73
14905,2.5,2.0,1.5,2.0
45634,2.8,3.15,3.6,3.18
24294,2.5,2.25,4.0,2.92
43542,3.2,3.5,2.8,3.17
9582,2.8,3.1,3.5,3.13
18846,2.8,3.1,3.5,3.13
71494,3.25,3.5,3.75,3.5
33353,2.85,3.1,3.75,3.23
68106,3.15,3.8,4.25,3.73
14589,2.8,3.15,3.9,3.28
6801,3.25,3.5,2.75,3.17
26353,3.25,3.5,4.1,3.62
34667,2.8,3.1,3.5,3.13
29107,2.1,1.8,4.5,2.8
20644,2.5,2.0,4.25,2.92
39135,2.85,3.1,4.25,3.4
65034,2.85,3.1,3.75,3.23
4599,2.8,3.1,3.5,3.13
56571,2.8,3.15,4.2,3.38
30199,3.25,3.8,2.5,3.18
50383,3.15,3.8,2.55,3.17
63250,2.8,3.15,3.6,3.18
53235,2.8,3.15,3.75,3.23
45003,3.15,3.8,3.5,3.48
1053,2.8,3.15,3.5,3.15
54217,2.5,2.0,1.5,2.0
63944,2.5,2.0,1.5,2.0
46709,3.25,3.5,4.0,3.58
3000,3.15,3.8,4.25,3.73
71396,3.15,3.8,4.25,3.73
53905,2.8,3.1,4.2,3.37
16958,2.5,3.1,3.8,3.13
71911,2.8,3.15,4.2,3.38
67942,2.8,3.1,4.2,3.37
18965,3.15,3.8,4.25,3.73
27723,2.1,2.3,4.5,2.97
17733,2.8,3.1,4.2,3.37
68691,2.8,3.15,4.2,3.38
17198,3.25,3.5,4.1,3.62
59102,3.5,3.8,2.2,3.17
9785,2.85,3.1,3.75,3.23
20503,2.8,3.15,3.65,3.2
28259,2.5,2.8,3.1,2.8
2890,2.8,3.15,4.2,3.38
49913,2.8,3.15,3.75,3.23
24127,2.85,3.1,4.25,3.4
57482,2.5,2.75,3.25,2.83
3296,3.2,3.5,2.8,3.17
23671,2.8,3.15,4.2,3.38
55514,2.85,3.1,4.25,3.4
51885,2.5,2.8,3.7,3.0
66283,2.8,3.15,3.9,3.28
27691,3.15,3.8,4.25,3.73
43514,2.8,3.15,4.2,3.38
42435,3.25,3.5,4.1,3.62
2679,3.25,3.5,2.75,3.17
69681,2.85,3.1,4.25,3.4
69852,2.8,3.1,4.2,3.37
65839,2.8,3.1,4.25,3.38
13372,2.8,3.15,3.6,3.18
16195,2.5,2.0,1.5,2.0
51888,2.8,3.1,3.5,3.13
964,2.5,3.0,2.0,2.5
64760,2.8,3.1,3.5,3.13
28550,2.5,2.8,3.1,2.8
12936,3.25,3.8,4.15,3.73
10211,2.8,3.15,3.6,3.18
32362,2.8,3.15,3.65,3.2
60941,2.8,3.15,4.2,3.38
18744,3.2,3.5,2.8,3.17
5207,2.5,2.8,3.75,3.02
27565,2.8,3.1,3.5,3.13
20896,3.25,3.5,2.75,3.17
59022,2.85,3.1,4.25,3.4
39377,3.25,3.5,3.75,3.5
46524,2.5,2.8,3.75,3.02
56698,2.5,3.1,4.2,3.27
3842,2.5,3.0,3.75,3.08
47109,2.8,3.15,3.9,3.28
10647,3.25,3.8,2.5,3.18
9732,2.8,3.15,3.6,3.18
15037,3.15,3.8,2.95,3.3
7358,3.25,3.5,2.75,3.17
68264,2.5,2.8,3.1,2.8
55736,2.8,3.1,2.5,2.8
69597,3.25,3.5,4.0,3.58
20009,3.25,3.5,2.75,3.17
46137,2.5,3.1,3.8,3.13
12390,2.8,3.15,4.2,3.38
65098,2.8,3.1,2.5,2.8
34645,2.8,3.15,3.6,3.18
48491,3.15,2.85,3.5,3.17
46576,2.8,3.15,4.2,3.38
19949,2.85,3.1,4.25,3.4
38577,2.8,3.15,3.5,3.15
18522,2.5,2.25,4.0,2.92
12798,2.8,3.15,3.65,3.2
30573,2.8,3.15,4.2,3.38
34357,3.5,3.8,3.2,3.5
69296,2.5,2.8,3.75,3.02
71481,2.8,3.1,3.5,3.13
6254,2.5,3.0,4.2,3.23
9053,2.8,3.15,3.9,3.28
66764,2.8,3.15,3.6,3.18
12676,3.5,3.8,3.2,3.5
69292,2.85,3.1,3.75,3.23
33930,2.5,3.0,3.75,3.08
24092,2.85,3.1,4.25,3.4
55114,2.85,3.1,4.2,3.38
26683,3.15,3.8,4.25,3.73
54161,3.15,3.8,3.5,3.48
16888,3.25,3.5,4.0,3.58
3365,2.8,3.15,4.2,3.38
61552,2.8,3.15,4.2,3.38
47035,2.8,3.15,3.6,3.18
68325,3.25,3.5,2.75,3.17
67658,3.15,3.8,4.25,3.73
37035,2.8,3.1,3.5,3.13
9152,3.25,3.5,4.0,3.58
5099,2.8,3.1,2.5,2.8
59545,3.25,3.5,2.75,3.17
20447,2.5,2.0,1.5,2.0
71005,3.25,3.5,3.75,3.5
71278,3.25,3.5,2.75,3.17
25881,2.8,3.1,3.5,3.13
67027,2.8,3.15,3.65,3.2
20959,2.8,3.1,2.5,2.8
9309,3.25,3.5,2.75,3.17
62780,2.8,3.1,2.5,2.8
6351,3.25,3.5,3.75,3.5
21964,2.8,3.1,2.5,2.8
68145,2.85,3.1,4.25,3.4
37416,3.5,4.0,3.75,3.75
11636,3.25,3.5,4.0,3.58
22114,3.1,3.5,2.8,3.13
58719,3.25,3.8,2.5,3.18
70926,2.5,2.8,3.1,2.8
3228,2.5,2.8,3.75,3.02
61688,2.5,2.0,4.25,2.92
71334,3.5,3.8,3.2,3.5
37382,2.5,2.8,3.1,2.8
62952,2.8,3.15,4.2,3.38
54340,2.5,2.0,1.5,2.0
66994,3.25,3.8,4.15,3.73
58615,3.15,3.8,3.5,3.48
63509,2.5,3.0,3.5,3.0
26600,2.5,2.0,3.75,2.75
27870,3.25,3.5,2.75,3.17
2074,2.5,3.0,2.0,2.5
6200,2.5,3.0,3.5,3.0
56429,3.15,3.8,4.25,3.73
17277,2.8,3.15,4.2,3.38
35475,2.8,3.15,3.5,3.15
67497,2.8,2.5,3.75,3.02
12605,2.5,2.0,1.5,2.0
66631,2.5,2.8,3.1,2.8
41230,2.8,3.15,3.65,3.2
24924,3.5,3.25,2.75,3.17
23402,2.8,3.1,3.5,3.13
63912,2.8,3.15,3.6,3.18
70540,3.5,3.8,2.9,3.4
40547,2.5,3.0,4.25,3.25
33397,3.15,3.8,2.55,3.17
30370,2.85,3.1,3.5,3.15
64169,3.25,3.5,3.75,3.5
62493,3.15,3.8,4.25,3.73
67443,3.15,3.8,3.5,3.48
25240,3.2,3.5,2.8,3.17
24954,2.8,3.15,3.65,3.2
11568,3.25,3.8,4.15,3.73
53676,3.25,3.5,3.75,3.5
23005,2.8,3.15,3.5,3.15
36524,2.8,3.15,3.9,3.28
31987,2.85,3.1,4.25,3.4
28686,3.25,3.5,2.75,3.17
67010,2.8,3.15,3.9,3.28
14634,3.25,3.5,2.75,3.17
8710,3.5,3.8,4.2,3.83
61108,2.8,3.15,3.6,3.18
28729,2.8,3.15,3.6,3.18
33487,2.8,3.15,4.2,3.38
52356,3.15,3.8,2.95,3.3
43773,2.85,3.1,3.75,3.23
3660,3.25,3.5,4.0,3.58
54932,2.8,3.15,3.6,3.18
65680,2.85,3.1,3.75,3.23
45549,2.5,3.0,2.0,2.5
32217,2.8,3.1,3.5,3.13
71931,2.8,3.15,3.6,3.18
11833,3.15,3.8,4.25,3.73
17728,3.25,3.8,2.9,3.32
67820,3.25,3.5,3.75,3.5
8941,3.15,3.8,3.5,3.48
2752,2.85,3.1,3.75,3.23
22059,2.8,3.15,3.9,3.28
48359,2.5,2.8,2.2,2.5
8430,3.25,3.8,3.5,3.52
27782,2.8,3.15,4.2,3.38
12579,2.85,3.1,4.25,3.4
17296,3.25,3.5,3.75,3.5
49366,2.5,3.0,2.2,2.57
38903,2.5,2.8,2.2,2.5
33151,2.8,2.5,4.2,3.17
58187,3.15,3.8,4.25,3.73
61943,2.8,3.15,4.2,3.38
30920,3.25,3.5,3.75,3.5
39020,3.25,3.5,2.75,3.17
50007,3.25,3.5,3.75,3.5
43900,2.8,3.15,4.2,3.38
17749,2.85,3.1,4.25,3.4
35642,2.85,3.1,4.25,3.4
69326,3.25,3.5,4.0,3.58
48085,2.85,3.1,4.25,3.4
22821,3.25,3.5,4.0,3.58
27058,3.15,3.8,4.25,3.73
12953,2.8,3.15,3.6,3.18
56896,2.8,3.15,4.2,3.38
390,3.25,3.5,2.75,3.17
10100,3.25,3.5,4.0,3.58
44438,3.5,3.25,2.75,3.17
70996,3.25,3.5,4.0,3.58
63214,2.8,3.1,2.5,2.8
45685,2.8,3.15,3.75,3.23
55476,3.25,3.5,2.75,3.17
57594,3.25,3.5,3.75,3.5
72014,2.5,3.0,2.0,2.5
59065,2.85,3.1,4.25,3.4
58748,3.25,3.5,2.75,3.17
54386,2.8,3.1,3.5,3.13
2325,3.25,3.5,3.75,3.5
34331,2.85,3.1,4.25,3.4
38667,3.15,3.8,4.25,3.73
1469,2.5,3.0,2.2,2.57
7592,3.25,3.5,2.75,3.17
53963,2.8,3.15,4.2,3.38
70690,2.8,3.15,4.2,3.38
32144,2.8,3.15,3.6,3.18
51142,2.8,3.15,4.2,3.38
30934,2.5,2.0,1.5,2.0
9460,3.15,3.8,4.25,3.73
65961,3.5,3.8,2.9,3.4
1835,3.25,3.5,2.75,3.17
57615,2.8,3.15,4.2,3.38
69360,3.25,3.5,3.75,3.5
30056,3.5,3.25,2.75,3.17
43617,2.8,2.5,4.2,3.17
30636,3.25,3.5,3.75,3.5
54158,2.85,3.1,4.25,3.4
3716,3.25,3.5,3.75,3.5
31860,3.25,3.5,3.75,3.5
36762,3.25,3.5,2.75,3.17
56171,3.5,3.8,3.2,3.5
2977,3.25,3.5,3.75,3.5
46698,2.8,3.15,4.2,3.38
18512,2.8,3.15,3.5,3.15
22927,2.8,3.15,3.6,3.18
37944,3.5,3.25,2.1,2.95
54037,2.8,3.15,4.2,3.38
7202,2.8,3.15,3.9,3.28
35261,2.8,3.1,4.2,3.37
5480,3.25,3.5,4.0,3.58
59463,2.8,3.15,3.9,3.28
69525,2.8,3.15,4.2,3.38
21755,3.25,3.5,2.75,3.17
5062,3.15,3.8,3.5,3.48
47630,2.8,3.15,3.5,3.15
30096,3.5,3.8,3.2,3.5
37016,2.85,3.1,4.25,3.4
4628,2.85,3.1,3.75,3.23
65033,3.25,3.5,2.75,3.17
10023,2.8,3.15,4.2,3.38
30280,2.5,2.8,3.75,3.02
29233,2.5,2.8,3.5,2.93
24099,2.5,3.0,3.5,3.0
38583,2.85,3.1,3.75,3.23
61898,3.25,3.5,3.75,3.5
48318,3.25,3.5,2.75,3.17
50034,2.5,3.1,4.2,3.27
5328,3.25,3.5,2.75,3.17
31557,3.25,3.5,2.75,3.17
40852,2.8,3.15,3.6,3.18
39373,2.5,2.8,3.75,3.02
39396,2.5,3.0,2.2,2.57
54698,3.15,3.8,4.25,3.73
24327,2.85,3.1,4.25,3.4
43886,2.8,3.15,3.9,3.28
41391,2.5,2.8,3.75,3.02
62390,2.5,2.0,3.75,2.75
69429,2.5,2.8,2.2,2.5
8267,2.8,3.15,3.6,3.18
62534,2.5,3.1,4.2,3.27
58682,2.8,3.15,3.9,3.28
21465,2.5,2.8,3.75,3.02
53604,3.25,3.8,2.9,3.32
15662,3.25,3.5,3.75,3.5
29024,2.8,3.15,3.65,3.2
44167,2.5,3.0,3.5,3.0
53937,3.15,3.8,4.25,3.73
51794,2.5,3.1,3.8,3.13
50876,3.25,3.5,3.75,3.5
32470,3.25,3.5,3.75,3.5
16267,3.25,3.5,3.75,3.5
6403,3.25,3.5,4.0,3.58
7782,2.8,3.15,3.9,3.28
59659,3.5,3.8,2.2,3.17
2576,3.15,3.85,4.2,3.73
54527,2.8,3.15,4.2,3.38
30715,3.25,3.5,4.1,3.62
25058,2.8,3.1,3.5,3.13
63218,2.5,3.1,3.75,3.12
23377,2.8,3.15,3.65,3.2
19900,3.25,3.5,2.75,3.17
11613,2.5,2.8,3.5,2.93
13071,2.5,2.8,3.1,2.8
26388,2.8,3.1,2.5,2.8
41509,2.85,3.1,4.25,3.4
5036,3.5,3.25,2.75,3.17
66075,2.5,3.1,3.75,3.12
60777,2.85,3.1,4.25,3.4
14878,2.8,3.15,4.2,3.38
40242,3.25,3.5,2.75,3.17
37552,2.85,3.1,3.65,3.2
68450,3.25,3.5,2.75,3.17
51579,3.25,3.5,2.75,3.17
48030,2.8,3.15,3.9,3.28
23088,3.25,3.5,2.75,3.17
57526,2.8,3.15,3.5,3.15
56120,3.25,3.5,3.75,3.5
35566,3.25,3.5,2.75,3.17
42818,2.8,3.15,3.6,3.18
36599,3.25,3.5,3.75,3.5
26335,2.8,3.15,4.2,3.38
19916,3.15,3.8,4.25,3.73
53393,2.5,3.1,2.2,2.6
55522,2.85,3.1,3.75,3.23
10350,2.85,3.1,4.25,3.4
68897,3.25,3.5,4.0,3.58
59649,2.8,3.15,3.5,3.15
66746,3.25,3.8,3.5,3.52
60877,3.25,3.5,4.0,3.58
68409,2.5,3.0,4.25,3.25
17164,3.25,3.5,4.1,3.62
61440,3.25,3.5,3.75,3.5
38250,2.8,3.15,3.5,3.15
24696,2.85,3.1,4.25,3.4
21883,3.25,3.5,3.75,3.5
63066,2.8,3.15,4.2,3.38
8148,2.5,3.0,3.75,3.08
56093,2.8,3.1,3.5,3.13
44318,3.15,3.8,4.25,3.73
40816,2.8,3.1,3.5,3.13
13334,3.25,3.8,3.5,3.52
46885,3.5,3.8,2.2,3.17
26662,2.5,3.0,3.75,3.08
70480,3.25,3.5,2.75,3.17
65980,2.8,3.15,3.6,3.18
18129,3.15,3.8,4.25,3.73
40303,3.15,3.8,4.25,3.73
18906,2.8,3.1,3.5,3.13
62894,2.5,2.8,3.1,2.8
4083,2.5,2.8,3.7,3.0
5420,2.8,3.15,3.9,3.28
45198,2.5,2.0,1.5,2.0
46979,3.15,3.8,4.25,3.73
49299,2.5,2.8,2.2,2.5
31175,3.25,3.5,3.75,3.5
7662,2.85,3.1,4.25,3.4
59914,3.15,3.8,4.25,3.73
68823,3.25,3.8,2.9,3.32
3942,2.85,3.1,4.25,3.4
50441,2.5,2.8,3.75,3.02
63801,2.8,3.15,3.6,3.18
57585,3.25,2.8,2.5,2.85
68859,3.5,3.8,3.2,3.5
43465,2.8,3.15,3.6,3.18
38359,3.15,3.8,4.25,3.73
64839,3.25,3.5,3.75,3.5
69771,3.25,3.8,2.5,3.18
46276,3.25,3.5,2.75,3.17
39628,2.8,3.15,3.5,3.15
69190,3.25,3.5,4.1,3.62
20737,2.85,3.1,4.25,3.4
59181,3.25,3.5,2.75,3.17
66815,3.25,3.5,2.75,3.17
41482,2.8,3.1,2.5,2.8
39902,3.25,3.5,3.75,3.5
27359,2.5,2.8,3.7,3.0
5970,2.8,3.15,3.6,3.18
26546,3.5,3.8,2.2,3.17
65445,3.25,3.5,3.75,3.5
52103,3.25,3.5,2.75,3.17
286,2.5,2.8,3.75,3.02
60596,2.5,3.0,3.5,3.0
61386,2.8,3.15,4.2,3.38
44524,3.15,3.8,3.5,3.48
42153,3.25,3.5,3.75,3.5
51393,3.5,3.8,2.2,3.17
26041,3.25,3.5,4.0,3.58
28411,2.5,3.0,1.5,2.33
39235,2.8,3.15,4.2,3.38
15183,2.8,3.15,3.65,3.2
57200,3.15,3.8,4.25,3.73
29151,2.8,3.1,3.5,3.13
2573,3.15,3.8,3.5,3.48
28216,3.25,3.5,2.75,3.17
3251,2.8,3.15,3.9,3.28
31355,3.25,3.5,2.75,3.17
68921,3.25,3.5,3.75,3.5
45797,2.8,3.15,3.6,3.18
15389,2.5,2.8,3.75,3.02
19246,3.15,3.8,4.25,3.73
20141,2.8,3.15,3.6,3.18
25511,2.5,3.15,4.0,3.22
35508,2.8,3.15,3.6,3.18
55963,2.8,3.15,3.65,3.2
20312,3.25,3.5,3.75,3.5
56741,2.85,3.1,3.75,3.23
24342,3.25,3.5,2.75,3.17
14299,2.8,3.15,3.5,3.15
37578,3.25,3.5,2.75,3.17
3711,3.25,3.5,2.75,3.17
32200,2.5,2.8,3.2,2.83
45949,2.8,3.15,3.9,3.28
40915,2.8,3.15,4.2,3.38
37635,3.15,3.8,4.25,3.73
14144,2.8,3.15,3.5,3.15
23894,2.5,3.1,2.2,2.6
64985,2.85,3.1,3.75,3.23
37926,2.5,3.0,3.75,3.08
35951,2.85,3.1,4.2,3.38
69650,2.8,3.15,3.6,3.18
60862,2.5,3.0,2.2,2.57
48589,2.8,3.15,3.6,3.18
7423,2.8,3.15,2.5,2.82
56069,2.8,3.15,4.2,3.38
1129,3.25,3.5,2.75,3.17
66520,2.5,2.8,4.2,3.17
68094,3.25,3.8,3.5,3.52
60583,2.5,2.8,2.2,2.5
48031,2.85,3.1,3.75,3.23
35335,2.5,2.8,3.75,3.02
41642,2.8,3.15,3.6,3.18
10371,2.5,3.1,3.8,3.13
72210,2.8,3.15,3.6,3.18
33536,3.5,3.25,3.75,3.5
29956,2.8,3.15,3.6,3.18
59805,3.25,3.5,4.0,3.58
35983,2.5,2.8,3.1,2.8
66315,2.8,3.1,3.5,3.13
68836,2.8,3.15,4.2,3.38
7868,2.8,3.15,4.2,3.38
65169,2.85,3.1,4.25,3.4
37857,2.5,2.8,3.75,3.02
45670,2.8,3.15,3.6,3.18
59427,2.8,3.15,3.6,3.18
5857,2.5,3.0,2.75,2.75
46171,3.25,3.5,2.75,3.17
6278,2.85,3.1,4.25,3.4
49804,3.25,3.8,4.15,3.73
69225,2.8,3.15,4.2,3.38
24799,2.5,2.0,3.0,2.5
42417,2.8,3.1,3.5,3.13
24731,2.8,3.15,3.5,3.15
28294,2.5,3.1,4.2,3.27
38986,3.25,3.5,3.75,3.5
42225,2.85,3.1,4.25,3.4
11923,3.5,3.25,2.75,3.17
35906,2.8,3.1,3.5,3.13
32526,3.25,3.5,2.75,3.17
54278,2.8,3.15,4.2,3.38
5491,2.5,2.0,1.5,2.0
62667,2.5,3.1,3.8,3.13
369,3.25,3.5,3.75,3.5
57903,3.25,3.8,3.5,3.52
21135,2.8,3.1,2.5,2.8
65489,2.85,3.1,4.25,3.4
41002,3.25,3.5,3.75,3.5
70617,2.5,3.1,3.8,3.13
18533,3.25,3.5,4.1,3.62
51088,3.5,3.25,2.75,3.17
45391,2.8,3.15,3.5,3.15
1177,2.8,3.15,3.6,3.18
69778,2.85,3.1,3.75,3.23
36237,3.25,3.8,4.1,3.72
49074,3.25,3.5,4.0,3.58
47332,3.25,3.8,4.15,3.73
53881,2.85,3.1,4.25,3.4
11803,2.85,3.1,3.75,3.23
15596,2.8,3.1,3.5,3.13
5249,2.85,3.1,3.75,3.23
38503,2.8,3.1,2.5,2.8
19067,2.8,3.15,3.9,3.28
67162,2.5,2.25,3.75,2.83
40630,2.8,3.15,3.6,3.18
22283,2.5,3.0,3.75,3.08
13338,3.25,3.5,4.0,3.58
27429,2.5,3.1,4.2,3.27
35257,2.8,3.15,4.2,3.38
3193,2.85,3.1,3.5,3.15
24196,2.8,3.15,4.2,3.38
4020,2.8,3.15,4.2,3.38
3190,2.85,3.1,3.75,3.23
32608,2.8,3.15,3.5,3.15
60299,2.8,3.1,3.5,3.13
68034,3.15,3.8,2.95,3.3
35260,2.5,2.8,3.1,2.8
28659,3.25,3.5,4.1,3.62
59714,2.8,3.1,2.5,2.8
7733,2.8,3.15,4.2,3.38
64922,2.5,2.8,3.5,2.93
38011,2.8,3.1,3.5,3.13
26861,2.5,2.8,3.75,3.02
65117,3.25,3.5,4.1,3.62
1547,2.8,3.15,4.2,3.38
41208,3.15,3.85,4.2,3.73
11280,3.25,3.5,3.75,3.5
59517,2.5,3.0,3.75,3.08
45746,2.5,2.8,3.1,2.8
13465,3.25,3.5,2.75,3.17
7778,2.5,2.8,3.5,2.93
33414,3.5,3.8,2.75,3.35
25032,3.15,3.8,4.25,3.73
53,2.8,3.1,3.5,3.13
14578,3.5,3.8,3.2,3.5
61619,3.25,3.5,3.75,3.5
8107,2.5,3.0,2.0,2.5
53098,2.5,2.8,2.2,2.5
12698,2.5,2.8,2.2,2.5
59850,2.8,3.15,4.2,3.38
12048,2.8,3.1,3.5,3.13
7637,3.25,3.5,2.75,3.17
26548,2.8,3.15,3.6,3.18
23390,2.85,3.1,4.25,3.4
65396,2.8,3.15,4.2,3.38
11343,3.25,3.8,3.5,3.52
51030,3.25,3.5,2.75,3.17
20281,3.25,3.5,3.75,3.5
2600,3.25,3.5,4.1,3.62
18445,2.5,2.0,4.25,2.92
41415,2.5,2.8,3.75,3.02
54311,2.5,3.0,3.75,3.08
17670,3.5,3.8,2.75,3.35
47308,2.8,3.15,3.6,3.18
7526,2.8,3.1,4.25,3.38
24636,2.8,3.15,4.2,3.38
40855,3.25,3.5,2.75,3.17
56310,3.25,3.5,2.75,3.17
27149,3.25,3.5,3.75,3.5
60666,2.5,3.0,2.0,2.5
34624,2.8,3.15,4.2,3.38
21318,3.25,3.5,2.75,3.17
49988,3.25,3.5,4.0,3.58
50070,3.25,3.5,3.75,3.5
8501,2.8,3.15,4.2,3.38
59451,2.5,2.8,2.2,2.5
57527,3.25,3.5,3.75,3.5
1768,2.8,3.1,4.2,3.37
61398,2.5,2.8,3.75,3.02
6409,2.5,2.0,1.5,2.0
21046,2.8,3.15,4.2,3.38
8560,3.15,3.8,2.9,3.28
30753,3.25,3.5,4.0,3.58
9347,3.15,3.8,3.5,3.48
48233,2.8,3.15,3.6,3.18
11691,3.25,3.5,2.75,3.17
71218,2.8,3.15,3.65,3.2
30807,2.85,3.1,4.25,3.4
48038,2.85,3.1,4.25,3.4
54801,3.25,3.5,4.0,3.58
69844,2.5,3.0,2.0,2.5
8164,3.25,3.5,3.75,3.5
35015,3.25,3.5,4.0,3.58
36416,3.25,3.5,4.0,3.58
72130,2.8,3.1,3.5,3.13
57317,2.5,2.3,3.8,2.87
23328,2.8,3.15,3.6,3.18
15093,3.25,3.5,2.75,3.17
49086,3.5,3.8,2.2,3.17
55711,2.8,3.1,3.5,3.13
9126,3.25,3.5,2.75,3.17
51424,3.25,3.5,3.75,3.5
26265,3.25,3.5,4.0,3.58
16835,2.5,2.0,3.75,2.75
56170,3.25,3.5,4.0,3.58
6103,2.85,3.1,3.75,3.23
30132,2.5,3.1,3.75,3.12
66121,3.25,3.5,4.1,3.62
55273,3.25,3.5,4.1,3.62
49609,3.15,3.8,2.55,3.17
63152,3.15,3.8,4.25,3.73
18109,3.15,3.8,2.55,3.17
62546,2.8,3.15,4.2,3.38
47430,3.25,3.5,4.1,3.62
61701,3.15,3.8,4.25,3.73
12746,3.25,3.5,4.0,3.58
33244,3.25,3.5,2.75,3.17
45297,2.8,3.1,2.5,2.8
38462,2.8,3.15,3.6,3.18
53773,1.25,2.1,4.5,2.62
3473,2.8,3.15,3.9,3.28
14599,2.8,3.15,4.2,3.38
43547,3.5,3.8,3.2,3.5
52844,3.25,3.8,3.5,3.52
32856,3.25,3.5,4.0,3.58
10841,2.85,3.1,3.5,3.15
66063,3.25,3.5,4.0,3.58
37920,2.5,2.0,1.5,2.0
64298,3.15,3.8,4.25,3.73
42549,2.8,3.15,3.6,3.18
17095,3.15,3.8,3.5,3.48
38810,2.85,3.1,4.25,3.4
8325,2.8,3.15,4.2,3.38
34208,2.8,3.15,3.65,3.2
51977,3.15,3.8,4.25,3.73
68832,3.25,3.8,2.75,3.27
6472,3.5,3.8,2.9,3.4
40502,3.5,3.25,2.75,3.17
56795,2.1,2.3,4.5,2.97
20324,3.25,3.5,2.75,3.17
38965,3.15,3.8,4.25,3.73
219,2.5,3.0,2.75,2.75
5852,2.8,3.15,3.9,3.28
44553,2.5,2.0,1.5,2.0
8607,3.25,3.5,3.75,3.5
53019,2.5,2.0,1.5,2.0
28115,3.25,3.5,3.75,3.5
50643,2.8,3.15,4.2,3.38
63333,3.25,3.5,4.1,3.62
70621,3.25,3.5,2.75,3.17
45668,2.8,3.15,3.6,3.18
61197,2.8,3.15,4.2,3.38
42068,3.25,3.5,2.75,3.17
40845,2.8,3.15,3.6,3.18
3897,3.5,3.8,2.75,3.35
64522,2.8,3.15,4.2,3.38
5835,3.5,3.8,2.2,3.17
49108,3.25,3.8,4.1,3.72
27981,2.5,2.8,3.1,2.8
31560,3.5,3.8,2.75,3.35
66208,2.8,3.1,3.5,3.13
26426,3.25,3.5,2.75,3.17
64848,2.5,3.1,4.2,3.27
71601,2.85,3.1,4.25,3.4
15799,2.85,3.1,3.75,3.23
28706,3.25,3.5,3.75,3.5
68158,3.25,3.5,4.1,3.62
39946,2.85,3.1,3.75,3.23
26328,2.5,2.8,2.2,2.5
5961,2.8,3.15,3.9,3.28
40835,3.25,3.8,2.9,3.32
47679,2.5,3.1,3.8,3.13
50302,3.15,3.8,3.5,3.48
54236,3.5,3.25,2.75,3.17
3525,3.25,3.5,2.75,3.17
32543,3.15,3.8,4.25,3.73
11903,2.85,3.1,4.25,3.4
42813,2.8,3.15,3.75,3.23
66162,3.25,3.5,4.0,3.58
31783,2.5,3.0,2.2,2.57
22290,2.8,3.15,4.2,3.38
42368,2.8,3.15,3.9,3.28
24222,2.5,2.8,3.75,3.02
3372,2.8,3.15,3.5,3.15
62647,3.15,3.8,4.25,3.73
27284,3.25,3.5,3.75,3.5
32803,3.25,3.5,4.0,3.58
28765,2.5,3.0,2.2,2.57
68074,2.85,3.1,4.25,3.4
49340,2.8,3.1,3.5,3.13
56423,2.5,3.1,4.25,3.28
68061,3.25,3.8,4.15,3.73
28526,2.8,3.15,3.9,3.28
46784,3.25,3.5,2.75,3.17
10679,2.8,3.1,4.2,3.37
4424,3.5,3.25,2.75,3.17
7544,2.5,3.0,3.75,3.08
22881,2.8,3.1,3.5,3.13
1571,3.25,3.5,4.0,3.58
2617,2.5,2.0,1.5,2.0
57634,3.25,3.5,2.75,3.17
37038,3.5,3.8,3.2,3.5
42438,3.25,3.5,4.1,3.62
46745,2.5,2.8,2.2,2.5
60109,2.5,2.8,3.75,3.02
26106,2.8,3.1,3.5,3.13
55710,2.8,3.15,3.9,3.28
41582,3.25,3.8,3.5,3.52
52745,2.5,2.8,3.7,3.0
57095,2.85,3.1,4.25,3.4
42590,2.85,3.1,4.25,3.4
39765,2.5,3.1,2.8,2.8
62337,3.25,3.5,4.0,3.58
11133,3.15,3.8,4.25,3.73
16246,2.8,3.15,4.2,3.38
29684,2.85,3.1,4.25,3.4
2487,3.25,3.5,2.75,3.17
36911,2.8,3.1,3.5,3.13
55806,2.5,2.0,3.75,2.75
26293,2.8,3.15,3.6,3.18
30432,2.8,3.15,3.65,3.2
53944,3.25,3.5,4.0,3.58
48425,3.25,3.5,4.0,3.58
34633,2.8,3.15,3.5,3.15
41396,3.25,3.5,2.75,3.17
46634,3.25,3.5,2.75,3.17
4516,3.15,3.8,4.25,3.73
33016,2.8,3.15,4.2,3.38
3828,2.8,3.15,3.9,3.28
59326,2.85,3.1,4.25,3.4
46445,2.8,3.1,3.5,3.13
32195,3.25,3.5,2.75,3.17
3354,3.25,3.5,4.1,3.62
5653,3.25,3.5,2.75,3.17
40138,2.85,3.1,4.25,3.4
28165,2.8,3.15,3.6,3.18
30457,3.25,3.5,2.75,3.17
26806,3.25,3.5,2.75,3.17
2543,2.8,3.15,4.2,3.38
18084,2.5,3.1,3.8,3.13
57711,2.85,3.1,4.25,3.4
22972,2.85,3.1,3.5,3.15
31059,2.8,3.15,4.2,3.38
18007,2.85,3.1,3.5,3.15
59130,2.85,3.1,4.25,3.4
45528,2.5,3.0,4.2,3.23
7713,3.25,3.5,3.75,3.5
60358,2.5,3.1,3.8,3.13
55681,2.5,2.8,2.2,2.5
22516,2.8,3.1,3.5,3.13
22909,2.8,3.1,3.5,3.13
24535,3.25,3.8,4.1,3.72
58850,2.85,3.1,4.25,3.4
42124,2.5,3.0,3.5,3.0
2854,2.5,2.0,1.5,2.0
57929,2.5,3.0,2.0,2.5
48932,3.25,3.5,4.1,3.62
60232,2.8,3.15,3.6,3.18
44742,2.5,3.0,2.0,2.5
49380,2.5,2.0,1.5,2.0
28977,2.85,3.1,4.25,3.4
16725,3.25,3.5,3.75,3.5
64968,2.8,3.15,4.2,3.38
23068,2.85,3.1,4.25,3.4
29803,2.5,3.0,3.5,3.0
25230,2.5,3.0,2.2,2.57
3413,2.8,3.15,3.5,3.15
22119,2.5,2.8,3.1,2.8
3018,2.5,3.0,2.0,2.5
10934,2.8,3.15,3.6,3.18
56838,3.15,3.8,4.25,3.73
9895,2.8,3.15,4.2,3.38
18466,2.85,3.1,3.75,3.23
28394,2.8,3.15,4.2,3.38
1303,2.8,3.1,3.5,3.13
1364,2.85,3.1,3.65,3.2
46627,3.15,3.8,4.25,3.73
29556,2.5,3.1,4.25,3.28
56185,2.8,3.15,4.2,3.38
7297,2.85,3.1,4.25,3.4
18448,3.2,3.5,2.8,3.17
5212,2.8,3.15,4.2,3.38
67266,2.5,2.2,3.8,2.83
59762,3.25,3.5,2.75,3.17
42594,2.85,3.1,4.25,3.4
16876,2.85,3.1,4.25,3.4
6753,2.85,3.1,4.2,3.38
10817,3.25,3.5,3.75,3.5
47932,2.5,2.8,3.1,2.8
29059,3.15,3.8,4.25,3.73
41151,2.8,3.15,3.9,3.28
41745,2.85,2.5,4.2,3.18
39274,3.25,3.5,2.75,3.17
32825,2.85,3.1,4.25,3.4
22468,2.5,2.8,3.75,3.02
8608,2.5,3.1,3.75,3.12
13418,2.5,2.8,3.1,2.8
26876,2.8,3.15,4.2,3.38
72068,2.8,3.15,3.5,3.15
66846,2.8,3.15,4.2,3.38
41687,2.85,3.1,3.75,3.23
17649,3.25,3.5,2.75,3.17
64276,2.8,3.15,4.2,3.38
14370,3.15,3.8,2.5,3.15
36660,2.5,2.25,4.0,2.92
42654,3.25,3.5,4.0,3.58
14961,3.25,3.5,3.75,3.5
48110,2.8,3.1,3.5,3.13
5156,3.25,3.5,3.75,3.5
55452,3.25,3.8,4.1,3.72
13583,3.25,3.5,2.75,3.17
20241,2.5,3.1,3.8,3.13
20018,3.15,3.8,2.9,3.28
63532,2.8,3.1,2.5,2.8
47241,2.85,3.1,4.25,3.4
7606,3.25,3.8,3.5,3.52
30279,2.8,3.1,2.5,2.8
15685,3.15,3.8,4.25,3.73
26602,3.25,3.8,3.5,3.52
17920,2.8,3.15,3.6,3.18
46925,3.5,3.25,2.75,3.17
6050,2.8,3.15,3.9,3.28
37659,2.5,2.8,2.2,2.5
50013,3.25,3.8,3.5,3.52
49339,3.25,3.5,2.75,3.17
62202,2.8,3.1,2.5,2.8
50819,3.15,3.8,4.25,3.73
25121,2.8,3.1,4.2,3.37
61266,3.25,3.5,2.75,3.17
4461,2.8,3.1,4.2,3.37
9067,3.15,3.8,4.25,3.73
39929,3.5,3.8,3.2,3.5
69872,3.15,3.8,4.25,3.73
39429,3.64,3.08,4.19,3.6367
29876,3.25,3.5,3.75,3.5
6673,2.5,3.0,3.5,3.0
48867,3.5,3.25,2.75,3.17
38516,3.25,3.5,2.75,3.17
30382,2.85,3.1,4.25,3.4
47599,2.5,2.8,3.75,3.02
51012,3.5,3.25,2.75,3.17
14019,2.8,3.15,4.2,3.38
5025,3.25,3.5,2.75,3.17
8283,2.5,3.0,3.75,3.08
58945,2.85,3.1,3.75,3.23
16634,2.8,3.15,3.6,3.18
7516,2.85,3.1,4.25,3.4
60394,3.25,3.5,4.1,3.62
23950,2.5,3.1,3.8,3.13
51315,3.15,3.8,3.5,3.48
24150,2.8,3.15,3.6,3.18
27733,3.25,3.8,3.5,3.52
53700,2.8,3.15,3.5,3.15
15425,2.85,3.1,3.65,3.2
20602,3.25,3.5,2.75,3.17
2608,2.8,3.15,3.9,3.28
21742,2.5,2.8,4.2,3.17
46544,2.8,3.15,3.9,3.28
15025,2.5,2.8,3.75,3.02
20571,2.5,3.1,3.8,3.13
10160,2.5,2.8,3.1,2.8
3717,2.5,2.0,1.5,2.0
870,3.25,3.5,2.75,3.17
55633,2.8,3.15,3.6,3.18
49194,2.5,3.1,3.8,3.13
41184,2.8,3.15,3.9,3.28
29499,2.85,3.1,4.2,3.38
12157,2.85,3.1,4.25,3.4
25526,2.5,2.0,3.75,2.75
29304,3.15,3.8,4.25,3.73
56774,2.8,3.15,3.6,3.18
28960,2.5,3.0,3.75,3.08
56537,3.25,3.8,4.1,3.72
66698,3.25,3.5,4.1,3.62
40157,2.5,3.0,3.75,3.08
14775,3.25,3.5,4.0,3.58
55508,3.25,3.8,3.5,3.52
25662,2.85,3.1,4.25,3.4
70888,2.5,2.8,2.2,2.5
27728,3.5,3.8,2.75,3.35
62028,3.15,3.8,4.25,3.73
62235,2.8,3.15,3.9,3.28
51279,3.25,3.5,2.75,3.17
48944,3.25,3.5,3.75,3.5
53753,2.5,2.8,3.75,3.02
63053,2.5,2.8,3.75,3.02
71519,2.5,3.1,3.7,3.1
23299,2.8,3.15,3.6,3.18
3825,2.8,3.15,4.2,3.38
17694,2.5,2.0,4.25,2.92
46075,3.25,3.5,3.75,3.5
25069,3.25,3.5,3.75,3.5
5285,2.5,3.1,3.8,3.13
20005,3.25,3.5,2.75,3.17
69867,2.85,3.1,3.5,3.15
27792,3.25,3.5,2.75,3.17
64593,2.8,3.15,3.6,3.18
19531,2.8,3.15,3.9,3.28
9899,3.25,3.8,4.1,3.72
13978,2.5,3.0,3.75,3.08
21189,3.25,3.5,4.0,3.58
62319,3.25,3.5,2.75,3.17
30526,3.25,3.5,3.75,3.5
9538,2.85,3.1,4.25,3.4
59512,3.15,3.8,4.25,3.73
64430,2.85,3.1,4.25,3.4
47637,2.8,3.15,3.5,3.15
70720,3.25,3.5,2.75,3.17
29334,3.25,3.8,3.5,3.52
39193,2.8,3.15,3.9,3.28
18330,2.8,3.15,4.2,3.38
41108,2.8,3.1,3.5,3.13
55590,3.25,3.5,4.1,3.62
30293,3.25,3.5,4.1,3.62
56326,2.85,3.1,4.25,3.4
36769,3.5,3.8,2.75,3.35
72207,2.8,3.15,3.6,3.18
28250,2.5,2.0,4.25,2.92
43189,3.25,3.5,2.75,3.17
45786,2.85,3.1,4.25,3.4
42781,2.5,2.8,3.75,3.02
39107,2.8,3.15,4.2,3.38
15380,2.5,3.1,4.2,3.27
49455,3.5,3.8,3.2,3.5
12674,3.5,3.8,2.75,3.35
68674,3.25,3.5,3.75,3.5
38719,3.25,3.5,2.75,3.17
58564,3.25,3.5,3.75,3.5
31561,2.8,3.15,3.9,3.28
49831,2.8,3.1,3.5,3.13
26739,2.8,3.15,3.9,3.28
11702,2.8,3.15,3.6,3.18
16131,2.5,2.0,1.5,2.0
25325,3.15,3.8,4.25,3.73
8392,2.5,3.1,4.2,3.27
54618,2.5,2.8,3.1,2.8
65184,2.5,2.8,3.1,2.8
66750,3.15,3.8,3.5,3.48
48001,2.8,3.1,4.2,3.37
48780,3.25,3.5,3.75,3.5
7707,3.25,3.8,2.9,3.32
11365,2.85,3.1,3.75,3.23
60530,3.25,3.8,4.1,3.72
54496,2.8,3.1,2.5,2.8
64227,2.8,3.15,4.2,3.38
28073,2.8,3.15,3.6,3.18
48064,2.8,3.15,3.75,3.23
12696,2.85,3.1,4.25,3.4
60416,2.8,3.15,3.5,3.15
5998,2.8,3.15,4.2,3.38
2183,2.85,3.1,3.75,3.23
41219,3.25,3.5,4.0,3.58
4438,2.8,3.15,3.6,3.18
53082,2.8,3.15,3.9,3.28
394,3.25,3.8,3.5,3.52
70396,2.5,3.0,2.0,2.5
28653,2.8,3.15,3.6,3.18
2227,2.8,3.15,3.65,3.2
48673,3.25,3.5,2.75,3.17
3899,3.5,3.8,2.75,3.35
51929,3.25,3.5,4.0,3.58
63757,3.25,3.5,2.75,3.17
42652,2.8,3.15,3.5,3.15
16125,2.85,3.1,3.95,3.3
4119,3.25,3.5,2.75,3.17
33290,3.25,3.5,4.0,3.58
37154,2.5,2.8,3.1,2.8
32348,3.25,3.5,3.75,3.5
31445,3.25,3.5,2.75,3.17
54353,2.8,3.15,4.2,3.38
17026,3.15,3.8,3.5,3.48
66580,3.25,3.5,4.1,3.62
20850,3.15,3.8,2.55,3.17
32120,2.5,3.0,3.5,3.0
37378,2.5,2.0,4.5,3.0
55947,2.8,3.15,4.2,3.38
42886,2.5,3.0,3.75,3.08
29310,3.15,3.8,4.25,3.73
53838,3.15,3.8,4.25,3.73
7369,3.15,3.8,4.25,3.73
36646,2.8,3.15,4.2,3.38
63703,2.5,3.0,3.5,3.0
60251,2.5,2.0,3.75,2.75
46425,3.25,3.8,3.5,3.52
12434,2.8,3.1,2.5,2.8
40207,2.5,3.0,3.5,3.0
15908,3.25,3.5,2.75,3.17
3099,2.85,3.1,3.75,3.23
26871,3.5,3.8,3.2,3.5
31632,2.8,3.1,2.5,2.8
17768,2.8,3.1,3.5,3.13
61033,2.5,2.8,3.1,2.8
36883,2.8,3.15,3.5,3.15
67045,2.8,3.15,3.6,3.18
44115,2.8,3.15,3.9,3.28
64473,3.15,3.8,4.25,3.73
10069,2.8,3.15,3.65,3.2
53504,3.5,3.8,2.7,3.33
67320,2.8,3.1,2.5,2.8
45948,2.85,3.1,4.25,3.4
40648,3.25,3.5,4.1,3.62
3748,3.25,3.5,2.75,3.17
13620,2.5,2.0,4.5,3.0
22665,3.25,3.5,2.75,3.17
44348,2.8,3.15,3.6,3.18
34184,3.25,3.5,3.75,3.5
51110,2.5,3.1,3.8,3.13
60003,2.85,3.1,3.75,3.23
43069,2.5,2.0,1.5,2.0
51308,2.8,3.1,3.5,3.13
39389,3.25,3.5,2.75,3.17
6022,2.8,3.15,3.65,3.2
13433,3.25,3.5,2.75,3.17
2367,3.25,3.5,2.75,3.17
27886,3.25,3.5,3.75,3.5
46357,2.8,3.15,3.6,3.18
18757,3.15,3.8,4.25,3.73
71131,2.5,3.1,3.8,3.13
2930,3.25,3.5,4.0,3.58
39131,3.25,3.5,3.75,3.5
68105,2.85,3.1,4.25,3.4
56238,2.8,3.1,3.5,3.13
42160,3.25,3.5,2.75,3.17
18132,2.5,2.0,1.5,2.0
11913,2.8,3.1,3.5,3.13
51596,2.8,3.15,3.9,3.28
50203,3.5,3.8,3.2,3.5
62739,2.5,3.0,3.75,3.08
26044,3.25,3.5,4.1,3.62
56966,2.5,3.1,3.8,3.13
20691,3.25,3.5,4.0,3.58
30736,3.25,3.5,2.75,3.17
46472,2.8,3.1,3.5,3.13
10906,3.25,3.5,2.75,3.17
4656,3.25,3.5,4.0,3.58
37133,2.8,3.15,3.6,3.18
16255,2.5,2.8,3.75,3.02
9682,3.25,3.5,2.75,3.17
65541,1.85,1.5,4.9,2.75
70147,2.8,3.15,3.9,3.28
17611,3.25,3.5,4.1,3.62
40616,2.8,3.15,4.2,3.38
7483,2.8,3.1,3.5,3.13
1786,2.8,3.15,4.2,3.38
52854,3.25,3.5,4.0,3.58
64937,3.5,3.25,2.75,3.17
20387,2.5,2.8,4.2,3.17
43061,2.8,3.1,3.5,3.13
71453,3.15,3.8,4.25,3.73
57421,2.8,3.15,3.6,3.18
2954,2.5,2.8,3.75,3.02
4374,3.25,3.5,2.75,3.17
56682,2.8,3.15,3.6,3.18
28322,3.2,3.5,2.8,3.17
37615,3.25,3.5,3.75,3.5
65104,3.25,3.5,4.0,3.58
41984,2.85,3.1,4.25,3.4
41328,2.8,3.15,3.5,3.15
26320,3.5,3.25,2.75,3.17
40322,2.8,3.15,3.6,3.18
4650,3.25,3.8,4.1,3.72
197,2.8,3.15,3.9,3.28
35542,3.25,3.5,2.75,3.17
22853,2.8,3.15,4.2,3.38
70764,2.8,3.15,4.2,3.38
49540,2.8,3.15,3.6,3.18
43702,2.5,3.1,3.75,3.12
59349,2.8,3.1,3.5,3.13
68014,2.8,3.15,4.2,3.38
19115,2.8,3.15,3.9,3.28
66991,3.25,3.5,2.75,3.17
14680,2.8,3.15,3.5,3.15
28525,3.25,3.5,2.75,3.17
61041,3.25,3.5,2.75,3.17
62159,3.25,3.8,4.1,3.72
66380,2.8,3.15,3.5,3.15
37582,3.25,3.5,2.75,3.17
32777,2.5,3.0,3.75,3.08
71575,3.15,3.8,4.25,3.73
62020,2.8,3.15,4.2,3.38
43661,3.25,3.5,2.75,3.17
27893,2.85,3.1,3.5,3.15
6417,3.25,3.5,4.0,3.58
10154,3.25,3.5,4.0,3.58
28968,3.25,3.5,4.1,3.62
58026,2.8,3.15,3.5,3.15
29953,2.8,3.1,3.5,3.13
65286,3.25,3.5,2.75,3.17
48769,3.25,3.5,3.75,3.5
48311,2.5,3.0,2.2,2.57
53670,2.8,3.1,3.5,3.13
42514,3.25,3.5,2.75,3.17
67067,2.5,3.1,2.8,2.8
19982,3.25,3.8,3.5,3.52
39667,3.25,3.8,4.15,3.73
45697,2.8,3.15,3.9,3.28
42132,3.15,3.8,4.25,3.73
33119,3.25,3.5,4.1,3.62
32294,2.85,3.1,4.25,3.4
4654,3.25,3.8,4.1,3.72
60401,2.85,3.1,4.25,3.4
46001,3.25,3.8,3.5,3.52
35138,3.15,3.8,4.25,3.73
40238,2.8,3.15,3.6,3.18
71466,2.8,3.1,3.5,3.13
31527,2.8,3.15,3.65,3.2
67335,3.25,3.5,3.75,3.5
22735,2.85,3.1,3.75,3.23
56190,3.25,3.5,2.75,3.17
26015,3.15,3.8,4.25,3.73
47797,2.5,2.75,3.25,2.83
35504,3.25,3.5,2.75,3.17
25671,2.5,2.8,3.7,3.0
66479,3.25,3.5,2.75,3.17
61256,2.5,3.0,3.75,3.08
37309,2.8,3.15,3.5,3.15
12909,3.25,3.5,2.75,3.17
31228,3.25,3.5,2.75,3.17
59251,2.85,3.1,4.25,3.4
9649,3.25,3.5,3.75,3.5
56671,2.8,3.15,4.2,3.38
70184,2.8,3.15,3.6,3.18
63549,2.8,3.15,4.2,3.38
35389,2.8,3.15,2.5,2.82
3570,2.5,3.1,3.8,3.13
53926,2.8,3.15,3.5,3.15
62304,3.5,3.8,2.9,3.4
64184,2.85,3.1,3.75,3.23
53112,2.8,3.15,3.65,3.2
20264,2.8,3.15,3.5,3.15
42877,2.85,3.1,3.75,3.23
12454,3.15,3.8,4.25,3.73
18446,2.5,2.8,2.2,2.5
43302,2.8,3.1,3.5,3.13
48968,2.85,3.1,3.75,3.23
32268,3.5,3.8,2.2,3.17
67340,2.8,3.15,3.9,3.28
16709,2.8,3.15,3.9,3.28
67624,3.25,3.5,4.0,3.58
65772,2.8,3.15,3.6,3.18
39264,3.2,3.5,2.8,3.17
16665,2.5,3.0,3.75,3.08
44826,2.8,3.15,4.2,3.38
69995,2.85,3.1,4.25,3.4
40331,2.5,2.8,3.75,3.02
11009,2.8,3.15,4.2,3.38
57780,2.8,3.15,3.65,3.2
1967,2.8,3.15,4.2,3.38
37260,3.15,3.8,4.25,3.73
67418,2.8,3.1,4.2,3.37
53284,2.8,3.15,3.5,3.15
20436,2.8,3.15,4.2,3.38
15010,2.8,3.15,3.9,3.28
41157,2.85,3.1,3.5,3.15
61637,3.25,3.5,2.75,3.17
27756,3.5,3.8,3.2,3.5
32678,2.85,3.1,3.5,3.15
51148,3.25,3.5,3.75,3.5
55890,2.8,3.15,4.2,3.38
36466,3.25,3.8,2.5,3.18
52981,2.85,3.1,4.25,3.4
15373,3.15,3.8,4.25,3.73
66211,2.85,3.1,4.25,3.4
32006,2.85,3.1,4.25,3.4
66246,2.5,3.1,3.75,3.12
54621,2.8,3.1,3.5,3.13
66679,2.8,3.15,3.65,3.2
45360,3.25,3.5,4.0,3.58
35313,2.8,3.1,3.5,3.13
791,3.15,3.8,4.25,3.73
31125,3.25,3.5,2.75,3.17
51396,3.5,3.8,2.7,3.33
57550,2.1,1.8,4.5,2.8
68541,2.5,3.0,2.0,2.5
60186,3.25,3.5,3.75,3.5
42400,3.5,3.8,2.75,3.35
67509,2.5,2.8,3.1,2.8
45851,3.25,3.5,4.0,3.58
12381,2.85,3.1,3.75,3.23
50735,2.8,3.15,3.6,3.18
14567,3.15,3.8,4.25,3.73
25753,2.85,3.1,3.65,3.2
51686,2.8,3.15,3.6,3.18
55281,2.5,3.0,3.25,2.92
7070,2.8,3.15,3.6,3.18
29261,3.15,3.8,3.5,3.48
8770,2.85,3.1,4.25,3.4
59378,3.25,3.5,3.75,3.5
16070,3.25,3.5,2.75,3.17
38837,2.8,3.15,4.2,3.38
16587,2.8,3.15,3.6,3.18
60242,3.25,3.5,2.75,3.17
51845,2.8,3.15,3.6,3.18
56593,2.8,3.15,4.2,3.38
67521,2.8,3.1,3.5,3.13
16721,3.25,3.5,2.75,3.17
39488,2.8,3.15,4.2,3.38
21232,3.25,3.5,2.75,3.17
55967,2.8,3.15,3.9,3.28
30004,3.25,3.5,3.75,3.5
69567,2.5,2.8,3.7,3.0
11919,2.8,3.1,3.5,3.13
13059,2.8,3.15,3.9,3.28
31739,2.5,3.1,3.8,3.13
62541,3.15,3.8,4.25,3.73
1375,3.5,3.25,2.75,3.17
2963,2.8,3.15,4.2,3.38
33970,2.5,2.8,3.1,2.8
34988,3.25,3.5,4.0,3.58
3863,2.8,3.15,4.2,3.38
19759,2.85,3.1,4.25,3.4
26348,3.15,3.8,3.5,3.48
452,2.8,3.15,3.65,3.2
37401,2.8,3.15,3.75,3.23
8923,3.15,3.8,4.25,3.73
55078,3.25,3.5,4.0,3.58
62311,3.25,3.5,3.75,3.5
22156,3.25,3.5,4.1,3.62
21487,2.5,2.8,3.75,3.02
21821,2.5,2.0,3.5,2.67
15291,3.15,3.8,4.25,3.73
50240,3.25,3.5,3.75,3.5
67412,3.5,3.25,2.75,3.17
9346,2.8,3.15,3.6,3.18
50906,2.5,3.0,4.2,3.23
55190,3.15,3.8,4.25,3.73
26137,2.85,3.1,3.75,3.23
43018,3.5,3.8,2.9,3.4
70141,3.15,3.8,4.25,3.73
48529,3.25,3.5,2.75,3.17
19602,2.8,3.1,4.2,3.37
25572,2.5,3.0,3.75,3.08
40598,2.5,2.8,3.1,2.8
52121,2.5,2.8,3.1,2.8
26966,2.8,3.15,3.9,3.28
40492,3.15,3.8,4.25,3.73
27094,2.8,3.15,3.6,3.18
54155,2.8,3.1,3.5,3.13
10624,3.25,3.5,2.75,3.17
69291,2.5,2.8,3.75,3.02
63097,2.8,3.15,3.9,3.28
4087,2.8,3.15,3.9,3.28
69430,3.2,3.5,2.8,3.17
29277,2.8,3.15,3.6,3.18
54817,3.25,3.5,4.0,3.58
46199,2.8,3.15,4.5,3.48
20658,3.15,3.8,4.25,3.73
14945,3.15,3.8,4.25,3.73
39370,2.8,3.15,3.6,3.18
7371,2.5,2.0,3.75,2.75
33144,2.8,3.15,4.2,3.38
48807,2.85,3.1,4.25,3.4
29989,3.15,3.8,4.25,3.73
52186,3.2,3.5,2.8,3.17
38200,2.8,3.15,3.6,3.18
55692,3.25,3.5,2.75,3.17
26717,2.8,3.15,4.2,3.38
40326,2.8,3.15,3.5,3.15
6579,2.8,3.15,3.9,3.28
30167,2.85,3.1,3.5,3.15
23381,2.85,3.1,3.75,3.23
35610,2.5,2.8,3.1,2.8
66309,2.8,3.15,3.6,3.18
42043,2.85,3.1,4.25,3.4
17168,3.15,3.8,3.5,3.48
2591,2.8,3.1,2.5,2.8
35397,2.8,3.15,4.2,3.38
47803,3.25,3.5,4.1,3.62
34,2.8,3.15,4.2,3.38
47979,3.25,3.5,2.75,3.17
29782,3.25,3.5,3.75,3.5
56299,3.25,3.8,3.5,3.52
29744,2.8,3.15,3.5,3.15
11441,2.8,3.1,3.5,3.13
64803,3.5,4.0,3.25,3.58
53545,2.8,3.1,3.5,3.13
36348,2.8,3.15,3.6,3.18
28403,2.8,3.15,3.9,3.28
10548,3.25,3.5,4.1,3.62
8333,3.15,3.8,4.25,3.73
67056,3.5,3.25,2.75,3.17
55409,2.8,3.15,3.65,3.2
61434,3.25,3.5,3.75,3.5
5925,2.8,3.15,3.6,3.18
13249,2.5,3.0,4.25,3.25
70004,2.8,3.15,4.2,3.38
50019,3.25,3.5,3.75,3.5
5928,3.25,3.5,4.0,3.58
42961,2.5,2.8,3.1,2.8
64980,3.25,3.5,3.75,3.5
6961,3.15,3.8,4.25,3.73
69532,2.8,3.15,3.6,3.18
29181,2.8,3.1,2.5,2.8
61269,3.15,3.8,3.5,3.48
6271,2.5,3.0,4.25,3.25
25403,3.15,3.8,4.25,3.73
50059,2.5,2.25,4.0,2.92
6293,2.85,3.1,4.25,3.4
3357,2.8,3.15,4.2,3.38
24705,3.25,3.5,3.75,3.5
52040,3.25,3.8,4.15,3.73
22824,2.8,3.15,3.6,3.18
51001,2.8,3.15,4.2,3.38
26756,2.85,3.1,3.5,3.15
54826,2.5,2.8,2.2,2.5
59934,2.8,3.15,4.2,3.38
57689,2.5,2.8,3.1,2.8
60700,2.85,3.1,4.25,3.4
53626,3.25,3.5,2.75,3.17
55016,2.5,2.8,3.1,2.8
65340,2.85,3.1,4.25,3.4
19148,3.25,3.5,2.75,3.17
51484,3.25,3.5,2.75,3.17
1651,3.15,3.8,2.9,3.28
69566,2.8,3.15,3.5,3.15
51438,3.2,3.5,2.8,3.17
52771,3.15,3.8,2.55,3.17
12648,3.15,3.8,4.25,3.73
30615,2.8,3.1,3.5,3.13
62074,2.8,3.1,3.5,3.13
3931,2.5,3.1,2.8,2.8
12206,2.85,3.1,3.75,3.23
48289,3.15,3.8,4.25,3.73
3437,3.15,3.8,2.95,3.3
5843,2.5,2.8,3.1,2.8
18783,2.5,2.8,3.2,2.83
16046,3.15,3.8,2.9,3.28
69940,2.8,3.15,3.9,3.28
29736,2.5,2.8,3.1,2.8
31892,2.8,3.15,3.9,3.28
59424,3.25,3.5,2.75,3.17
37616,2.5,3.1,3.8,3.13
21864,2.85,3.1,3.75,3.23
23485,2.5,3.0,4.25,3.25
18829,3.25,3.5,2.75,3.17
61948,2.8,3.15,3.6,3.18
45745,2.8,3.15,3.6,3.18
6777,2.8,3.15,3.6,3.18
34430,2.8,3.15,4.2,3.38
45155,2.85,3.1,3.5,3.15
43272,2.5,2.8,3.75,3.02
70189,3.25,3.5,3.75,3.5
2827,2.8,3.1,3.5,3.13
64831,2.8,3.15,3.6,3.18
21104,2.8,3.15,3.5,3.15
27193,2.5,2.8,3.7,3.0
70223,2.5,2.8,3.75,3.02
64458,2.8,3.15,3.6,3.18
7302,2.8,3.1,3.5,3.13
41945,3.25,3.5,2.75,3.17
63213,2.5,2.0,4.25,2.92
29739,3.15,3.8,3.5,3.48
59364,2.8,3.15,4.2,3.38
67387,2.8,3.15,4.2,3.38
327,2.8,3.1,3.5,3.13
63073,2.5,2.8,3.1,2.8
17717,3.25,3.5,3.75,3.5
41086,3.15,3.8,4.25,3.73
1504,3.2,3.5,2.8,3.17
19395,3.15,3.8,4.25,3.73
59846,2.8,3.15,4.2,3.38
25117,2.8,3.1,4.2,3.37
66729,3.25,3.8,2.9,3.32
54739,2.8,3.1,3.5,3.13
57906,2.5,3.0,3.75,3.08
54624,3.15,3.8,3.5,3.48
36461,3.5,3.25,2.75,3.17
65817,2.8,3.15,4.2,3.38
63094,2.5,2.8,3.1,2.8
4688,3.25,3.5,3.75,3.5
34426,3.5,3.8,2.75,3.35
16064,3.25,3.5,2.75,3.17
6220,3.25,3.5,3.75,3.5
36270,3.25,3.5,2.75,3.17
10920,3.25,3.5,4.0,3.58
27722,2.5,3.0,3.75,3.08
4557,2.8,3.15,4.2,3.38
18267,2.8,3.1,3.5,3.13
40204,3.25,3.5,2.75,3.17
34605,2.85,3.1,3.5,3.15
54529,2.5,3.1,3.8,3.13
59516,2.8,3.15,3.6,3.18
545,2.8,3.15,4.2,3.38
27578,3.25,3.8,3.5,3.52
48625,2.85,3.12,4.25,3.41
35376,2.8,3.15,3.9,3.28
64301,2.85,3.1,4.2,3.38
52160,3.5,3.25,2.75,3.17
72015,3.25,3.8,3.5,3.52
34784,3.25,3.8,3.5,3.52
17292,2.8,3.15,4.2,3.38
54650,2.5,2.8,3.75,3.02
25687,2.5,2.8,3.7,3.0
41279,3.25,3.5,4.1,3.62
11650,3.5,3.8,2.9,3.4
50895,2.85,3.1,3.5,3.15
68331,3.15,3.8,4.25,3.73
724,2.85,3.1,3.75,3.23
47152,2.8,3.1,2.5,2.8
31971,2.85,3.1,4.25,3.4
70338,2.5,2.8,2.2,2.5
50283,2.8,3.15,3.5,3.15
24856,2.8,3.15,4.2,3.38
52850,2.8,3.15,3.9,3.28
14235,2.85,3.1,4.25,3.4
51966,2.8,3.15,3.6,3.18
64404,2.85,3.1,3.75,3.23
40799,3.15,3.8,3.5,3.48
69925,2.8,3.1,3.5,3.13
56417,2.85,3.1,4.25,3.4
30171,2.85,3.1,3.75,3.23
52945,2.8,3.15,3.5,3.15
37151,2.8,3.15,3.9,3.28
17811,2.85,3.1,3.75,3.23
19336,2.8,3.15,4.2,3.38
13011,2.8,3.15,4.2,3.38
7435,2.8,3.1,3.5,3.13
12465,2.8,3.1,2.5,2.8
3031,2.5,3.0,3.5,3.0
42708,3.2,3.5,2.8,3.17
1778,3.15,3.85,2.9,3.3
16511,3.2,3.5,3.8,3.5
25755,2.8,3.15,4.2,3.38
68527,3.25,3.5,4.1,3.62
45629,2.8,3.15,4.2,3.38
19064,2.8,3.15,3.6,3.18
35894,3.25,3.5,2.75,3.17
40131,2.8,3.15,3.6,3.18
34757,3.25,3.5,2.75,3.17
54377,2.8,3.15,3.9,3.28
7622,2.85,3.1,4.2,3.38
59146,2.5,2.8,3.7,3.0
56128,2.8,3.15,3.6,3.18
7417,3.15,3.8,2.55,3.17
458,3.15,3.8,3.5,3.48
37863,2.8,3.15,3.9,3.28
48793,3.25,3.5,2.75,3.17
59085,2.8,3.15,3.6,3.18
58065,3.25,3.5,4.1,3.62
20445,2.5,2.0,3.5,2.67
68406,2.85,3.1,4.25,3.4
37579,3.25,3.5,4.1,3.62
53292,2.85,3.1,3.5,3.15
16620,2.85,3.1,4.25,3.4
65030,2.5,3.1,3.8,3.13
42496,2.8,3.15,4.2,3.38
50628,3.25,3.8,2.5,3.18
37140,2.8,3.1,3.5,3.13
71919,2.5,2.0,1.5,2.0
7752,3.25,3.8,3.5,3.52
28770,3.25,3.5,3.75,3.5
12161,2.5,3.1,2.2,2.6
5569,2.5,3.1,2.8,2.8
34728,2.8,3.1,3.5,3.13
24593,3.25,3.5,3.75,3.5
39470,3.5,3.8,2.2,3.17
39549,2.85,3.1,4.25,3.4
7694,2.85,3.1,3.75,3.23
25843,3.25,3.5,4.0,3.58
66443,2.8,3.15,4.2,3.38
34238,2.8,3.15,4.2,3.38
16642,2.5,2.8,3.75,3.02
55388,2.85,3.1,4.25,3.4
34531,2.85,3.1,4.25,3.4
4607,2.8,3.1,3.5,3.13
6946,2.85,3.1,4.25,3.4
52630,3.5,3.8,4.2,3.83
33983,2.8,3.15,4.2,3.38
14039,2.5,2.8,3.5,2.93
36504,2.8,3.15,4.2,3.38
28501,3.15,3.85,4.2,3.73
22805,2.8,3.15,4.2,3.38
18179,2.8,3.15,3.5,3.15
760,3.25,3.5,3.75,3.5
65962,3.25,3.5,4.0,3.58
64426,2.5,2.8,3.1,2.8
40200,2.5,3.0,3.75,3.08
16155,2.5,2.8,3.1,2.8
53867,2.8,3.15,3.5,3.15
24221,2.85,3.1,4.25,3.4
52369,3.15,3.8,2.95,3.3
52218,2.8,3.1,3.5,3.13
49400,3.15,3.8,2.95,3.3
11402,2.5,2.0,3.0,2.5
13357,2.8,3.15,4.2,3.38
61965,2.8,3.15,4.2,3.38
3236,3.2,3.5,2.8,3.17
2631,2.8,3.15,3.6,3.18
18427,2.8,3.15,3.6,3.18
61976,2.8,3.15,4.2,3.38
47344,3.25,3.5,2.75,3.17
23787,2.8,3.15,4.2,3.38
8991,2.5,2.25,3.75,2.83
6479,2.8,3.15,4.2,3.38
60556,3.25,3.5,4.1,3.62
46686,3.15,3.8,4.25,3.73
23912,2.8,3.1,4.25,3.38
48736,3.15,3.8,4.25,3.73
2451,3.5,3.8,2.9,3.4
6365,3.25,3.5,4.0,3.58
8404,2.8,3.15,3.5,3.15
25620,3.15,3.8,4.25,3.73
8380,2.5,2.2,3.8,2.83
61181,2.5,2.0,3.75,2.75
19915,3.15,3.8,3.5,3.48
62076,2.5,2.0,3.75,2.75
6939,2.5,2.0,1.5,2.0
49330,3.25,3.5,3.75,3.5
1017,3.5,3.8,2.75,3.35
28598,2.5,2.8,3.1,2.8
66620,2.5,2.0,1.5,2.0
19702,2.8,3.1,2.5,2.8
18685,3.25,3.5,2.75,3.17
4580,2.5,3.1,3.75,3.12
26757,2.5,3.1,2.8,2.8
6269,3.25,3.5,3.75,3.5
21784,2.8,3.1,4.2,3.37
17389,2.85,3.1,4.25,3.4
53746,2.5,2.25,4.0,2.92
67139,2.5,3.0,2.2,2.57
11698,2.8,3.15,3.6,3.18
18805,2.8,3.1,3.5,3.13
10981,2.8,3.1,4.2,3.37
33956,2.5,3.1,3.8,3.13
62158,3.25,3.5,2.75,3.17
62063,2.8,3.1,4.2,3.37
25964,3.25,3.8,4.1,3.72
48889,2.85,3.1,3.75,3.23
31689,2.8,3.15,4.2,3.38
11044,2.85,3.1,3.5,3.15
2177,2.8,3.15,3.5,3.15
27777,2.8,3.15,3.6,3.18
13485,3.25,3.5,3.75,3.5
18482,2.5,3.1,4.25,3.28
59051,2.5,3.0,2.0,2.5
37975,2.5,3.1,4.2,3.27
44834,3.25,3.5,3.75,3.5
17623,3.5,3.8,3.2,3.5
5931,3.25,3.5,4.1,3.62
14257,2.85,3.1,3.5,3.15
41591,2.8,3.15,4.2,3.38
39772,2.5,3.1,3.8,3.13
61410,2.8,3.15,3.9,3.28
342,2.5,3.1,3.75,3.12
44024,2.8,3.15,4.2,3.38
49184,3.15,3.8,4.25,3.73
17334,2.85,2.5,3.75,3.03
40022,3.25,3.5,2.75,3.17
43406,3.25,3.5,2.75,3.17
24867,3.25,3.5,2.75,3.17
7382,2.5,2.8,3.75,3.02
50596,2.8,3.15,3.6,3.18
12890,3.25,3.5,2.75,3.17
58109,3.25,3.5,2.75,3.17
61738,3.5,3.8,2.2,3.17
69887,2.5,3.0,2.75,2.75
67170,2.8,3.1,3.5,3.13
53607,3.25,3.8,2.75,3.27
44534,2.8,3.15,3.5,3.15
30135,3.25,3.5,4.0,3.58
40398,3.25,3.5,2.75,3.17
52528,2.5,2.8,3.1,2.8
12055,3.5,3.8,2.75,3.35
14056,2.8,3.15,4.2,3.38
41761,2.5,2.0,3.75,2.75
65919,3.25,3.5,2.75,3.17
36714,2.1,2.3,4.5,2.97
38329,2.85,3.1,4.25,3.4
55427,2.8,3.1,3.5,3.13
17268,2.8,3.1,3.5,3.13
42553,3.15,3.8,4.25,3.73
57130,2.5,2.8,3.1,2.8
69945,2.5,2.8,3.1,2.8
39481,2.85,2.5,3.75,3.03
14920,2.85,3.1,4.25,3.4
69312,3.25,3.5,2.75,3.17
15400,2.8,3.15,3.6,3.18
31547,2.8,3.15,3.9,3.28
50159,3.15,3.8,3.5,3.48
19965,2.5,3.0,3.75,3.08
14392,2.8,3.15,3.9,3.28
18443,2.8,3.15,4.2,3.38
28439,3.25,3.5,2.75,3.17
5122,3.25,3.5,2.75,3.17
51801,3.25,3.5,2.75,3.17
48675,2.8,3.1,3.5,3.13
46304,2.85,3.1,4.25,3.4
57114,2.5,3.1,2.2,2.6
31795,2.8,3.15,4.2,3.38
35368,2.5,3.0,3.75,3.08
49417,2.8,3.15,3.9,3.28
45138,3.25,3.5,2.75,3.17
29722,2.8,3.15,3.5,3.15
40136,2.8,3.15,4.2,3.38
43522,2.8,3.1,3.5,3.13
49960,3.15,3.8,4.25,3.73
38600,2.85,3.1,3.65,3.2
16630,3.25,3.8,2.5,3.18
62347,3.25,3.5,2.75,3.17
56459,3.15,3.8,4.25,3.73
17672,2.85,3.1,3.75,3.23
66276,2.8,3.1,2.5,2.8
53280,2.8,3.15,4.2,3.38
53047,3.5,3.8,3.2,3.5
67888,3.25,3.5,3.75,3.5
60812,2.5,3.0,3.75,3.08
46504,3.25,3.5,2.75,3.17
57683,2.85,3.1,4.25,3.4
67081,2.8,3.15,3.9,3.28
24449,2.5,3.0,3.5,3.0
38594,2.5,2.8,3.5,2.93
39993,2.85,3.1,4.25,3.4
68581,2.8,3.1,3.5,3.13
2530,2.5,2.8,3.1,2.8
37514,2.8,3.1,3.5,3.13
32712,2.5,2.0,1.5,2.0
64639,3.25,3.5,3.75,3.5
40123,3.25,3.5,2.75,3.17
36541,2.5,3.0,2.2,2.57
37648,3.5,3.8,2.2,3.17
58257,2.5,2.8,2.2,2.5
1637,2.5,2.0,1.5,2.0
30842,3.25,3.5,3.75,3.5
38362,3.15,3.8,2.9,3.28
30840,2.85,3.1,4.25,3.4
54049,4.56,3.04,3.89,3.83
27068,3.25,3.5,4.0,3.58
34953,2.8,3.15,3.6,3.18
7877,3.15,3.8,4.25,3.73
20301,3.25,3.5,2.75,3.17
55474,3.5,3.8,2.75,3.35
7083,3.5,3.25,2.75,3.17
41458,2.5,2.8,2.2,2.5
14483,2.5,3.0,3.5,3.0
16124,2.85,3.1,3.75,3.23
64914,2.5,2.8,3.1,2.8
15696,2.85,3.1,4.25,3.4
16257,2.85,3.1,3.5,3.15
3871,3.5,3.25,3.75,3.5
16471,3.5,3.8,3.2,3.5
59245,3.25,3.5,2.75,3.17
58861,3.15,3.8,4.25,3.73
34854,2.5,3.0,3.75,3.08
63571,2.85,3.1,4.25,3.4
18693,2.5,3.1,3.8,3.13
46819,2.5,3.0,3.75,3.08
13998,3.25,3.8,4.15,3.73
48740,2.8,3.15,3.9,3.28
47164,3.15,3.8,4.25,3.73
4717,3.5,3.25,2.75,3.17
32110,3.15,3.8,4.25,3.73
54346,2.5,3.1,3.8,3.13
18183,2.5,3.0,3.75,3.08
37310,2.8,3.15,3.65,3.2
33645,3.15,3.8,4.25,3.73
67585,2.5,3.0,4.2,3.23
54064,3.25,3.5,4.1,3.62
72072,2.8,3.1,3.5,3.13
59596,3.25,3.5,4.0,3.58
38101,2.5,3.1,3.75,3.12
67238,2.8,3.15,4.2,3.38
7038,3.5,3.25,2.75,3.17
57698,2.8,3.1,2.5,2.8
13422,2.5,2.0,1.5,2.0
8306,2.8,3.15,4.2,3.38
8927,3.15,3.8,4.25,3.73
30836,2.85,3.1,3.75,3.23
3353,3.2,2.85,3.5,3.18
16959,2.5,3.1,3.8,3.13
48168,2.85,3.1,4.25,3.4
43634,3.25,3.5,2.75,3.17
24260,3.25,3.5,3.75,3.5
20461,2.85,3.1,4.25,3.4
53444,3.25,3.8,4.15,3.73
41965,3.25,3.5,3.75,3.5
25034,3.15,3.8,4.25,3.73
65918,3.25,3.5,3.75,3.5
17285,2.85,3.1,4.25,3.4
33423,2.8,3.1,3.5,3.13
65796,3.25,3.8,2.5,3.18
46812,2.8,3.15,4.2,3.38
34545,3.25,3.5,2.75,3.17
17700,3.25,3.5,4.1,3.62
60387,2.85,3.1,3.75,3.23
28684,3.25,3.5,2.75,3.17
47935,2.8,3.15,4.2,3.38
2515,2.8,3.15,4.2,3.38
6326,2.85,3.1,4.25,3.4
38535,3.2,3.5,2.8,3.17
6578,2.8,3.15,4.2,3.38
47112,3.15,3.8,3.5,3.48
607,2.8,3.15,3.5,3.15
9193,3.15,3.8,4.25,3.73
51055,2.85,3.1,4.25,3.4
50501,3.25,3.5,4.1,3.62
54659,3.25,3.5,2.75,3.17
52471,2.8,3.15,4.2,3.38
46845,2.5,2.8,2.2,2.5
11725,2.8,3.1,2.5,2.8
50210,2.8,3.15,4.2,3.38
7123,3.25,3.5,2.75,3.17
5352,3.25,3.5,4.0,3.58
64767,3.15,3.8,4.25,3.73
55935,2.85,3.1,4.2,3.38
27909,3.2,3.5,2.8,3.17
8345,3.15,3.8,4.25,3.73
22178,3.5,3.8,2.75,3.35
28313,2.8,3.1,3.5,3.13
56520,3.15,3.8,3.5,3.48
60373,2.8,3.15,3.6,3.18
30618,3.25,3.8,3.5,3.52
70741,2.5,2.8,2.2,2.5
32773,2.5,2.0,3.75,2.75
3348,3.25,3.5,4.0,3.58
10384,2.85,3.1,4.25,3.4
22264,2.5,3.1,4.2,3.27
67350,2.5,3.0,3.75,3.08
19610,2.85,3.1,3.75,3.23
47454,2.8,3.15,3.9,3.28
53484,2.8,3.15,3.6,3.18
36665,3.25,3.5,2.75,3.17
14667,3.25,3.5,4.1,3.62
19509,3.5,3.8,2.75,3.35
59006,2.8,3.1,2.5,2.8
51807,2.8,3.15,3.65,3.2
12025,3.25,3.5,2.75,3.17
16160,3.25,3.5,2.75,3.17
59337,2.8,3.1,4.2,3.37
45133,3.25,3.5,4.1,3.62
24455,2.5,2.8,3.75,3.02
35069,3.25,3.5,3.75,3.5
37908,3.25,3.5,2.75,3.17
40132,3.25,3.8,4.15,3.73
32836,3.25,3.5,2.75,3.17
20623,2.8,3.15,4.2,3.38
34699,2.5,3.0,2.0,2.5
30789,3.15,3.8,4.25,3.73
5773,2.8,3.15,4.2,3.38
8343,2.85,3.1,4.25,3.4
61335,2.8,3.15,3.9,3.28
72127,3.15,3.8,4.25,3.73
47536,2.5,2.8,4.2,3.17
49345,2.8,3.15,4.2,3.38
15671,3.25,3.5,4.0,3.58
68278,3.25,3.5,3.75,3.5
13498,3.25,3.5,3.75,3.5
20512,2.5,2.8,3.75,3.02
20624,2.8,3.15,4.2,3.38
59862,2.5,2.0,1.5,2.0
50758,2.8,3.15,4.2,3.38
13304,2.5,3.0,2.2,2.57
54599,2.85,3.1,4.25,3.4
1545,2.5,2.8,3.75,3.02
28242,2.8,3.1,3.5,3.13
39452,2.5,2.8,3.1,2.8
53799,3.25,3.5,2.75,3.17
38184,2.8,3.15,4.2,3.38
42226,2.8,3.15,3.5,3.15
5006,2.8,3.1,3.5,3.13
852,2.8,3.15,3.6,3.18
37536,2.8,3.15,3.6,3.18
28307,2.8,3.15,3.65,3.2
24481,2.85,3.1,4.25,3.4
59892,2.8,3.1,3.5,3.13
43959,3.25,3.5,2.75,3.17
17633,2.8,3.15,3.6,3.18
33121,2.5,2.8,3.75,3.02
38584,3.25,3.8,2.5,3.18
17446,2.5,3.0,3.5,3.0
28991,2.8,3.1,3.5,3.13
54853,2.85,3.1,3.75,3.23
54870,3.15,3.8,4.25,3.73
49148,3.15,3.8,2.9,3.28
42283,3.25,3.5,3.75,3.5
44886,3.15,3.8,4.25,3.73
54174,2.8,3.1,4.2,3.37
30582,2.5,2.0,4.25,2.92
13017,2.8,3.1,3.5,3.13
24797,2.5,2.0,1.5,2.0
36312,3.25,3.5,3.75,3.5
49538,2.85,3.1,4.25,3.4
13655,2.85,3.1,3.75,3.23
10521,3.25,3.5,3.75,3.5
23722,2.8,3.15,3.65,3.2
30122,2.8,3.15,3.6,3.18
7377,2.8,3.15,3.6,3.18
24163,3.25,3.5,3.75,3.5
60695,2.85,3.1,4.25,3.4
19176,3.25,3.5,3.75,3.5
60484,2.5,2.8,2.2,2.5
27104,2.5,3.1,3.8,3.13
29385,3.15,3.8,3.5,3.48
31979,2.8,3.15,4.2,3.38
18032,2.8,3.15,4.2,3.38
10524,2.5,2.0,3.0,2.5
43000,2.5,3.1,3.75,3.12
9817,2.5,2.0,1.5,2.0
38628,3.25,3.5,4.1,3.62
21871,2.8,3.15,3.6,3.18
18637,3.25,3.5,2.75,3.17
35325,2.8,3.15,3.65,3.2
45288,3.25,3.5,3.75,3.5
56579,2.5,3.1,3.75,3.12
9677,3.25,3.5,4.0,3.58
43176,2.8,3.15,4.2,3.38
46967,2.5,2.25,3.75,2.83
65010,2.5,3.1,4.2,3.27
54228,3.5,3.8,2.2,3.17
63194,2.5,3.0,3.5,3.0
3368,2.8,3.1,3.5,3.13
14833,3.25,3.5,2.75,3.17
36441,2.8,3.15,4.2,3.38
66849,2.5,3.0,2.0,2.5
59070,2.8,2.5,4.2,3.17
12825,3.25,3.5,2.75,3.17
39009,3.25,3.5,2.75,3.17
11229,3.25,3.5,2.75,3.17
40503,2.8,3.1,3.5,3.13
70719,3.15,3.8,2.95,3.3
15207,3.25,3.5,3.75,3.5
66871,2.8,3.1,4.2,3.37
30873,2.5,2.0,1.5,2.0
48035,2.8,3.1,4.25,3.38
38545,3.5,3.25,2.75,3.17
47893,3.25,3.5,3.75,3.5
36913,2.8,3.15,3.9,3.28
56948,2.8,3.15,4.2,3.38
52275,3.25,3.5,3.75,3.5
37758,2.8,3.1,2.5,2.8
29389,2.85,3.1,3.95,3.3
17718,2.85,3.1,4.25,3.4
36951,2.8,3.1,3.5,3.13
11371,2.5,2.8,3.7,3.0
31766,3.2,3.5,2.8,3.17
21611,3.25,3.5,2.75,3.17
62889,2.85,3.1,3.5,3.15
7517,3.25,3.5,2.75,3.17
50777,2.5,2.8,3.5,2.93
40534,3.15,3.8,4.25,3.73
6493,2.8,3.15,4.2,3.38
55649,3.25,3.5,3.75,3.5
70630,2.5,3.0,3.5,3.0
34189,3.25,3.5,4.1,3.62
15911,3.15,3.8,3.5,3.48
3904,2.85,3.1,4.5,3.48
65739,2.8,3.1,3.5,3.13
17115,2.85,3.1,3.75,3.23
8815,3.15,3.8,4.25,3.73
38976,3.25,3.8,4.1,3.72
4889,3.25,3.5,3.75,3.5
36645,2.5,2.8,3.7,3.0
44702,2.8,3.1,3.5,3.13
15270,2.8,3.1,3.5,3.13
36345,2.8,3.15,3.6,3.18
9753,2.85,3.1,3.75,3.23
30706,2.85,3.1,4.25,3.4
59319,3.5,3.8,2.75,3.35
32754,2.5,2.8,3.1,2.8
24868,2.8,3.15,3.5,3.15
32331,3.25,3.5,3.75,3.5
61490,2.8,3.1,2.5,2.8
21340,2.8,3.15,4.2,3.38
15116,2.8,3.15,4.2,3.38
43844,2.8,3.1,4.25,3.38
51810,2.85,2.5,3.75,3.03
17645,2.8,3.15,3.5,3.15
45140,2.8,3.15,3.5,3.15
43807,2.8,3.15,3.5,3.15
23052,2.5,3.0,3.75,3.08
69715,2.8,3.15,3.5,3.15
61298,3.5,3.25,2.75,3.17
3338,3.25,3.5,2.75,3.17
33484,2.8,3.15,4.2,3.38
58117,2.5,2.0,1.5,2.0
64067,2.5,2.0,1.5,2.0
52716,3.25,3.5,2.75,3.17
63803,2.8,3.15,3.6,3.18
19923,2.85,3.1,3.75,3.23
25853,2.8,3.15,4.2,3.38
16889,3.25,3.5,3.75,3.5
19820,2.8,3.1,3.5,3.13
27132,2.8,3.15,3.6,3.18
23264,3.25,3.5,2.75,3.17
21722,2.5,2.0,1.5,2.0
49750,3.15,3.8,4.25,3.73
20316,2.85,3.1,3.75,3.23
60233,3.25,3.5,4.0,3.58
60170,3.15,3.8,4.25,3.73
53352,3.25,3.5,2.75,3.17
15043,2.85,3.1,4.25,3.4
2197,3.25,3.5,2.75,3.17
61051,2.8,3.15,4.2,3.38
51467,3.25,3.5,3.75,3.5
42801,2.85,3.1,4.25,3.4
40777,2.85,3.1,4.25,3.4
59863,2.5,2.8,3.1,2.8
47294,2.8,3.1,3.5,3.13
60213,3.5,3.8,2.2,3.17
48282,3.5,3.8,4.2,3.83
39811,3.5,3.8,2.75,3.35
55032,2.5,2.0,3.5,2.67
70903,3.5,3.8,2.75,3.35
68191,3.25,3.5,4.1,3.62
47339,2.85,3.1,3.75,3.23
52507,3.25,3.5,2.75,3.17
51959,2.8,3.15,4.2,3.38
51231,3.15,3.8,3.5,3.48
31628,3.25,3.5,2.75,3.17
67003,3.25,3.8,4.1,3.72
51423,3.25,3.5,3.75,3.5
31094,3.25,3.5,2.75,3.17
2015,3.5,3.8,4.2,3.83
39229,2.8,3.15,3.6,3.18
14559,2.85,3.1,4.25,3.4
41121,3.25,3.5,2.75,3.17
39399,2.8,3.15,3.5,3.15
5170,3.15,3.8,3.5,3.48
30216,2.1,2.35,3.8,2.75
62552,2.85,3.1,3.75,3.23
28417,2.8,3.15,3.6,3.18
49043,2.5,2.8,3.75,3.02
13753,2.8,3.15,3.9,3.28
33547,2.85,3.1,4.25,3.4
4363,2.5,3.0,3.75,3.08
14968,2.8,3.15,3.5,3.15
30714,2.85,3.1,4.25,3.4
40633,3.15,3.8,4.25,3.73
40016,3.25,3.5,2.75,3.17
12508,2.8,3.15,3.9,3.28
13809,2.5,3.1,3.8,3.13
34614,2.5,2.8,3.5,2.93
6491,2.8,3.15,4.2,3.38
29243,2.8,3.15,3.9,3.28
15138,2.8,3.1,2.5,2.8
52620,2.8,2.5,4.2,3.17
7680,2.5,2.0,4.25,2.92
66434,2.5,2.8,3.5,2.93
16062,2.5,3.0,2.75,2.75
50590,2.8,3.15,3.6,3.18
49209,2.8,3.15,3.6,3.18
43614,2.8,3.1,2.5,2.8
35599,2.5,3.1,3.8,3.13
40692,2.85,3.1,4.25,3.4
48343,3.25,3.8,2.9,3.32
46692,3.25,3.5,4.1,3.62
6227,3.5,3.8,3.2,3.5
5887,2.8,3.15,3.6,3.18
69106,2.8,3.15,3.65,3.2
12743,2.85,3.1,4.25,3.4
39877,2.8,3.15,4.2,3.38
69905,3.25,3.5,3.75,3.5
63443,2.8,2.5,3.75,3.02
47788,3.15,3.8,4.25,3.73
53101,3.25,3.8,4.1,3.72
22705,2.85,3.1,4.25,3.4
31511,2.85,3.1,3.75,3.23
49923,2.5,2.8,3.1,2.8
41553,2.8,3.15,3.6,3.18
43247,3.25,3.5,3.75,3.5
20143,3.15,3.8,3.5,3.48
1412,2.8,3.15,4.2,3.38
3993,2.85,3.1,4.25,3.4
16953,2.85,3.1,4.25,3.4
63521,2.8,3.15,3.75,3.23
69304,2.5,2.8,3.2,2.83
65280,3.25,3.8,4.1,3.72
32998,2.8,3.15,4.2,3.38
57274,2.85,3.1,4.25,3.4
15618,2.85,3.1,4.25,3.4
4345,3.25,3.8,2.75,3.27
52759,3.25,3.5,4.1,3.62
21656,2.8,3.15,3.6,3.18
12630,2.5,2.0,1.5,2.0
26577,2.85,3.1,4.25,3.4
56814,2.8,3.15,4.2,3.38
8602,3.15,3.8,3.5,3.48
39208,2.8,3.15,4.2,3.38
44709,2.8,3.15,4.2,3.38
44622,3.25,3.5,2.75,3.17
50267,2.85,3.1,4.25,3.4
20712,2.85,3.1,4.25,3.4
34312,3.5,3.25,2.75,3.17
34868,3.25,3.5,4.0,3.58
70507,2.8,3.15,3.6,3.18
28970,3.25,3.5,4.1,3.62
35808,2.8,3.15,3.65,3.2
37189,2.8,3.15,3.9,3.28
61187,2.8,3.15,3.5,3.15
32663,2.5,3.1,2.8,2.8
54896,3.25,3.8,4.15,3.73
49447,3.15,3.8,4.25,3.73
13482,3.25,3.5,4.1,3.62
62110,3.25,3.5,3.75,3.5
51654,2.5,3.0,3.75,3.08
5283,3.25,3.5,2.75,3.17
32436,2.8,3.15,3.9,3.28
1441,2.5,3.0,3.75,3.08
32113,2.8,3.15,3.6,3.18
16333,3.25,3.5,3.75,3.5
46919,2.8,3.1,3.5,3.13
54863,3.15,3.8,4.25,3.73
3573,3.15,3.8,3.5,3.48
29046,2.85,3.1,4.25,3.4
26844,2.8,3.1,3.5,3.13
57865,3.25,3.5,2.75,3.17
6620,2.5,2.8,3.1,2.8
53433,2.8,3.15,3.5,3.15
69740,2.8,3.15,3.5,3.15
49769,2.5,3.0,2.75,2.75
67565,2.8,3.15,4.2,3.38
20114,2.8,3.15,3.5,3.15
32351,2.8,3.15,3.6,3.18
15444,2.85,3.1,4.25,3.4
48504,3.15,3.8,2.9,3.28
53921,2.85,3.1,4.25,3.4
1945,3.25,3.5,4.0,3.58
70437,3.25,3.5,3.75,3.5
33405,2.85,3.1,3.75,3.23
30703,3.5,3.25,2.75,3.17
9165,2.8,3.15,4.2,3.38
56251,2.5,3.1,3.8,3.13
5381,3.15,3.8,4.25,3.73
36103,2.5,2.8,3.75,3.02
18615,2.85,3.1,4.25,3.4
8619,3.25,3.5,3.75,3.5
569,2.5,2.0,1.5,2.0
71846,3.5,3.8,4.2,3.83
15658,2.8,3.15,3.5,3.15
30657,2.8,3.1,4.25,3.38
9138,3.25,3.5,3.75,3.5
35104,2.5,2.0,3.75,2.75
52538,3.15,3.8,3.5,3.48
62260,3.25,3.5,2.75,3.17
32001,3.25,3.5,4.0,3.58
63657,2.8,3.15,3.9,3.28
18543,2.5,3.0,2.0,2.5
54352,3.15,3.8,3.5,3.48
56528,3.15,3.8,4.25,3.73
64734,2.8,3.15,3.6,3.18
7488,2.8,3.1,2.5,2.8
58860,3.5,3.25,4.0,3.58
55370,2.8,3.1,3.5,3.13
70119,3.25,3.5,4.1,3.62
44852,3.15,3.8,4.25,3.73
16270,2.5,2.0,1.5,2.0
52752,2.8,3.15,4.2,3.38
54376,2.8,3.15,3.9,3.28
38148,3.25,3.8,4.1,3.72
43717,2.8,3.15,3.6,3.18
34187,3.25,3.5,3.75,3.5
11191,3.25,3.5,2.75,3.17
34233,2.8,3.1,3.5,3.13
30610,3.15,3.8,2.95,3.3
22169,2.5,2.8,3.1,2.8
24357,2.8,3.1,3.5,3.13
32888,2.8,3.1,2.5,2.8
7520,2.85,3.1,3.75,3.23
60615,2.8,3.1,4.2,3.37
42262,2.8,3.15,3.65,3.2
22938,3.15,3.8,2.95,3.3
25172,2.8,3.15,4.2,3.38
19198,3.25,3.5,2.75,3.17
20474,2.85,3.1,4.25,3.4
15164,3.25,3.5,3.75,3.5
29778,3.25,3.5,3.75,3.5
65735,2.8,3.15,3.6,3.18
62045,3.5,3.8,2.75,3.35
16789,2.8,3.15,3.6,3.18
9756,2.85,3.1,4.25,3.4
60926,3.25,3.5,3.75,3.5
45768,3.25,3.5,3.75,3.5
65131,2.5,2.0,3.75,2.75
58852,2.8,3.15,4.2,3.38
68298,2.5,2.8,3.1,2.8
44860,2.5,3.0,3.75,3.08
12517,3.5,3.8,4.2,3.83
7821,2.8,3.1,3.5,3.13
32565,2.8,3.15,3.9,3.28
67766,3.25,3.5,2.75,3.17
60624,2.5,3.1,3.8,3.13
50770,3.15,3.8,4.25,3.73
18759,2.8,3.15,3.65,3.2
49407,2.8,3.15,2.5,2.82
35106,2.5,2.0,3.5,2.67
2043,2.8,3.15,3.5,3.15
20944,3.15,3.8,2.9,3.28
22218,2.8,3.15,3.65,3.2
6489,2.8,3.15,4.2,3.38
55899,3.25,3.5,4.1,3.62
6094,2.8,3.15,3.6,3.18
51259,2.8,3.15,3.5,3.15
63384,2.5,3.0,3.75,3.08
69516,2.8,3.1,3.5,3.13
21164,2.8,3.15,4.2,3.38
57705,2.8,3.1,3.5,3.13
39102,2.5,3.0,3.75,3.08
12911,3.15,3.8,4.25,3.73
37315,2.5,2.8,3.1,2.8
34336,2.85,3.1,4.25,3.4
54741,2.85,3.1,4.25,3.4
57602,2.8,3.15,3.5,3.15
25931,2.8,3.1,3.5,3.13
3952,2.85,3.1,4.25,3.4
50318,2.8,3.15,3.65,3.2
29094,2.85,3.1,3.75,3.23
59738,2.85,3.1,3.5,3.15
59489,2.85,3.1,4.25,3.4
61773,3.25,3.5,4.0,3.58
39813,3.25,3.5,4.0,3.58
25698,2.85,3.1,4.25,3.4
45384,3.25,3.5,2.75,3.17
26037,3.25,3.5,3.75,3.5
30650,3.25,3.5,3.75,3.5
63358,2.8,3.15,3.6,3.18
61809,2.85,3.1,4.25,3.4
41127,2.8,2.5,4.2,3.17
696,3.25,3.5,2.75,3.17
65130,3.5,3.25,2.1,2.95
23061,2.5,2.8,3.75,3.02
34561,2.5,3.1,2.2,2.6
54859,2.8,3.15,4.2,3.38
47714,2.5,2.0,4.25,2.92
39281,2.8,3.15,3.6,3.18
4063,2.5,3.1,3.8,3.13
60840,2.8,3.15,4.2,3.38
28900,2.8,3.15,2.5,2.82
61418,2.8,3.15,3.9,3.28
35426,2.5,3.0,2.75,2.75
43340,2.8,3.15,3.5,3.15
44916,3.2,3.5,2.8,3.17
37836,2.8,3.15,3.5,3.15
20932,2.8,3.15,3.9,3.28
63930,2.8,3.15,3.65,3.2
2341,2.8,3.15,3.5,3.15
62885,2.8,3.15,3.6,3.18
49903,3.5,3.8,2.2,3.17
19248,2.8,3.15,3.5,3.15
67548,3.25,3.5,4.0,3.58
26711,3.15,3.8,4.25,3.73
13470,3.25,3.5,3.75,3.5
52338,2.8,3.15,4.2,3.38
41861,2.5,2.8,3.75,3.02
67620,2.85,3.1,4.25,3.4
34769,2.8,3.15,4.2,3.38
46705,2.5,2.0,4.5,3.0
71578,3.25,3.5,4.1,3.62
8752,2.85,3.1,4.25,3.4
57065,2.5,2.8,3.75,3.02
65826,2.8,3.1,4.2,3.37
44196,3.2,3.5,2.8,3.17
66176,3.25,3.5,2.75,3.17
18352,2.8,3.1,2.5,2.8
29111,2.8,3.15,4.2,3.38
15591,3.25,3.5,3.75,3.5
8577,2.5,3.1,4.25,3.28
20806,2.5,3.1,2.2,2.6
28285,3.25,3.5,4.0,3.58
39852,3.25,3.5,2.75,3.17
6968,2.8,3.15,4.2,3.38
44031,2.8,3.1,3.5,3.13
9185,3.25,3.5,2.75,3.17
64871,2.8,3.15,4.2,3.38
39091,2.5,2.8,3.75,3.02
16158,2.8,3.15,4.2,3.38
7444,2.8,3.1,3.5,3.13
69999,3.15,3.8,2.55,3.17
24898,2.8,3.15,4.2,3.38
6392,2.8,3.15,3.5,3.15
39966,3.25,3.5,3.75,3.5
68355,3.25,3.8,4.1,3.72
33392,2.8,3.1,3.5,3.13
71314,3.25,3.5,2.75,3.17
1175,2.8,3.1,3.5,3.13
3758,3.25,3.5,2.75,3.17
13562,3.5,3.8,2.2,3.17
36404,2.5,3.0,2.0,2.5
43285,2.8,3.15,4.2,3.38
34932,2.85,3.1,3.75,3.23
25823,2.8,3.1,3.5,3.13
35705,3.15,3.8,4.25,3.73
15452,2.85,3.1,4.25,3.4
34992,3.25,3.5,4.1,3.62
25051,2.85,3.1,4.25,3.4
1187,2.8,3.15,3.6,3.18
3126,3.2,3.5,2.8,3.17
71335,3.5,3.8,3.2,3.5
16624,2.8,2.5,4.2,3.17
65393,2.85,3.1,4.25,3.4
57297,2.8,3.15,3.9,3.28
52989,3.25,3.5,4.1,3.62
32477,3.25,3.5,3.75,3.5
62242,2.8,3.15,4.2,3.38
19795,3.25,3.5,4.0,3.58
192,3.2,3.5,2.8,3.17
12581,2.8,3.15,3.9,3.28
29230,2.8,3.1,3.5,3.13
70476,3.15,3.8,4.25,3.73
64787,3.25,3.5,4.0,3.58
41342,2.1,2.3,4.8,3.07
56102,2.85,3.1,3.65,3.2
64875,2.8,3.1,3.5,3.13
19271,2.5,2.8,3.1,2.8
60150,2.5,2.8,3.75,3.02
56690,2.5,2.0,3.75,2.75
41132,3.5,3.8,2.75,3.35
39791,2.8,3.15,3.6,3.18
5061,2.8,3.15,3.6,3.18
10315,3.25,3.8,2.95,3.33
69711,2.8,3.1,3.5,3.13
15306,2.5,2.8,3.75,3.02
11258,2.5,3.1,3.8,3.13
2713,2.5,3.0,2.2,2.57
24487,2.5,2.0,3.75,2.75
65120,2.8,3.15,3.6,3.18
20040,2.8,3.1,3.5,3.13
46330,3.25,3.5,4.0,3.58
72011,3.15,3.8,3.5,3.48
8010,3.5,3.25,2.75,3.17
8505,2.5,3.0,3.75,3.08
44935,2.1,2.05,4.5,2.88
3813,2.8,3.15,4.2,3.38
17467,2.8,3.1,4.2,3.37
61295,2.85,3.1,3.75,3.23
8653,2.5,3.0,3.75,3.08
25944,2.5,3.0,2.0,2.5
30107,3.25,3.5,2.75,3.17
18160,2.5,2.8,3.75,3.02
13168,2.5,3.1,3.8,3.13
25995,3.25,3.5,4.0,3.58
37907,3.25,3.5,2.75,3.17
975,2.5,2.8,3.75,3.02
62402,2.8,3.15,4.2,3.38
51121,2.5,3.0,4.2,3.23
40342,2.8,3.15,3.9,3.28
142,2.8,3.15,4.2,3.38
17444,3.25,3.5,3.75,3.5
6523,3.15,3.8,2.55,3.17
69669,2.5,2.8,2.2,2.5
43149,2.5,3.1,3.8,3.13
49377,3.25,3.5,2.75,3.17
45539,2.8,3.15,3.5,3.15
11083,2.5,2.0,1.5,2.0
51734,3.25,3.8,2.75,3.27
44162,3.5,3.8,2.9,3.4
47994,3.25,3.5,2.75,3.17
26203,2.8,3.15,3.6,3.18
5754,3.25,3.5,3.75,3.5
19632,2.8,3.15,3.9,3.28
295,3.25,3.5,3.75,3.5
38542,2.8,3.1,2.5,2.8
10094,3.25,3.8,4.15,3.73
50579,2.5,2.8,3.1,2.8
336,2.8,3.15,4.2,3.38
26120,3.25,3.5,4.0,3.58
47729,2.8,3.15,3.65,3.2
37682,2.8,3.1,3.5,3.13
22649,3.5,3.8,3.2,3.5
5398,3.15,3.5,2.8,3.15
54238,3.25,3.5,3.75,3.5
8847,2.8,3.15,3.6,3.18
44669,2.8,3.15,4.2,3.38
3411,2.1,2.3,4.5,2.97
14515,2.85,3.1,3.5,3.15
44832,2.8,3.15,3.65,3.2
46043,3.15,3.8,4.25,3.73
7667,2.8,3.15,3.6,3.18
6194,2.8,3.15,4.2,3.38
43651,3.25,3.5,2.75,3.17
46674,3.25,3.5,2.75,3.17
11340,3.25,3.5,3.75,3.5
36009,2.8,3.15,3.6,3.18
67568,2.8,3.1,3.5,3.13
41197,3.25,3.5,2.75,3.17
12901,2.5,2.0,1.5,2.0
51982,3.25,3.5,4.0,3.58
35775,3.25,3.5,3.75,3.5
34894,2.8,3.15,4.2,3.38
26947,2.85,3.1,4.25,3.4
59414,2.5,3.1,4.2,3.27
11071,3.5,3.25,2.75,3.17
33887,2.8,3.15,3.9,3.28
62069,2.8,3.1,4.2,3.37
14508,2.8,3.15,3.6,3.18
3308,3.25,3.5,3.75,3.5
26156,3.15,3.8,2.95,3.3
58466,3.15,3.8,4.25,3.73
53468,2.5,2.8,3.75,3.02
51485,2.8,3.15,3.5,3.15
16962,3.15,3.8,4.25,3.73
60966,3.25,3.5,4.0,3.58
48453,3.15,3.8,2.5,3.15
58634,2.85,3.1,4.25,3.4
60017,2.8,3.1,3.5,3.13
323,2.8,3.15,3.6,3.18
18910,3.25,3.5,2.75,3.17
12950,3.15,3.8,4.25,3.73
33569,2.5,3.0,2.0,2.5
46163,2.8,3.15,3.75,3.23
8387,2.5,3.0,3.5,3.0
63700,2.8,3.15,3.6,3.18
52495,2.8,3.15,4.2,3.38
21822,2.8,3.15,3.5,3.15
64827,2.8,3.15,3.6,3.18
61491,2.8,3.15,3.6,3.18
55299,2.8,3.1,3.5,3.13
40821,2.5,3.1,2.2,2.6
56053,2.5,2.0,3.75,2.75
41734,2.8,3.15,4.2,3.38
51720,2.85,3.1,3.75,3.23
22316,3.25,3.5,2.75,3.17
63555,3.25,3.5,4.1,3.62
19001,3.25,3.8,3.5,3.52
14229,3.15,3.8,4.25,3.73
57383,2.85,3.1,4.2,3.38
61296,2.5,3.0,2.1,2.53
7267,2.85,3.1,4.25,3.4
40376,3.15,3.8,4.25,3.73
12451,3.25,3.5,3.75,3.5
29634,2.8,3.15,3.65,3.2
23541,3.25,3.5,4.1,3.62
12918,2.8,3.1,3.5,3.13
62225,3.25,3.5,3.75,3.5
23397,2.85,2.5,4.1,3.15
68430,2.85,3.1,4.25,3.4
12801,2.5,3.1,4.25,3.28
31061,2.8,3.15,3.9,3.28
71500,3.25,3.5,2.75,3.17
30695,2.5,2.8,3.75,3.02
44163,2.8,3.15,3.9,3.28
3651,2.85,3.1,3.75,3.23
63838,3.25,3.5,2.75,3.17
45975,3.5,3.25,2.1,2.95
41405,2.8,3.15,4.2,3.38
26927,2.8,3.15,4.2,3.38
12427,2.8,3.1,2.5,2.8
59795,3.15,3.85,3.5,3.5
52805,2.8,3.15,2.5,2.82
22884,2.5,2.8,3.1,2.8
29176,2.8,3.1,2.5,2.8
3388,3.25,3.5,2.75,3.17
66873,2.8,3.15,4.2,3.38
61597,2.8,3.15,4.2,3.38
13170,2.5,3.1,3.8,3.13
671,3.25,3.8,4.1,3.72
53374,2.85,3.1,3.75,3.23
32264,3.25,3.5,2.75,3.17
2831,2.85,3.1,4.25,3.4
18338,2.5,2.8,3.75,3.02
62741,2.8,3.15,4.2,3.38
34572,2.8,3.15,4.2,3.38
39060,3.2,3.5,2.8,3.17
68678,2.8,3.15,3.6,3.18
3662,3.25,3.5,2.75,3.17
59157,3.25,3.5,4.1,3.62
39227,2.8,3.15,3.65,3.2
69019,3.25,3.5,2.75,3.17
35738,2.8,3.1,3.5,3.13
3272,2.5,2.0,1.5,2.0
22619,2.8,3.15,4.2,3.38
4293,2.8,3.1,3.5,3.13
5585,2.85,3.1,4.25,3.4
43009,3.25,3.5,3.75,3.5
34532,3.25,3.5,3.75,3.5
70914,2.85,3.1,4.25,3.4
62610,2.8,3.15,3.5,3.15
44399,3.25,3.5,3.75,3.5
27865,2.5,2.8,3.75,3.02
62879,2.8,3.15,3.6,3.18
15514,3.5,3.25,2.75,3.17
5810,2.85,3.1,4.25,3.4
38212,3.25,3.8,2.5,3.18
15289,3.25,3.5,3.75,3.5
38625,3.15,3.8,4.25,3.73
49754,3.25,3.5,3.75,3.5
891,2.8,3.15,3.9,3.28
22180,3.25,3.5,4.1,3.62
46130,2.8,3.15,4.2,3.38
29655,2.5,3.0,3.75,3.08
31454,2.5,2.8,3.75,3.02
7462,2.85,3.1,4.25,3.4
15358,3.25,3.5,4.1,3.62
31964,2.85,3.1,4.25,3.4
53737,2.85,3.1,4.25,3.4
29769,2.85,3.1,4.25,3.4
3045,3.25,3.5,3.75,3.5
9123,2.85,3.1,3.75,3.23
49764,2.8,3.15,3.6,3.18
57485,2.8,3.15,3.65,3.2
38318,2.85,3.1,4.25,3.4
21250,2.85,3.1,3.75,3.23
55658,2.8,3.15,4.2,3.38
39501,3.15,3.8,2.5,3.15
3352,3.25,3.5,4.0,3.58
39702,2.8,3.15,3.9,3.28
12828,3.25,3.5,2.75,3.17
58082,3.25,3.5,4.1,3.62
67360,3.25,3.5,3.75,3.5
70065,2.5,3.0,2.0,2.5
33584,2.8,3.15,4.2,3.38
50580,2.8,3.15,4.2,3.38
38926,2.8,3.15,4.2,3.38
28409,3.25,3.5,2.75,3.17
52217,2.8,3.1,3.5,3.13
62249,3.25,3.8,3.5,3.52
13837,2.8,3.15,4.2,3.38
15023,2.8,3.15,3.5,3.15
54418,2.5,2.8,3.1,2.8
52095,3.2,3.5,2.8,3.17
37024,3.25,3.5,3.75,3.5
34276,3.25,3.5,2.75,3.17
44012,3.5,3.25,2.1,2.95
62875,3.25,3.5,2.75,3.17
59570,2.8,3.15,3.9,3.28
54925,3.25,3.5,2.75,3.17
980,2.8,3.1,3.5,3.13
12054,3.15,3.8,4.25,3.73
19583,2.5,3.1,4.2,3.27
66004,3.25,3.5,3.75,3.5
5009,2.8,3.1,4.2,3.37
54846,2.85,3.1,4.25,3.4
61624,2.8,3.15,3.75,3.23
9475,2.8,3.1,3.5,3.13
12294,3.25,3.8,3.5,3.52
8978,3.25,3.5,4.1,3.62
1449,3.25,3.8,3.5,3.52
25837,2.5,3.0,2.0,2.5
61446,2.85,3.1,3.5,3.15
52673,2.8,3.15,3.6,3.18
34472,2.8,3.1,3.5,3.13
34205,2.8,3.15,3.65,3.2
35497,2.8,3.15,3.9,3.28
47514,3.25,3.5,4.1,3.62
12141,3.15,3.8,4.25,3.73
4994,3.25,3.5,2.75,3.17
20354,2.8,3.15,3.5,3.15
54905,2.8,3.15,3.5,3.15
39895,3.25,3.5,2.75,3.17
34754,2.8,3.15,3.9,3.28
34816,2.5,2.8,3.1,2.8
39504,2.5,2.8,3.75,3.02
60414,2.8,3.15,3.9,3.28
15147,3.5,3.8,2.75,3.35
47924,2.8,3.15,3.6,3.18
19204,2.8,3.15,4.2,3.38
4504,3.25,3.5,2.75,3.17
34509,3.25,3.5,3.75,3.5
36499,2.8,3.15,4.2,3.38
30981,2.8,3.15,3.6,3.18
52964,3.5,3.25,2.75,3.17
28692,3.25,3.8,3.5,3.52
26688,2.85,3.1,4.25,3.4
17610,3.25,3.5,3.75,3.5
11705,3.15,3.8,4.25,3.73
58664,2.8,3.15,4.2,3.38
22570,2.85,3.1,4.25,3.4
43101,3.25,3.8,4.1,3.72
44305,2.8,3.15,4.2,3.38
35781,2.8,3.15,4.2,3.38
70191,3.15,3.8,3.5,3.48
47169,2.5,2.8,4.2,3.17
17879,3.15,3.8,4.25,3.73
27554,2.5,3.1,3.8,3.13
6122,3.25,3.5,3.75,3.5
27437,2.5,2.8,3.1,2.8
56600,2.5,2.8,3.1,2.8
39649,2.85,3.1,4.25,3.4
2438,3.2,3.5,2.8,3.17
50395,3.25,3.5,3.75,3.5
29142,2.8,3.1,3.5,3.13
55965,2.8,3.15,3.65,3.2
70421,2.5,2.8,4.2,3.17
42615,2.85,3.1,4.25,3.4
23440,2.5,2.8,3.75,3.02
18207,2.5,2.8,3.1,2.8
1907,3.25,3.5,4.1,3.62
66278,3.25,3.5,3.75,3.5
14959,2.5,3.0,2.75,2.75
40025,2.5,2.8,3.5,2.93
21662,2.8,3.15,3.9,3.28
69278,2.85,3.1,4.25,3.4
57190,2.8,3.15,3.9,3.28
39573,2.8,3.1,3.5,3.13
15891,3.25,3.5,4.1,3.62
63494,3.25,3.5,4.0,3.58
55104,2.8,3.15,2.5,2.82
65804,2.8,3.15,3.9,3.28
31348,2.8,3.15,3.9,3.28
54215,3.25,3.5,4.0,3.58
33257,2.8,3.15,4.2,3.38
56951,2.8,3.15,3.65,3.2
1434,2.85,3.1,4.25,3.4
46415,3.25,3.5,3.75,3.5
45921,2.5,3.0,2.2,2.57
2944,3.25,3.5,3.75,3.5
68818,2.8,3.15,4.2,3.38
30034,2.8,3.15,3.65,3.2
66187,2.5,2.8,3.1,2.8
2063,3.25,3.5,2.75,3.17
57093,2.85,3.1,4.25,3.4
56952,3.25,3.5,3.75,3.5
71109,2.8,3.1,2.5,2.8
56364,3.15,3.8,3.5,3.48
52106,3.25,3.5,4.1,3.62
2176,2.5,3.1,2.8,2.8
62388,2.8,3.15,4.2,3.38
34167,3.15,3.8,2.9,3.28
43732,2.8,3.1,2.5,2.8
25033,3.15,3.8,4.25,3.73
9144,3.25,3.5,4.0,3.58
23496,2.8,3.15,3.5,3.15
62284,2.5,2.8,2.2,2.5
19278,2.5,2.8,3.1,2.8
9372,2.8,3.15,4.2,3.38
62180,2.8,3.15,3.6,3.18
42795,3.25,3.5,2.75,3.17
11727,2.8,3.1,4.2,3.37
34130,3.25,3.5,4.0,3.58
46667,3.15,3.8,2.55,3.17
47824,2.5,2.8,3.1,2.8
34625,2.8,3.15,4.2,3.38
41003,3.25,3.5,3.75,3.5
63039,3.15,3.8,4.25,3.73
46522,2.5,3.1,2.8,2.8
18671,3.15,3.85,4.2,3.73
504,2.5,3.1,2.8,2.8
8163,2.5,2.0,1.5,2.0
15772,2.8,3.15,4.2,3.38
14399,3.15,3.8,4.25,3.73
9254,3.15,3.8,3.5,3.48
36505,2.8,3.15,3.65,3.2
57441,2.8,3.15,4.2,3.38
5756,2.8,3.15,4.2,3.38
41741,2.8,3.15,4.2,3.38
44809,3.25,3.8,4.1,3.72
3731,2.85,3.1,3.65,3.2
60824,2.85,3.1,4.25,3.4
37227,3.25,3.5,3.75,3.5
6436,2.8,3.15,3.9,3.28
47984,2.85,3.1,4.25,3.4
14938,2.8,3.15,4.2,3.38
18392,2.8,3.15,4.2,3.38
31158,3.25,3.8,3.5,3.52
52438,2.5,2.8,3.1,2.8
14966,2.5,3.0,3.75,3.08
39898,2.5,2.0,1.5,2.0
40909,2.8,3.15,4.2,3.38
54968,2.85,3.1,3.75,3.23
44283,2.8,3.1,4.2,3.37
33063,2.8,3.15,3.5,3.15
18575,2.5,3.1,3.8,3.13
67901,2.5,3.0,3.75,3.08
6474,2.5,3.1,2.2,2.6
61561,2.8,3.15,4.2,3.38
46502,2.5,3.1,3.8,3.13
52254,2.5,3.0,3.5,3.0
48820,2.8,3.15,3.6,3.18
22299,2.5,3.0,2.0,2.5
60726,3.15,3.3,3.85,3.43
18620,2.5,3.1,3.75,3.12
38756,2.5,2.8,4.2,3.17
43338,2.8,3.15,3.6,3.18
7001,3.15,3.8,4.25,3.73
67246,3.5,3.25,2.75,3.17
13699,2.85,3.1,4.25,3.4
64892,2.8,3.1,4.2,3.37
18316,3.5,3.25,2.75,3.17
44327,3.25,3.5,3.75,3.5
20326,2.8,3.1,3.5,3.13
30296,2.5,3.1,2.2,2.6
21110,2.8,2.5,3.75,3.02
20927,3.25,3.5,3.75,3.5
31582,2.8,3.15,3.9,3.28
71609,2.8,3.15,4.2,3.38
56938,2.85,3.1,4.25,3.4
25109,3.25,3.5,2.75,3.17
33171,3.15,3.8,2.9,3.28
44376,3.25,3.5,2.75,3.17
69036,2.8,3.15,3.6,3.18
29040,3.25,3.5,4.0,3.58
65829,2.8,3.15,4.2,3.38
15285,2.8,3.15,3.6,3.18
26754,2.8,3.15,3.6,3.18
23203,2.8,3.15,4.2,3.38
51945,2.85,3.1,3.75,3.23
850,2.5,3.1,3.8,3.13
28401,3.25,3.5,3.75,3.5
18382,2.8,3.1,3.5,3.13
51277,2.8,3.15,4.2,3.38
7672,2.8,3.1,3.5,3.13
50553,2.85,3.1,3.75,3.23
45352,2.8,3.15,4.2,3.38
16269,2.8,3.15,3.6,3.18
43320,3.25,3.5,2.75,3.17
52326,3.25,3.8,4.1,3.72
21401,3.5,3.8,3.2,3.5
49069,2.8,3.15,3.65,3.2
48362,2.5,3.1,3.8,3.13
20426,2.8,3.15,4.2,3.38
21571,2.5,2.8,3.1,2.8
53598,2.5,3.0,3.75,3.08
51229,2.8,3.15,3.6,3.18
5767,2.8,3.15,4.2,3.38
69478,2.85,3.1,3.65,3.2
49943,2.8,3.15,4.2,3.38
32615,2.8,3.15,3.6,3.18
65609,3.25,3.5,4.1,3.62
70889,3.25,3.8,4.15,3.73
47288,3.25,3.5,3.75,3.5
12753,2.8,3.15,3.65,3.2
64491,3.15,3.8,4.25,3.73
66977,2.8,3.15,3.6,3.18
11880,2.8,3.1,3.5,3.13
15428,3.15,3.8,4.25,3.73
1302,2.5,3.1,3.8,3.13
52354,2.8,3.15,3.9,3.28
60935,2.8,3.1,3.5,3.13
48097,3.25,3.5,2.75,3.17
27734,3.15,3.8,4.25,3.73
5306,2.8,3.15,3.65,3.2
24138,2.8,3.1,4.25,3.38
60670,2.85,3.1,4.25,3.4
47816,2.8,3.15,3.9,3.28
37683,3.25,3.5,2.75,3.17
50776,3.25,3.5,2.75,3.17
52189,2.8,3.15,4.2,3.38
12002,3.5,3.25,2.75,3.17
43040,2.5,2.8,3.5,2.93
68639,3.25,3.5,3.75,3.5
5142,3.15,3.8,4.25,3.73
46136,2.8,3.15,4.2,3.38
29399,3.25,3.5,3.75,3.5
52382,2.5,3.0,3.75,3.08
30166,2.8,3.15,3.9,3.28
42027,3.25,3.5,4.0,3.58
2639,3.25,3.5,4.0,3.58
6310,3.25,3.5,3.75,3.5
63268,2.5,2.8,3.1,2.8
5532,2.85,3.1,4.25,3.4
37017,2.5,2.8,2.2,2.5
29880,3.25,3.5,2.75,3.17
40126,3.15,3.8,2.95,3.3
14887,3.25,3.8,3.5,3.52
55582,2.8,3.1,2.5,2.8
13994,3.25,3.5,4.0,3.58
20673,3.25,3.5,2.75,3.17
39219,2.8,3.15,3.9,3.28
37624,2.5,2.0,1.5,2.0
42127,3.15,3.8,4.25,3.73
40809,3.25,3.5,3.75,3.5
23698,2.5,2.8,4.2,3.17
32795,3.25,3.8,2.75,3.27
9224,2.8,3.15,3.6,3.18
19639,3.2,3.5,2.8,3.17
30844,2.85,3.1,3.75,3.23
912,3.15,3.8,4.25,3.73
8961,2.5,2.2,4.0,2.9
31330,3.25,3.5,3.75,3.5
58544,2.8,3.1,3.5,3.13
66768,2.5,3.1,3.75,3.12
33133,2.5,3.0,3.75,3.08
36540,3.25,3.5,3.75,3.5
1874,3.25,3.5,3.75,3.5
60260,2.8,3.15,3.9,3.28
899,2.5,2.8,2.2,2.5
44138,3.2,3.5,4.1,3.6
47168,2.5,2.8,4.2,3.17
17137,3.25,3.5,4.1,3.62
31290,2.8,3.15,3.65,3.2
26192,2.5,3.0,3.5,3.0
40949,2.5,2.8,3.1,2.8
1820,3.25,3.5,4.0,3.58
27910,2.5,3.0,3.75,3.08
39869,2.8,3.15,4.2,3.38
26587,2.85,3.1,4.25,3.4
19401,2.8,3.15,3.65,3.2
16488,2.85,3.1,4.25,3.4
13359,3.5,3.8,3.2,3.5
29430,2.85,3.1,4.25,3.4
35576,2.8,3.1,3.5,3.13
67,3.15,3.8,3.5,3.48
50611,2.85,3.1,4.5,3.48
37800,2.8,3.15,3.5,3.15
26607,3.25,3.5,4.1,3.62
6707,2.5,2.8,2.2,2.5
69496,3.25,3.5,2.75,3.17
20770,2.8,3.15,3.6,3.18
637,3.25,3.5,2.75,3.17
31934,2.85,3.1,4.25,3.4
71524,3.25,3.5,4.0,3.58
48152,2.8,3.15,3.6,3.18
57701,2.8,3.15,3.5,3.15
30852,2.8,3.15,3.65,3.2
22806,2.85,3.1,3.75,3.23
7454,2.5,3.0,3.75,3.08
20748,2.8,3.15,3.5,3.15
43054,2.8,3.15,4.2,3.38
44123,3.5,4.0,3.75,3.75
4097,2.8,3.1,3.5,3.13
43084,3.25,3.5,3.75,3.5
680,2.5,3.0,3.75,3.08
30591,3.25,3.8,2.5,3.18
4300,3.25,3.5,2.75,3.17
11516,2.8,3.15,3.9,3.28
16041,2.8,3.15,3.5,3.15
3619,2.8,3.1,3.5,3.13
43516,2.8,3.15,4.2,3.38
4035,2.5,3.0,2.2,2.57
26130,3.25,3.8,4.15,3.73
24456,2.5,3.0,2.0,2.5
48540,2.8,3.15,3.6,3.18
33603,2.8,3.1,3.5,3.13
13222,2.8,3.15,3.6,3.18
13355,2.85,3.1,3.75,3.23
28876,2.8,3.1,3.5,3.13
42851,2.8,3.1,3.5,3.13
49424,2.5,2.8,3.1,2.8
68217,2.8,3.15,4.2,3.38
65627,3.25,3.5,4.1,3.62
53253,3.25,3.5,2.75,3.17
5451,3.25,3.5,2.75,3.17
41224,3.5,3.8,3.2,3.5
29152,2.5,3.1,3.75,3.12
45577,2.8,3.15,3.5,3.15
10552,3.25,3.5,4.1,3.62
65910,2.8,3.15,3.5,3.15
17235,3.25,3.5,2.75,3.17
38645,3.25,3.5,4.0,3.58
18943,3.15,3.8,3.5,3.48
68225,2.5,3.1,4.25,3.28
9456,3.5,3.8,3.2,3.5
58124,2.8,3.15,3.5,3.15
819,2.8,3.15,3.6,3.18
60466,2.5,3.1,3.8,3.13
36823,2.5,2.8,2.2,2.5
34436,2.8,3.15,4.2,3.38
13006,2.85,3.1,4.25,3.4
36653,2.85,3.1,4.25,3.4
134,2.5,2.8,3.1,2.8
47705,2.8,3.15,3.5,3.15
47179,2.8,3.1,2.5,2.8
2310,3.5,3.8,3.2,3.5
34229,2.8,3.15,3.6,3.18
9451,3.5,3.8,3.2,3.5
29333,3.25,3.5,4.0,3.58
14922,3.25,3.5,3.75,3.5
35716,2.8,3.15,4.2,3.38
43431,3.15,3.8,4.25,3.73
3992,2.8,3.15,3.65,3.2
60498,2.85,3.1,3.75,3.23
46397,3.25,3.5,2.75,3.17
28769,2.8,3.15,3.6,3.18
64496,3.25,3.5,3.75,3.5
51147,2.8,3.1,2.5,2.8
54986,2.8,3.1,3.5,3.13
50346,3.5,3.8,3.2,3.5
17942,3.15,3.8,4.25,3.73
18595,2.5,3.1,3.8,3.13
16479,2.8,3.1,3.5,3.13
36229,3.25,3.5,3.75,3.5
34888,3.25,3.5,2.75,3.17
62467,2.8,3.1,3.5,3.13
32722,3.5,3.25,2.75,3.17
46911,3.25,3.5,4.0,3.58
34416,3.25,3.5,3.75,3.5
59894,2.8,3.15,4.2,3.38
19676,2.85,3.1,4.25,3.4
23372,3.25,3.5,3.75,3.5
49755,2.8,3.15,3.9,3.28
43756,2.85,3.1,4.25,3.4
36700,2.5,3.0,2.75,2.75
43165,2.85,3.1,3.75,3.23
8988,3.25,3.5,3.75,3.5
1301,2.8,3.1,2.5,2.8
12617,2.8,3.15,4.2,3.38
19163,3.5,3.8,2.75,3.35
57204,2.8,3.15,4.2,3.38
32330,3.25,3.5,3.75,3.5
63057,3.15,3.8,2.95,3.3
41427,3.25,3.5,2.75,3.17
44400,2.8,3.15,3.5,3.15
40335,3.25,3.5,3.75,3.5
20001,2.8,3.15,3.6,3.18
5001,2.8,3.1,3.5,3.13
68928,2.8,3.15,4.2,3.38
44170,2.8,3.15,3.5,3.15
8142,3.25,3.5,2.75,3.17
31969,2.85,3.1,4.25,3.4
71369,3.15,3.8,4.25,3.73
50472,3.25,3.5,4.0,3.58
31250,2.85,3.1,4.25,3.4
9370,3.25,3.5,3.75,3.5
36171,2.5,3.0,4.2,3.23
50678,2.85,3.1,3.75,3.23
589,2.8,3.1,3.5,3.13
65612,2.8,3.1,2.5,2.8
29993,2.8,3.15,3.5,3.15
49189,2.5,2.8,2.2,2.5
32541,3.15,3.8,4.25,3.73
43629,3.25,3.5,2.75,3.17
64695,2.5,2.0,3.75,2.75
43791,2.8,3.15,3.6,3.18
45272,2.8,3.15,4.2,3.38
42528,3.15,3.8,3.5,3.48
56893,2.8,3.1,3.5,3.13
47246,2.8,3.15,3.5,3.15
30025,2.8,3.15,3.9,3.28
41495,2.85,3.1,4.25,3.4
63862,2.5,2.8,3.75,3.02
11097,3.25,3.8,4.15,3.73
34592,3.25,3.8,4.15,3.73
32222,3.15,3.8,4.25,3.73
54589,3.15,3.8,2.9,3.28
17369,2.8,3.15,3.6,3.18
37680,2.8,3.15,3.5,3.15
48564,2.5,3.0,2.2,2.57
30530,3.25,3.5,2.75,3.17
6258,2.85,3.1,4.25,3.4
69283,2.8,3.15,3.9,3.28
57978,2.8,3.15,3.75,3.23
67492,2.8,3.15,4.2,3.38
55548,3.15,3.8,4.25,3.73
51549,2.8,3.1,3.5,3.13
11749,3.15,3.8,4.25,3.73
49388,2.8,3.1,3.5,3.13
41477,2.8,3.1,3.5,3.13
27786,2.85,3.1,4.25,3.4
5336,3.25,3.5,2.75,3.17
61718,2.5,2.8,2.2,2.5
61294,2.8,3.15,4.2,3.38
48220,2.5,3.1,4.2,3.27
48149,2.8,3.15,3.6,3.18
25238,2.8,3.15,4.2,3.38
57718,2.85,3.1,4.25,3.4
13416,2.8,3.15,4.2,3.38
48550,2.85,3.1,3.75,3.23
41853,3.25,3.5,3.75,3.5
21517,3.25,3.5,2.75,3.17
44719,3.25,3.5,3.75,3.5
51533,3.25,3.5,3.75,3.5
7510,3.25,3.5,2.75,3.17
50909,3.25,3.5,2.75,3.17
61195,3.25,3.5,2.75,3.17
65527,3.25,3.5,3.75,3.5
35324,2.8,3.1,3.5,3.13
19928,1.25,2.1,4.5,2.62
64248,2.8,3.15,4.2,3.38
55008,2.85,3.1,3.75,3.23
26223,2.8,2.5,3.75,3.02
12094,2.5,2.8,3.1,2.8
47841,2.8,3.15,4.2,3.38
56384,2.5,2.8,3.75,3.02
17387,3.25,3.5,3.75,3.5
22865,2.5,3.0,3.75,3.08
11241,3.25,3.5,3.75,3.5
39322,3.25,3.5,2.75,3.17
30921,3.25,3.5,2.75,3.17
37843,2.5,2.8,3.75,3.02
20178,2.8,3.15,3.6,3.18
37461,3.5,3.8,2.75,3.35
55703,2.5,2.0,1.5,2.0
23690,2.8,3.15,3.6,3.18
37285,2.5,2.8,3.75,3.02
43274,2.8,3.1,3.5,3.13
72155,3.5,3.8,3.2,3.5
50371,2.8,3.15,4.2,3.38
70676,2.8,3.15,3.6,3.18
41287,3.5,4.0,3.25,3.58
67535,2.8,3.15,3.6,3.18
65983,2.85,3.1,4.25,3.4
58674,3.25,3.5,4.1,3.62
58119,2.8,3.1,3.5,3.13
14145,2.8,3.15,3.6,3.18
56703,2.8,3.1,3.5,3.13
19229,2.8,3.15,4.2,3.38
44362,2.8,3.15,4.2,3.38
23923,2.8,3.15,4.2,3.38
47108,3.25,3.5,3.75,3.5
31785,3.25,3.5,4.1,3.62
53816,2.5,2.0,3.0,2.5
41724,2.8,3.15,3.75,3.23
44797,2.5,2.8,3.1,2.8
35115,2.8,3.15,3.9,3.28
30925,3.15,3.8,2.9,3.28
21693,3.5,3.8,3.2,3.5
40498,2.5,2.8,3.1,2.8
70096,2.8,3.1,3.5,3.13
4532,2.85,3.1,3.75,3.23
32922,2.8,3.15,4.2,3.38
4618,2.85,3.1,3.65,3.2
33688,3.25,3.5,2.75,3.17
54711,3.25,3.5,4.1,3.62
60998,3.15,3.8,3.5,3.48
67210,2.8,3.15,4.2,3.38
8249,2.8,3.15,3.5,3.15
55009,3.15,3.8,3.5,3.48
52526,2.5,2.8,3.1,2.8
72063,3.15,3.8,4.25,3.73
55925,2.85,3.1,3.75,3.23
27717,2.85,3.1,4.25,3.4
50282,2.5,3.0,3.75,3.08
42123,3.5,3.8,2.2,3.17
22953,2.5,3.0,2.2,2.57
26491,3.15,3.8,4.25,3.73
28714,2.8,3.15,4.2,3.38
46926,3.5,3.25,2.75,3.17
2995,3.25,3.5,4.0,3.58
25071,2.8,3.15,3.5,3.15
29891,3.15,3.8,4.25,3.73
60944,2.8,3.15,4.2,3.38
29358,2.85,3.1,3.75,3.23
56652,3.25,3.5,2.75,3.17
2392,3.25,3.5,4.0,3.58
55686,2.5,2.0,1.5,2.0
56658,2.8,3.15,3.5,3.15
42464,3.25,3.5,4.1,3.62
31159,3.15,3.8,2.5,3.15
41814,3.25,3.5,2.75,3.17
33341,2.8,3.15,4.2,3.38
47085,3.25,3.5,4.0,3.58
71520,2.5,3.1,3.8,3.13
71593,2.8,3.15,3.6,3.18
62498,2.5,2.8,3.1,2.8
57733,2.8,3.1,3.5,3.13
28324,2.85,3.1,3.75,3.23
29286,2.5,3.0,2.75,2.75
18162,3.25,3.5,3.75,3.5
47898,3.25,3.5,2.75,3.17
54759,3.25,3.5,3.75,3.5
45988,2.85,3.1,4.25,3.4
35294,2.8,3.15,4.2,3.38
691,2.85,3.1,3.75,3.23
36269,2.8,3.15,2.5,2.82
64027,3.25,3.5,4.0,3.58
8441,3.15,3.8,4.25,3.73
992,2.8,3.15,3.6,3.18
63096,3.25,3.5,3.75,3.5
19823,2.8,3.15,2.5,2.82
29445,3.25,3.5,4.0,3.58
12810,2.8,3.1,2.5,2.8
7904,2.5,3.1,3.8,3.13
57262,3.25,3.5,2.75,3.17
15295,2.5,3.1,3.8,3.13
33192,2.5,2.8,3.5,2.93
70895,2.85,3.1,4.25,3.4
39408,3.25,3.5,3.75,3.5
53388,3.25,3.5,3.75,3.5
27161,2.5,3.0,4.25,3.25
59415,2.85,3.1,3.5,3.15
41767,3.25,3.5,4.1,3.62
24344,3.25,3.5,2.75,3.17
2358,3.15,3.8,4.25,3.73
64670,3.15,3.8,3.5,3.48
8443,2.5,2.8,2.2,2.5
28178,2.8,3.15,3.6,3.18
71478,3.25,3.8,3.5,3.52
47190,2.5,2.0,1.5,2.0
56109,3.25,3.5,3.75,3.5
2821,3.25,3.5,2.75,3.17
19179,2.8,3.15,4.2,3.38
17346,2.85,3.1,4.25,3.4
5063,2.8,3.15,4.2,3.38
59001,3.15,3.8,2.95,3.3
48762,2.85,3.1,4.25,3.4
26043,2.8,3.15,4.2,3.38
26240,2.85,3.1,4.25,3.4
13369,2.5,3.1,3.8,3.13
54335,2.8,3.15,4.2,3.38
69671,2.8,3.1,3.5,3.13
45192,2.5,2.8,3.5,2.93
25120,2.8,3.15,3.6,3.18
52124,3.15,3.8,2.95,3.3
25611,3.25,3.8,2.5,3.18
13490,2.8,3.15,4.2,3.38
16699,2.8,3.15,4.2,3.38
37483,2.85,3.1,3.5,3.15
32150,2.5,3.0,3.75,3.08
57467,2.85,3.1,4.25,3.4
4134,3.25,3.5,4.0,3.58
16726,2.8,3.15,3.65,3.2
55036,2.8,3.15,3.9,3.28
60919,3.5,3.8,2.75,3.35
19191,2.5,2.8,3.1,2.8
1031,2.8,3.15,4.2,3.38
46442,2.5,2.8,3.1,2.8
9731,3.25,3.5,2.75,3.17
20655,2.8,3.1,2.5,2.8
37067,2.8,3.15,3.65,3.2
53164,3.25,3.5,4.0,3.58
907,3.25,3.5,3.75,3.5
6796,3.25,3.5,4.0,3.58
41558,2.8,3.15,4.2,3.38
41670,2.5,3.0,3.5,3.0
53024,2.8,3.1,3.5,3.13
23396,2.85,3.1,4.25,3.4
59954,2.5,2.8,3.5,2.93
29253,2.85,2.5,4.2,3.18
31452,2.8,3.15,3.6,3.18
29132,2.85,3.1,4.25,3.4
8826,3.25,3.5,2.75,3.17
13949,3.15,3.8,3.5,3.48
69839,2.8,3.15,3.9,3.28
60797,3.2,3.5,2.8,3.17
16001,2.8,3.15,3.6,3.18
5313,2.5,2.8,3.1,2.8
47937,2.8,3.15,3.6,3.18
25574,2.8,3.15,3.9,3.28
45485,2.5,2.8,4.2,3.17
58855,3.15,3.8,3.5,3.48
57822,2.8,3.1,4.2,3.37
66124,2.8,3.1,3.5,3.13
12488,2.8,3.15,3.75,3.23
70172,2.8,3.15,4.2,3.38
70737,2.85,3.1,3.75,3.23
8329,2.8,3.15,4.2,3.38
37785,2.85,3.1,4.25,3.4
68203,3.25,3.5,2.75,3.17
65294,2.8,3.1,4.2,3.37
21877,2.5,3.1,3.8,3.13
70622,3.25,3.5,2.75,3.17
12409,3.25,3.5,3.75,3.5
652,2.5,2.8,3.1,2.8
36436,2.5,3.1,3.8,3.13
62035,3.5,3.8,2.9,3.4
42880,2.8,3.15,3.75,3.23
22587,2.8,3.15,3.6,3.18
59515,2.8,3.15,3.6,3.18
67503,3.15,3.8,4.25,3.73
71021,3.25,3.5,4.1,3.62
29386,3.25,3.5,3.75,3.5
67792,2.5,3.0,4.25,3.25
125,2.5,3.1,3.8,3.13
10617,2.5,2.0,3.75,2.75
29942,3.15,3.8,4.25,3.73
47559,3.25,3.5,4.0,3.58
49775,2.8,3.15,4.2,3.38
17222,3.25,3.5,3.75,3.5
71191,3.15,3.85,4.2,3.73
32462,2.8,3.15,3.6,3.18
29072,2.8,3.1,3.5,3.13
40179,3.25,3.5,2.75,3.17
52346,3.25,3.5,3.75,3.5
45995,3.25,3.5,2.75,3.17
44723,2.8,3.1,3.5,3.13
42789,2.8,3.1,4.2,3.37
68664,3.5,3.8,2.75,3.35
1896,3.25,3.5,2.75,3.17
66169,2.5,3.0,2.0,2.5
4343,2.5,3.1,4.2,3.27
41041,3.25,3.5,4.0,3.58
28288,2.5,3.1,2.0,2.53
22987,2.8,3.15,3.6,3.18
63370,2.8,3.15,4.2,3.38
17562,2.5,3.0,3.75,3.08
32189,3.15,3.8,3.5,3.48
71759,2.5,3.0,3.75,3.08
58355,2.8,3.1,4.25,3.38
40450,3.15,3.8,4.25,3.73
5289,2.8,3.1,3.5,3.13
27210,2.8,3.1,3.5,3.13
57543,2.5,2.8,3.1,2.8
2258,3.25,3.8,3.5,3.52
10930,2.8,3.15,3.9,3.28
58721,3.25,3.5,2.75,3.17
32585,2.8,3.15,4.2,3.38
62204,3.25,3.5,2.75,3.17
2973,2.5,2.8,3.1,2.8
47548,2.5,3.1,4.2,3.27
8194,2.8,3.15,3.6,3.18
60053,2.8,3.15,3.9,3.28
23008,3.25,3.5,2.75,3.17
21856,2.5,3.0,3.75,3.08
50340,3.5,3.8,3.2,3.5
66487,3.25,3.5,2.75,3.17
52171,3.5,3.8,4.2,3.83
69180,2.8,3.15,3.6,3.18
36982,3.25,3.5,2.75,3.17
64613,3.25,3.5,4.1,3.62
38420,2.8,3.15,3.6,3.18
44156,3.25,3.5,3.75,3.5
31965,2.8,3.15,2.5,2.82
15802,2.8,3.1,3.5,3.13
36669,3.25,3.5,3.75,3.5
5430,2.8,3.15,3.5,3.15
16388,3.25,3.5,4.1,3.62
22494,3.25,3.5,3.75,3.5
19387,3.25,3.8,4.1,3.72
71533,2.5,3.0,2.0,2.5
31679,3.1,2.85,3.5,3.15
26595,2.8,3.15,3.75,3.23
10454,2.8,3.15,3.5,3.15
27493,2.5,3.0,3.75,3.08
35541,2.8,3.15,3.9,3.28
25809,2.5,2.0,4.25,2.92
3968,2.5,2.8,3.7,3.0
59822,2.5,2.8,4.2,3.17
27881,3.5,3.8,3.2,3.5
3211,2.5,3.0,2.2,2.57
30156,2.85,3.1,4.25,3.4
48489,2.85,3.1,3.5,3.15
57805,2.8,3.15,3.6,3.18
47860,2.8,3.1,2.5,2.8
10763,3.25,3.8,3.5,3.52
27541,3.25,3.5,4.0,3.58
53210,2.8,3.15,4.2,3.38
34033,3.25,3.8,2.5,3.18
55894,2.85,3.1,4.25,3.4
25855,3.25,3.5,4.0,3.58
14136,2.5,3.0,3.75,3.08
54212,2.8,3.15,3.65,3.2
17907,3.25,3.5,4.1,3.62
40884,2.85,3.1,3.5,3.15
30469,2.8,3.1,2.5,2.8
20771,2.5,2.0,3.5,2.67
36977,3.5,3.8,2.75,3.35
55425,2.5,3.1,3.75,3.12
43318,3.25,3.5,2.75,3.17
70837,2.8,3.15,3.5,3.15
69049,3.25,3.5,4.0,3.58
68563,3.15,3.8,4.25,3.73
56572,2.5,2.0,3.5,2.67
60865,2.8,3.15,3.6,3.18
3075,3.25,3.8,4.1,3.72
8108,2.5,3.1,4.2,3.27
17856,2.5,2.8,3.75,3.02
52170,3.5,3.8,4.2,3.83
7040,3.25,3.5,3.75,3.5
29730,2.8,3.15,3.6,3.18
34544,3.15,3.8,2.55,3.17
50565,3.25,3.5,3.75,3.5
24822,2.8,3.15,4.2,3.38
24713,3.15,3.8,4.25,3.73
1892,3.15,3.85,2.9,3.3
41713,3.5,3.25,2.75,3.17
20337,2.5,3.0,3.75,3.08
40216,2.5,2.8,3.1,2.8
5944,2.8,3.15,3.6,3.18
49979,2.5,2.0,1.5,2.0
34912,2.5,2.0,1.5,2.0
37639,3.25,3.5,3.75,3.5
56469,2.8,3.1,3.5,3.13
46358,2.8,3.1,3.5,3.13
7014,2.8,3.1,4.2,3.37
4124,2.8,3.15,3.9,3.28
60059,2.8,3.15,4.2,3.38
45627,2.85,3.1,4.25,3.4
62938,2.8,3.15,3.6,3.18
53953,2.8,3.1,3.5,3.13
64513,2.8,3.15,3.6,3.18
24662,3.25,3.5,4.1,3.62
60338,3.5,3.8,2.2,3.17
2656,2.5,3.0,3.75,3.08
54982,2.5,3.0,3.75,3.08
59880,2.5,3.1,2.2,2.6
4932,2.5,2.8,3.1,2.8
67555,2.5,2.8,3.5,2.93
9349,3.25,3.5,3.75,3.5
15468,3.25,3.8,2.5,3.18
44799,2.8,3.1,3.5,3.13
39680,2.8,3.15,4.2,3.38
44959,2.8,3.15,3.5,3.15
56586,2.8,3.1,4.2,3.37
8524,3.15,3.8,4.25,3.73
15237,2.55,3.12,4.08,3.25
70467,3.25,3.8,2.5,3.18
4732,2.8,3.15,3.6,3.18
17534,3.25,3.5,2.75,3.17
14113,3.25,3.5,2.75,3.17
64723,3.25,3.5,4.0,3.58
46262,2.85,3.1,2.5,2.82
6953,3.15,3.8,4.25,3.73
43519,2.5,2.0,4.25,2.92
23587,2.8,3.1,2.5,2.8
4785,2.8,3.15,3.6,3.18
45575,3.25,3.5,2.75,3.17
20063,2.8,3.1,2.5,2.8
8212,2.5,3.1,3.8,3.13
7789,2.8,3.15,3.6,3.18
66385,2.85,3.1,4.25,3.4
44465,3.2,3.5,2.8,3.17
9419,2.85,3.1,4.25,3.4
17786,3.25,3.5,4.1,3.62
9781,3.25,3.5,2.75,3.17
23799,2.8,3.15,3.65,3.2
57440,2.8,3.15,3.6,3.18
832,2.5,3.1,3.8,3.13
42453,2.85,3.1,4.25,3.4
16104,2.5,2.8,3.1,2.8
69290,3.25,3.5,3.75,3.5
43837,3.25,3.5,2.75,3.17
39596,2.8,3.15,3.9,3.28
63362,3.25,3.5,4.0,3.58
13711,2.85,3.1,4.25,3.4
4012,2.8,3.15,4.2,3.38
18815,3.25,3.5,2.75,3.17
44025,2.8,3.15,4.2,3.38
37610,2.8,3.15,3.6,3.18
40323,3.25,3.5,4.0,3.58
47304,3.25,3.5,2.75,3.17
1386,3.25,3.5,3.75,3.5
46971,2.8,3.15,3.5,3.15
40672,2.8,3.15,4.2,3.38
54525,3.25,3.8,4.15,3.73
6324,2.85,3.1,4.25,3.4
30566,2.8,3.1,4.2,3.37
57831,2.5,2.8,3.75,3.02
11431,3.25,3.5,2.75,3.17
36356,2.8,3.15,3.6,3.18
27042,2.8,3.15,4.2,3.38
63904,2.8,3.1,2.5,2.8
10180,3.15,3.8,4.25,3.73
7729,2.8,2.5,3.75,3.02
24632,3.15,3.8,3.5,3.48
48211,3.25,3.5,2.75,3.17
14891,3.25,3.5,4.0,3.58
13009,3.25,3.5,4.0,3.58
38165,3.25,3.8,3.5,3.52
33064,3.2,3.5,2.8,3.17
56376,2.85,3.1,4.25,3.4
14269,3.15,3.8,4.25,3.73
4586,3.5,3.8,4.2,3.83
1402,2.8,3.15,3.5,3.15
68992,3.25,3.5,2.75,3.17
14601,3.5,3.8,3.2,3.5
41317,2.8,3.1,4.2,3.37
12102,3.25,3.5,4.1,3.62
29244,2.8,3.15,3.5,3.15
37194,2.85,3.1,3.75,3.23
22151,3.25,3.5,3.75,3.5
60813,3.15,3.8,4.25,3.73
19043,2.8,3.15,3.5,3.15
9712,3.25,3.5,2.75,3.17
52358,2.8,3.15,3.65,3.2
58232,2.8,3.1,3.5,3.13
52744,2.8,3.15,3.6,3.18
37939,2.85,3.1,4.25,3.4
34962,2.5,3.0,3.75,3.08
72126,3.25,3.5,2.75,3.17
35471,2.15,2.3,4.5,2.98
39788,2.5,2.25,3.75,2.83
67336,2.5,2.0,3.75,2.75
7046,2.8,3.15,3.65,3.2
69766,3.25,3.8,4.1,3.72
35155,2.8,3.15,4.2,3.38
35035,2.5,2.0,1.5,2.0
1537,2.5,2.8,3.75,3.02
55157,3.15,3.8,4.25,3.73
53790,2.8,3.15,3.6,3.18
67646,2.8,3.15,3.6,3.18
9698,2.5,2.8,2.2,2.5
18884,3.5,3.8,2.75,3.35
53202,3.25,3.5,3.75,3.5
66737,2.5,2.0,3.5,2.67
3328,2.5,3.1,4.2,3.27
17931,3.5,3.8,2.75,3.35
22053,3.25,3.5,4.0,3.58
45611,2.85,3.1,4.25,3.4
36178,2.8,3.15,4.2,3.38
45,2.5,2.8,3.75,3.02
18516,2.8,3.15,3.9,3.28
58146,2.8,3.15,3.9,3.28
24940,2.8,3.15,3.6,3.18
6511,2.5,2.8,3.1,2.8
10207,3.5,3.8,2.9,3.4
59972,3.25,3.5,4.0,3.58
1149,2.85,3.1,4.25,3.4
29935,3.15,3.8,3.5,3.48
40709,2.8,3.15,3.6,3.18
54570,2.8,3.1,3.5,3.13
57574,3.15,3.8,2.55,3.17
46067,2.85,3.1,3.75,3.23
38190,2.8,3.15,4.2,3.38
45246,3.25,3.5,2.75,3.17
3527,3.25,3.5,3.75,3.5
64360,2.8,3.15,3.6,3.18
25376,2.5,2.8,2.2,2.5
26562,3.25,3.5,2.75,3.17
40566,3.25,3.5,3.75,3.5
3318,2.8,3.15,4.2,3.38
20485,2.8,3.15,3.9,3.28
28487,2.8,3.15,4.2,3.38
22725,3.15,3.8,4.25,3.73
67688,2.8,3.15,3.9,3.28
57958,2.85,3.1,4.25,3.4
60577,2.8,3.15,3.6,3.18
17576,2.8,3.1,3.5,3.13
12131,3.25,3.5,2.75,3.17
63420,2.85,3.1,3.75,3.23
53687,3.25,3.5,2.75,3.17
37870,3.25,3.5,3.75,3.5
50585,2.8,3.1,2.5,2.8
6061,3.25,3.5,3.75,3.5
68301,2.8,3.15,3.65,3.2
68642,2.5,2.8,3.75,3.02
11035,3.25,3.8,4.1,3.72
26127,2.85,3.1,4.25,3.4
23838,2.8,3.1,3.5,3.13
14492,2.8,3.15,3.6,3.18
16747,3.25,3.5,2.75,3.17
49200,2.85,3.1,4.2,3.38
1222,2.85,3.1,3.75,3.23
39660,3.25,3.5,2.75,3.17
49440,2.8,3.15,3.6,3.18
5447,2.8,3.15,3.9,3.28
56555,3.25,3.5,2.75,3.17
675,3.25,3.5,3.75,3.5
13224,2.8,3.15,3.6,3.18
26380,3.25,3.5,4.0,3.58
58980,3.5,3.8,4.2,3.83
12945,3.15,3.8,4.25,3.73
36754,2.5,2.8,3.5,2.93
39181,2.5,2.8,4.2,3.17
2572,3.15,3.8,4.25,3.73
45767,3.25,3.5,3.75,3.5
8106,3.25,3.8,3.5,3.52
5986,2.8,3.15,3.75,3.23
66974,2.8,3.15,3.6,3.18
61289,2.8,3.15,3.6,3.18
13771,2.8,3.15,4.2,3.38
19357,3.5,3.8,4.2,3.83
4341,2.5,3.1,4.2,3.27
29373,2.8,3.15,3.6,3.18
25707,2.5,3.0,2.0,2.5
63865,2.5,2.8,3.1,2.8
70416,3.15,3.8,4.25,3.73
58379,3.25,3.5,2.75,3.17
48056,3.15,3.8,3.5,3.48
31272,2.5,2.8,3.75,3.02
48139,3.25,3.5,3.75,3.5
49449,3.25,3.8,3.5,3.52
8537,2.5,2.0,4.25,2.92
54510,2.85,3.1,4.25,3.4
71608,2.8,3.15,3.6,3.18
31422,2.8,3.15,4.2,3.38
25891,2.85,3.1,4.25,3.4
30144,3.15,3.8,4.25,3.73
67757,2.8,3.15,4.2,3.38
7856,3.5,3.8,2.9,3.4
53688,2.85,3.1,4.25,3.4
44521,2.8,3.15,3.5,3.15
24836,3.25,3.5,2.75,3.17
375,2.8,3.15,4.2,3.38
30067,2.8,3.1,2.5,2.8
28448,2.5,3.0,3.75,3.08
9556,2.5,2.0,1.5,2.0
46844,2.5,2.0,3.75,2.75
4906,3.15,3.8,4.25,3.73
68038,2.85,3.1,3.75,3.23
58635,3.15,3.8,4.25,3.73
70063,2.8,3.15,3.9,3.28
21825,3.5,3.25,2.75,3.17
51344,2.5,3.0,4.2,3.23
54886,3.25,3.5,4.0,3.58
38389,2.8,3.15,4.2,3.38
46789,2.8,3.15,3.9,3.28
42895,3.25,3.5,2.75,3.17
13114,2.8,3.15,3.6,3.18
33056,2.8,3.15,4.2,3.38
52527,2.85,3.1,3.75,3.23
54429,2.8,3.15,3.6,3.18
35384,3.25,3.5,2.75,3.17
6190,2.8,3.15,3.9,3.28
44732,2.5,2.8,3.1,2.8
31262,3.5,3.8,4.2,3.83
56117,2.8,3.15,3.9,3.28
37668,2.85,3.1,4.25,3.4
37149,2.8,3.15,3.6,3.18
20020,2.8,3.15,3.9,3.28
30030,2.8,3.15,4.2,3.38
35084,2.8,3.15,3.6,3.18
22438,3.25,3.8,4.1,3.72
59861,2.85,3.1,4.25,3.4
45652,2.8,3.1,3.5,3.13
41412,3.25,3.5,2.75,3.17
26145,2.8,3.15,3.6,3.18
6605,2.85,3.1,4.25,3.4
25101,2.8,3.15,4.2,3.38
30082,2.8,3.15,4.2,3.38
66569,3.15,3.8,4.25,3.73
56811,3.15,3.8,4.25,3.73
19681,2.85,3.1,4.25,3.4
63169,2.8,3.15,3.6,3.18
40710,2.5,2.8,2.2,2.5
70285,2.5,2.0,3.0,2.5
13853,2.5,2.0,1.5,2.0
47214,2.85,3.1,4.25,3.4
37445,2.8,3.15,3.6,3.18
37679,3.15,3.8,2.95,3.3
46878,2.5,2.0,1.5,2.0
45104,2.8,3.15,3.6,3.18
18953,2.8,3.15,3.6,3.18
3588,2.8,3.15,3.5,3.15
8933,3.5,3.8,3.2,3.5
27074,3.25,3.5,3.75,3.5
23656,2.8,3.15,3.6,3.18
32149,2.8,3.1,3.5,3.13
52794,2.8,3.15,3.5,3.15
15297,2.5,2.8,3.1,2.8
70786,3.15,3.8,4.25,3.73
39885,2.5,2.75,4.25,3.17
65908,2.8,3.15,4.2,3.38
34760,2.8,3.1,3.5,3.13
16204,2.85,3.1,3.75,3.23
45514,2.8,3.15,4.2,3.38
8780,2.5,3.1,4.2,3.27
9932,3.15,3.8,4.25,3.73
22845,3.2,3.5,2.1,2.93
13428,2.8,2.5,3.1,2.8
27985,3.25,3.5,4.0,3.58
35136,2.8,3.15,3.6,3.18
54580,2.5,2.8,3.1,2.8
49921,2.5,2.8,3.75,3.02
49785,3.15,3.8,4.25,3.73
12655,3.5,3.8,3.2,3.5
67586,2.8,3.1,3.5,3.13
14875,2.5,2.8,2.2,2.5
22700,2.85,3.1,3.75,3.23
63098,2.5,3.1,3.8,3.13
60328,2.85,3.1,3.75,3.23
83,2.5,3.0,2.0,2.5
57911,2.5,2.8,3.1,2.8
54435,2.5,2.0,1.5,2.0
46974,2.85,3.1,3.75,3.23
24574,3.15,3.8,4.25,3.73
41788,2.8,3.15,3.9,3.28
24020,3.15,3.8,4.25,3.73
67327,2.85,3.1,4.25,3.4
69785,3.15,3.8,4.25,3.73
32326,3.25,3.5,3.75,3.5
30239,2.8,3.1,3.5,3.13
69901,3.25,3.5,2.75,3.17
11008,2.5,2.8,3.1,2.8
24204,3.25,3.5,3.75,3.5
22818,2.85,3.1,4.25,3.4
59037,2.85,3.1,4.25,3.4
17850,3.15,3.8,4.25,3.73
59384,3.25,3.5,4.0,3.58
59856,2.8,3.15,4.2,3.38
41758,2.5,2.8,3.1,2.8
70250,2.85,3.1,4.25,3.4
26249,3.25,3.5,2.75,3.17
56075,2.5,3.15,4.2,3.28
49888,3.25,3.8,3.5,3.52
7136,2.8,3.1,2.5,2.8
23727,2.5,2.8,3.7,3.0
36414,2.8,3.15,4.2,3.38
7033,3.25,3.5,2.75,3.17
26046,3.25,3.5,4.1,3.62
4655,3.25,3.8,4.1,3.72
31517,3.25,3.5,3.75,3.5
61253,2.8,3.1,2.5,2.8
28980,2.5,2.8,3.7,3.0
35354,2.8,3.15,3.9,3.28
40936,3.25,3.5,2.75,3.17
45362,3.25,3.5,3.75,3.5
52914,2.8,3.1,3.5,3.13
34016,3.25,3.5,4.1,3.62
7802,3.25,3.5,4.1,3.62
71417,3.15,3.8,4.25,3.73
34039,2.8,3.15,3.6,3.18
43995,2.85,3.1,4.25,3.4
68246,3.5,3.8,2.7,3.33
42996,3.5,4.0,2.2,3.23
40921,2.8,3.1,3.5,3.13
16597,3.25,3.5,2.75,3.17
62988,3.25,3.5,4.0,3.58
57779,2.8,3.15,3.65,3.2
839,2.5,3.0,3.75,3.08
60324,2.5,2.8,3.75,3.02
65436,3.25,3.5,2.75,3.17
31389,3.2,3.5,2.8,3.17
70244,3.5,3.8,2.9,3.4
23644,2.8,3.1,4.2,3.37
34739,2.8,3.15,4.2,3.38
30864,2.5,3.0,2.75,2.75
37521,3.5,3.8,2.2,3.17
13042,2.8,3.1,2.5,2.8
47222,2.8,3.15,3.6,3.18
66995,3.25,3.5,4.0,3.58
24850,2.5,2.0,1.5,2.0
59023,2.85,3.1,4.25,3.4
19787,2.8,3.1,3.5,3.13
1107,2.5,3.0,3.75,3.08
71428,2.8,3.1,2.5,2.8
46624,2.8,3.1,3.5,3.13
48586,2.8,3.1,3.5,3.13
48261,3.25,3.5,3.75,3.5
57630,3.5,3.8,2.75,3.35
37742,2.5,3.1,3.8,3.13
29741,2.85,3.1,3.65,3.2
20283,2.8,3.15,3.6,3.18
23198,2.8,3.1,3.5,3.13
32124,3.25,3.5,3.75,3.5
25398,3.15,3.8,4.25,3.73
35303,2.85,3.1,4.25,3.4
47674,2.8,3.1,2.5,2.8
65011,3.25,3.5,4.0,3.58
26444,2.8,3.15,3.5,3.15
43118,2.85,3.1,4.25,3.4
46460,2.85,3.1,4.25,3.4
53274,3.15,3.8,3.5,3.48
5531,3.25,3.5,4.1,3.62
32611,2.5,3.1,3.8,3.13
27214,2.8,3.1,3.5,3.13
60435,2.8,3.15,3.5,3.15
64243,2.5,2.8,2.2,2.5
42441,2.5,3.1,3.75,3.12
57849,2.8,3.1,2.5,2.8
8082,2.5,2.8,3.1,2.8
58915,2.5,2.8,3.75,3.02
42575,2.5,2.0,1.5,2.0
40578,3.25,3.8,2.75,3.27
21347,3.15,3.8,3.5,3.48
58455,2.85,3.1,3.75,3.23
62471,3.5,3.8,2.9,3.4
33561,3.25,3.8,2.5,3.18
21439,3.25,3.5,2.75,3.17
19347,3.25,3.5,3.75,3.5
57649,2.85,3.1,3.75,3.23
46196,2.8,3.1,3.5,3.13
42422,3.25,3.5,2.75,3.17
22449,2.8,3.15,4.2,3.38
70446,2.8,3.15,3.9,3.28
68670,2.5,2.8,3.75,3.02
4592,2.8,3.15,4.2,3.38
52376,2.85,3.1,4.25,3.4
13919,3.25,3.8,4.15,3.73
44701,2.8,3.15,4.2,3.38
12234,2.5,2.8,3.1,2.8
65387,2.85,3.1,4.25,3.4
65880,3.25,3.5,4.1,3.62
14979,2.8,3.1,3.5,3.13
64001,2.5,2.8,3.5,2.93
7355,3.15,3.8,3.5,3.48
13213,2.8,3.1,2.5,2.8
60494,3.25,3.5,3.75,3.5
10411,2.5,2.8,3.1,2.8
37422,3.25,3.5,4.1,3.62
19192,2.8,3.15,3.6,3.18
6561,2.8,3.15,3.5,3.15
51643,2.5,3.0,2.0,2.5
25523,3.15,3.8,4.25,3.73
1454,3.25,3.5,4.0,3.58
56787,3.25,3.5,4.0,3.58
20153,2.8,3.1,3.5,3.13
1061,2.8,3.1,3.5,3.13
2469,3.25,3.5,2.75,3.17
43533,2.5,3.1,4.2,3.27
40278,3.25,3.5,3.75,3.5
34889,3.25,3.5,2.75,3.17
14031,3.15,3.8,4.25,3.73
7827,3.15,3.8,4.25,3.73
52108,2.8,3.15,3.6,3.18
5415,3.15,3.8,4.25,3.73
5068,2.5,2.8,3.75,3.02
70137,3.25,3.8,4.15,3.73
8288,3.25,3.8,3.5,3.52
53631,2.8,3.1,2.5,2.8
42396,2.8,3.15,3.6,3.18
11040,2.85,3.1,4.25,3.4
10426,3.25,3.5,3.75,3.5
45264,3.25,3.5,4.0,3.58
72062,2.8,3.15,3.6,3.18
37356,2.8,3.15,3.9,3.28
10788,2.5,3.0,2.2,2.57
11101,3.25,3.8,3.5,3.52
45032,3.15,3.8,4.25,3.73
57765,3.25,3.8,4.1,3.72
28420,2.5,2.8,2.2,2.5
45520,2.5,3.0,3.75,3.08
29219,2.5,3.0,2.0,2.5
11127,3.25,3.5,2.75,3.17
43299,2.5,3.0,2.75,2.75
63656,2.8,3.1,2.5,2.8
56211,2.5,2.8,2.2,2.5
54601,3.25,3.5,4.0,3.58
38623,2.8,3.15,3.6,3.18
63192,2.85,3.1,3.75,3.23
69949,2.8,3.15,3.6,3.18
22109,2.8,3.1,3.5,3.13
17197,3.5,3.8,4.2,3.83
70514,2.8,3.15,3.6,3.18
16457,2.5,2.8,3.1,2.8
44728,2.5,2.8,3.5,2.93
200,2.85,3.1,3.75,3.23
71151,2.5,3.0,3.75,3.08
22933,2.8,3.15,4.2,3.38
50915,2.8,3.15,4.2,3.38
44856,3.15,3.8,2.95,3.3
26872,2.85,3.1,4.25,3.4
63826,3.25,3.5,2.75,3.17
33697,2.85,3.1,3.65,3.2
27901,2.8,3.15,4.2,3.38
62469,2.8,3.15,4.2,3.38
36430,2.5,3.0,3.75,3.08
15294,3.25,3.5,2.75,3.17
3488,2.85,3.1,3.75,3.23
37013,2.85,3.1,4.25,3.4
40455,3.15,3.8,4.25,3.73
47370,2.8,3.15,3.65,3.2
26287,2.8,3.1,3.5,3.13
56173,2.8,3.15,3.5,3.15
25131,2.85,3.1,4.25,3.4
30036,3.25,3.5,3.75,3.5
5526,3.25,3.5,3.75,3.5
64677,3.15,3.8,4.25,3.73
65952,3.25,3.5,3.75,3.5
15391,3.25,3.5,2.75,3.17
53215,2.8,3.15,4.2,3.38
6661,3.2,3.5,2.8,3.17
52985,2.5,2.8,3.1,2.8
60197,3.25,3.5,3.75,3.5
1210,2.85,3.1,4.25,3.4
16273,5.0,3.48,3.26,3.9133
36969,2.8,3.1,2.5,2.8
35269,3.15,3.8,4.25,3.73
71117,2.8,3.1,4.2,3.37
46586,2.8,3.15,3.6,3.18
41577,3.25,3.5,2.75,3.17
8341,2.8,3.15,4.2,3.38
52048,2.5,3.1,4.2,3.27
10634,3.15,3.8,2.95,3.3
56529,3.25,3.5,4.1,3.62
21582,2.5,2.8,4.2,3.17
15518,3.25,3.5,2.75,3.17
43150,2.8,3.15,4.2,3.38
65791,2.8,3.1,3.5,3.13
38833,2.8,3.15,4.2,3.38
52635,2.8,3.15,3.5,3.15
7493,2.5,2.8,2.2,2.5
32225,3.25,3.5,2.75,3.17
47426,2.5,2.8,3.1,2.8
66594,2.85,3.1,4.25,3.4
16386,3.25,3.5,2.75,3.17
69029,2.8,3.15,3.5,3.15
44958,2.8,3.15,3.9,3.28
70594,3.25,3.5,4.0,3.58
12840,2.5,2.0,3.75,2.75
25382,2.5,2.8,2.2,2.5
2418,2.85,3.1,4.25,3.4
69434,2.5,2.0,3.75,2.75
67239,3.15,3.8,2.95,3.3
55863,2.8,3.15,4.2,3.38
68549,2.8,3.1,3.5,3.13
47487,3.25,3.5,3.75,3.5
41546,2.8,3.15,4.2,3.38
28176,2.8,3.15,3.6,3.18
13094,2.85,3.1,3.75,3.23
14980,3.15,3.8,4.25,3.73
55283,2.8,3.15,3.65,3.2
28808,2.8,3.1,2.5,2.8
69315,2.5,2.0,1.5,2.0
7284,3.25,3.5,3.75,3.5
47281,2.85,3.1,3.5,3.15
53538,3.25,3.5,4.1,3.62
12172,2.8,3.15,3.6,3.18
9362,2.8,3.1,4.2,3.37
66130,2.5,2.8,3.5,2.93
30988,2.5,3.0,2.0,2.5
11036,2.8,3.15,4.2,3.38
8065,2.8,3.15,3.6,3.18
48775,2.5,2.8,4.2,3.17
19671,3.25,3.5,4.1,3.62
5973,2.8,3.15,3.5,3.15
64180,2.85,3.1,3.75,3.23
57151,3.15,3.8,4.25,3.73
64193,2.8,3.1,3.5,3.13
36513,2.8,3.15,4.2,3.38
15150,2.8,3.1,3.5,3.13
29996,2.85,3.1,4.25,3.4
20956,2.8,3.15,3.9,3.28
47307,2.5,3.0,3.5,3.0
26115,2.8,3.15,3.9,3.28
4748,2.85,3.1,4.25,3.4
6510,3.25,3.5,3.75,3.5
66056,2.5,2.8,3.5,2.93
35927,2.8,3.15,3.6,3.18
54784,3.25,3.5,2.75,3.17
69145,2.85,3.1,4.25,3.4
45821,2.5,2.8,3.1,2.8
32252,2.85,3.1,4.25,3.4
35558,2.5,3.0,2.2,2.57
59936,3.25,3.5,2.75,3.17
58923,2.5,2.0,1.5,2.0
19346,3.25,3.5,3.75,3.5
62189,2.8,3.15,3.9,3.28
5563,2.5,2.0,1.5,2.0
57902,2.8,3.1,3.5,3.13
15257,3.15,3.8,2.95,3.3
43207,2.8,3.15,3.65,3.2
59298,2.8,3.1,2.5,2.8
33162,2.5,2.0,1.5,2.0
13589,3.25,3.5,3.75,3.5
16540,2.8,3.15,3.9,3.28
39069,3.25,3.5,2.75,3.17
2557,2.5,2.8,3.7,3.0
65360,3.2,3.5,2.8,3.17
15094,3.25,3.5,3.75,3.5
32819,3.25,3.5,2.75,3.17
49945,2.5,2.0,1.5,2.0
60815,2.8,3.1,2.5,2.8
50519,2.8,3.15,3.6,3.18
49307,2.8,3.15,4.2,3.38
36419,3.25,3.5,4.1,3.62
61127,2.5,3.1,3.8,3.13
31872,3.2,3.5,2.8,3.17
1196,2.8,3.15,3.5,3.15
51878,2.8,3.1,3.5,3.13
28316,2.8,3.15,3.6,3.18
61757,3.25,3.5,3.75,3.5
39931,2.85,3.1,3.75,3.23
42577,3.25,3.5,3.75,3.5
25279,2.85,3.1,3.75,3.23
33786,3.15,3.8,4.25,3.73
46608,2.85,3.1,3.75,3.23
35021,2.8,3.15,4.2,3.38
38708,2.5,2.8,4.2,3.17
22551,2.85,3.1,4.25,3.4
54943,2.8,3.15,2.5,2.82
48704,2.85,3.1,4.25,3.4
53718,3.25,3.5,4.1,3.62
35317,3.25,3.5,4.0,3.58
15739,3.25,3.5,2.75,3.17
6101,3.25,3.8,3.5,3.52
50831,2.8,3.15,3.6,3.18
29752,3.25,3.5,3.75,3.5
62661,2.85,3.1,3.75,3.23
26488,2.85,3.1,4.25,3.4
57175,2.85,3.1,4.25,3.4
14921,2.85,3.1,4.25,3.4
15479,3.15,3.8,3.5,3.48
27952,3.15,3.8,3.5,3.48
20428,2.8,3.15,4.2,3.38
35312,2.5,2.8,3.1,2.8
57085,2.5,2.8,4.2,3.17
6178,3.5,3.25,2.75,3.17
51862,2.85,3.1,4.25,3.4
20430,2.8,3.15,3.6,3.18
58919,2.5,3.15,3.8,3.15
35960,2.5,3.0,2.0,2.5
31126,3.25,3.5,2.75,3.17
34116,2.85,3.1,4.25,3.4
17161,2.8,3.15,4.2,3.38
16142,2.8,3.1,3.5,3.13
10311,3.5,3.25,2.75,3.17
9399,3.25,3.5,2.75,3.17
39551,3.15,3.8,4.25,3.73
34069,2.8,3.15,3.6,3.18
60305,3.25,3.5,2.75,3.17
28089,2.8,3.15,3.9,3.28
16854,3.25,3.5,4.0,3.58
1885,3.25,3.5,4.0,3.58
15860,3.15,3.8,2.95,3.3
22653,3.25,3.5,2.75,3.17
38648,2.8,3.15,4.2,3.38
39807,2.5,3.0,2.2,2.57
4686,2.5,2.8,3.5,2.93
46717,2.8,3.15,3.5,3.15
43973,3.25,3.5,2.75,3.17
37136,3.25,3.5,3.75,3.5
1692,3.25,3.8,4.15,3.73
11726,2.5,3.0,2.2,2.57
16012,2.8,3.15,3.6,3.18
33664,2.8,2.5,3.75,3.02
46687,2.5,2.0,1.5,2.0
16247,2.8,3.15,3.9,3.28
49389,3.25,3.5,4.1,3.62
49456,3.25,3.5,3.75,3.5
61812,2.5,3.0,3.75,3.08
31741,2.8,3.15,3.6,3.18
66973,2.8,3.15,4.2,3.38
35644,2.8,3.15,4.2,3.38
10821,2.8,3.15,4.2,3.38
29538,3.25,3.5,2.75,3.17
7952,2.5,3.0,2.0,2.5
35831,3.25,3.5,4.0,3.58
61493,2.8,3.1,2.5,2.8
15656,2.8,3.15,4.2,3.38
57945,3.25,3.5,4.1,3.62
69426,2.8,3.15,3.6,3.18
47014,3.15,3.8,4.25,3.73
69672,2.5,2.0,3.0,2.5
26259,3.25,3.5,4.0,3.58
47805,3.25,3.8,4.1,3.72
44513,3.25,3.5,2.75,3.17
21458,3.25,3.5,2.75,3.17
55364,2.8,3.1,3.5,3.13
35358,2.8,3.15,4.2,3.38
21453,2.8,3.15,4.2,3.38
19275,3.5,3.25,2.75,3.17
28011,2.8,3.15,3.65,3.2
30105,3.15,3.8,4.25,3.73
27982,3.25,3.5,2.75,3.17
42739,3.5,3.8,2.2,3.17
71041,3.5,3.8,2.2,3.17
14239,2.5,2.8,3.75,3.02
21284,3.25,3.8,3.5,3.52
3891,2.8,3.15,4.2,3.38
28506,3.5,3.8,2.75,3.35
37983,3.25,3.5,3.75,3.5
30022,2.5,3.0,2.75,2.75
42126,3.15,3.8,4.25,3.73
61703,3.15,3.8,4.25,3.73
1515,3.25,3.5,4.0,3.58
34144,3.15,3.8,4.25,3.73
26825,3.25,3.5,3.75,3.5
26496,2.5,2.8,3.1,2.8
57687,3.25,3.5,4.1,3.62
51278,2.5,2.0,1.5,2.0
42905,2.5,2.0,1.5,2.0
49193,2.8,3.15,4.2,3.38
50689,2.5,3.1,3.75,3.12
23153,2.8,3.1,4.2,3.37
40387,2.8,3.1,3.5,3.13
17193,3.25,3.5,3.75,3.5
19047,2.5,3.0,3.75,3.08
30329,2.5,3.0,2.75,2.75
10436,2.85,3.1,3.75,3.23
36341,3.5,3.25,2.75,3.17
32281,2.85,3.1,3.5,3.15
65553,2.8,3.1,3.5,3.13
50957,3.15,3.8,4.25,3.73
35306,2.8,3.15,3.9,3.28
63063,2.85,3.1,4.25,3.4
66878,2.8,3.15,4.2,3.38
32100,2.8,3.1,2.5,2.8
39259,3.15,3.8,4.25,3.73
32441,2.1,2.35,4.5,2.98
7245,3.15,3.8,4.25,3.73
63842,2.5,2.8,3.1,2.8
64373,3.25,3.5,2.75,3.17
66690,2.85,3.1,4.25,3.4
53054,3.5,3.8,4.2,3.83
4923,2.5,3.0,3.75,3.08
19093,2.85,3.1,4.25,3.4
30063,2.8,3.1,3.5,3.13
7120,2.8,3.15,3.9,3.28
49802,3.15,3.8,3.5,3.48
56047,2.5,2.8,3.75,3.02
23489,3.1,3.5,2.8,3.13
41763,3.5,3.8,3.2,3.5
9512,3.25,3.5,3.75,3.5
22000,2.5,2.8,3.75,3.02
36510,2.85,3.1,4.25,3.4
31292,2.8,3.15,3.5,3.15
2951,2.5,3.1,4.2,3.27
58604,2.8,3.15,3.6,3.18
56027,3.15,3.8,4.25,3.73
51791,2.8,3.1,3.5,3.13
42601,2.8,3.1,2.5,2.8
48042,2.5,3.1,3.8,3.13
61663,3.15,3.8,4.25,3.73
26238,3.25,3.5,4.0,3.58
31843,2.8,3.15,3.6,3.18
35060,3.25,3.5,2.75,3.17
28803,2.5,2.8,3.1,2.8
63906,2.8,2.5,3.75,3.02
61903,2.85,3.1,3.75,3.23
36170,2.5,3.0,3.5,3.0
34379,3.15,3.8,4.25,3.73
17637,2.8,3.15,4.2,3.38
47300,2.8,3.1,2.5,2.8
23418,3.15,3.8,2.5,3.15
49094,3.5,3.8,4.2,3.83
4614,2.8,3.15,3.6,3.18
22148,2.8,3.15,3.5,3.15
9779,2.8,2.5,4.2,3.17
60715,2.5,3.0,3.75,3.08
8544,2.85,3.1,3.5,3.15
11766,2.8,3.1,2.5,2.8
58107,2.8,3.1,3.5,3.13
40626,2.5,2.0,1.5,2.0
56871,2.8,3.15,3.9,3.28
24066,3.25,3.8,2.75,3.27
39151,2.5,3.0,2.0,2.5
62636,2.8,3.1,3.5,3.13
29502,2.8,3.15,4.2,3.38
64885,2.5,2.8,2.2,2.5
55898,2.5,2.0,1.5,2.0
14610,3.15,3.8,3.5,3.48
64069,2.8,3.15,3.5,3.15
65948,3.25,3.5,3.75,3.5
62512,2.8,3.15,3.5,3.15
62476,3.25,3.5,2.75,3.17
3721,2.8,3.15,3.6,3.18
54538,2.85,3.1,4.25,3.4
71025,3.25,3.5,2.75,3.17
19297,2.8,3.1,3.5,3.13
51817,2.8,3.15,3.6,3.18
30217,3.15,3.8,3.5,3.48
26209,2.8,3.15,3.6,3.18
26889,3.15,3.8,4.25,3.73
53594,2.5,3.0,2.75,2.75
20422,3.15,3.8,3.5,3.48
57331,2.5,3.0,2.0,2.5
9700,2.8,2.5,3.75,3.02
62101,2.85,3.1,3.75,3.23
35125,2.8,3.15,3.6,3.18
14953,2.5,2.8,3.75,3.02
39825,3.25,3.5,2.75,3.17
4945,3.5,3.8,2.9,3.4
41777,2.5,2.8,2.2,2.5
48475,2.8,3.15,3.5,3.15
36667,2.8,3.15,3.6,3.18
45407,2.8,3.15,3.5,3.15
43587,3.5,3.8,2.75,3.35
67337,2.5,3.0,3.5,3.0
55801,2.8,3.1,3.5,3.13
37811,2.5,2.8,3.1,2.8
46015,3.5,3.25,2.75,3.17
12439,2.8,3.15,4.2,3.38
62201,2.8,3.15,4.2,3.38
34032,3.25,3.5,2.75,3.17
56450,2.8,3.15,4.2,3.38
69071,2.8,3.15,3.6,3.18
63601,2.5,3.0,4.2,3.23
45590,3.25,3.5,3.75,3.5
8658,3.25,3.5,2.75,3.17
52138,3.25,3.5,3.75,3.5
70249,2.5,3.0,3.75,3.08
15673,2.8,3.15,3.5,3.15
17354,3.2,3.5,2.8,3.17
7961,3.2,3.5,2.8,3.17
26605,3.25,3.5,4.0,3.58
53500,2.8,3.1,2.5,2.8
54021,3.25,3.5,2.75,3.17
33731,2.5,2.8,4.2,3.17
21231,2.8,3.15,3.75,3.23
52811,2.5,2.8,3.75,3.02
50443,2.5,2.8,3.75,3.02
12949,2.8,3.1,3.5,3.13
47264,2.8,3.1,3.5,3.13
52665,2.8,3.15,3.6,3.18
54809,3.25,3.5,4.1,3.62
52796,3.5,3.8,2.2,3.17
36597,3.35,2.26,4.08,3.23
59756,3.25,3.5,2.75,3.17
32244,2.8,3.1,2.5,2.8
8924,3.15,3.8,4.25,3.73
38616,2.5,2.8,3.1,2.8
17121,2.8,3.15,3.9,3.28
10708,3.5,3.8,4.2,3.83
71066,2.8,3.15,3.5,3.15
27331,2.8,3.15,3.5,3.15
24896,3.5,3.8,2.75,3.35
43856,2.8,3.15,3.65,3.2
59382,2.5,3.1,4.25,3.28
44369,3.25,3.5,2.75,3.17
46920,3.15,3.8,4.25,3.73
48354,2.5,2.8,3.1,2.8
55524,3.5,3.8,2.2,3.17
48003,3.25,3.5,2.75,3.17
24835,3.5,3.8,4.2,3.83
39619,2.5,2.0,3.75,2.75
34942,2.8,3.15,4.2,3.38
36053,2.8,3.15,3.65,3.2
40713,3.25,3.8,3.5,3.52
61021,2.85,3.1,4.25,3.4
54935,2.1,2.3,4.5,2.97
48871,2.8,3.15,3.65,3.2
557,3.25,3.5,3.75,3.5
8605,3.25,3.5,3.75,3.5
20137,3.25,3.5,2.75,3.17
33109,2.8,3.15,3.6,3.18
11622,3.15,3.8,4.25,3.73
42015,3.15,3.8,2.95,3.3
17022,2.5,3.0,3.75,3.08
29756,2.5,3.0,4.25,3.25
37647,2.85,3.1,4.25,3.4
15748,2.5,2.8,3.1,2.8
17776,2.8,3.15,4.2,3.38
64888,2.8,3.1,4.2,3.37
58293,2.5,3.1,3.8,3.13
19496,2.5,2.8,3.75,3.02
33312,2.85,3.1,4.25,3.4
30803,3.5,4.0,3.25,3.58
32970,3.5,3.8,2.75,3.35
40237,2.5,2.8,3.1,2.8
61802,3.25,3.8,2.75,3.27
23896,2.8,3.15,3.6,3.18
70756,2.8,3.15,4.2,3.38
42026,3.25,3.5,3.75,3.5
33310,3.25,3.5,3.75,3.5
41586,3.25,3.5,3.75,3.5
16537,2.85,3.1,3.5,3.15
39134,2.5,3.0,2.25,2.58
57753,2.85,3.1,4.25,3.4
56145,2.8,3.15,3.9,3.28
4005,2.5,2.8,3.1,2.8
31273,3.25,3.8,3.5,3.52
14486,2.5,3.0,3.5,3.0
30053,2.8,3.15,4.2,3.38
12972,2.5,3.0,2.0,2.5
63467,2.85,3.1,4.25,3.4
57024,3.25,3.8,3.5,3.52
17712,3.25,3.5,4.1,3.62
11481,2.85,3.1,4.25,3.4
66039,3.25,3.5,4.0,3.58
70563,3.15,3.8,3.5,3.48
52870,2.5,2.8,3.75,3.02
71502,2.8,3.15,3.6,3.18
54790,2.8,3.1,4.2,3.37
62790,3.25,3.5,2.75,3.17
21094,2.8,3.15,4.2,3.38
58977,3.25,3.5,3.75,3.5
26331,2.85,3.1,3.75,3.23
44202,2.8,3.15,4.2,3.38
21781,2.85,3.1,4.25,3.4
46539,2.5,3.0,2.0,2.5
20796,2.5,2.8,3.5,2.93
32207,3.15,3.8,3.5,3.48
47033,2.8,3.15,3.6,3.18
38334,2.5,3.0,3.75,3.08
40652,3.15,3.8,4.25,3.73
25549,2.8,3.1,3.5,3.13
6264,2.8,3.15,3.6,3.18
36952,2.8,3.15,4.2,3.38
51578,3.25,3.5,2.75,3.17
22475,3.5,3.8,2.75,3.35
22591,2.8,3.1,2.5,2.8
52297,3.25,3.5,2.75,3.17
53482,2.8,3.15,3.9,3.28
38726,3.25,3.5,4.0,3.58
36331,2.8,3.15,3.6,3.18
11933,2.5,3.0,2.2,2.57
58771,2.5,2.8,3.1,2.8
50533,2.5,3.0,3.75,3.08
68263,2.5,2.8,3.5,2.93
23267,2.5,3.0,2.0,2.5
39868,3.15,3.8,3.5,3.48
49092,2.5,3.0,2.2,2.57
38563,3.5,3.25,2.75,3.17
35904,2.8,3.15,3.9,3.28
10267,3.25,3.5,3.75,3.5
56642,2.8,3.15,4.2,3.38
24406,2.8,3.15,3.6,3.18
23820,3.5,3.8,2.75,3.35
28667,2.8,3.1,4.2,3.37
59734,3.25,3.8,2.5,3.18
56585,2.5,3.0,2.75,2.75
63364,3.25,3.5,4.0,3.58
62533,2.8,3.15,4.2,3.38
1417,2.85,3.1,4.25,3.4
9927,2.5,2.8,2.2,2.5
16825,2.8,3.15,4.2,3.38
62755,3.5,3.8,3.2,3.5
67484,2.5,3.0,2.2,2.57
4559,3.5,3.8,2.75,3.35
22627,2.8,2.5,3.75,3.02
34427,3.25,3.5,4.0,3.58
31849,2.5,2.8,4.2,3.17
23252,2.5,3.0,2.0,2.5
40369,2.8,3.1,2.5,2.8
17641,2.85,3.1,4.25,3.4
27591,2.8,3.15,3.9,3.28
54390,2.8,3.15,3.9,3.28
66909,3.15,3.8,4.25,3.73
42503,2.85,3.1,4.25,3.4
44931,2.8,3.15,3.9,3.28
52196,2.8,3.1,3.5,3.13
309,3.25,3.5,3.75,3.5
49391,2.5,2.0,1.5,2.0
35893,3.25,3.5,4.1,3.62
50361,2.5,3.0,3.5,3.0
36140,2.85,3.1,3.75,3.23
48773,2.5,2.8,4.2,3.17
17658,2.8,3.15,3.6,3.18
33289,3.25,3.5,4.0,3.58
3355,3.15,3.8,4.25,3.73
65803,2.8,3.15,4.2,3.38
70726,3.25,3.5,2.75,3.17
5073,2.5,3.0,3.5,3.0
21654,2.8,3.1,3.5,3.13
63717,3.1,3.5,2.8,3.13
54576,3.25,3.5,2.75,3.17
56716,2.8,3.15,4.2,3.38
62839,2.8,3.1,3.5,3.13
29881,2.5,2.0,1.5,2.0
50556,3.25,3.5,4.1,3.62
48967,3.25,3.5,3.75,3.5
1566,2.5,3.1,4.25,3.28
54475,2.8,3.15,4.2,3.38
18944,3.5,3.8,4.2,3.83
30880,3.25,3.5,2.75,3.17
17885,3.15,3.8,4.25,3.73
26001,2.8,3.15,3.9,3.28
8691,2.85,3.1,3.75,3.23
17829,3.25,3.5,4.0,3.58
22386,2.8,3.15,4.2,3.38
7338,3.25,3.5,3.75,3.5
55933,2.85,3.1,3.75,3.23
19446,3.25,3.5,4.1,3.62
43865,3.25,3.5,2.75,3.17
35882,2.8,3.15,3.6,3.18
37808,2.8,3.1,3.5,3.13
49357,2.8,3.1,3.5,3.13
19216,3.25,3.5,4.1,3.62
8282,2.8,3.1,2.5,2.8
3555,2.8,2.5,3.75,3.02
38108,3.15,3.8,4.25,3.73
22552,2.8,3.15,4.2,3.38
9569,3.25,3.5,2.75,3.17
51972,2.8,3.15,3.9,3.28
45619,3.15,3.8,4.25,3.73
55932,2.5,3.1,2.8,2.8
52702,3.25,3.5,4.1,3.62
21697,3.25,3.5,2.75,3.17
46728,2.85,3.1,3.75,3.23
21263,2.85,3.1,4.25,3.4
8447,2.85,3.1,4.25,3.4
29348,3.25,3.8,3.5,3.52
19368,2.5,3.1,3.75,3.12
22635,2.8,3.15,4.2,3.38
30993,2.8,3.15,3.6,3.18
65577,2.8,3.15,4.2,3.38
39958,2.8,3.15,3.6,3.18
50886,2.85,3.1,4.25,3.4
8724,2.85,3.1,3.65,3.2
67083,2.85,3.1,3.75,3.23
34002,2.8,3.15,3.6,3.18
10642,3.25,3.8,4.1,3.72
42154,2.8,3.15,4.2,3.38
19116,2.5,2.8,3.1,2.8
23128,2.85,3.1,3.75,3.23
70939,2.8,3.15,4.2,3.38
35564,2.8,3.1,3.5,3.13
47163,2.85,3.1,4.25,3.4
71860,2.8,3.1,2.5,2.8
53175,3.25,3.5,4.1,3.62
42856,2.8,3.15,3.6,3.18
70657,2.85,3.1,4.25,3.4
553,2.85,3.1,4.25,3.4
8564,2.85,3.1,3.5,3.15
71921,2.85,3.1,3.75,3.23
56987,2.5,2.8,4.2,3.17
65447,3.25,3.5,2.75,3.17
395,2.8,3.15,3.6,3.18
42446,3.15,3.8,3.5,3.48
21287,2.5,2.0,1.5,2.0
15517,2.5,3.0,2.0,2.5
47398,3.25,3.5,4.0,3.58
12038,2.5,2.0,1.5,2.0
62525,2.5,2.8,2.2,2.5
60284,2.8,3.1,3.5,3.13
24798,2.5,2.8,2.2,2.5
29553,2.5,2.8,3.5,2.93
1216,2.8,3.15,3.6,3.18
28427,2.5,2.8,3.5,2.93
25070,3.25,3.5,3.75,3.5
45632,2.5,2.8,3.1,2.8
29338,2.8,3.15,3.6,3.18
21345,2.8,3.15,4.2,3.38
61590,2.8,3.15,4.2,3.38
40355,3.15,3.8,4.25,3.73
47413,3.25,3.5,2.75,3.17
59108,3.25,3.8,4.1,3.72
71202,2.85,3.1,4.25,3.4
60601,2.85,3.1,4.25,3.4
42876,3.25,3.8,3.5,3.52
46389,2.5,2.0,3.75,2.75
43864,2.8,3.15,3.6,3.18
17598,2.5,2.8,3.75,3.02
47850,3.15,3.8,4.25,3.73
17656,2.5,3.1,3.8,3.13
27935,2.8,3.1,3.5,3.13
61228,2.8,3.15,3.6,3.18
4598,3.5,3.8,2.9,3.4
64353,3.15,3.8,4.25,3.73
34503,2.8,3.15,4.2,3.38
45914,2.5,2.8,3.75,3.02
64313,2.8,2.5,3.75,3.02
60023,2.8,3.15,3.5,3.15
12784,4.4,3.03,3.54,3.6567
60220,3.25,3.5,3.75,3.5
57567,2.5,3.0,2.2,2.57
39344,2.85,3.1,4.25,3.4
46184,2.8,3.15,3.9,3.28
24670,2.8,3.1,3.5,3.13
9156,2.5,2.8,3.1,2.8
16865,2.8,3.15,3.5,3.15
58684,2.5,3.1,4.2,3.27
64805,3.15,3.8,4.25,3.73
71416,2.8,3.15,3.6,3.18
59671,2.85,3.1,3.5,3.15
26564,2.8,3.15,3.6,3.18
29897,3.25,3.5,4.1,3.62
67663,2.85,3.1,4.25,3.4
12132,3.25,3.5,4.0,3.58
7643,3.15,3.8,4.25,3.73
27618,2.8,3.15,3.65,3.2
33328,2.8,3.15,4.2,3.38
70714,2.5,2.8,3.1,2.8
63921,3.25,3.5,3.75,3.5
15818,2.85,3.1,4.25,3.4
39188,3.15,3.8,4.25,3.73
67069,2.8,3.15,4.2,3.38
17855,2.5,3.1,3.8,3.13
61261,3.25,3.5,4.0,3.58
63578,3.2,3.5,2.1,2.93
25894,2.85,3.1,3.65,3.2
2408,3.25,3.5,4.1,3.62
63506,2.8,3.15,2.5,2.82
58786,2.85,3.1,4.25,3.4
48829,2.5,3.1,4.2,3.27
5562,2.8,3.15,4.2,3.38
33456,3.25,3.5,4.1,3.62
66787,2.85,3.1,4.25,3.4
57021,2.8,3.15,4.2,3.38
503,3.2,3.5,2.8,3.17
51784,3.25,3.5,2.75,3.17
38449,2.8,3.15,4.2,3.38
21192,2.5,2.8,2.2,2.5
50658,2.5,3.0,2.75,2.75
193,3.25,3.5,4.0,3.58
61840,3.5,3.8,2.75,3.35
23873,3.25,3.5,2.75,3.17
63701,2.5,3.0,3.5,3.0
2390,2.5,3.0,1.5,2.33
63147,3.15,3.8,4.25,3.73
13960,2.8,3.1,3.5,3.13
47694,2.5,3.1,3.8,3.13
33468,3.15,3.8,4.25,3.73
45269,2.8,3.15,4.2,3.38
28859,2.85,3.1,4.25,3.4
49384,2.8,3.1,3.5,3.13
45707,2.5,2.8,3.5,2.93
21385,2.8,3.15,3.9,3.28
31681,2.8,3.15,3.5,3.15
56601,3.25,3.5,2.75,3.17
29586,3.25,3.8,3.5,3.52
29377,2.8,3.1,3.5,3.13
47851,3.15,3.8,4.25,3.73
27902,2.8,3.1,4.2,3.37
66598,2.5,3.1,2.2,2.6
44104,3.25,3.8,4.1,3.72
69367,3.25,3.5,4.1,3.62
54919,2.8,3.15,3.9,3.28
63824,2.85,3.1,3.75,3.23
16378,2.8,3.15,4.2,3.38
1906,2.5,2.8,3.5,2.93
59583,2.8,3.15,2.5,2.82
61894,3.15,3.8,2.9,3.28
37375,2.85,3.1,2.5,2.82
13956,2.5,2.8,3.75,3.02
2860,3.25,3.8,4.1,3.72
67174,2.8,3.15,3.6,3.18
53383,2.5,2.0,3.75,2.75
1849,2.8,3.1,3.5,3.13
56438,2.8,3.1,3.5,3.13
67117,3.15,3.8,2.5,3.15
18867,2.8,3.1,3.5,3.13
26691,2.8,3.1,3.5,3.13
19807,3.25,3.5,2.75,3.17
57064,2.8,3.15,4.2,3.38
31546,2.8,3.15,3.65,3.2
64706,3.15,3.8,2.55,3.17
26565,3.25,3.5,2.75,3.17
60314,2.85,3.1,3.75,3.23
65673,2.85,3.1,3.65,3.2
54733,2.8,3.15,3.6,3.18
36151,2.8,3.15,3.6,3.18
42502,2.85,3.1,4.25,3.4
19528,2.8,3.15,3.9,3.28
48135,2.8,3.15,3.6,3.18
51762,3.25,3.8,4.1,3.72
280,2.8,3.15,4.2,3.38
51459,3.5,3.25,2.75,3.17
37539,2.5,3.0,3.75,3.08
35007,2.8,3.15,4.2,3.38
40020,3.2,3.5,2.8,3.17
15059,2.5,2.0,3.0,2.5
51835,3.25,3.5,3.75,3.5
62448,2.8,3.15,3.6,3.18
68062,3.25,3.5,3.75,3.5
60805,2.8,3.15,3.5,3.15
16249,2.8,3.15,3.65,3.2
36792,2.8,3.1,3.5,3.13
44177,2.8,3.15,3.6,3.18
59565,3.25,3.5,3.75,3.5
28657,3.15,3.8,4.25,3.73
56011,2.5,3.0,3.75,3.08
6786,2.5,2.8,3.1,2.8
34636,3.25,3.5,3.75,3.5
40199,2.8,3.15,4.2,3.38
42406,3.25,3.5,2.75,3.17
31926,2.8,3.1,3.5,3.13
48459,2.8,3.15,3.6,3.18
10149,3.25,3.5,4.0,3.58
67293,2.5,2.8,3.1,2.8
61167,2.8,3.15,4.2,3.38
6591,2.5,3.0,4.25,3.25
58452,2.8,3.15,3.9,3.28
16251,2.8,3.15,3.65,3.2
58344,2.8,3.15,4.2,3.38
40421,2.5,3.1,2.2,2.6
51931,3.25,3.5,2.75,3.17
53956,2.5,2.0,1.5,2.0
56177,3.25,3.8,2.5,3.18
33955,2.8,3.15,3.6,3.18
66110,2.5,3.0,1.5,2.33
14242,2.85,3.1,4.25,3.4
62513,2.5,3.0,3.75,3.08
45410,2.5,3.1,3.75,3.12
3648,3.5,4.0,3.75,3.75
24628,2.8,3.1,3.5,3.13
38569,2.5,3.0,2.0,2.5
64469,2.5,3.1,4.25,3.28
24206,3.25,3.5,2.75,3.17
42840,3.25,3.5,3.75,3.5
2799,2.5,2.8,2.2,2.5
31608,2.8,3.15,3.6,3.18
64699,3.25,3.5,4.0,3.58
29011,2.5,2.8,4.2,3.17
32624,2.8,3.15,4.2,3.38
46242,2.5,2.8,3.75,3.02
48169,3.25,3.5,2.75,3.17
18720,2.8,3.1,2.5,2.8
47443,2.8,3.15,3.5,3.15
66250,2.5,2.8,3.1,2.8
42205,2.8,3.15,4.2,3.38
62056,3.15,3.8,4.25,3.73
33015,2.85,3.1,4.25,3.4
68989,2.8,3.15,3.5,3.15
55145,2.85,3.1,3.75,3.23
60362,2.5,3.1,3.8,3.13
13207,2.8,3.1,3.5,3.13
13055,3.25,3.8,4.1,3.72
16656,2.5,3.1,3.8,3.13
51356,2.8,3.1,2.5,2.8
61778,2.85,3.1,3.75,3.23
65230,3.15,3.8,2.95,3.3
40493,3.25,3.5,3.75,3.5
11074,2.8,3.15,3.5,3.15
18321,2.8,3.15,4.2,3.38
66576,3.25,3.5,3.75,3.5
8303,3.25,3.5,2.75,3.17
3934,2.85,3.1,4.25,3.4
40307,3.25,3.5,4.0,3.58
1004,3.25,3.5,3.75,3.5
38427,3.25,3.5,2.75,3.17
23597,2.8,3.1,2.3,2.73
55581,2.8,3.15,3.9,3.28
69926,3.25,3.5,2.75,3.17
18813,3.25,3.8,3.5,3.52
68199,3.25,3.5,4.1,3.62
52991,2.8,3.1,2.5,2.8
30151,2.5,3.1,3.75,3.12
20726,2.5,2.0,1.5,2.0
67639,3.25,3.5,4.0,3.58
67783,3.2,3.5,2.8,3.17
28359,2.5,3.0,3.75,3.08
16264,2.8,3.1,3.5,3.13
53273,2.8,3.15,3.5,3.15
3410,2.8,3.1,3.5,3.13
2674,2.5,2.8,3.75,3.02
15501,3.15,3.8,3.5,3.48
34806,2.5,2.8,3.75,3.02
54008,3.25,3.5,3.75,3.5
6959,3.15,3.8,4.25,3.73
52926,3.25,3.8,4.1,3.72
21163,2.8,3.15,4.2,3.38
13447,2.8,3.15,3.6,3.18
3638,3.5,3.8,2.75,3.35
51320,3.25,3.5,2.75,3.17
3039,3.15,3.8,4.25,3.73
58022,2.8,3.15,3.6,3.18
56309,2.8,3.1,3.5,3.13
59912,3.5,3.8,3.2,3.5
25705,2.5,3.1,3.8,3.13
7365,2.85,3.1,4.25,3.4
53350,2.8,3.1,2.5,2.8
16122,2.5,2.8,3.75,3.02
56581,2.1,2.35,4.5,2.98
16375,2.8,3.1,3.5,3.13
10065,2.5,2.8,2.2,2.5
24309,2.8,3.15,4.2,3.38
41632,2.8,3.15,3.6,3.18
15211,3.15,3.8,4.25,3.73
70278,2.8,3.1,3.5,3.13
49186,3.25,3.5,2.75,3.17
25151,3.15,3.8,2.9,3.28
44409,2.8,3.15,3.6,3.18
54960,2.85,3.1,3.75,3.23
39570,3.25,3.8,2.5,3.18
10618,2.8,3.15,3.65,3.2
10546,2.8,3.15,3.9,3.28
56073,2.8,3.15,4.2,3.38
33005,2.8,3.15,3.6,3.18
63945,2.5,2.0,3.0,2.5
18080,2.85,3.1,4.25,3.4
66740,3.25,3.5,3.75,3.5
38060,2.8,3.15,4.2,3.38
55969,2.8,3.15,3.6,3.18
1883,2.8,3.15,3.6,3.18
41685,2.85,3.1,4.25,3.4
14752,2.8,3.15,3.6,3.18
25327,2.8,3.15,3.6,3.18
3551,2.8,3.15,3.6,3.18
15996,2.8,3.15,4.2,3.38
58334,3.25,3.5,4.0,3.58
6318,3.5,3.8,2.75,3.35
16866,2.5,3.0,3.5,3.0
16914,2.8,3.15,3.9,3.28
30895,3.25,3.5,4.1,3.62
789,2.5,2.3,3.8,2.87
68119,2.85,3.1,4.25,3.4
29994,2.8,3.15,3.65,3.2
1917,3.5,3.8,2.75,3.35
3549,2.85,3.1,3.75,3.23
61116,2.8,3.15,4.2,3.38
63692,2.8,3.1,3.5,3.13
59786,3.15,2.85,3.5,3.17
67643,2.8,3.15,3.6,3.18
18893,2.5,2.8,3.1,2.8
52361,3.15,3.8,2.55,3.17
5479,2.8,3.1,3.5,3.13
19588,2.8,3.15,3.9,3.28
14566,2.85,3.1,3.75,3.23
45135,3.15,3.8,4.25,3.73
47268,2.8,3.1,3.5,3.13
10570,3.5,3.8,4.2,3.83
50301,2.8,3.15,3.65,3.2
52992,2.85,3.1,4.25,3.4
21067,3.25,3.5,4.0,3.58
3925,2.5,2.8,3.1,2.8
3349,2.8,3.15,4.2,3.38
5778,2.5,2.8,3.75,3.02
24282,3.25,3.5,4.1,3.62
51474,2.8,3.15,3.6,3.18
59471,2.85,3.1,4.25,3.4
20174,2.8,3.15,2.5,2.82
37381,2.5,2.0,3.75,2.75
50653,3.25,3.5,3.75,3.5
55459,2.8,3.15,3.65,3.2
39409,3.5,4.0,3.25,3.58
66718,2.85,3.1,4.25,3.4
24592,2.85,3.1,3.65,3.2
1580,3.25,3.5,3.75,3.5
6915,2.8,3.15,3.6,3.18
1672,2.8,3.1,3.5,3.13
1935,3.25,3.5,4.0,3.58
59742,3.5,3.8,2.75,3.35
18240,2.8,3.15,3.6,3.18
48931,3.25,3.5,3.75,3.5
58280,2.8,3.1,3.5,3.13
35569,3.5,3.8,3.2,3.5
7227,3.5,3.25,2.75,3.17
38553,2.5,2.8,2.2,2.5
30989,3.15,3.8,4.25,3.73
62223,3.25,3.5,3.75,3.5
19339,2.8,3.15,4.2,3.38
26579,2.8,3.1,3.5,3.13
2858,3.25,3.5,3.75,3.5
52618,3.25,3.5,2.75,3.17
15613,2.5,3.1,2.8,2.8
9351,2.8,3.15,3.6,3.18
4663,3.25,3.5,4.1,3.62
4965,2.8,3.15,3.6,3.18
49585,2.8,2.5,4.2,3.17
71713,2.85,3.1,3.5,3.15
50091,3.25,3.5,3.75,3.5
29093,3.15,3.8,4.25,3.73
61480,3.1,3.5,2.8,3.13
55702,2.5,3.0,3.75,3.08
1176,3.25,3.5,3.75,3.5
65954,2.5,2.0,1.5,2.0
65904,2.8,3.15,4.2,3.38
53558,3.15,3.8,4.25,3.73
67726,3.25,3.8,4.15,3.73
30136,3.25,3.5,2.75,3.17
23800,2.8,3.15,4.2,3.38
44306,3.25,3.5,4.1,3.62
5005,2.8,3.15,3.65,3.2
9809,2.8,3.15,3.65,3.2
8432,2.5,2.8,3.5,2.93
59446,3.25,3.5,4.0,3.58
36090,2.8,3.15,4.2,3.38
29762,2.5,2.8,3.1,2.8
52761,2.8,3.1,2.5,2.8
13642,3.15,3.8,4.25,3.73
75,3.25,3.8,2.9,3.32
69231,3.5,3.25,2.75,3.17
62393,2.5,3.1,4.25,3.28
26047,3.5,3.8,3.2,3.5
42850,2.8,3.1,2.5,2.8
35689,2.8,3.15,3.6,3.18
17569,3.25,3.5,3.75,3.5
26153,2.8,3.15,3.9,3.28
43134,3.25,3.5,3.75,3.5
52132,2.8,3.1,3.5,3.13
4920,2.8,3.15,4.2,3.38
14765,3.5,3.8,2.9,3.4
44965,2.8,3.15,4.2,3.38
68621,2.8,3.15,3.6,3.18
10805,3.25,3.5,3.75,3.5
34142,3.15,3.8,4.25,3.73
31114,2.5,2.8,3.1,2.8
18817,3.15,3.8,3.5,3.48
35772,3.25,3.5,4.1,3.62
66770,2.8,3.1,2.5,2.8
65380,3.25,3.5,2.75,3.17
47584,3.25,3.5,2.75,3.17
37969,2.8,3.15,4.2,3.38
34404,3.25,3.5,4.0,3.58
46185,3.25,3.5,4.0,3.58
55179,2.8,3.15,3.6,3.18
21669,3.25,3.8,3.5,3.52
8673,3.25,3.5,4.1,3.62
41250,2.8,3.15,3.6,3.18
60896,3.5,3.8,2.75,3.35
14888,3.15,3.8,4.25,3.73
111,3.25,3.5,3.75,3.5
48795,3.25,3.5,2.75,3.17
14506,2.8,3.15,3.6,3.18
10912,2.5,3.1,3.8,3.13
27579,3.25,3.5,2.75,3.17
24491,2.5,2.8,3.7,3.0
12672,3.25,3.5,2.75,3.17
14032,2.8,3.15,4.2,3.38
62114,3.25,3.8,3.5,3.52
36495,2.8,3.15,4.2,3.38
70637,2.5,2.8,2.2,2.5
292,2.8,3.15,3.6,3.18
51507,2.8,3.15,4.2,3.38
57145,2.8,3.15,3.5,3.15
43222,3.25,3.5,4.0,3.58
60680,3.5,3.8,2.2,3.17
71328,3.25,3.8,3.5,3.52
9430,2.8,3.1,3.5,3.13
56460,3.5,3.8,2.75,3.35
36755,2.8,3.1,3.5,3.13
70152,2.8,3.15,4.2,3.38
5230,2.8,3.15,4.2,3.38
8183,2.8,3.15,4.2,3.38
45635,2.8,3.15,4.2,3.38
50651,2.8,3.15,4.2,3.38
20304,3.25,3.5,3.75,3.5
28609,2.5,2.0,1.5,2.0
15574,3.15,3.8,4.25,3.73
3068,2.8,3.1,2.5,2.8
70934,3.25,3.5,4.0,3.58
43893,2.8,3.15,4.2,3.38
23648,2.5,3.0,3.75,3.08
63325,2.5,3.0,3.75,3.08
205,3.15,3.8,4.25,3.73
45559,2.5,3.0,3.75,3.08
31894,3.25,3.5,3.75,3.5
36027,3.25,3.5,2.75,3.17
48739,3.25,3.5,4.0,3.58
5189,2.5,3.1,2.8,2.8
60422,3.25,3.5,3.75,3.5
65093,2.5,3.1,3.75,3.12
8383,2.8,3.15,4.2,3.38
55028,2.5,3.1,3.8,3.13
52517,2.85,3.1,4.25,3.4
14421,3.15,3.8,4.25,3.73
3070,2.8,3.1,3.5,3.13
56263,2.85,3.1,4.25,3.4
39092,2.8,3.1,3.5,3.13
58278,3.25,3.5,4.0,3.58
65867,2.85,3.1,3.75,3.23
26005,2.8,3.15,3.9,3.28
1387,3.25,3.5,3.75,3.5
26365,3.25,3.5,4.1,3.62
72059,2.8,3.15,3.65,3.2
389,2.5,3.1,2.2,2.6
17771,3.25,3.5,2.75,3.17
40116,3.25,3.5,4.1,3.62
5042,2.5,2.0,4.25,2.92
50200,2.85,3.1,4.25,3.4
13670,3.2,3.5,2.8,3.17
72057,3.25,3.5,3.75,3.5
54109,2.5,3.1,3.75,3.12
5905,3.25,3.8,2.5,3.18
53534,2.8,3.1,3.5,3.13
58987,2.5,2.8,2.2,2.5
21869,2.8,3.15,3.9,3.28
1800,2.85,3.1,4.25,3.4
10842,3.25,3.8,3.5,3.52
56830,2.85,3.1,4.25,3.4
19175,2.8,3.1,3.5,3.13
56442,2.85,3.1,4.25,3.4
10758,3.25,3.8,4.15,3.73
2105,2.8,3.15,3.6,3.18
42941,3.25,3.8,3.5,3.52
33214,2.5,2.8,2.2,2.5
44639,2.8,3.1,3.5,3.13
44275,3.25,3.5,2.75,3.17
61722,2.85,3.1,4.25,3.4
64307,2.8,3.15,4.2,3.38
5768,2.8,3.15,4.2,3.38
27362,3.25,3.5,3.75,3.5
2127,3.25,3.5,2.75,3.17
34807,2.8,3.1,3.5,3.13
18492,2.85,3.1,4.25,3.4
59563,3.25,3.5,4.0,3.58
61612,3.15,3.8,4.25,3.73
67577,2.85,3.1,3.65,3.2
28001,2.5,2.8,3.5,2.93
58465,3.25,3.5,4.1,3.62
68468,2.5,3.0,2.0,2.5
17898,2.8,3.1,2.5,2.8
60960,2.5,3.0,2.75,2.75
69351,2.85,3.1,4.25,3.4
11942,2.5,2.8,3.1,2.8
3246,2.8,3.1,3.5,3.13
9469,3.25,3.8,3.5,3.52
3855,3.25,3.5,3.75,3.5
28235,3.25,3.5,2.75,3.17
44697,2.8,3.15,4.2,3.38
14275,3.5,3.8,3.2,3.5
27626,2.85,3.1,4.25,3.4
57125,2.8,3.1,3.5,3.13
48089,2.8,3.15,3.6,3.18
51441,3.25,3.8,4.1,3.72
15158,2.85,3.1,4.25,3.4
42926,3.25,3.5,2.75,3.17
40229,3.25,3.8,2.75,3.27
43862,2.8,3.1,2.5,2.8
34082,3.25,3.5,4.0,3.58
1370,2.8,3.15,3.5,3.15
43136,2.8,3.15,3.6,3.18
66680,2.5,2.0,4.25,2.92
47493,2.85,3.1,4.25,3.4
21264,3.25,3.8,3.5,3.52
34552,2.5,2.8,3.1,2.8
20618,3.25,3.5,3.75,3.5
27081,3.15,3.8,3.5,3.48
9322,2.5,3.0,2.2,2.57
16894,2.8,3.15,3.5,3.15
68996,3.25,3.5,4.0,3.58
47923,3.25,3.8,3.5,3.52
54608,3.25,3.8,2.75,3.27
5780,3.25,3.5,2.75,3.17
17727,3.15,3.8,4.25,3.73
25295,3.25,3.5,4.0,3.58
58995,3.25,3.5,3.75,3.5
43737,3.25,3.5,2.75,3.17
8454,2.85,3.1,4.25,3.4
12933,3.25,3.8,4.15,3.73
66638,2.8,3.15,4.2,3.38
66926,2.8,3.1,2.5,2.8
10819,2.85,3.1,3.75,3.23
26369,3.15,3.8,4.25,3.73
13058,3.25,3.8,4.1,3.72
41296,2.85,3.1,4.25,3.4
34317,2.85,3.1,4.25,3.4
8429,2.8,3.15,3.65,3.2
20097,2.5,2.8,3.75,3.02
22082,2.5,3.0,2.2,2.57
66566,3.25,3.5,3.75,3.5
1233,2.8,3.15,3.6,3.18
46597,2.8,3.15,3.6,3.18
63003,2.85,3.1,4.25,3.4
57255,2.5,2.8,3.1,2.8
9988,2.85,3.1,4.25,3.4
53372,3.15,3.8,4.25,3.73
37879,2.8,3.15,3.6,3.18
2505,3.25,3.8,4.1,3.72
31528,2.5,3.0,2.0,2.5
71881,2.8,3.15,4.2,3.38
37663,2.8,3.1,3.5,3.13
57647,3.15,3.8,2.95,3.3
31371,3.25,3.5,4.0,3.58
2819,2.8,3.15,4.2,3.38
64538,3.15,3.8,4.25,3.73
15209,3.25,3.5,2.75,3.17
47780,3.25,3.5,3.75,3.5
34865,2.5,2.0,1.5,2.0
18,2.5,2.8,3.75,3.02
43287,2.8,3.1,2.5,2.8
5456,2.8,3.15,4.2,3.38
69474,2.85,3.1,4.25,3.4
13501,3.15,3.8,3.5,3.48
22113,2.8,3.1,4.25,3.38
2497,2.85,3.1,4.25,3.4
6308,3.25,3.5,2.75,3.17
44188,3.25,3.5,3.75,3.5
13054,3.25,3.5,4.1,3.62
36674,3.25,3.5,2.75,3.17
14597,2.8,3.1,3.5,3.13
67813,3.25,3.5,2.75,3.17
40859,2.5,3.1,3.8,3.13
67114,2.5,2.8,3.1,2.8
28934,2.5,3.1,3.8,3.13
61124,2.8,3.15,3.5,3.15
65760,3.2,3.5,2.8,3.17
30731,2.5,2.8,3.1,2.8
70225,2.5,2.8,3.1,2.8
15782,2.5,3.0,2.75,2.75
46611,2.1,2.3,4.5,2.97
40320,2.8,3.1,3.5,3.13
10540,3.25,3.5,4.1,3.62
34626,3.25,3.5,2.75,3.17
23478,2.5,2.8,3.75,3.02
29518,2.8,3.15,4.2,3.38
47299,2.8,3.15,3.65,3.2
61818,3.15,3.8,4.25,3.73
30283,2.5,3.0,3.75,3.08
58913,3.25,3.8,2.5,3.18
51116,3.25,3.5,4.0,3.58
26248,3.15,3.8,4.25,3.73
40775,2.8,3.15,4.2,3.38
34588,2.5,2.0,4.0,2.83
49062,2.85,3.1,3.75,3.23
42754,3.25,3.5,3.75,3.5
61037,2.8,3.1,3.5,3.13
61278,2.8,3.15,3.5,3.15
23146,2.5,2.8,3.5,2.93
58436,3.15,3.8,3.5,3.48
69384,2.85,3.1,3.75,3.23
46197,2.5,2.0,1.5,2.0
6025,2.8,3.1,3.5,3.13
62530,2.8,3.1,4.2,3.37
26404,2.8,3.15,3.6,3.18
20126,2.8,3.15,4.2,3.38
10410,2.85,3.1,4.2,3.38
37264,2.5,2.0,3.0,2.5
11582,3.25,3.8,4.1,3.72
806,2.8,3.15,4.2,3.38
45882,3.25,3.5,3.75,3.5
33198,2.5,2.8,3.1,2.8
52,3.5,3.8,2.2,3.17
65418,2.8,3.15,3.6,3.18
55934,2.85,3.1,4.25,3.4
67843,3.25,3.5,2.75,3.17
70429,2.8,2.5,4.2,3.17
69914,2.5,3.0,3.75,3.08
10088,3.25,3.5,3.75,3.5
60158,2.8,3.1,2.5,2.8
70519,3.25,3.5,3.75,3.5
35073,2.8,3.15,3.6,3.18
66029,3.25,3.5,2.75,3.17
58813,3.15,3.8,4.25,3.73
7067,3.25,3.5,2.75,3.17
9727,2.5,3.0,3.75,3.08
16981,2.5,3.0,2.2,2.57
23786,2.85,3.1,4.25,3.4
45094,2.5,3.0,2.0,2.5
25979,3.25,3.5,2.75,3.17
7384,3.25,3.5,3.75,3.5
42673,3.15,3.8,4.25,3.73
13993,2.8,3.15,4.2,3.38
19540,2.5,3.0,2.2,2.57
57083,2.85,3.1,4.25,3.4
28775,2.85,3.1,4.25,3.4
16244,2.8,3.15,3.9,3.28
12924,2.8,3.15,3.9,3.28
25525,3.25,3.5,3.75,3.5
69195,2.85,3.1,4.25,3.4
65802,2.8,3.15,4.2,3.38
44428,2.8,3.15,4.2,3.38
37469,3.25,3.5,3.75,3.5
56403,3.25,3.5,3.75,3.5
69077,3.25,3.5,2.75,3.17
34845,2.8,3.15,3.65,3.2
40422,2.5,3.1,4.2,3.27
5945,2.8,3.1,3.5,3.13
15669,3.2,3.5,2.8,3.17
48370,2.5,2.8,3.75,3.02
16399,2.85,3.1,4.25,3.4
43515,3.35,2.28,4.62,3.4167
18916,2.8,3.1,2.5,2.8
52076,2.85,3.1,4.25,3.4
64130,2.5,3.0,4.2,3.23
36257,3.15,3.8,4.25,3.73
15011,2.8,3.1,3.5,3.13
9026,2.5,3.1,3.8,3.13
4755,3.15,3.8,4.25,3.73
71682,2.8,3.1,3.5,3.13
38929,2.5,2.2,3.8,2.83
53829,2.5,3.0,3.75,3.08
18728,3.15,3.8,4.25,3.73
25884,2.5,3.1,3.8,3.13
29524,3.25,3.5,3.75,3.5
27507,2.8,3.15,3.6,3.18
6616,2.5,3.0,3.75,3.08
31024,2.8,3.15,4.2,3.38
62851,3.25,3.5,3.75,3.5
71758,2.5,2.0,3.75,2.75
56396,3.25,3.5,3.75,3.5
64921,2.8,3.1,2.5,2.8
58644,2.8,3.15,3.6,3.18
31865,2.5,2.25,4.0,2.92
31220,3.25,3.5,2.75,3.17
4007,2.8,3.15,4.2,3.38
2823,3.25,3.5,2.75,3.17
25674,2.8,3.15,4.2,3.38
15001,2.8,3.15,4.2,3.38
23619,2.85,3.1,4.25,3.4
19092,2.85,3.1,4.25,3.4
61540,2.5,2.8,2.2,2.5
60883,3.25,3.5,4.0,3.58
48635,2.5,2.0,3.75,2.75
1733,2.8,3.15,3.5,3.15
20500,2.8,3.15,3.5,3.15
17102,3.25,3.5,4.0,3.58
21095,2.8,3.15,4.2,3.38
39867,2.8,3.15,4.2,3.38
40924,3.25,3.5,3.75,3.5
30941,3.25,3.8,3.5,3.52
37043,2.8,3.15,4.2,3.38
18089,2.85,3.1,3.75,3.23
45531,2.8,3.1,3.5,3.13
33959,2.5,3.1,3.8,3.13
60894,2.8,3.15,2.5,2.82
23940,2.8,3.15,3.6,3.18
7663,2.85,3.1,4.25,3.4
30576,2.8,3.15,3.65,3.2
40732,2.8,3.15,3.6,3.18
27755,3.5,4.0,3.25,3.58
66257,3.15,3.8,2.9,3.28
18028,2.8,3.1,2.5,2.8
16072,2.8,3.1,3.5,3.13
20636,3.25,3.5,4.0,3.58
63282,2.5,3.1,4.25,3.28
55424,2.5,2.8,3.75,3.02
30301,3.25,3.8,4.1,3.72
64579,3.15,3.8,4.25,3.73
56640,2.85,3.1,4.25,3.4
56151,3.25,3.5,3.75,3.5
49808,2.5,2.8,3.75,3.02
12701,2.85,3.1,4.25,3.4
7957,3.25,3.5,2.75,3.17
65182,2.5,2.8,3.1,2.8
66511,2.5,2.1,4.25,2.95
31956,2.5,2.8,3.5,2.93
19964,2.85,3.1,3.75,3.23
16123,2.85,3.1,3.95,3.3
57050,2.5,2.0,3.75,2.75
26604,3.15,3.8,4.25,3.73
33781,3.25,3.5,2.75,3.17
36374,2.5,2.8,4.2,3.17
44038,3.25,3.5,2.75,3.17
13242,2.8,3.1,3.5,3.13
54792,3.15,3.85,4.2,3.73
2997,2.5,2.8,3.5,2.93
2743,2.8,3.15,3.6,3.18
64138,3.15,3.8,4.25,3.73
21745,2.8,3.1,3.5,3.13
12050,3.25,3.5,2.75,3.17
8817,3.25,3.8,3.5,3.52
66393,2.85,3.1,4.25,3.4
40035,3.25,3.5,2.75,3.17
46794,3.15,3.8,4.25,3.73
59460,3.15,3.8,4.25,3.73
46426,3.25,3.5,3.75,3.5
26701,2.85,3.1,3.75,3.23
16347,3.25,3.5,3.75,3.5
40651,3.25,3.8,4.15,3.73
8932,3.15,3.8,4.25,3.73
8636,2.8,3.1,3.5,3.13
62395,2.85,3.1,3.5,3.15
19337,2.8,3.15,4.2,3.38
18134,2.85,3.1,4.25,3.4
10794,2.8,3.15,4.2,3.38
14108,3.15,3.8,3.5,3.48
64826,2.85,3.1,3.5,3.15
61602,2.8,3.15,4.2,3.38
24914,3.25,3.5,2.75,3.17
6976,2.8,3.15,4.2,3.38
23316,2.8,3.15,4.2,3.38
64393,2.5,2.8,2.2,2.5
71826,3.25,3.8,4.15,3.73
34830,2.8,3.15,4.2,3.38
55442,3.25,3.8,3.5,3.52
51611,2.8,3.15,4.2,3.38
52622,2.8,3.1,3.5,3.13
15600,3.25,3.5,3.75,3.5
48480,2.8,3.1,3.5,3.13
4872,2.85,3.1,4.2,3.38
27337,2.8,3.15,3.6,3.18
63629,2.5,2.8,3.75,3.02
15020,2.8,3.15,3.6,3.18
11433,3.25,3.5,2.75,3.17
14312,3.25,3.5,2.75,3.17
23294,2.8,3.15,4.2,3.38
69506,2.8,3.15,3.6,3.18
52750,2.8,3.1,3.5,3.13
39473,2.8,3.1,3.5,3.13
6341,2.5,2.8,3.75,3.02
18601,2.5,2.25,3.75,2.83
16173,2.8,3.15,3.9,3.28
7894,3.25,3.5,2.75,3.17
943,3.25,3.5,2.75,3.17
63375,2.5,3.0,2.0,2.5
32241,3.25,3.5,3.75,3.5
71892,3.25,3.5,4.0,3.58
12850,2.85,3.1,3.75,3.23
40588,2.8,3.15,3.9,3.28
13361,2.8,3.15,3.6,3.18
21332,2.8,3.1,2.5,2.8
47922,2.85,3.1,3.5,3.15
38788,2.5,3.0,2.2,2.57
64249,2.5,2.8,3.75,3.02
57919,3.25,3.5,2.75,3.17
36298,2.5,2.8,2.2,2.5
42925,2.5,3.1,3.8,3.13
11950,2.5,3.0,2.0,2.5
70101,2.5,2.8,3.75,3.02
55196,2.5,2.8,3.1,2.8
38351,2.5,3.0,2.0,2.5
21671,3.25,3.5,2.75,3.17
33666,3.15,3.8,4.25,3.73
2440,2.5,2.8,3.1,2.8
22639,2.8,3.15,4.2,3.38
28436,2.8,3.1,3.5,3.13
28777,3.25,3.5,2.75,3.17
39633,2.5,2.0,3.5,2.67
68283,2.5,3.1,3.75,3.12
19984,3.25,3.8,3.5,3.52
12285,2.8,3.15,3.9,3.28
70513,2.5,3.0,3.75,3.08
50871,3.2,3.5,2.8,3.17
50706,2.5,2.8,4.2,3.17
26448,3.15,3.8,4.25,3.73
52829,3.25,3.5,4.0,3.58
8229,3.15,3.8,3.5,3.48
43093,2.8,3.15,3.6,3.18
37399,2.5,3.0,4.2,3.23
68244,2.5,3.0,3.75,3.08
46463,3.5,3.8,2.75,3.35
41764,2.85,3.1,4.25,3.4
14065,2.85,3.1,4.25,3.4
15887,3.25,3.5,2.75,3.17
28772,3.5,3.25,2.75,3.17
35507,2.8,3.15,3.6,3.18
7792,2.5,3.1,3.75,3.12
9523,2.8,3.15,3.6,3.18
71526,2.8,3.15,3.6,3.18
52469,2.8,3.15,4.2,3.38
68356,3.25,3.8,4.1,3.72
62605,2.8,3.15,4.2,3.38
44818,2.8,3.15,3.75,3.23
2666,2.85,3.1,4.25,3.4
51647,2.8,3.15,3.5,3.15
62948,2.8,3.1,4.25,3.38
46016,3.25,3.5,3.75,3.5
62464,2.8,3.15,3.6,3.18
11289,3.15,3.8,2.9,3.28
35472,2.8,3.15,3.5,3.15
6166,3.25,3.8,2.5,3.18
72139,2.8,3.15,4.2,3.38
34007,2.85,3.1,4.25,3.4
41805,2.8,3.15,4.2,3.38
46072,2.85,3.1,4.25,3.4
61631,2.5,3.0,3.5,3.0
42158,3.25,3.5,4.1,3.62
33033,2.5,3.0,3.5,3.0
70397,3.5,3.25,2.75,3.17
43308,3.25,3.8,2.9,3.32
31516,3.25,3.5,4.1,3.62
35877,2.8,3.15,3.6,3.18
28136,3.5,3.8,2.2,3.17
22141,2.8,3.15,3.9,3.28
11714,3.25,3.8,3.5,3.52
31270,3.25,3.8,3.5,3.52
494,2.8,3.1,3.5,3.13
24706,3.15,3.8,4.25,3.73
1194,2.8,3.15,3.6,3.18
7161,2.5,3.1,2.8,2.8
63505,2.5,2.8,3.5,2.93
6145,3.25,3.5,4.0,3.58
2885,2.5,3.0,2.2,2.57
1391,2.5,3.0,2.1,2.53
6336,2.8,3.15,3.6,3.18
41291,2.5,2.8,4.2,3.17
45033,3.25,3.5,4.0,3.58
33907,3.15,3.8,4.25,3.73
60660,3.25,3.5,2.75,3.17
48583,3.15,3.8,3.5,3.48
25607,2.8,3.1,3.5,3.13
20765,3.25,3.5,4.0,3.58
16695,2.8,3.15,4.2,3.38
26583,2.8,3.15,3.5,3.15
53453,2.8,3.15,4.2,3.38
26158,2.5,3.1,3.8,3.13
27854,2.5,2.8,3.5,2.93
45364,2.5,3.0,3.75,3.08
63895,2.8,3.15,4.2,3.38
62234,2.8,3.15,4.2,3.38
58749,3.25,3.5,2.75,3.17
13728,3.25,3.5,3.75,3.5
60477,2.8,3.15,4.2,3.38
24730,2.85,3.1,4.25,3.4
9068,3.15,3.8,4.25,3.73
65869,2.8,3.15,4.2,3.38
62616,2.8,3.1,3.5,3.13
71136,2.8,3.15,3.5,3.15
33719,2.8,3.1,2.5,2.8
8982,2.5,2.8,3.1,2.8
65783,2.8,3.15,3.6,3.18
21736,3.25,3.5,3.75,3.5
21897,2.5,2.0,3.0,2.5
25870,2.8,3.15,4.2,3.38
49110,2.8,3.15,4.2,3.38
31217,2.8,3.15,3.6,3.18
7774,2.85,3.1,3.5,3.15
58815,2.5,3.1,4.2,3.27
56198,2.8,2.5,4.2,3.17
3399,2.8,3.15,3.5,3.15
49053,2.8,3.15,4.2,3.38
11870,3.5,3.25,2.75,3.17
56566,2.5,3.0,2.0,2.5
56386,3.25,3.5,2.75,3.17
33531,2.5,2.0,3.5,2.67
4754,2.5,2.8,3.1,2.8
47287,3.2,3.5,4.1,3.6
19523,3.25,3.5,2.75,3.17
47257,3.25,3.5,4.1,3.62
7639,3.15,3.8,4.25,3.73
7378,2.5,2.8,3.1,2.8
63486,2.8,3.15,3.6,3.18
8876,3.25,3.5,3.75,3.5
42685,2.5,3.0,2.2,2.57
45919,2.8,3.15,3.6,3.18
30622,3.25,3.5,2.75,3.17
2186,3.25,3.8,2.5,3.18
42563,2.8,3.1,2.5,2.8
12531,2.5,2.25,4.0,2.92
16055,2.8,3.15,3.6,3.18
7669,2.5,2.8,3.1,2.8
25599,2.85,3.1,3.75,3.23
49699,2.8,3.15,4.2,3.38
24694,2.85,3.1,4.25,3.4
11315,2.8,3.15,3.65,3.2
70941,2.8,3.15,3.6,3.18
41701,2.85,3.1,3.5,3.15
70175,2.8,3.1,3.5,3.13
70852,2.8,3.15,3.9,3.28
50534,2.5,2.8,2.2,2.5
23534,2.8,3.15,3.65,3.2
63210,2.8,3.15,3.6,3.18
18714,2.5,2.8,4.2,3.17
32828,2.8,3.1,2.5,2.8
57442,2.8,3.15,3.9,3.28
2199,2.8,3.1,3.5,3.13
62963,2.8,3.15,3.5,3.15
65727,2.8,3.15,3.6,3.18
9241,3.15,3.8,3.5,3.48
31678,2.5,2.8,3.75,3.02
13973,2.85,3.1,4.25,3.4
11440,3.2,3.5,2.8,3.17
19924,2.8,3.1,3.5,3.13
4875,2.8,3.15,3.9,3.28
5664,2.85,3.1,4.25,3.4
1948,2.8,3.15,4.2,3.38
61180,2.8,3.15,4.2,3.38
17449,2.5,3.0,3.5,3.0
69958,2.5,2.8,2.2,2.5
44847,2.5,2.0,3.75,2.75
66761,3.25,3.5,3.75,3.5
34371,2.8,3.15,4.2,3.38
14860,2.85,3.1,3.5,3.15
34910,2.8,3.15,4.2,3.38
56630,2.5,2.8,3.1,2.8
7577,2.5,3.0,2.75,2.75
36332,2.8,3.15,3.6,3.18
48714,2.5,2.8,4.2,3.17
1677,2.5,2.0,4.25,2.92
32552,2.85,3.1,3.75,3.23
71199,3.15,3.8,2.9,3.28
31579,2.8,3.15,3.9,3.28
19111,2.5,2.3,3.8,2.87
7211,2.5,2.0,4.25,2.92
8232,2.85,3.1,4.25,3.4
39055,2.5,3.1,3.8,3.13
62271,2.85,3.1,4.25,3.4
52204,3.25,3.5,4.0,3.58
42336,3.15,3.8,2.95,3.3
52941,2.5,3.0,3.75,3.08
31174,2.8,3.15,3.6,3.18
21767,3.2,3.5,2.8,3.17
70986,2.85,3.1,3.75,3.23
47188,2.8,3.15,4.2,3.38
55940,2.85,3.1,4.25,3.4
68684,2.5,2.0,1.5,2.0
5051,3.15,3.8,4.25,3.73
61977,2.8,3.15,3.5,3.15
3385,3.25,3.8,4.1,3.72
24975,3.5,4.0,2.2,3.23
54076,2.85,3.1,4.25,3.4
48894,2.5,3.0,3.75,3.08
6377,2.8,3.15,3.5,3.15
21847,2.8,3.1,3.5,3.13
35211,2.8,3.15,3.65,3.2
30470,2.8,3.15,3.75,3.23
58532,3.25,3.5,4.1,3.62
55576,2.8,3.1,3.5,3.13
2970,3.25,3.5,2.75,3.17
7127,3.5,3.8,2.9,3.4
22007,2.8,3.15,4.2,3.38
58204,2.5,3.0,3.75,3.08
10108,3.15,3.8,2.9,3.28
56472,3.15,3.8,3.5,3.48
47858,3.25,3.8,4.1,3.72
36080,3.25,3.5,2.75,3.17
66150,2.8,3.15,4.2,3.38
60923,3.25,3.5,4.0,3.58
4753,2.8,3.1,4.2,3.37
72182,2.8,3.15,2.5,2.82
22304,3.25,3.5,2.75,3.17
7702,2.85,3.1,3.75,3.23
3123,2.8,3.15,3.6,3.18
6337,2.5,2.8,3.5,2.93
50366,2.8,3.15,4.2,3.38
24826,3.25,3.5,2.75,3.17
5224,2.8,3.15,3.6,3.18
47406,2.8,3.15,3.9,3.28
16991,2.8,3.15,3.65,3.2
42928,2.5,2.0,3.0,2.5
19389,3.25,3.8,3.5,3.52
32218,2.8,3.15,4.2,3.38
59290,3.25,3.5,2.75,3.17
15204,3.25,3.5,2.75,3.17
9662,3.25,3.8,2.75,3.27
33220,3.25,3.5,4.0,3.58
31343,3.25,3.5,3.75,3.5
21325,3.25,3.5,4.0,3.58
52015,3.25,3.5,4.1,3.62
6840,3.25,3.5,3.75,3.5
15958,2.8,2.5,3.75,3.02
71706,2.8,3.1,3.5,3.13
5691,3.15,3.8,4.25,3.73
54347,3.5,3.8,4.2,3.83
70484,2.8,3.15,3.6,3.18
71294,2.8,3.15,3.6,3.18
6849,2.8,3.15,3.6,3.18
32503,3.25,3.5,3.75,3.5
39673,2.5,3.0,3.75,3.08
10760,3.5,4.0,3.75,3.75
9487,3.25,3.5,4.0,3.58
24068,2.8,3.15,3.5,3.15
9388,3.25,3.5,4.0,3.58
55917,2.8,3.15,3.65,3.2
14525,2.8,3.15,3.6,3.18
33447,2.8,3.15,4.2,3.38
27174,2.85,3.1,4.25,3.4
61979,3.25,3.5,3.75,3.5
17273,2.8,3.1,3.5,3.13
57655,3.5,3.8,3.2,3.5
10077,3.25,3.8,2.75,3.27
13192,2.8,3.15,4.2,3.38
35691,2.5,2.8,2.2,2.5
39138,2.8,3.1,3.5,3.13
58444,2.8,3.15,4.2,3.38
37896,3.25,3.5,4.0,3.58
9033,2.8,3.15,4.2,3.38
6835,3.25,3.5,2.75,3.17
37527,2.8,3.15,3.6,3.18
42736,2.8,3.15,3.5,3.15
68166,2.5,2.0,4.25,2.92
35232,2.8,3.15,3.9,3.28
33492,2.8,3.15,4.2,3.38
46164,3.25,3.5,4.0,3.58
35017,3.5,3.8,4.2,3.83
16805,2.5,2.25,4.0,2.92
64725,3.25,3.5,4.0,3.58
41793,2.5,3.0,3.75,3.08
62081,2.5,2.8,3.75,3.02
66993,3.25,3.8,4.15,3.73
48176,2.85,3.1,3.65,3.2
5305,2.85,3.1,3.75,3.23
60113,3.25,3.5,2.75,3.17
55494,2.85,3.1,3.5,3.15
25115,2.8,3.1,3.5,3.13
9907,2.8,3.15,3.6,3.18
39976,2.8,3.15,3.9,3.28
14935,2.8,3.15,3.65,3.2
62732,2.8,3.15,4.2,3.38
65818,2.5,3.0,3.75,3.08
1221,3.25,3.5,4.1,3.62
29723,3.25,3.5,3.75,3.5
11323,2.5,3.0,2.2,2.57
31261,3.25,3.5,2.75,3.17
27515,2.8,3.1,4.2,3.37
17034,2.85,3.1,4.25,3.4
7666,2.8,3.15,4.2,3.38
32892,3.25,3.5,2.75,3.17
21494,2.5,3.1,3.8,3.13
68571,2.8,2.5,3.75,3.02
35024,3.25,3.5,3.75,3.5
20856,2.85,3.1,4.25,3.4
58406,3.25,3.5,4.1,3.62
15021,2.8,3.15,4.2,3.38
46226,2.8,3.1,3.5,3.13
69245,3.25,3.5,3.75,3.5
70236,3.15,3.8,4.25,3.73
32637,3.15,3.8,2.95,3.3
49206,2.85,3.1,2.5,2.82
50505,3.25,3.5,4.0,3.58
68933,2.8,3.15,3.65,3.2
42013,3.25,3.5,2.75,3.17
56629,3.15,3.8,2.95,3.3
12046,3.15,3.8,4.25,3.73
38669,2.8,3.1,3.5,3.13
53208,2.85,3.1,4.25,3.4
21132,2.8,3.1,3.5,3.13
50075,3.25,3.5,2.75,3.17
68693,3.25,3.5,2.75,3.17
38850,2.85,3.1,4.25,3.4
20605,2.85,3.1,3.75,3.23
1358,3.15,3.8,3.5,3.48
16796,3.15,3.8,4.25,3.73
32213,3.25,3.5,2.75,3.17
23806,3.25,3.8,2.9,3.32
22815,2.8,3.15,4.2,3.38
37218,2.85,3.1,3.75,3.23
8931,3.25,3.5,3.75,3.5
46672,3.25,3.5,3.75,3.5
57756,3.2,3.5,2.8,3.17
58279,3.25,3.5,3.75,3.5
45795,3.25,3.5,3.75,3.5
27770,2.8,3.15,3.6,3.18
53711,3.15,3.8,4.25,3.73
28886,2.5,3.1,4.2,3.27
29879,3.25,3.5,2.75,3.17
25932,2.8,3.1,3.5,3.13
16432,3.15,3.8,2.5,3.15
13297,2.5,2.8,3.1,2.8
36169,3.25,3.5,2.75,3.17
47795,2.8,3.15,3.5,3.15
46385,3.15,3.8,4.25,3.73
65444,3.25,3.5,3.75,3.5
42598,2.85,3.1,4.25,3.4
20364,2.8,3.1,3.5,3.13
13639,2.8,3.15,3.6,3.18
34127,3.25,3.5,2.75,3.17
10228,3.25,3.5,2.75,3.17
38415,2.8,3.1,4.25,3.38
15880,3.15,3.8,3.5,3.48
29701,2.8,3.1,3.9,3.27
64406,3.25,3.5,4.0,3.58
53803,2.5,2.8,3.75,3.02
51280,2.8,3.15,4.2,3.38
49598,3.25,3.5,2.75,3.17
41846,2.85,3.1,4.25,3.4
23408,3.25,3.5,3.75,3.5
1650,2.85,3.1,4.25,3.4
11695,2.8,3.15,3.5,3.15
71082,2.8,3.1,3.5,3.13
21543,2.85,3.1,3.5,3.15
52139,2.8,3.15,4.2,3.38
29536,2.8,2.24,3.74,2.9267
15472,2.5,3.1,3.8,3.13
8977,2.8,3.15,3.9,3.28
65689,2.8,3.15,4.2,3.38
17740,2.8,3.15,3.6,3.18
30579,2.5,2.0,1.5,2.0
61842,3.25,3.5,2.75,3.17
36465,3.25,3.5,2.75,3.17
41246,2.8,3.1,2.5,2.8
42470,2.8,3.15,3.5,3.15
69033,2.5,3.0,3.75,3.08
53744,2.5,2.25,4.0,2.92
69724,3.15,3.8,3.5,3.48
16118,2.8,3.1,2.5,2.8
5238,2.8,3.15,3.6,3.18
46046,3.15,3.8,4.25,3.73
35814,2.8,3.15,4.2,3.38
2250,2.8,3.15,3.6,3.18
34758,2.8,3.1,4.2,3.37
68410,2.5,2.8,3.1,2.8
35400,2.8,3.15,4.2,3.38
3466,3.25,3.5,2.75,3.17
22601,2.85,3.1,3.75,3.23
70894,2.5,2.8,4.2,3.17
12969,3.25,3.5,3.75,3.5
27648,2.5,3.1,3.75,3.12
7262,2.8,3.15,3.5,3.15
40857,2.8,3.15,3.6,3.18
27654,2.5,3.1,3.75,3.12
25155,2.8,3.15,4.2,3.38
65262,2.8,3.15,3.5,3.15
27991,2.8,3.1,3.5,3.13
47324,2.5,2.8,2.2,2.5
14106,2.8,3.15,2.5,2.82
2016,3.5,3.8,3.2,3.5
59729,2.8,3.1,2.5,2.8
56127,3.25,3.5,4.1,3.62
54194,3.25,3.5,3.75,3.5
1648,2.5,2.8,3.75,3.02
70811,2.5,3.0,2.0,2.5
54233,3.15,3.8,3.5,3.48
33018,2.8,3.1,3.5,3.13
63331,3.25,3.5,4.0,3.58
45877,3.25,3.5,3.75,3.5
37525,2.8,3.15,3.6,3.18
60004,3.25,3.8,4.1,3.72
48940,2.8,3.1,2.5,2.8
25236,2.5,2.8,3.75,3.02
46641,2.8,3.1,2.5,2.8
69621,2.8,3.15,4.2,3.38
65505,2.85,2.3,4.15,3.1
35789,2.8,3.15,3.6,3.18
64029,2.85,3.1,4.25,3.4
8703,2.8,3.15,4.2,3.38
37834,2.5,2.8,4.2,3.17
45507,2.85,3.1,4.25,3.4
55489,2.8,3.15,3.6,3.18
67165,2.8,3.15,3.6,3.18
41491,2.5,2.8,3.75,3.02
7039,3.25,3.5,3.75,3.5
6816,2.5,2.0,1.5,2.0
25816,2.8,3.15,4.2,3.38
41592,2.85,3.1,4.25,3.4
29970,3.25,3.5,3.75,3.5
15290,2.8,3.1,2.5,2.8
36285,2.8,3.1,2.5,2.8
66345,2.8,3.15,3.6,3.18
57273,2.85,3.1,4.25,3.4
1229,3.25,3.5,2.75,3.17
43291,3.25,3.5,4.1,3.62
47761,3.5,3.8,2.75,3.35
44251,3.25,3.5,4.0,3.58
62828,3.25,3.5,2.75,3.17
47777,3.25,3.8,3.5,3.52
54812,3.25,3.5,4.1,3.62
50963,2.8,3.1,3.5,3.13
19908,3.25,3.8,3.5,3.52
1805,2.5,2.8,3.1,2.8
60048,2.8,3.15,3.6,3.18
39822,3.5,3.8,2.75,3.35
21675,3.15,3.8,4.25,3.73
21281,2.8,3.15,3.6,3.18
24209,3.25,3.8,4.15,3.73
63349,2.5,3.1,3.8,3.13
22981,2.8,3.15,3.6,3.18
18442,2.85,3.1,4.25,3.4
12849,2.8,3.15,3.6,3.18
38146,3.25,3.8,4.1,3.72
15253,2.8,3.15,3.6,3.18
8323,2.8,2.5,4.2,3.17
38958,2.8,3.15,3.6,3.18
23560,2.8,3.15,3.6,3.18
64310,2.8,3.15,4.2,3.38
768,3.2,3.5,2.8,3.17
19935,2.8,3.15,3.5,3.15
9909,3.25,3.5,2.75,3.17
49274,3.25,3.5,2.75,3.17
27247,2.85,3.1,3.75,3.23
31358,2.5,3.0,3.75,3.08
58100,3.5,3.8,2.7,3.33
9312,2.5,2.0,4.25,2.92
14476,3.25,3.8,4.15,3.73
15820,2.8,3.1,4.2,3.37
35852,2.8,3.15,3.9,3.28
46818,3.5,3.25,2.75,3.17
36459,2.8,3.15,3.6,3.18
46548,2.85,3.1,3.75,3.23
31858,2.85,3.1,3.75,3.23
66514,2.5,3.1,3.8,3.13
28522,2.8,3.1,3.5,3.13
44424,2.5,2.0,1.5,2.0
40403,2.8,3.1,3.9,3.27
69921,2.5,2.8,4.2,3.17
10823,3.5,3.8,3.2,3.5
61950,2.8,3.15,3.9,3.28
56378,2.85,3.1,4.25,3.4
51136,2.85,3.1,4.25,3.4
71107,3.15,3.8,4.25,3.73
44609,2.8,3.15,3.65,3.2
61646,3.25,3.5,3.75,3.5
37892,2.8,3.15,3.5,3.15
17554,2.8,3.15,3.65,3.2
9176,2.8,3.15,3.75,3.23
20049,2.85,3.1,4.25,3.4
19956,3.25,3.5,3.75,3.5
47474,3.25,3.5,3.75,3.5
70342,3.5,3.8,2.75,3.35
48500,2.85,3.1,3.75,3.23
60121,2.8,3.1,3.5,3.13
71557,2.85,3.1,3.75,3.23
17100,3.25,3.5,4.0,3.58
47232,2.8,3.1,2.5,2.8
61517,3.25,3.5,3.75,3.5
16752,2.5,2.8,3.1,2.8
61897,2.85,3.1,4.25,3.4
29175,2.85,3.1,4.25,3.4
6720,2.8,3.15,3.5,3.15
71123,2.85,3.1,3.75,3.23
68063,3.25,3.5,4.1,3.62
33022,3.15,3.8,4.25,3.73
67899,2.8,3.15,4.2,3.38
37317,2.8,3.15,4.2,3.38
27703,2.5,2.8,3.2,2.83
35509,2.8,3.15,3.6,3.18
53285,2.8,3.15,3.5,3.15
4222,2.5,2.0,4.25,2.92
4781,3.25,3.5,3.75,3.5
50208,2.85,3.1,4.25,3.4
41383,2.5,2.8,3.75,3.02
71491,2.8,3.15,3.9,3.28
21634,2.5,3.0,4.25,3.25
2847,3.25,3.5,2.75,3.17
36806,2.8,3.15,4.2,3.38
19651,2.8,3.15,3.5,3.15
50784,2.5,2.0,3.5,2.67
5018,2.8,3.15,3.9,3.28
55012,2.85,3.1,3.75,3.23
55946,2.8,3.15,4.2,3.38
36720,2.8,3.15,3.6,3.18
12609,2.8,3.15,3.5,3.15
951,3.5,3.25,2.75,3.17
68683,2.8,3.1,3.5,3.13
67993,3.5,3.8,2.2,3.17
32238,3.25,3.5,3.75,3.5
55704,2.8,3.15,4.2,3.38
25934,2.85,3.1,4.25,3.4
13275,2.8,3.15,3.6,3.18
59315,3.25,3.5,2.75,3.17
41529,2.5,3.1,4.2,3.27
27992,2.8,3.15,3.5,3.15
34842,2.8,3.15,4.2,3.38
11333,3.5,4.0,3.25,3.58
32632,2.5,2.8,3.1,2.8
63962,2.5,3.0,3.5,3.0
62385,2.8,3.15,4.2,3.38
30230,2.8,3.15,3.6,3.18
30748,3.15,3.8,4.25,3.73
28806,2.8,3.1,2.5,2.8
7572,2.85,3.1,3.75,3.23
42645,3.25,3.5,4.0,3.58
66610,2.8,3.15,3.6,3.18
5611,2.85,3.1,4.25,3.4
71022,3.15,3.8,4.25,3.73
16573,2.5,2.8,2.2,2.5
70222,3.15,3.8,3.5,3.48
25268,2.5,2.8,3.1,2.8
18971,2.8,2.5,4.2,3.17
30066,2.8,3.15,4.2,3.38
59185,2.8,3.15,4.2,3.38
7822,3.25,3.5,4.0,3.58
61160,2.5,3.0,4.2,3.23
64528,3.5,3.8,3.2,3.5
31434,3.25,3.5,3.75,3.5
28041,2.5,3.0,3.75,3.08
58202,2.8,3.1,4.25,3.38
37694,3.15,3.8,4.25,3.73
71115,2.5,2.8,3.1,2.8
52723,3.25,3.8,2.5,3.18
15992,2.5,3.0,3.75,3.08
22687,2.5,2.8,3.75,3.02
3937,2.85,3.1,4.25,3.4
24178,2.8,3.15,4.2,3.38
64411,2.5,2.8,3.75,3.02
37082,2.85,3.1,3.75,3.23
59004,3.25,3.5,4.1,3.62
4214,3.25,3.5,3.75,3.5
60191,2.5,2.8,3.7,3.0
44232,2.85,3.1,3.75,3.23
67183,2.5,2.25,3.75,2.83
9745,2.8,3.15,3.65,3.2
6420,2.8,3.15,3.9,3.28
13755,2.85,3.1,3.75,3.23
44155,2.85,3.1,3.75,3.23
6225,3.5,3.8,3.2,3.5
9837,2.5,2.25,4.0,2.92
14388,3.5,3.8,2.9,3.4
30758,3.25,3.5,4.1,3.62
56953,2.5,3.1,3.75,3.12
43598,3.15,3.8,4.25,3.73
36831,3.25,3.5,2.75,3.17
19063,3.25,3.5,2.75,3.17
61577,2.8,3.15,3.9,3.28
66183,3.15,3.8,4.25,3.73
44721,2.85,3.1,3.75,3.23
8468,2.8,3.1,3.5,3.13
47600,2.5,2.8,4.2,3.17
9058,2.8,3.15,3.6,3.18
21738,3.25,3.5,2.75,3.17
22983,2.8,3.15,3.6,3.18
67686,2.5,2.8,3.1,2.8
64987,2.8,3.15,4.2,3.38
23480,3.5,4.0,2.75,3.42
65256,2.8,3.15,3.65,3.2
71142,2.8,3.15,3.9,3.28
26680,2.5,2.3,3.8,2.87
12182,2.85,3.1,3.75,3.23
40302,2.85,3.1,4.25,3.4
13356,2.8,3.15,3.5,3.15
34097,2.8,3.15,3.6,3.18
56636,3.15,3.8,2.95,3.3
23375,3.5,3.8,2.75,3.35
28356,3.25,3.5,4.1,3.62
71740,3.25,3.5,3.75,3.5
64371,2.8,3.1,3.5,3.13
40796,2.5,3.0,2.2,2.57
43498,3.15,3.8,4.25,3.73
36433,2.85,3.1,4.25,3.4
51967,2.85,3.1,3.75,3.23
18284,2.8,3.15,3.5,3.15
55035,2.5,2.8,4.2,3.17
12019,2.8,3.1,2.5,2.8
8548,2.8,3.15,3.5,3.15
34843,2.8,3.15,3.6,3.18
42451,2.85,3.1,4.25,3.4
49207,2.8,3.15,3.6,3.18
39639,2.8,3.15,4.2,3.38
22,2.5,2.8,4.2,3.17
67391,2.8,2.5,4.2,3.17
71727,3.5,3.8,3.2,3.5
48765,2.85,3.1,4.25,3.4
7960,3.25,3.8,3.5,3.52
33401,2.5,3.1,4.2,3.27
33046,3.25,3.5,4.1,3.62
21020,2.5,2.8,3.75,3.02
65297,2.5,2.8,3.1,2.8
69010,3.15,3.8,2.5,3.15
27327,2.8,3.1,2.5,2.8
8618,2.8,3.15,3.9,3.28
64856,2.5,3.0,3.5,3.0
55601,2.5,2.0,1.5,2.0
8357,2.8,3.15,4.2,3.38
29112,2.5,2.8,2.2,2.5
11824,2.5,3.0,3.75,3.08
7595,2.85,3.1,4.25,3.4
13298,2.8,3.15,3.65,3.2
20983,3.15,3.8,2.95,3.3
66339,3.25,3.5,3.75,3.5
47823,3.25,3.5,2.75,3.17
61534,2.8,3.15,4.2,3.38
24364,2.8,3.1,3.5,3.13
66543,2.5,3.0,2.0,2.5
24855,2.5,3.1,3.8,3.13
52834,3.25,3.5,4.1,3.62
25087,3.25,3.5,4.0,3.58
54822,3.15,3.85,4.2,3.73
23887,2.8,3.15,3.6,3.18
28021,2.85,3.1,3.75,3.23
53087,2.8,3.15,3.6,3.18
37231,3.25,3.5,4.0,3.58
44027,2.5,2.0,1.5,2.0
11322,2.8,3.1,3.5,3.13
67029,2.8,3.15,3.6,3.18
61563,2.8,3.15,4.2,3.38
60712,2.5,2.0,3.0,2.5
55123,2.85,3.1,4.25,3.4
10596,3.25,3.5,2.75,3.17
41448,3.25,3.5,4.0,3.58
9657,3.25,3.5,4.0,3.58
69051,3.25,3.5,4.0,3.58
21694,3.25,3.5,3.75,3.5
49666,3.25,3.5,3.75,3.5
62854,2.5,3.1,4.2,3.27
1057,2.8,3.15,3.6,3.18
25005,3.25,3.5,4.0,3.58
26869,2.85,3.1,4.5,3.48
50161,3.25,3.5,4.1,3.62
63123,3.25,3.5,3.75,3.5
30387,2.8,3.15,4.2,3.38
57153,3.25,3.5,2.75,3.17
56940,2.85,3.1,4.25,3.4
52488,3.25,3.8,4.1,3.72
28461,2.5,3.0,2.2,2.57
38171,3.25,3.5,2.75,3.17
35085,2.5,2.8,3.1,2.8
66200,2.8,3.15,3.5,3.15
33336,3.25,3.5,3.75,3.5
70931,2.8,3.15,3.65,3.2
7593,2.85,3.1,4.25,3.4
24650,3.25,3.5,3.75,3.5
40962,2.8,3.15,4.2,3.38
30169,2.5,3.0,2.75,2.75
54793,3.25,3.5,4.0,3.58
44486,3.15,3.8,4.25,3.73
64435,3.25,3.5,4.1,3.62
51171,2.8,3.15,3.9,3.28
36446,2.5,3.0,3.75,3.08
4862,3.2,3.5,2.8,3.17
1686,3.15,3.8,4.25,3.73
10497,2.85,3.1,4.25,3.4
43906,3.25,3.5,2.75,3.17
53824,2.8,3.15,4.2,3.38
65654,2.85,3.1,4.25,3.4
65405,2.8,3.15,3.6,3.18
34949,2.5,3.1,4.25,3.28
47156,3.25,3.5,3.75,3.5
52832,2.5,3.0,3.75,3.08
49191,2.5,2.8,2.2,2.5
50213,3.25,3.5,3.75,3.5
28958,3.25,3.5,2.75,3.17
29948,2.8,3.15,3.6,3.18
55282,3.5,3.8,2.75,3.35
8950,3.5,3.8,2.75,3.35
41939,2.5,3.0,2.75,2.75
14273,2.8,3.15,3.5,3.15
32535,2.8,3.15,4.2,3.38
28539,3.25,3.5,4.1,3.62
52303,3.25,3.5,3.75,3.5
31791,2.8,3.15,3.9,3.28
71913,2.8,3.15,3.6,3.18
28574,2.8,3.15,3.6,3.18
27516,3.25,3.5,2.75,3.17
53397,2.8,3.15,3.5,3.15
57047,3.15,3.8,4.25,3.73
6888,2.8,3.15,3.6,3.18
5308,2.5,2.8,2.2,2.5
29967,2.5,3.1,3.8,3.13
22718,2.5,2.0,4.25,2.92
20070,2.8,3.15,3.6,3.18
4428,2.8,3.1,2.5,2.8
60576,2.8,3.1,3.5,3.13
26105,2.5,3.1,4.25,3.28
13801,3.25,3.5,2.75,3.17
63146,3.15,3.8,4.25,3.73
66556,3.15,3.8,4.25,3.73
6296,2.85,3.1,4.25,3.4
63457,2.5,2.0,1.5,2.0
49586,2.85,3.1,4.25,3.4
36877,3.25,3.5,2.75,3.17
53707,2.8,3.15,3.9,3.28
72133,2.5,2.8,3.1,2.8
5501,2.8,3.15,3.6,3.18
19345,3.25,3.5,4.0,3.58
8795,2.8,3.1,3.5,3.13
11676,2.85,3.1,3.5,3.15
53345,3.25,3.5,2.75,3.17
71864,2.8,3.15,3.6,3.18
29766,2.8,3.15,3.6,3.18
27372,2.8,3.1,4.2,3.37
37828,2.5,3.0,3.75,3.08
36923,2.5,2.8,3.1,2.8
35862,2.5,3.0,2.75,2.75
58729,3.25,3.5,2.75,3.17
12327,3.25,3.5,4.0,3.58
48521,2.5,3.1,3.8,3.13
56841,2.8,3.1,3.5,3.13
47810,2.5,3.0,3.75,3.08
9717,2.85,3.1,4.2,3.38
22811,2.85,3.1,4.25,3.4
32980,2.8,3.15,3.9,3.28
58058,2.8,3.1,2.5,2.8
69604,2.5,3.1,4.2,3.27
24919,3.25,3.5,3.75,3.5
55444,2.5,3.1,3.8,3.13
45426,2.8,3.1,3.5,3.13
52147,3.25,3.5,2.75,3.17
61844,3.25,3.5,2.75,3.17
4156,3.25,3.5,2.75,3.17
54460,2.8,3.1,3.5,3.13
33972,2.8,3.15,3.6,3.18
71750,3.5,3.25,2.1,2.95
30049,2.8,3.1,3.5,3.13
65799,2.8,3.15,4.2,3.38
833,2.5,2.2,3.8,2.83
65497,2.5,3.0,3.75,3.08
53501,3.5,3.8,2.2,3.17
67771,2.5,2.8,3.75,3.02
46936,2.8,3.1,3.5,3.13
22237,3.25,3.5,4.1,3.62
29656,2.8,3.15,4.2,3.38
16536,2.8,3.15,3.5,3.15
41236,2.8,3.1,2.5,2.8
18551,2.5,2.8,3.1,2.8
59002,2.5,2.0,4.5,3.0
69066,2.8,3.15,3.6,3.18
57969,2.8,3.1,3.5,3.13
63341,2.8,3.15,4.2,3.38
46985,2.5,2.8,3.7,3.0
60404,3.15,3.8,4.25,3.73
22388,2.85,3.1,4.25,3.4
54944,3.15,3.8,4.25,3.73
32498,3.25,3.5,3.75,3.5
53264,2.8,3.15,3.6,3.18
15993,3.25,3.5,4.0,3.58
24910,2.8,3.1,2.5,2.8
9918,2.8,3.15,4.2,3.38
24980,3.5,4.0,2.75,3.42
59220,2.85,3.1,4.25,3.4
6745,3.25,3.5,2.75,3.17
30489,3.15,3.8,2.55,3.17
37946,3.25,3.5,3.75,3.5
62043,2.8,3.15,3.6,3.18
68501,3.25,3.5,4.0,3.58
32228,3.25,3.8,3.5,3.52
34797,3.25,3.5,2.75,3.17
27480,3.25,3.5,4.1,3.62
48687,2.5,2.0,1.5,2.0
29671,2.8,3.1,4.2,3.37
40765,3.25,3.8,3.5,3.52
66179,2.85,3.1,4.25,3.4
1788,2.8,3.15,3.9,3.28
41221,2.5,2.0,1.5,2.0
13587,3.25,3.8,3.5,3.52
67135,3.25,3.8,4.15,3.73
51895,3.25,3.5,3.75,3.5
48556,2.85,3.1,3.75,3.23
4834,2.5,3.1,3.8,3.13
9379,3.25,3.5,2.75,3.17
14779,3.25,3.8,2.5,3.18
8478,2.5,3.0,2.0,2.5
86,2.5,3.1,4.2,3.27
23094,2.5,2.8,3.1,2.8
4319,3.25,3.8,3.5,3.52
18022,3.25,3.5,2.75,3.17
67201,3.5,3.8,2.75,3.35
55006,2.5,3.1,2.2,2.6
35414,2.5,2.0,3.75,2.75
45096,2.8,3.1,2.5,2.8
71263,2.5,3.1,3.8,3.13
37471,3.25,3.5,2.75,3.17
13611,2.85,3.1,4.25,3.4
8326,2.8,3.15,4.2,3.38
6637,2.8,3.15,4.2,3.38
20139,2.8,3.1,3.5,3.13
19184,3.15,3.8,3.5,3.48
23448,3.2,3.5,2.8,3.17
32943,2.8,3.15,3.9,3.28
37212,3.25,3.5,4.1,3.62
47651,3.5,3.8,3.2,3.5
4037,3.25,3.5,3.75,3.5
19609,2.8,3.15,3.5,3.15
31108,2.8,3.15,2.5,2.82
66895,2.8,3.1,3.5,3.13
57360,2.8,3.15,4.2,3.38
22174,2.8,3.1,3.5,3.13
61478,3.25,3.8,4.15,3.73
15402,2.8,3.1,3.5,3.13
4237,2.5,3.0,2.2,2.57
32306,3.25,3.5,3.75,3.5
51679,2.8,3.15,3.6,3.18
21949,2.8,3.15,3.9,3.28
70483,3.25,3.8,3.5,3.52
51900,2.8,3.15,3.6,3.18
13876,2.85,3.1,3.75,3.23
10282,3.25,3.5,3.75,3.5
72141,2.8,3.15,3.6,3.18
28328,2.8,3.1,3.5,3.13
24050,2.8,3.15,3.9,3.28
60297,2.8,3.1,3.5,3.13
61125,2.8,3.15,3.5,3.15
2140,3.25,3.5,4.1,3.62
48067,2.85,3.1,4.25,3.4
60502,3.15,3.8,2.95,3.3
20695,2.5,2.8,2.2,2.5
42509,2.85,3.1,3.75,3.23
61863,3.25,3.8,4.15,3.73
60449,2.8,3.15,4.2,3.38
61529,2.5,3.1,2.0,2.53
15906,3.5,3.8,2.75,3.35
1865,3.5,3.25,2.1,2.95
71357,2.8,3.15,4.2,3.38
38821,2.85,3.1,3.5,3.15
51827,2.8,3.15,3.65,3.2
38554,2.8,3.15,4.2,3.38
69120,2.5,2.0,3.5,2.67
38529,3.25,3.5,4.0,3.58
41667,2.5,3.0,2.0,2.5
35525,2.5,3.0,2.2,2.57
1028,2.8,3.15,4.2,3.38
12516,3.5,3.8,4.2,3.83
4537,2.8,3.15,3.9,3.28
23393,2.85,2.5,4.1,3.15
58328,3.25,3.5,4.0,3.58
34882,2.85,3.1,4.25,3.4
1093,2.8,3.15,3.65,3.2
31555,2.85,3.1,3.75,3.23
60027,3.15,3.8,2.9,3.28
65003,3.25,3.5,3.75,3.5
45191,2.8,3.15,3.6,3.18
22851,2.85,3.1,3.75,3.23
11173,2.8,3.15,3.65,3.2
54767,3.25,3.5,3.75,3.5
10246,2.8,3.15,3.5,3.15
51389,2.5,2.2,4.8,3.17
58505,2.5,2.0,1.5,2.0
2664,3.15,3.8,4.25,3.73
25156,3.15,3.8,4.25,3.73
55938,2.8,3.15,4.2,3.38
69845,2.5,3.0,3.75,3.08
33052,2.8,3.15,4.2,3.38
30815,3.25,3.5,4.1,3.62
1861,2.8,3.15,4.2,3.38
16883,3.15,3.8,4.25,3.73
35540,3.5,3.25,2.75,3.17
43369,3.15,3.8,4.25,3.73
48877,2.8,3.1,3.5,3.13
30427,2.8,3.15,3.65,3.2
21272,3.25,3.5,2.75,3.17
14367,2.5,2.8,3.75,3.02
64403,2.85,3.1,3.75,3.23
71046,2.85,3.1,4.25,3.4
29925,2.5,2.0,1.5,2.0
2947,3.25,3.5,4.0,3.58
40272,2.8,3.15,3.5,3.15
58145,3.25,3.5,4.0,3.58
44460,2.8,3.15,3.5,3.15
49353,3.2,3.5,2.8,3.17
44711,3.25,3.5,3.75,3.5
3263,2.8,3.15,4.2,3.38
38819,3.25,3.5,4.1,3.62
68574,2.8,3.15,4.2,3.38
55471,3.25,3.8,3.5,3.52
18934,2.8,3.1,2.5,2.8
32948,2.5,2.0,1.5,2.0
42548,2.5,2.8,3.75,3.02
34015,3.25,3.5,2.75,3.17
59584,2.5,2.8,3.1,2.8
22721,2.85,3.1,3.75,3.23
21124,2.8,3.15,3.65,3.2
63585,3.5,3.8,3.2,3.5
68845,2.8,3.1,3.5,3.13
11265,2.8,3.15,3.6,3.18
25296,2.85,3.1,4.25,3.4
25039,2.85,3.1,4.25,3.4
58104,2.8,3.1,3.5,3.13
18768,2.8,3.15,4.2,3.38
24160,3.25,3.5,3.75,3.5
58537,3.25,3.5,4.1,3.62
69509,2.8,3.15,3.6,3.18
48939,2.8,3.1,3.5,3.13
43454,3.25,3.5,4.1,3.62
21422,3.25,3.8,3.5,3.52
7007,3.25,3.5,3.75,3.5
34488,2.85,3.1,3.5,3.15
57048,2.5,3.1,3.8,3.13
71530,2.8,3.15,3.6,3.18
62288,3.25,3.5,2.75,3.17
12491,2.8,3.15,3.6,3.18
35008,2.8,3.15,4.2,3.38
67780,2.5,2.8,3.1,2.8
52286,3.25,3.5,3.75,3.5
27121,2.8,3.15,4.2,3.38
6095,3.25,3.5,2.75,3.17
45433,2.8,3.15,3.6,3.18
51140,2.8,3.15,3.65,3.2
13218,2.8,3.15,3.5,3.15
70024,2.85,3.1,4.25,3.4
13180,2.5,3.0,2.2,2.57
5380,2.8,3.15,3.6,3.18
17278,2.5,2.8,3.1,2.8
53204,2.8,3.15,4.2,3.38
65194,3.25,3.8,3.5,3.52
11301,3.15,3.8,2.95,3.3
13198,2.8,3.15,4.2,3.38
55657,2.8,3.15,4.2,3.38
17758,3.15,3.8,4.25,3.73
69143,2.5,2.8,3.7,3.0
39526,3.25,3.8,4.15,3.73
35328,3.25,3.5,2.75,3.17
8182,3.25,3.5,4.0,3.58
46240,2.5,2.0,1.5,2.0
26893,2.5,2.8,3.1,2.8
41466,2.5,3.1,4.2,3.27
56464,2.8,3.15,3.6,3.18
20333,3.15,3.8,2.95,3.3
23803,3.25,3.5,2.75,3.17
56041,2.5,3.0,3.75,3.08
55393,2.8,3.15,3.6,3.18
51612,2.8,3.15,4.2,3.38
10619,2.5,3.1,2.8,2.8
30104,3.25,3.5,3.75,3.5
3797,2.8,3.15,4.2,3.38
53782,2.8,3.15,4.2,3.38
16751,3.25,3.5,3.75,3.5
53831,2.8,3.15,3.65,3.2
44461,3.25,3.5,2.75,3.17
28109,2.8,3.15,4.2,3.38
51120,2.85,3.1,4.25,3.4
49972,3.25,3.5,4.1,3.62
69752,2.85,3.12,4.5,3.49
19172,3.15,3.8,4.25,3.73
37846,2.8,3.15,4.2,3.38
64843,3.25,3.5,2.75,3.17
17053,3.25,3.8,3.5,3.52
43910,2.85,3.1,4.25,3.4
57554,2.8,3.15,3.9,3.28
5075,2.8,3.15,3.6,3.18
17876,2.8,3.1,3.5,3.13
2896,2.5,3.0,2.75,2.75
17644,2.8,3.1,4.2,3.37
61835,2.8,3.15,3.5,3.15
17143,2.8,3.15,3.6,3.18
43021,3.25,3.5,2.75,3.17
23347,2.5,3.1,4.2,3.27
7873,3.25,3.5,2.75,3.17
23413,2.8,3.15,3.75,3.23
61407,2.5,2.8,3.75,3.02
27629,2.8,3.15,3.65,3.2
64899,3.25,3.5,3.75,3.5
44647,2.5,2.8,4.2,3.17
23546,2.85,3.1,4.25,3.4
33937,3.5,3.8,2.75,3.35
56565,3.5,3.8,4.2,3.83
37246,3.15,3.8,3.5,3.48
29751,3.25,3.5,2.75,3.17
2081,3.25,3.5,4.1,3.62
12647,3.25,3.5,2.75,3.17
46291,2.85,3.1,3.65,3.2
42939,2.5,3.0,2.2,2.57
23944,3.25,3.5,2.75,3.17
55558,2.5,3.1,3.8,3.13
41866,2.85,3.1,4.25,3.4
3218,3.25,3.5,2.75,3.17
25730,2.8,3.1,3.5,3.13
10164,2.8,3.15,3.9,3.28
10847,3.25,3.5,3.75,3.5
54446,2.85,3.1,4.25,3.4
15975,2.85,3.1,4.25,3.4
17419,2.8,3.15,3.6,3.18
65138,3.25,3.5,3.75,3.5
47938,2.85,3.1,4.25,3.4
54287,3.5,3.8,2.75,3.35
4280,3.15,3.8,2.95,3.3
20015,3.25,3.5,2.75,3.17
16043,3.25,3.5,4.1,3.62
61516,2.8,3.15,3.5,3.15
43918,2.8,3.15,4.2,3.38
15024,2.85,3.1,3.5,3.15
71017,2.5,2.0,3.0,2.5
5785,2.8,3.15,4.2,3.38
16798,2.5,2.3,3.8,2.87
27128,3.15,3.8,4.25,3.73
52600,3.25,3.8,4.1,3.72
25505,2.5,2.8,3.75,3.02
69836,3.25,3.5,2.75,3.17
29791,3.25,3.5,2.75,3.17
27702,2.5,3.0,2.2,2.57
8149,3.25,3.5,3.75,3.5
13326,3.25,3.5,2.75,3.17
16673,2.85,3.1,4.25,3.4
7565,3.25,3.5,4.0,3.58
21797,2.8,3.15,4.2,3.38
67621,3.15,3.8,4.25,3.73
1265,3.5,3.8,2.2,3.17
6624,2.8,3.15,4.2,3.38
29452,2.5,2.8,3.75,3.02
34088,2.8,3.1,3.5,3.13
62904,3.5,3.8,2.75,3.35
54768,2.5,3.0,3.75,3.08
30851,2.85,3.1,4.25,3.4
38310,2.5,2.0,3.0,2.5
58845,3.25,3.5,4.1,3.62
17766,3.25,3.5,3.75,3.5
16364,3.25,3.5,4.0,3.58
66180,2.5,2.8,2.2,2.5
60110,2.5,2.8,3.1,2.8
13052,3.25,3.8,4.1,3.72
9414,2.8,3.15,3.65,3.2
66225,2.85,3.1,4.25,3.4
19247,3.15,3.8,4.25,3.73
53903,2.5,3.0,3.75,3.08
52823,3.25,3.5,3.75,3.5
71716,2.8,3.15,3.6,3.18
32017,2.8,3.15,3.6,3.18
33912,3.25,3.5,2.75,3.17
39105,3.2,3.5,2.8,3.17
5106,3.15,3.8,2.55,3.17
27973,2.5,2.8,3.1,2.8
67964,2.5,3.0,2.75,2.75
58473,3.5,3.8,3.2,3.5
1624,3.2,3.5,2.8,3.17
34853,2.5,2.8,3.2,2.83
638,2.5,2.0,1.5,2.0
32946,2.5,3.1,3.75,3.12
22354,2.85,3.1,4.25,3.4
17634,3.25,3.5,3.75,3.5
7853,2.8,3.1,3.5,3.13
36633,3.15,3.8,2.55,3.17
40308,2.8,3.1,3.5,3.13
28222,2.85,3.1,4.25,3.4
65167,2.5,2.8,4.2,3.17
35674,2.85,3.1,3.5,3.15
55666,2.8,3.15,3.65,3.2
66145,2.8,3.15,4.2,3.38
41717,2.85,3.1,4.25,3.4
62781,2.8,3.15,3.65,3.2
38022,2.8,3.15,3.9,3.28
52921,3.15,3.8,3.5,3.48
9175,2.8,3.15,4.2,3.38
62589,3.02,2.27,4.18,3.1567
21259,3.25,3.8,2.5,3.18
17589,3.15,3.8,4.25,3.73
18856,2.8,3.1,2.5,2.8
71582,2.85,3.1,3.75,3.23
58048,2.8,3.1,3.5,3.13
13913,2.5,2.8,3.75,3.02
65730,2.85,3.1,4.25,3.4
20751,2.8,3.15,3.9,3.28
16965,3.15,3.8,4.25,3.73
3765,2.5,2.8,3.75,3.02
49000,2.8,3.15,3.9,3.28
4201,2.5,3.1,2.8,2.8
62954,2.8,3.15,3.6,3.18
47621,2.8,3.15,4.2,3.38
54864,3.15,3.8,4.25,3.73
70554,3.25,3.5,3.75,3.5
22255,2.8,3.15,3.6,3.18
50362,3.25,3.5,4.0,3.58
35298,2.8,3.1,3.5,3.13
70763,2.8,3.15,4.2,3.38
33979,2.8,3.1,2.5,2.8
50364,2.8,3.15,4.2,3.38
11910,2.8,3.15,3.6,3.18
66905,3.15,3.8,3.5,3.48
55286,3.15,3.8,2.55,3.17
68052,3.15,3.8,4.25,3.73
65352,2.8,3.15,3.9,3.28
58110,2.8,3.1,3.5,3.13
18724,2.8,3.15,4.2,3.38
42036,3.25,3.8,4.15,3.73
42410,2.5,2.8,3.1,2.8
17581,2.8,3.1,2.5,2.8
68551,3.25,3.5,2.75,3.17
37352,3.5,3.8,3.2,3.5
39287,2.8,3.1,3.5,3.13
13057,3.25,3.8,4.1,3.72
70211,2.8,3.15,3.6,3.18
27545,3.25,3.5,2.75,3.17
533,3.15,3.8,4.25,3.73
30953,2.8,3.1,3.5,3.13
69221,2.8,3.15,3.75,3.23
9924,3.25,3.5,2.75,3.17
67259,2.8,3.1,3.5,3.13
54836,2.8,3.15,3.6,3.18
44754,3.25,3.5,2.75,3.17
60704,2.8,3.1,3.5,3.13
59178,2.5,3.0,2.0,2.5
69907,3.15,3.8,3.5,3.48
57878,3.25,3.5,3.75,3.5
47371,2.8,3.15,4.2,3.38
25019,2.8,3.15,3.6,3.18
71572,3.25,3.5,3.75,3.5
67557,3.25,3.5,4.0,3.58
32659,3.5,3.8,2.75,3.35
44388,2.8,3.1,3.5,3.13
44645,2.5,2.8,3.75,3.02
5556,2.5,3.0,2.2,2.57
56388,2.5,3.1,2.8,2.8
50783,3.25,3.5,2.75,3.17
16379,2.8,3.15,3.9,3.28
3877,2.8,3.15,3.6,3.18
53786,3.5,3.25,2.75,3.17
58068,3.25,3.5,3.75,3.5
26625,3.25,3.5,3.75,3.5
4195,3.15,3.8,4.25,3.73
33156,2.85,3.1,4.25,3.4
53927,2.85,3.1,4.25,3.4
54737,2.85,3.1,3.75,3.23
52351,3.5,3.8,3.2,3.5
35622,2.85,3.1,4.25,3.4
19986,3.25,3.8,4.15,3.73
65384,2.8,3.1,2.5,2.8
64581,3.15,3.8,4.25,3.73
46941,2.8,3.15,3.5,3.15
50457,2.5,2.8,3.1,2.8
70035,2.5,2.8,3.1,2.8
10776,2.5,3.1,2.8,2.8
52531,2.8,3.15,4.2,3.38
20596,3.25,3.5,2.75,3.17
43523,2.5,3.0,4.25,3.25
66014,3.25,3.5,4.0,3.58
41144,2.8,3.15,3.9,3.28
66218,2.8,3.15,3.9,3.28
42908,2.5,3.0,2.0,2.5
67324,3.15,3.8,4.25,3.73
21156,2.85,3.1,4.25,3.4
15013,2.85,3.1,3.75,3.23
59676,3.5,3.8,2.2,3.17
42647,2.85,3.1,4.25,3.4
31420,2.85,3.1,4.25,3.4
26140,2.5,2.8,3.75,3.02
32201,3.25,3.5,2.75,3.17
857,2.8,3.15,3.5,3.15
13342,2.5,3.0,2.0,2.5
43606,2.5,2.8,3.75,3.02
24941,3.25,3.8,3.5,3.52
46451,2.8,3.15,3.6,3.18
71176,3.25,3.5,3.75,3.5
35228,3.25,3.5,3.75,3.5
36825,2.1,2.35,4.5,2.98
9464,3.5,3.8,3.2,3.5
25767,3.25,3.8,4.1,3.72
15283,3.25,3.5,3.75,3.5
40461,2.8,3.1,4.2,3.37
39519,2.5,2.0,1.5,2.0
7473,2.85,3.1,3.75,3.23
47870,2.5,2.0,1.5,2.0
39760,3.25,3.5,3.75,3.5
15904,3.25,3.5,2.75,3.17
66512,2.5,2.8,3.1,2.8
43066,2.8,3.15,3.65,3.2
397,3.25,3.5,2.75,3.17
3109,2.8,3.15,3.6,3.18
17936,2.5,3.0,2.0,2.5
68964,2.5,3.0,4.25,3.25
59284,2.5,2.0,4.25,2.92
53193,2.5,3.1,4.2,3.27
11164,2.5,3.1,2.2,2.6
16879,3.25,3.5,3.75,3.5
36834,3.25,3.5,2.75,3.17
37419,3.25,3.8,4.1,3.72
12378,3.25,3.5,3.75,3.5
46869,3.25,3.8,3.5,3.52
46348,2.85,3.1,3.75,3.23
1001,3.25,3.5,3.75,3.5
64532,2.8,3.15,3.65,3.2
16101,2.5,3.1,3.8,3.13
62268,3.25,3.5,2.75,3.17
49875,2.8,3.1,3.5,3.13
50864,2.8,3.15,3.65,3.2
52096,3.25,3.5,4.1,3.62
30325,2.85,3.1,3.65,3.2
43708,3.25,3.5,3.75,3.5
47211,2.85,3.1,4.25,3.4
23895,2.8,3.15,3.6,3.18
70155,2.8,3.15,4.2,3.38
54436,2.5,2.8,3.1,2.8
4029,2.85,3.1,3.75,3.23
32834,2.85,3.1,4.25,3.4
34279,3.25,3.5,3.75,3.5
71810,2.8,3.1,3.5,3.13
13624,2.5,2.8,2.2,2.5
934,3.25,3.5,3.75,3.5
9331,2.5,2.8,3.75,3.02
65729,3.25,3.5,4.1,3.62
40185,2.85,3.1,4.25,3.4
32267,2.85,3.1,3.65,3.2
47052,3.25,3.5,2.75,3.17
60699,2.85,3.1,4.25,3.4
50912,2.5,2.8,3.1,2.8
49581,2.8,3.15,4.2,3.38
41389,2.5,3.0,2.75,2.75
57424,2.8,3.15,3.6,3.18
53473,2.8,3.15,3.6,3.18
34275,3.25,3.5,4.0,3.58
57375,2.5,2.8,3.7,3.0
40057,2.5,2.8,3.1,2.8
7720,3.25,3.5,2.75,3.17
16526,2.85,3.1,3.75,3.23
60180,3.25,3.5,4.1,3.62
53608,3.25,3.5,2.75,3.17
24879,3.5,3.25,3.75,3.5
10131,2.5,2.8,4.2,3.17
32864,2.85,3.1,4.25,3.4
33741,2.5,2.8,3.1,2.8
64794,2.8,3.1,3.5,3.13
51837,2.5,2.0,1.5,2.0
62782,2.8,3.1,3.5,3.13
29547,2.85,3.1,3.75,3.23
46265,2.85,3.1,3.95,3.3
44575,2.8,3.15,3.9,3.28
34929,3.25,3.5,3.75,3.5
56484,2.8,3.15,3.5,3.15
17146,2.8,3.15,4.2,3.38
13046,3.25,3.8,4.1,3.72
2107,3.2,3.5,2.8,3.17
42697,3.25,3.5,2.75,3.17
19377,2.5,2.8,3.7,3.0
64259,2.8,3.1,3.5,3.13
57437,2.8,3.15,3.6,3.18
8570,2.5,2.8,3.75,3.02
57728,2.5,2.8,3.75,3.02
37214,3.15,3.8,4.25,3.73
17191,2.8,3.1,2.5,2.8
2699,3.25,3.5,3.75,3.5
50334,3.15,3.8,4.25,3.73
23176,2.8,3.15,4.2,3.38
22662,2.8,3.15,3.65,3.2
1809,3.5,3.8,2.2,3.17
66237,2.85,3.1,4.2,3.38
36168,3.15,3.8,4.25,3.73
24482,3.15,3.8,3.5,3.48
40338,3.5,3.25,2.75,3.17
64449,3.25,3.5,4.0,3.58
61630,2.85,3.1,3.75,3.23
68831,3.25,3.5,2.75,3.17
57433,3.5,3.8,2.2,3.17
32636,2.5,2.8,4.2,3.17
17254,2.8,3.15,3.6,3.18
60045,3.25,3.5,3.75,3.5
37554,2.5,2.8,3.75,3.02
13090,3.25,3.8,2.9,3.32
51811,2.85,3.1,4.25,3.4
8450,2.8,3.15,3.5,3.15
54477,2.5,3.1,4.2,3.27
48886,3.25,3.5,3.75,3.5
18244,2.8,3.15,4.2,3.38
61008,2.8,3.15,3.5,3.15
866,3.15,3.8,3.5,3.48
40359,3.15,3.8,4.25,3.73
53561,3.25,3.5,3.75,3.5
48916,2.5,3.1,4.2,3.27
43428,3.15,3.8,4.25,3.73
18986,2.85,3.1,4.25,3.4
4309,3.5,3.25,2.1,2.95
10260,2.8,3.1,3.5,3.13
9739,3.15,3.8,2.95,3.3
58699,2.85,3.1,3.75,3.23
13217,2.5,2.8,3.75,3.02
71820,2.5,2.8,3.1,2.8
38767,2.8,3.15,3.9,3.28
65369,3.25,3.5,3.75,3.5
4866,2.5,3.0,3.75,3.08
70558,3.15,3.8,4.25,3.73
68462,2.85,3.1,3.75,3.23
6161,2.8,3.15,3.6,3.18
21973,3.15,3.8,4.25,3.73
55808,2.8,3.1,4.2,3.37
48226,2.8,3.15,3.65,3.2
21732,2.85,3.1,4.25,3.4
58312,3.25,3.5,4.0,3.58
63828,3.25,3.5,2.75,3.17
18578,2.5,3.1,3.8,3.13
16956,3.5,4.0,3.25,3.58
7609,2.8,3.15,4.2,3.38
53496,3.25,3.5,2.75,3.17
49617,3.15,3.8,4.25,3.73
50004,3.25,3.5,4.1,3.62
6824,3.25,3.5,2.75,3.17
31530,3.25,3.5,2.75,3.17
43422,2.8,3.15,3.65,3.2
68143,2.8,3.15,3.9,3.28
35609,3.25,3.5,4.1,3.62
9721,3.25,3.5,3.75,3.5
687,3.25,3.5,3.75,3.5
55878,2.85,3.1,4.25,3.4
60370,2.8,3.15,4.2,3.38
70620,2.8,3.15,3.6,3.18
28332,2.8,3.15,3.6,3.18
36489,2.5,3.0,3.75,3.08
32958,2.8,3.15,4.2,3.38
29679,2.5,2.8,2.2,2.5
40075,2.8,3.1,4.2,3.37
63106,2.8,3.1,4.2,3.37
18908,2.8,3.1,3.5,3.13
19234,2.85,3.1,4.25,3.4
37449,3.25,3.5,2.75,3.17
49759,3.5,3.8,3.2,3.5
56352,2.5,2.8,3.1,2.8
59481,2.5,3.0,4.2,3.23
43955,3.25,3.5,2.75,3.17
29974,2.8,3.15,4.2,3.38
65640,2.5,3.0,3.5,3.0
69936,2.5,2.0,1.5,2.0
46272,2.8,3.1,3.5,3.13
9393,2.8,3.15,3.65,3.2
9263,2.5,2.0,1.5,2.0
57098,2.85,3.1,3.75,3.23
58734,2.8,3.15,3.9,3.28
46640,3.15,3.8,2.95,3.3
51772,2.8,3.15,3.5,3.15
24598,2.5,2.0,1.5,2.0
23490,2.8,3.15,3.6,3.18
2407,3.5,3.8,2.75,3.35
51210,3.2,3.5,2.8,3.17
57278,2.5,2.0,1.5,2.0
29453,2.8,3.15,3.75,3.23
55461,2.8,3.1,3.5,3.13
33129,3.5,3.8,2.2,3.17
54500,3.5,3.8,3.2,3.5
18865,2.85,3.1,4.25,3.4
57000,2.8,3.15,3.9,3.28
52997,3.15,3.8,4.25,3.73
22013,2.8,3.15,4.2,3.38
71211,2.85,3.1,4.25,3.4
45941,2.8,3.15,3.6,3.18
5599,2.5,2.8,2.2,2.5
52056,2.85,3.1,3.75,3.23
31565,2.8,3.1,3.5,3.13
57,3.25,3.8,2.5,3.18
17732,2.5,2.8,3.75,3.02
60268,3.25,3.5,4.0,3.58
33565,3.5,3.25,2.75,3.17
47208,3.25,3.5,2.75,3.17
41849,2.5,2.8,3.1,2.8
48508,2.85,3.1,4.25,3.4
47727,2.5,2.8,3.7,3.0
54175,2.5,3.1,3.8,3.13
56986,2.5,3.0,4.2,3.23
37736,2.85,3.1,4.25,3.4
54615,2.5,2.8,4.2,3.17
59448,2.5,3.0,2.2,2.57
65540,2.8,3.15,3.6,3.18
45377,3.25,3.8,3.5,3.52
29165,2.5,2.0,4.25,2.92
67870,3.25,3.5,4.0,3.58
800,2.8,3.15,3.5,3.15
38065,3.25,3.8,3.5,3.52
6334,2.85,3.1,3.75,3.23
10848,2.85,3.1,3.5,3.15
44621,2.85,3.1,3.5,3.15
17156,2.8,3.15,3.65,3.2
11665,2.8,3.15,3.5,3.15
35366,2.8,3.15,3.5,3.15
19743,2.8,3.15,3.9,3.28
13550,3.25,3.5,3.75,3.5
54362,3.5,3.25,2.1,2.95
13780,3.25,3.5,2.75,3.17
23424,2.85,3.1,3.75,3.23
9902,2.8,3.15,3.6,3.18
59589,2.8,3.15,3.9,3.28
61882,3.15,3.8,4.25,3.73
20858,2.5,2.8,3.75,3.02
29214,3.15,3.8,4.25,3.73
55205,2.85,3.1,3.75,3.23
26751,2.5,3.1,4.2,3.27
19819,2.5,2.8,3.1,2.8
69003,2.8,3.15,4.2,3.38
14130,2.8,3.15,3.9,3.28
55709,2.8,3.15,3.9,3.28
61808,3.15,3.8,3.5,3.48
8206,2.8,3.15,3.9,3.28
23697,2.85,3.1,4.25,3.4
59812,3.25,3.5,3.75,3.5
45860,3.25,3.5,2.75,3.17
12137,2.8,3.15,3.5,3.15
8094,2.5,3.0,2.2,2.57
63742,2.8,3.1,4.2,3.37
40060,2.5,2.25,3.75,2.83
1687,3.25,3.5,3.75,3.5
50655,3.25,3.5,3.75,3.5
67233,2.5,2.8,3.7,3.0
54692,2.8,3.15,4.2,3.38
58909,3.25,3.5,4.1,3.62
47182,2.8,3.15,4.2,3.38
67041,2.8,3.15,3.6,3.18
25038,2.85,3.1,4.25,3.4
59101,3.15,3.8,2.55,3.17
52819,3.15,3.8,4.25,3.73
47142,2.8,3.15,3.75,3.23
35908,2.8,3.1,3.5,3.13
25941,3.25,3.8,2.5,3.18
43870,2.5,2.0,3.75,2.75
61805,3.25,3.5,4.0,3.58
62584,2.8,3.15,3.5,3.15
62707,2.8,3.15,4.2,3.38
56106,3.25,3.5,3.75,3.5
71600,2.85,3.1,4.25,3.4
55903,3.15,3.8,3.5,3.48
54007,3.5,3.8,3.2,3.5
1312,2.8,3.1,2.5,2.8
35409,2.5,2.8,3.1,2.8
35816,2.8,3.15,3.6,3.18
9411,2.85,3.1,3.75,3.23
62044,3.15,3.8,3.5,3.48
55354,3.25,3.5,4.1,3.62
30849,3.25,3.5,2.75,3.17
46552,3.15,3.8,4.25,3.73
13594,2.8,3.15,3.65,3.2
1086,2.5,2.8,3.7,3.0
59182,2.8,3.15,4.2,3.38
26802,2.8,3.15,3.5,3.15
23641,2.85,3.1,4.25,3.4
50983,3.25,3.5,2.75,3.17
67289,2.8,3.1,2.5,2.8
61600,2.5,3.0,4.25,3.25
66747,2.8,3.15,3.5,3.15
6737,2.8,3.15,3.5,3.15
3945,2.85,3.1,4.25,3.4
648,3.15,3.8,4.25,3.73
25113,2.85,3.1,4.25,3.4
51849,3.25,3.5,4.1,3.62
69102,2.85,3.1,4.25,3.4
8940,3.25,3.5,2.75,3.17
863,3.25,3.5,3.75,3.5
34556,2.8,3.15,4.2,3.38
59902,3.5,3.8,2.2,3.17
48859,3.25,3.5,2.75,3.17
462,2.8,3.1,3.5,3.13
58839,3.5,3.8,2.75,3.35
49812,2.1,1.85,4.5,2.82
23213,2.8,3.15,4.2,3.38
61293,2.8,3.15,3.6,3.18
57949,2.8,3.15,4.2,3.38
23028,3.25,3.5,2.75,3.17
2968,2.8,3.1,3.5,3.13
39805,2.5,3.1,3.75,3.12
21987,2.85,3.1,4.25,3.4
55152,2.8,3.15,4.2,3.38
14989,3.25,3.5,2.75,3.17
22628,2.8,2.5,3.75,3.02
21740,2.5,2.8,3.75,3.02
58617,2.8,3.15,3.9,3.28
44062,2.8,3.15,3.6,3.18
17974,2.8,3.1,3.5,3.13
8437,3.25,3.5,3.75,3.5
1272,2.8,3.15,3.9,3.28
3847,2.8,3.15,3.5,3.15
28728,2.8,3.15,3.9,3.28
46836,2.5,2.8,3.2,2.83
2771,3.15,3.8,3.5,3.48
1869,3.25,3.5,2.75,3.17
20857,2.8,3.1,2.5,2.8
6958,2.85,3.1,4.25,3.4
65833,2.5,3.1,3.8,3.13
27075,2.85,3.1,3.65,3.2
10356,2.85,3.1,4.25,3.4
32170,2.5,3.0,2.0,2.5
40940,2.5,2.8,3.5,2.93
56960,3.25,3.5,3.75,3.5
20466,2.85,3.1,4.25,3.4
12679,3.25,3.5,4.1,3.62
20371,2.8,3.15,3.5,3.15
3158,2.85,3.1,4.25,3.4
49386,2.8,3.1,3.5,3.13
13375,2.5,3.1,3.8,3.13
61134,2.5,3.1,4.2,3.27
51305,2.85,3.1,3.5,3.15
50625,3.25,3.5,2.75,3.17
65645,3.25,3.5,4.1,3.62
53796,2.85,3.1,3.75,3.23
7388,3.25,3.5,4.0,3.58
42572,2.5,2.8,3.75,3.02
62153,2.5,3.1,3.75,3.12
47848,3.25,3.8,4.1,3.72
46429,3.25,3.8,3.5,3.52
33947,2.8,3.15,3.6,3.18
14881,2.5,3.0,2.1,2.53
61789,3.5,3.8,3.2,3.5
56818,3.15,3.8,4.25,3.73
31209,2.8,3.1,2.5,2.8
44792,2.8,3.15,4.2,3.38
24763,3.25,3.5,2.75,3.17
71155,2.85,3.1,3.65,3.2
44484,2.5,3.0,3.75,3.08
14552,2.8,3.15,3.65,3.2
61928,2.8,3.1,4.2,3.37
43499,2.5,3.0,1.5,2.33
2075,3.15,3.8,4.25,3.73
37644,2.85,3.1,4.25,3.4
45978,2.5,3.0,2.2,2.57
456,2.85,3.1,3.5,3.15
36833,2.8,3.15,3.5,3.15
16171,2.8,3.15,4.2,3.38
33381,2.8,3.1,3.5,3.13
24845,2.5,2.8,3.1,2.8
24305,2.5,2.8,3.75,3.02
53902,3.25,3.5,2.75,3.17
32261,2.8,3.15,3.65,3.2
32211,2.5,3.1,3.8,3.13
34125,2.8,3.15,4.2,3.38
29641,2.8,3.15,4.2,3.38
24665,2.85,3.1,4.25,3.4
59755,2.8,3.15,4.2,3.38
50792,2.5,2.0,4.25,2.92
45134,3.15,3.8,4.25,3.73
41493,2.8,3.15,3.65,3.2
47147,3.25,3.5,2.75,3.17
64395,2.85,3.1,3.75,3.23
59722,3.25,3.5,3.75,3.5
52949,2.5,2.8,3.1,2.8
1059,3.25,3.5,4.0,3.58
17691,2.5,3.1,4.25,3.28
54281,3.25,3.5,2.75,3.17
33170,2.8,3.15,4.2,3.38
39606,2.85,3.1,3.75,3.23
26108,2.85,3.1,4.25,3.4
52433,2.8,3.15,4.2,3.38
50509,2.8,3.15,4.2,3.38
51019,2.8,3.15,4.2,3.38
26326,2.8,3.15,4.2,3.38
12675,2.8,3.15,3.65,3.2
7019,2.8,3.15,3.6,3.18
31438,2.8,3.1,3.5,3.13
8285,2.8,3.15,4.2,3.38
62545,3.25,3.5,2.75,3.17
17607,2.8,3.1,3.5,3.13
35688,2.85,3.1,4.25,3.4
2717,3.25,3.5,2.75,3.17
45800,2.8,3.15,4.2,3.38
57892,3.25,3.8,3.5,3.52
28967,2.5,3.0,3.75,3.08
11631,3.25,3.5,2.75,3.17
44254,2.5,2.0,4.25,2.92
64275,3.25,3.5,2.75,3.17
60903,3.5,3.8,2.75,3.35
34995,3.25,3.5,3.75,3.5
44098,3.25,3.5,2.75,3.17
71064,2.8,3.15,3.5,3.15
43731,2.8,3.1,3.5,3.13
3960,2.8,3.1,3.5,3.13
42294,3.25,3.8,2.75,3.27
12920,3.25,3.8,3.5,3.52
29815,3.25,3.5,2.75,3.17
53083,2.8,3.15,4.2,3.38
22968,2.8,3.15,4.2,3.38
31397,3.25,3.5,2.75,3.17
44067,2.5,2.8,4.2,3.17
15497,3.25,3.5,2.75,3.17
16435,3.25,3.5,4.0,3.58
21295,3.25,3.8,3.5,3.52
69893,2.8,3.1,3.5,3.13
45655,3.25,3.5,2.75,3.17
45325,2.85,3.1,3.5,3.15
10495,2.5,2.8,4.2,3.17
51404,2.8,3.15,3.9,3.28
14379,3.25,3.5,2.75,3.17
24136,3.25,3.5,2.75,3.17
54369,3.5,3.8,2.9,3.4
51563,3.25,3.5,4.1,3.62
61129,2.8,3.15,4.2,3.38
24295,2.5,3.1,3.8,3.13
67049,2.8,3.15,3.6,3.18
5537,3.25,3.5,4.1,3.62
38195,2.8,3.15,3.9,3.28
65165,3.25,3.8,4.1,3.72
16979,2.8,3.1,3.5,3.13
23808,2.8,3.1,3.5,3.13
45642,2.85,3.1,4.25,3.4
64721,3.25,3.5,3.75,3.5
56522,3.5,3.8,3.2,3.5
67974,2.5,2.8,3.75,3.02
59030,3.15,3.8,3.5,3.48
61233,3.25,3.5,3.75,3.5
38943,3.25,3.5,2.75,3.17
52786,2.8,3.15,3.5,3.15
63922,3.15,3.8,4.25,3.73
14836,2.8,3.1,4.5,3.47
59385,2.8,3.15,3.5,3.15
55423,3.5,3.25,2.75,3.17
20374,3.25,3.5,2.75,3.17
11573,3.25,3.8,4.1,3.72
4047,3.25,3.5,3.75,3.5
57438,2.5,3.0,3.75,3.08
32251,2.85,3.1,4.25,3.4
12526,2.8,3.15,3.5,3.15
15874,2.8,3.15,3.6,3.18
14904,2.8,3.15,4.2,3.38
68454,2.8,3.15,4.2,3.38
22024,2.8,3.15,3.6,3.18
62421,2.8,3.15,3.65,3.2
26838,3.15,3.8,4.25,3.73
71640,3.25,3.8,3.5,3.52
14729,2.5,3.0,3.75,3.08
47988,2.8,3.15,4.2,3.38
64245,3.25,3.5,4.1,3.62
25248,2.85,3.1,4.25,3.4
27326,3.25,3.5,3.75,3.5
37111,3.25,3.8,2.75,3.27
35849,2.85,3.1,3.75,3.23
39965,2.8,3.15,3.9,3.28
51606,2.85,3.1,4.25,3.4
36914,3.15,3.8,4.25,3.73
3878,2.8,3.15,4.2,3.38
31109,2.8,3.1,3.5,3.13
11111,2.8,3.15,4.2,3.38
35953,2.8,3.15,3.6,3.18
54558,3.25,3.5,3.75,3.5
17912,2.5,3.1,3.8,3.13
4544,3.25,3.5,3.75,3.5
9065,3.15,3.85,4.2,3.73
52352,2.8,3.15,3.9,3.28
69862,2.5,3.0,2.75,2.75
50815,2.8,3.1,2.5,2.8
14237,2.85,3.1,3.75,3.23
59958,3.25,3.5,2.75,3.17
59327,2.8,3.15,4.2,3.38
4869,2.85,3.1,4.25,3.4
8762,2.8,3.1,2.5,2.8
56406,3.15,3.8,4.25,3.73
65975,2.8,3.15,3.6,3.18
14864,2.8,3.15,3.9,3.28
33924,3.25,3.5,3.75,3.5
43336,2.8,3.1,3.5,3.13
17134,2.8,3.15,4.2,3.38
29408,3.25,3.5,4.1,3.62
61970,3.25,3.8,3.5,3.52
55413,2.8,3.15,4.2,3.38
30119,3.15,3.8,3.5,3.48
50028,3.25,3.5,4.0,3.58
1579,3.15,3.8,4.25,3.73
69916,3.25,3.5,3.75,3.5
60563,2.5,3.0,3.75,3.08
751,2.8,3.15,3.6,3.18
354,2.85,3.1,4.25,3.4
36304,3.25,3.5,3.75,3.5
8733,2.5,3.1,2.8,2.8
53721,2.85,3.1,4.25,3.4
12035,2.8,3.15,3.5,3.15
41441,2.8,3.15,2.5,2.82
20559,2.5,2.8,2.2,2.5
4535,3.25,3.5,2.75,3.17
24758,3.25,3.8,2.5,3.18
19107,2.85,3.1,4.2,3.38
59377,2.8,3.15,3.9,3.28
36045,3.25,3.5,4.0,3.58
62580,2.8,3.15,3.65,3.2
62621,2.5,2.8,3.1,2.8
66057,3.25,3.5,3.75,3.5
46145,2.8,3.15,3.6,3.18
29727,3.25,3.5,3.75,3.5
51871,2.5,3.1,2.8,2.8
19665,2.8,3.1,3.5,3.13
29917,2.8,3.1,2.5,2.8
54799,3.15,3.82,4.21,3.73
62474,2.8,3.15,3.9,3.28
6718,2.8,3.1,3.5,3.13
58235,2.8,3.15,4.2,3.38
52869,2.8,3.1,4.25,3.38
34884,3.25,3.8,4.1,3.72
10746,2.85,3.1,4.25,3.4
46637,2.8,3.1,3.5,3.13
67660,3.5,3.8,2.75,3.35
46738,2.5,2.8,2.2,2.5
19447,2.8,3.15,4.2,3.38
18245,2.8,3.15,3.6,3.18
12794,2.85,3.1,3.5,3.15
10300,3.25,3.5,3.75,3.5
69271,3.15,3.8,2.95,3.3
49372,2.8,3.1,4.2,3.37
36240,3.25,3.8,4.1,3.72
45605,2.8,3.1,2.5,2.8
46255,2.8,3.15,3.65,3.2
15681,3.5,3.8,3.2,3.5
30330,2.85,3.1,4.25,3.4
24091,2.8,3.15,4.2,3.38
59473,2.85,3.1,3.75,3.23
59034,2.5,3.1,3.8,3.13
58019,2.8,3.15,3.6,3.18
33021,2.5,3.1,3.8,3.13
2420,2.85,3.1,4.25,3.4
37443,2.8,3.15,4.2,3.38
52747,3.5,3.8,3.2,3.5
66193,2.8,3.15,3.75,3.23
4398,2.5,3.1,3.8,3.13
19560,2.8,3.15,3.6,3.18
20859,2.8,3.1,4.2,3.37
22446,2.8,3.1,2.3,2.73
24816,2.5,2.0,1.5,2.0
50700,2.8,3.15,4.2,3.38
65106,2.8,3.1,4.2,3.37
68741,3.5,3.8,3.2,3.5
23081,3.15,3.85,3.5,3.5
17685,3.25,3.5,2.75,3.17
22261,3.25,3.8,3.5,3.52
54406,2.85,3.1,3.75,3.23
62765,2.5,3.0,2.2,2.57
47518,2.8,3.15,3.65,3.2
66240,2.85,3.1,3.75,3.23
13631,3.25,3.5,3.75,3.5
66189,2.8,3.15,3.75,3.23
59653,2.8,3.15,3.6,3.18
46333,3.25,3.8,3.5,3.52
40605,2.8,3.15,3.9,3.28
52621,2.5,3.0,2.0,2.5
69344,3.15,3.8,4.25,3.73
14898,2.8,3.15,4.2,3.38
29459,2.8,3.15,3.9,3.28
9508,2.8,3.15,4.2,3.38
14497,2.8,3.15,3.9,3.28
2676,3.25,3.8,3.5,3.52
16572,3.15,3.8,4.25,3.73
23273,2.85,3.1,3.75,3.23
58,2.8,3.15,4.2,3.38
9306,3.25,3.5,2.75,3.17
4233,3.15,3.8,4.25,3.73
322,2.8,3.15,4.2,3.38
3389,3.25,3.5,3.75,3.5
18568,2.5,2.0,1.5,2.0
54426,2.8,3.1,3.5,3.13
70139,2.8,3.15,4.2,3.38
25732,3.15,3.8,4.25,3.73
16689,2.8,3.15,4.2,3.38
29116,3.25,3.5,3.75,3.5
50893,3.25,3.5,3.75,3.5
1468,3.25,3.5,4.0,3.58
71847,2.8,3.15,3.9,3.28
31204,2.85,3.1,3.75,3.23
42238,3.25,3.8,3.5,3.52
39937,2.8,3.15,3.5,3.15
31992,2.85,3.1,4.25,3.4
50669,2.5,2.0,3.0,2.5
5364,2.8,3.15,3.6,3.18
30400,3.25,3.5,4.1,3.62
69806,2.5,2.3,3.8,2.87
9551,3.25,3.5,2.75,3.17
20282,3.15,3.8,3.5,3.48
47407,2.8,2.5,3.75,3.02
47491,2.85,3.1,4.25,3.4
34348,3.25,3.5,2.75,3.17
63289,2.8,3.15,3.6,3.18
31105,3.25,3.5,3.75,3.5
38457,3.5,3.8,4.2,3.83
7197,3.25,3.5,4.1,3.62
1029,2.85,3.1,4.25,3.4
30882,3.25,3.5,4.1,3.62
26471,2.5,3.0,3.75,3.08
61892,3.2,3.5,2.8,3.17
24865,2.8,3.15,3.6,3.18
57117,2.8,3.15,3.5,3.15
58928,3.25,3.5,4.1,3.62
52317,3.25,3.5,4.1,3.62
39002,3.25,3.5,3.75,3.5
9429,3.5,3.8,2.75,3.35
65460,2.85,3.1,4.25,3.4
3403,2.8,3.15,3.65,3.2
18966,3.15,3.8,4.25,3.73
54936,2.5,3.0,2.75,2.75
58468,3.15,3.8,4.25,3.73
32242,2.8,3.15,3.5,3.15
41824,2.8,3.1,4.2,3.37
4070,2.8,3.1,2.5,2.8
39588,3.5,3.75,2.25,3.17
33987,3.25,3.5,3.75,3.5
61204,3.15,3.8,4.25,3.73
30388,2.8,3.15,4.2,3.38
42311,3.25,3.5,3.75,3.5
9715,3.25,3.8,4.1,3.72
17321,3.15,3.8,3.5,3.48
21876,2.5,3.0,3.75,3.08
52722,3.25,3.8,2.9,3.32
50031,2.8,3.1,3.5,3.13
9524,3.25,3.5,3.75,3.5
65565,2.5,3.0,3.75,3.08
2883,2.85,3.1,3.75,3.23
66639,3.25,3.8,3.5,3.52
68526,3.25,3.5,4.1,3.62
70071,2.8,3.15,3.6,3.18
45699,2.5,2.25,4.0,2.92
23211,2.8,3.15,4.2,3.38
27644,2.5,2.0,1.5,2.0
58501,2.5,3.0,2.75,2.75
51382,2.85,3.1,3.75,3.23
15121,2.5,2.0,3.75,2.75
5812,2.5,3.1,4.2,3.27
15050,2.5,3.0,3.75,3.08
11221,3.25,3.5,4.1,3.62
66064,3.25,3.5,3.75,3.5
43620,2.5,3.0,2.2,2.57
51714,2.8,3.15,3.75,3.23
12058,2.8,3.15,3.9,3.28
63622,3.25,3.5,4.0,3.58
48452,2.8,3.15,3.9,3.28
48246,3.25,3.8,4.1,3.72
36959,2.8,3.1,3.5,3.13
60827,2.85,3.1,4.25,3.4
48959,2.5,2.8,3.1,2.8
24261,2.8,3.15,4.2,3.38
1243,2.8,3.15,3.5,3.15
4652,3.25,3.8,4.1,3.72
27483,3.25,3.5,3.75,3.5
46003,2.5,2.0,4.25,2.92
45762,3.25,3.5,4.0,3.58
41319,3.5,3.25,2.75,3.17
5323,2.5,3.1,3.75,3.12
68068,3.25,3.8,3.5,3.52
69633,3.25,3.5,2.75,3.17
34429,2.8,3.15,3.5,3.15
36137,3.15,3.8,4.25,3.73
24979,2.5,3.1,3.8,3.13
68392,2.85,3.1,3.75,3.23
48933,3.25,3.5,4.1,3.62
58483,3.5,3.8,2.75,3.35
66547,2.5,2.8,3.1,2.8
29483,2.8,3.15,3.6,3.18
18940,2.8,3.15,3.9,3.28
40834,3.25,3.5,4.1,3.62
43232,2.8,3.1,3.5,3.13
4384,3.25,3.5,4.1,3.62
16080,2.8,3.15,4.2,3.38
36423,3.15,3.8,4.25,3.73
34310,2.8,3.15,4.2,3.38
43296,2.8,3.15,4.2,3.38
10712,2.8,3.15,3.6,3.18
53843,2.8,3.15,4.2,3.38
2602,3.25,3.5,4.1,3.62
6596,3.5,3.25,2.0,2.92
63216,2.5,2.3,4.1,2.97
50529,2.5,3.1,3.8,3.13
55268,2.8,3.15,3.9,3.28
21184,2.85,3.1,4.25,3.4
60049,3.5,3.8,3.2,3.5
44088,2.85,3.1,4.25,3.4
19372,2.8,3.1,3.5,3.13
39646,2.85,3.1,3.75,3.23
20740,2.85,3.1,4.25,3.4
22101,2.8,3.15,3.9,3.28
47456,3.25,3.5,2.75,3.17
47423,2.85,3.1,4.25,3.4
67892,2.8,3.15,4.2,3.38
67499,2.8,3.1,4.25,3.38
19804,2.8,3.15,3.5,3.15
58680,2.8,3.15,3.6,3.18
58407,3.25,3.8,4.1,3.72
8889,3.2,3.5,2.8,3.17
33990,2.8,3.15,3.9,3.28
12706,3.25,3.5,2.75,3.17
24695,2.5,2.0,4.5,3.0
70268,3.25,3.5,2.75,3.17
42373,2.8,3.15,4.2,3.38
25542,2.8,3.1,3.5,3.13
14214,2.85,3.1,4.25,3.4
27716,2.85,3.1,4.25,3.4
34661,2.85,3.1,4.25,3.4
25699,2.8,3.1,3.5,3.13
12857,2.8,3.1,3.5,3.13
5426,3.25,3.5,4.1,3.62
2389,3.25,3.5,2.75,3.17
44314,2.8,3.15,4.2,3.38
62248,2.85,3.1,4.25,3.4
34152,3.15,3.8,3.5,3.48
69230,3.1,3.5,2.8,3.13
41168,2.5,2.8,3.1,2.8
40196,2.8,3.15,3.6,3.18
13087,3.25,3.5,3.75,3.5
12677,2.85,3.1,4.25,3.4
52902,3.15,3.8,4.25,3.73
3171,2.8,3.15,4.2,3.38
16915,2.8,3.15,3.6,3.18
56584,2.8,3.15,4.2,3.38
44529,3.25,3.5,4.0,3.58
51831,2.85,3.1,4.25,3.4
6478,2.8,3.15,4.2,3.38
28326,2.8,3.15,3.65,3.2
65113,3.1,3.5,2.8,3.13
59062,3.5,3.25,2.75,3.17
27649,2.8,3.1,3.5,3.13
48230,3.25,3.8,2.9,3.32
4606,2.8,3.15,3.6,3.18
477,3.5,3.8,3.2,3.5
21744,2.5,2.8,3.1,2.8
3510,2.85,3.1,4.25,3.4
70361,3.15,3.8,3.5,3.48
3522,3.25,3.5,4.0,3.58
34399,2.85,3.1,3.5,3.15
48813,2.5,2.0,1.5,2.0
53191,2.5,3.0,3.5,3.0
65152,2.8,2.5,3.1,2.8
15206,3.15,3.8,4.25,3.73
44242,3.25,3.5,3.75,3.5
26818,2.8,3.15,4.2,3.38
35077,2.8,3.15,3.6,3.18
24952,2.8,3.15,4.2,3.38
44224,3.25,3.5,3.75,3.5
37002,2.85,3.1,4.25,3.4
71854,2.8,3.1,3.5,3.13
63952,3.5,3.8,2.9,3.4
67214,3.25,3.5,2.75,3.17
33113,2.88,3.12,3.55,3.18
4230,2.8,3.15,3.65,3.2
62320,3.15,3.8,2.9,3.28
41960,3.25,3.5,3.75,3.5
68466,2.8,3.15,3.5,3.15
10425,3.25,3.5,4.0,3.58
43275,2.8,3.15,3.6,3.18
19284,3.15,3.8,4.25,3.73
39237,2.8,3.15,3.6,3.18
21169,3.25,3.5,2.75,3.17
25396,2.5,2.0,3.75,2.75
1516,2.85,3.1,3.75,3.23
44111,3.15,3.8,4.25,3.73
52537,3.25,3.5,2.75,3.17
28841,2.85,3.1,4.25,3.4
24185,2.8,3.15,4.2,3.38
20106,2.5,3.0,3.75,3.08
22624,2.8,3.15,4.2,3.38
20620,3.25,3.5,3.75,3.5
3421,2.8,3.15,3.6,3.18
49720,2.8,3.15,4.2,3.38
57464,2.85,3.1,4.25,3.4
63934,3.15,3.8,4.25,3.73
17913,2.8,3.15,3.9,3.28
53749,2.85,3.1,4.25,3.4
25417,2.5,3.0,2.0,2.5
37563,3.25,3.5,2.75,3.17
63534,2.8,3.15,3.6,3.18
32146,2.5,3.0,2.2,2.57
57645,2.8,3.15,4.2,3.38
17604,2.85,3.1,3.75,3.23
41920,3.15,3.8,2.5,3.15
54673,3.25,3.5,4.0,3.58
41750,2.85,3.1,4.25,3.4
69622,2.85,3.1,4.25,3.4
24131,2.8,3.1,3.5,3.13
49003,2.8,3.15,4.2,3.38
20876,2.8,3.1,4.25,3.38
52827,2.8,3.1,3.5,3.13
71027,2.8,3.15,4.2,3.38
69197,3.15,3.8,4.25,3.73
11473,2.5,3.1,3.8,3.13
26316,3.15,3.8,4.25,3.73
12877,3.5,3.8,3.2,3.5
18549,2.85,3.1,3.5,3.15
47899,3.25,3.5,3.75,3.5
49100,3.5,4.0,3.75,3.75
20869,2.85,3.1,3.75,3.23
18991,3.25,3.5,2.75,3.17
51565,2.85,3.1,3.75,3.23
43985,2.8,3.15,4.2,3.38
12633,2.8,3.15,3.6,3.18
72066,3.25,3.5,4.0,3.58
19862,3.25,3.5,4.1,3.62
69569,2.8,3.1,4.2,3.37
69412,2.8,3.15,3.5,3.15
27277,3.25,3.5,3.75,3.5
22154,3.5,3.8,2.9,3.4
44240,3.25,3.5,3.75,3.5
36979,3.15,3.85,2.9,3.3
4954,3.15,3.85,4.2,3.73
69540,2.5,3.1,4.2,3.27
52101,2.5,2.8,2.2,2.5
67808,2.85,3.1,3.75,3.23
57600,3.25,3.8,4.1,3.72
58153,3.25,3.5,4.0,3.58
53788,2.8,3.15,3.6,3.18
64216,2.8,3.15,3.5,3.15
29003,2.85,3.1,4.25,3.4
15741,2.85,3.1,3.75,3.23
24548,2.85,3.1,3.75,3.23
39833,2.8,3.15,3.75,3.23
50026,3.15,3.8,3.5,3.48
41275,3.25,3.5,4.1,3.62
6719,2.8,3.15,3.5,3.15
41934,2.5,2.8,3.75,3.02
21520,3.15,3.8,4.25,3.73
24728,2.85,3.1,4.25,3.4
64825,2.8,3.15,3.6,3.18
8424,2.5,3.1,3.8,3.13
49639,3.25,3.5,2.75,3.17
19579,2.5,2.25,3.75,2.83
62449,2.5,3.0,3.75,3.08
485,2.5,2.8,4.2,3.17
6416,2.8,3.1,3.5,3.13
60702,2.8,3.1,2.5,2.8
22292,2.8,3.15,3.6,3.18
51145,2.8,3.1,4.2,3.37
53653,3.25,3.8,4.1,3.72
70391,2.85,3.1,4.25,3.4
9944,3.15,3.8,4.25,3.73
21313,2.8,3.15,3.6,3.18
57904,3.15,3.8,4.25,3.73
55380,2.8,3.1,3.5,3.13
68984,3.15,3.8,4.25,3.73
40121,3.25,3.5,3.75,3.5
49364,2.8,3.1,3.5,3.13
48993,2.85,3.1,4.25,3.4
14591,2.5,3.0,2.2,2.57
25386,2.8,3.15,3.6,3.18
35200,3.2,3.5,2.8,3.17
35658,2.5,2.0,3.0,2.5
18831,3.25,3.8,3.5,3.52
17306,2.5,2.8,4.2,3.17
11092,2.8,3.1,3.5,3.13
23599,2.8,3.15,3.5,3.15
44620,2.8,3.1,3.5,3.13
66697,3.25,3.5,4.1,3.62
43438,3.15,3.8,4.25,3.73
5528,3.25,3.5,3.75,3.5
37905,2.8,3.15,3.65,3.2
64586,3.25,3.5,3.75,3.5
20043,2.5,3.0,3.75,3.08
49965,2.85,3.1,4.25,3.4
16456,2.5,3.1,3.75,3.12
6821,3.15,3.8,4.25,3.73
41569,2.8,3.1,4.2,3.37
50573,2.5,2.8,3.75,3.02
49573,3.25,3.5,2.75,3.17
12624,2.8,3.15,4.2,3.38
61777,2.8,3.15,3.9,3.28
45215,2.85,3.1,4.25,3.4
71290,3.25,3.5,4.1,3.62
7500,3.2,3.5,2.8,3.17
17862,2.1,2.3,4.5,2.97
16254,2.8,3.15,3.9,3.28
41969,3.25,3.5,2.75,3.17
53638,3.15,3.8,3.5,3.48
18705,3.5,3.8,3.2,3.5
49818,3.25,3.5,3.75,3.5
45738,3.25,3.5,3.75,3.5
64645,2.8,3.15,4.2,3.38
10072,2.8,3.15,4.2,3.38
61212,2.85,3.1,4.25,3.4
54875,2.8,3.15,4.2,3.38
8145,3.25,3.5,3.75,3.5
3868,2.5,3.0,3.5,3.0
44579,2.5,3.0,2.2,2.57
37958,2.5,3.1,4.2,3.27
34718,3.25,3.5,2.75,3.17
12895,2.85,3.1,3.75,3.23
56199,2.8,3.15,4.2,3.38
45095,3.15,3.8,4.25,3.73
38525,2.5,2.8,3.75,3.02
25365,3.5,3.8,2.75,3.35
62956,3.2,3.5,2.8,3.17
41961,3.25,3.5,3.75,3.5
62130,3.15,3.8,4.25,3.73
60789,3.5,3.8,2.2,3.17
8417,2.85,3.1,4.25,3.4
33449,2.8,3.15,3.6,3.18
489,2.8,3.15,4.2,3.38
71605,2.85,3.1,4.25,3.4
59031,2.8,3.15,3.9,3.28
60319,2.5,2.8,3.75,3.02
6527,2.8,3.1,2.5,2.8
56141,3.25,3.5,4.1,3.62
48057,2.8,3.1,2.2,2.7
16542,3.25,3.5,3.75,3.5
38279,2.5,2.8,3.5,2.93
67779,2.5,2.0,1.5,2.0
27046,3.15,3.8,3.5,3.48
41651,3.15,3.8,4.25,3.73
60599,3.25,3.5,2.75,3.17
25591,2.85,3.1,3.75,3.23
66659,2.8,3.15,4.2,3.38
15589,2.85,3.1,3.65,3.2
28993,2.85,3.1,4.25,3.4
49477,3.25,3.5,4.0,3.58
4602,2.8,3.15,3.6,3.18
37180,2.5,3.0,3.75,3.08
27242,2.8,3.15,3.65,3.2
22758,2.85,3.1,4.25,3.4
10346,2.85,3.1,3.75,3.23
56927,2.8,3.15,3.65,3.2
5918,3.25,3.5,2.75,3.17
62122,3.25,3.8,3.5,3.52
10480,3.25,3.5,2.75,3.17
48171,3.15,3.8,4.25,3.73
44608,2.8,3.15,4.2,3.38
17883,2.8,3.15,3.9,3.28
44429,2.8,3.1,3.5,3.13
9674,2.85,3.1,4.25,3.4
34999,3.15,3.8,4.25,3.73
53270,2.8,3.1,3.5,3.13
238,2.8,3.15,3.65,3.2
55531,3.25,3.5,2.75,3.17
63076,2.5,2.0,1.5,2.0
3108,3.25,3.8,3.5,3.52
37193,3.5,3.8,4.2,3.83
34212,3.15,3.85,3.5,3.5
9158,2.8,3.15,3.9,3.28
20464,2.8,3.15,4.2,3.38
38316,3.25,3.5,3.75,3.5
53086,2.8,3.15,4.2,3.38
7980,2.5,3.1,2.2,2.6
26946,2.8,3.15,4.2,3.38
27525,2.8,3.15,3.9,3.28
66415,2.5,2.8,2.2,2.5
45542,3.25,3.8,4.1,3.72
38157,3.5,3.8,3.2,3.5
47350,3.15,3.8,4.25,3.73
34418,2.85,3.1,3.5,3.15
50396,2.8,3.1,3.5,3.13
28482,3.25,3.5,2.75,3.17
55000,2.5,2.0,4.25,2.92
36464,2.8,3.15,3.9,3.28
71799,2.5,2.0,4.25,2.92
23678,2.5,3.1,4.25,3.28
37479,2.85,3.1,3.5,3.15
46550,2.8,3.15,3.5,3.15
61772,2.1,2.35,3.8,2.75
46894,3.25,3.5,3.75,3.5
41982,2.5,2.8,3.75,3.02
22068,3.25,3.5,3.75,3.5
34708,3.15,3.8,4.25,3.73
46989,2.5,3.1,4.2,3.27
70440,2.8,3.15,4.2,3.38
42098,2.8,3.1,3.5,3.13
26954,2.5,3.1,3.75,3.12
30459,2.5,2.8,2.2,2.5
4815,2.8,3.15,3.65,3.2
68822,2.5,3.0,2.2,2.57
61170,2.85,3.1,4.25,3.4
56688,2.5,2.0,4.25,2.92
36503,2.8,3.15,4.2,3.38
58671,3.25,3.5,3.75,3.5
19228,2.85,3.1,4.25,3.4
66417,2.85,3.1,4.25,3.4
6698,2.5,2.8,3.5,2.93
70972,2.8,3.1,3.5,3.13
17959,2.8,3.15,3.6,3.18
59444,2.8,3.15,3.6,3.18
25383,3.5,3.25,2.75,3.17
39670,2.8,3.1,2.5,2.8
61730,2.8,3.15,3.5,3.15
56300,2.5,2.0,4.25,2.92
2091,3.25,3.5,2.75,3.17
16702,2.5,3.0,2.75,2.75
24372,2.85,3.1,3.75,3.23
68376,3.5,3.8,2.75,3.35
36652,2.8,3.15,3.9,3.28
61916,2.8,3.1,4.25,3.38
32667,2.8,3.15,4.2,3.38
62853,2.5,3.0,4.25,3.25
46457,2.5,2.8,3.75,3.02
50528,2.85,3.1,4.25,3.4
56162,2.85,3.1,4.25,3.4
55291,2.5,2.0,1.5,2.0
56764,2.5,2.3,3.8,2.87
13463,3.25,3.5,2.75,3.17
20846,2.85,3.1,3.75,3.23
35924,3.25,3.5,4.0,3.58
51995,2.5,3.1,2.2,2.6
10317,3.25,3.5,2.75,3.17
63081,2.85,3.1,3.75,3.23
16114,3.25,3.8,3.5,3.52
64351,3.25,3.5,3.75,3.5
68290,2.8,3.15,3.65,3.2
41290,3.25,3.5,3.75,3.5
496,3.25,3.5,2.75,3.17
38957,3.1,3.5,2.8,3.13
15912,2.8,3.15,3.5,3.15
1429,2.85,3.1,4.25,3.4
27634,3.25,3.5,4.0,3.58
24880,3.15,3.8,2.9,3.28
34747,3.25,3.5,4.1,3.62
15356,3.25,3.5,3.75,3.5
50212,2.8,3.15,4.2,3.38
12518,3.25,3.8,3.5,3.52
57922,2.8,3.1,2.5,2.8
3559,2.8,3.15,3.6,3.18
36657,2.5,3.0,3.75,3.08
50524,2.5,2.0,1.5,2.0
5340,3.25,3.5,4.1,3.62
44507,2.8,3.1,3.5,3.13
29198,2.85,3.1,3.75,3.23
57080,2.85,3.1,4.25,3.4
49421,2.85,3.1,4.25,3.4
13842,3.25,3.5,2.75,3.17
61131,2.8,3.15,4.2,3.38
64146,2.8,3.15,4.2,3.38
21834,2.8,3.15,3.5,3.15
52284,3.25,3.5,3.75,3.5
42817,3.5,3.8,2.2,3.17
39182,3.25,3.5,4.1,3.62
10719,3.25,3.5,3.75,3.5
23549,2.5,3.0,3.75,3.08
66139,2.85,3.1,4.25,3.4
53454,2.8,3.15,4.2,3.38
63054,3.15,3.8,4.25,3.73
44330,3.25,3.5,2.75,3.17
2917,2.85,3.1,4.25,3.4
23105,2.8,3.15,3.5,3.15
12221,2.8,3.15,3.5,3.15
61784,2.85,3.1,4.2,3.38
49555,2.5,3.1,3.8,3.13
43849,2.8,3.15,4.2,3.38
44190,2.8,3.1,2.5,2.8
5625,3.25,3.5,3.75,3.5
25538,2.85,3.1,4.25,3.4
50600,3.25,3.5,2.75,3.17
21452,3.15,3.8,2.95,3.3
54600,2.5,2.0,3.5,2.67
12392,2.85,3.1,4.25,3.4
34044,3.25,3.5,2.75,3.17
9106,2.8,3.15,3.9,3.28
5332,3.15,3.8,4.25,3.73
10016,2.5,2.0,1.5,2.0
20626,2.8,3.15,4.2,3.38
1581,2.8,3.15,3.5,3.15
28504,3.15,3.8,4.25,3.73
61524,2.85,3.1,3.5,3.15
36586,2.8,3.15,4.2,3.38
33617,3.25,3.5,2.75,3.17
54323,2.8,3.15,4.2,3.38
36306,2.85,3.1,3.75,3.23
67634,2.5,2.8,2.2,2.5
48718,2.5,2.8,4.2,3.17
23449,3.25,3.5,2.75,3.17
72160,3.25,3.5,4.0,3.58
11011,3.15,3.8,4.25,3.73
58741,3.25,3.8,2.9,3.32
56576,2.85,3.1,4.25,3.4
807,3.25,3.8,4.15,3.73
16049,2.5,3.0,2.2,2.57
46381,3.25,3.5,4.1,3.62
29068,3.25,3.5,3.75,3.5
58031,3.5,3.8,2.75,3.35
7414,2.5,2.0,3.0,2.5
46990,3.15,3.8,4.25,3.73
48516,2.8,3.15,3.6,3.18
33299,3.25,3.5,2.75,3.17
33261,2.8,3.15,4.2,3.38
63844,3.25,3.5,4.1,3.62
28540,3.25,3.5,4.1,3.62
25158,2.5,2.0,3.75,2.75
50016,2.8,3.1,2.5,2.8
23093,2.8,3.15,3.9,3.28
40203,3.15,3.8,3.5,3.48
36867,2.5,3.0,3.75,3.08
47985,3.25,3.5,4.1,3.62
10279,3.25,3.5,2.75,3.17
27513,2.8,3.1,4.2,3.37
2182,2.85,3.1,3.75,3.23
3708,2.8,3.1,3.5,3.13
43564,2.8,3.15,3.6,3.18
68293,3.25,3.5,3.75,3.5
46960,2.5,2.8,3.1,2.8
14851,2.8,3.15,4.2,3.38
43359,2.5,2.8,3.1,2.8
29685,2.5,3.0,3.75,3.08
32782,2.8,3.15,4.2,3.38
17832,2.8,3.15,3.5,3.15
62995,2.5,2.0,3.0,2.5
69045,3.25,3.5,4.0,3.58
27236,2.85,3.1,3.75,3.23
45651,3.25,3.5,3.75,3.5
63655,2.8,3.1,3.5,3.13
62367,3.25,3.5,3.75,3.5
72048,2.85,3.1,4.25,3.4
2672,3.25,3.5,2.75,3.17
55978,2.8,3.15,2.5,2.82
39431,2.8,3.1,2.5,2.8
35130,2.85,3.1,3.95,3.3
47260,2.5,2.8,3.75,3.02
42083,3.25,3.5,3.75,3.5
60872,3.5,3.8,3.2,3.5
26291,2.5,2.8,1.5,2.27
60066,3.25,3.5,4.1,3.62
32764,2.5,3.0,3.75,3.08
61259,3.15,3.8,3.5,3.48
9825,3.15,3.8,4.25,3.73
5506,2.5,3.0,3.5,3.0
40571,3.5,3.8,2.75,3.35
71576,2.5,2.0,1.5,2.0
66865,3.25,3.5,3.75,3.5
11819,2.5,2.8,2.2,2.5
41952,2.85,3.1,4.25,3.4
17788,2.5,3.0,3.5,3.0
27243,2.5,3.1,2.8,2.8
7332,2.8,3.15,4.2,3.38
35482,2.5,3.1,3.8,3.13
68431,2.85,3.1,4.25,3.4
62077,2.85,3.1,4.25,3.4
24788,2.8,3.15,3.65,3.2
54777,2.8,3.1,4.2,3.37
8854,3.25,3.5,4.0,3.58
25392,2.5,2.0,1.5,2.0
62797,2.85,3.1,4.25,3.4
3107,3.25,3.5,3.75,3.5
37427,2.85,3.1,4.25,3.4
33615,2.8,3.1,2.5,2.8
69132,3.5,3.25,2.1,2.95
45515,3.25,3.5,4.1,3.62
10650,2.15,1.85,4.6,2.87
56401,3.25,3.8,3.5,3.52
64939,2.5,2.8,3.7,3.0
27650,2.8,3.1,3.5,3.13
26606,3.15,3.8,4.25,3.73
29256,2.8,3.15,3.9,3.28
16243,2.8,3.15,3.6,3.18
36554,2.8,3.15,3.9,3.28
54582,2.5,2.8,3.75,3.02
59502,3.15,3.8,4.25,3.73
64202,2.8,3.15,3.65,3.2
32902,2.5,2.0,3.5,2.67
15095,2.8,3.15,3.6,3.18
46706,3.25,3.5,4.0,3.58
22054,2.85,3.1,3.5,3.15
41617,2.5,2.0,1.5,2.0
30931,2.85,3.1,3.75,3.23
33641,2.8,3.15,3.5,3.15
24671,2.8,3.15,3.5,3.15
47910,2.5,2.8,3.1,2.8
69048,3.25,3.5,4.0,3.58
22349,3.25,3.5,3.75,3.5
59340,3.15,3.8,4.25,3.73
55189,3.25,3.5,4.1,3.62
22826,2.8,3.15,3.5,3.15
431,3.25,3.5,3.75,3.5
58753,2.8,3.15,4.2,3.38
6933,3.15,3.8,2.95,3.3
25759,3.25,3.8,3.5,3.52
58649,2.85,3.1,4.25,3.4
26211,2.85,3.1,3.75,3.23
27779,2.85,3.1,4.25,3.4
67729,2.5,2.3,4.1,2.97
25343,3.5,3.8,2.75,3.35
23622,2.85,3.1,4.25,3.4
65119,2.8,3.1,3.5,3.13
26693,2.8,3.15,4.2,3.38
65207,3.25,3.5,3.75,3.5
50830,2.5,3.1,3.8,3.13
33799,3.25,3.5,2.75,3.17
2054,2.85,3.1,3.75,3.23
68871,2.85,3.1,4.25,3.4
17170,2.5,2.0,1.5,2.0
9532,3.25,3.8,3.5,3.52
15260,3.15,3.85,4.2,3.73
54709,3.25,3.5,2.75,3.17
53908,2.8,3.1,4.2,3.37
42710,3.25,3.5,2.75,3.17
50516,2.8,3.15,4.2,3.38
10427,2.8,3.1,2.5,2.8
60489,2.8,3.15,4.2,3.38
66542,3.25,3.5,3.75,3.5
45879,2.8,3.1,2.5,2.8
12822,3.15,3.8,2.9,3.28
9261,2.8,3.15,3.9,3.28
41971,2.8,3.15,4.2,3.38
34768,2.8,3.15,3.9,3.28
50990,3.25,3.5,3.75,3.5
31051,3.5,3.8,2.75,3.35
42692,2.8,3.1,3.5,3.13
4796,3.25,3.8,3.5,3.52
2842,3.25,3.8,2.5,3.18
4259,2.5,2.8,2.2,2.5
68613,3.15,3.8,2.95,3.3
6049,2.8,3.15,4.2,3.38
43883,2.8,3.15,4.2,3.38
28801,2.8,3.15,3.6,3.18
3649,3.5,3.8,2.75,3.35
24900,3.15,3.8,4.25,3.73
59588,3.5,3.25,2.75,3.17
4809,2.85,3.1,3.75,3.23
1857,3.25,3.5,2.75,3.17
13616,2.8,3.1,3.5,3.13
44811,2.8,3.15,4.2,3.38
62736,3.5,3.25,2.1,2.95
38116,3.25,3.5,4.0,3.58
41721,2.5,3.0,3.75,3.08
45834,3.15,3.8,4.25,3.73
12152,2.8,3.15,3.65,3.2
43314,3.5,3.8,2.2,3.17
33249,3.25,3.5,3.75,3.5
36218,2.85,3.1,3.75,3.23
66744,3.15,3.8,4.25,3.73
55445,3.5,3.8,3.2,3.5
61279,3.15,3.8,3.5,3.48
21801,2.8,3.15,4.2,3.38
40347,2.5,3.0,3.75,3.08
18055,2.5,2.0,3.5,2.67
851,2.8,3.15,3.5,3.15
44334,2.5,2.8,3.1,2.8
40533,2.85,3.1,3.75,3.23
31065,2.8,3.1,3.5,3.13
55624,3.15,3.8,4.25,3.73
10567,3.25,3.5,4.0,3.58
10786,2.5,2.8,3.1,2.8
54607,2.85,3.1,3.75,3.23
24134,3.25,3.5,2.75,3.17
35279,3.15,3.8,2.9,3.28
48384,3.25,3.5,3.75,3.5
16738,2.85,3.1,4.25,3.4
31814,3.25,3.5,3.75,3.5
34173,2.8,3.15,4.2,3.38
5045,2.8,3.15,3.6,3.18
66854,2.85,3.1,3.75,3.23
2739,3.15,3.8,3.5,3.48
69638,2.8,3.15,4.2,3.38
46316,2.8,3.15,3.5,3.15
27620,3.25,3.5,4.0,3.58
25906,3.15,3.8,4.25,3.73
28040,2.8,3.15,3.6,3.18
41271,3.25,3.5,4.1,3.62
50473,3.25,3.5,4.1,3.62
32972,2.5,2.0,1.5,2.0
34435,3.25,3.5,4.0,3.58
2244,3.25,3.5,4.1,3.62
43086,3.15,3.8,4.25,3.73
3818,2.8,3.15,3.6,3.18
24121,3.25,3.5,3.75,3.5
37861,2.5,2.8,3.75,3.02
56395,3.25,3.5,2.75,3.17
59726,2.8,3.15,3.6,3.18
34834,2.85,3.1,3.75,3.23
34382,3.15,3.8,4.25,3.73
66375,3.5,3.25,2.75,3.17
36654,3.25,3.5,3.75,3.5
28763,2.5,3.0,4.2,3.23
39941,2.8,3.15,3.5,3.15
22146,3.15,3.8,3.5,3.48
47772,3.5,3.8,2.75,3.35
18764,2.8,3.15,4.2,3.38
48043,3.25,3.5,2.75,3.17
55421,2.5,2.8,3.5,2.93
25304,2.8,3.15,4.2,3.38
63753,3.5,3.8,2.75,3.35
16677,2.8,3.15,3.5,3.15
57682,2.8,3.15,3.9,3.28
9889,2.5,2.0,1.5,2.0
63064,2.85,3.1,3.75,3.23
25825,3.25,3.5,2.75,3.17
46754,2.8,3.1,2.5,2.8
38730,3.25,3.5,4.0,3.58
66497,2.85,3.1,3.5,3.15
35367,2.5,2.8,4.2,3.17
23185,3.25,3.5,4.0,3.58
19781,3.2,3.5,2.8,3.17
6279,3.5,3.25,2.75,3.17
58846,2.85,3.1,4.25,3.4
20042,2.5,3.0,4.2,3.23
41377,2.8,3.1,3.5,3.13
63162,2.8,3.1,2.5,2.8
10651,3.25,3.5,3.75,3.5
21936,2.8,3.15,4.2,3.38
38009,2.8,3.1,2.5,2.8
43135,3.25,3.5,2.75,3.17
18976,3.15,3.8,4.25,3.73
66052,2.5,3.0,3.75,3.08
51640,2.8,3.1,2.5,2.8
44262,2.85,3.1,3.75,3.23
45382,2.5,3.1,4.2,3.27
57663,3.25,3.5,2.75,3.17
9964,3.25,3.5,4.0,3.58
61870,3.25,3.8,4.15,3.73
7805,2.8,3.15,3.6,3.18
3004,3.25,3.5,3.75,3.5
26780,3.25,3.5,2.75,3.17
472,2.5,3.1,3.75,3.12
66626,3.25,3.5,3.75,3.5
47550,2.5,3.1,4.2,3.27
13165,2.8,3.1,3.5,3.13
36520,2.5,2.0,1.5,2.0
16618,2.8,2.5,4.2,3.17
55706,2.8,3.15,3.6,3.18
21009,3.25,3.8,3.5,3.52
1400,3.5,3.8,2.75,3.35
24475,2.85,3.1,4.25,3.4
63721,2.8,3.15,3.9,3.28
68414,2.5,2.2,3.1,2.6
41616,2.8,3.15,3.75,3.23
70015,2.5,3.1,3.8,3.13
51585,2.5,2.8,3.75,3.02
6758,3.5,3.8,2.2,3.17
39890,2.8,3.1,3.5,3.13
7928,3.25,3.5,4.1,3.62
32437,3.25,3.5,4.1,3.62
27394,2.5,3.1,4.25,3.28
34135,2.5,3.0,4.2,3.23
34093,3.15,3.8,4.25,3.73
47072,3.25,3.5,3.75,3.5
4689,3.25,3.5,3.75,3.5
63456,3.5,3.8,2.2,3.17
27237,2.8,3.15,4.2,3.38
3304,2.5,3.1,3.8,3.13
11307,2.8,3.15,3.6,3.18
37385,2.5,2.0,4.0,2.83
18120,2.8,3.15,3.9,3.28
7714,3.25,3.5,2.75,3.17
54937,3.25,3.5,2.75,3.17
4997,3.25,3.5,2.75,3.17
23366,2.8,3.15,3.6,3.18
48100,2.8,3.1,4.2,3.37
67186,2.5,2.8,3.5,2.93
52983,3.25,3.5,2.75,3.17
52939,2.5,2.8,3.75,3.02
9281,3.25,3.5,2.75,3.17
21787,2.5,2.8,3.1,2.8
61564,2.8,3.15,4.2,3.38
29075,3.15,3.8,4.25,3.73
3374,2.5,2.25,3.75,2.83
31788,2.8,3.1,3.5,3.13
54551,3.25,3.5,3.75,3.5
43841,3.25,3.5,2.75,3.17
42364,3.25,3.5,4.0,3.58
61202,2.8,3.15,3.6,3.18
58716,3.25,3.5,3.75,3.5
39691,2.5,2.8,4.2,3.17
15256,2.8,3.15,4.2,3.38
35379,3.15,3.8,4.25,3.73
50507,3.25,3.5,3.75,3.5
29209,2.8,3.15,4.2,3.38
40764,3.25,3.8,3.5,3.52
51719,2.85,3.1,3.75,3.23
19711,2.5,3.0,3.75,3.08
21305,3.15,3.8,4.25,3.73
52302,3.5,3.8,4.2,3.83
6329,2.8,3.15,4.2,3.38
32601,2.8,3.15,4.2,3.38
3803,3.25,3.5,2.75,3.17
51693,2.85,3.1,3.5,3.15
50420,3.5,3.25,2.75,3.17
47786,2.5,3.0,2.75,2.75
36934,3.25,3.5,3.75,3.5
66022,3.1,3.5,2.8,3.13
14786,3.5,3.8,2.2,3.17
153,2.85,3.1,4.25,3.4
20929,2.8,3.15,4.2,3.38
33008,2.8,3.15,3.65,3.2
25284,2.8,3.15,3.9,3.28
30905,2.8,3.15,3.6,3.18
31139,3.25,3.5,3.75,3.5
53171,2.8,3.15,3.5,3.15
29504,2.85,3.1,3.75,3.23
57002,2.8,3.15,4.2,3.38
71891,3.25,3.5,4.0,3.58
49958,3.25,3.5,4.0,3.58
5262,3.25,3.8,3.5,3.52
36324,3.25,3.5,3.75,3.5
28189,2.85,3.1,4.25,3.4
39560,2.85,3.1,4.25,3.4
61603,3.25,3.5,4.1,3.62
66919,3.25,3.8,4.1,3.72
34268,2.8,3.15,3.9,3.28
69773,2.5,2.0,1.5,2.0
48768,2.8,3.1,3.5,3.13
44503,2.8,3.1,3.5,3.13
39916,2.5,2.8,3.75,3.02
69285,2.5,2.0,1.5,2.0
21290,2.8,3.15,3.75,3.23
22439,3.25,3.8,4.1,3.72
66368,2.8,3.15,4.2,3.38
11511,2.8,3.15,4.2,3.38
18374,2.5,2.0,1.5,2.0
58141,2.5,2.8,3.75,3.02
25738,2.8,3.15,3.6,3.18
9687,2.85,3.1,4.25,3.4
26821,2.5,2.8,3.75,3.02
59199,3.25,3.5,2.75,3.17
56394,3.25,3.5,3.75,3.5
59560,3.25,3.5,4.0,3.58
7238,3.5,3.8,2.75,3.35
24124,3.25,3.5,4.1,3.62
21266,3.25,3.5,4.0,3.58
3644,2.5,3.0,3.75,3.08
1690,2.8,3.1,2.5,2.8
16398,2.1,2.3,4.5,2.97
14270,2.5,2.8,2.2,2.5
9216,2.5,2.8,2.2,2.5
46309,2.5,3.1,3.8,3.13
13596,2.8,3.15,3.5,3.15
11731,3.25,3.5,4.0,3.58
60929,3.25,3.5,2.75,3.17
36438,2.5,3.1,4.2,3.27
44703,3.25,3.5,4.0,3.58
60546,2.8,3.15,3.6,3.18
15552,2.85,3.1,4.25,3.4
16980,2.8,3.15,3.65,3.2
27598,3.25,3.5,4.0,3.58
50775,2.5,2.0,1.5,2.0
20494,2.85,3.1,3.75,3.23
15617,2.5,3.0,2.2,2.57
53288,2.85,3.1,4.25,3.4
35973,2.5,3.1,3.7,3.1
30643,2.8,3.15,3.9,3.28
25353,2.5,3.0,2.0,2.5
26556,2.8,3.15,4.2,3.38
58784,3.25,3.5,4.1,3.62
29048,2.5,2.8,3.1,2.8
39455,3.5,3.25,2.75,3.17
51374,2.8,3.15,4.2,3.38
18456,2.8,3.15,4.2,3.38
18772,2.8,3.15,4.2,3.38
44873,3.25,3.5,2.75,3.17
65351,2.8,3.15,2.5,2.82
21522,2.8,3.1,2.5,2.8
11892,2.8,3.15,3.6,3.18
12315,3.25,3.5,3.75,3.5
53917,3.25,3.5,3.75,3.5
33856,3.25,3.5,2.75,3.17
66742,3.25,3.5,2.75,3.17
31796,2.8,3.15,3.6,3.18
67002,2.85,3.1,3.75,3.23
70556,3.25,3.5,3.75,3.5
40991,3.25,3.8,4.15,3.73
9604,3.25,3.8,2.5,3.18
28262,2.85,3.1,4.25,3.4
46315,2.85,3.1,4.25,3.4
39558,3.25,3.5,4.1,3.62
19023,2.8,3.15,3.6,3.18
69552,2.8,3.15,3.6,3.18
67564,2.8,3.15,4.2,3.38
21963,2.85,3.1,4.25,3.4
49005,2.8,3.15,3.6,3.18
49429,2.8,3.15,4.2,3.38
40309,2.8,3.15,3.6,3.18
5168,3.15,3.8,3.5,3.48
5951,3.25,3.5,2.75,3.17
51994,2.5,2.8,4.2,3.17
47309,2.8,3.15,4.2,3.38
38928,2.8,3.1,2.5,2.8
44667,2.8,3.15,4.2,3.38
72027,2.8,3.1,3.5,3.13
52220,2.8,3.1,3.5,3.13
45370,3.25,3.5,2.75,3.17
30661,2.5,2.8,3.1,2.8
33242,3.25,3.5,2.75,3.17
41933,2.85,3.1,4.25,3.4
45761,2.5,2.8,2.2,2.5
25207,3.5,3.8,2.2,3.17
63100,2.8,3.15,3.6,3.18
16009,2.5,2.8,3.75,3.02
39378,2.8,3.1,3.5,3.13
30547,2.5,2.0,1.5,2.0
71831,3.25,3.5,3.75,3.5
37410,2.8,3.15,4.2,3.38
27396,3.25,3.5,3.75,3.5
20520,2.8,3.1,3.5,3.13
30262,2.5,3.1,2.8,2.8
70604,2.8,2.5,4.2,3.17
10002,3.25,3.5,2.75,3.17
44659,2.5,3.0,3.75,3.08
63836,3.15,3.8,2.95,3.3
60116,2.8,3.15,3.6,3.18
65958,3.15,3.8,4.25,3.73
19102,3.15,3.8,4.25,3.73
33023,2.5,2.0,1.5,2.0
29223,3.25,3.5,2.75,3.17
41139,2.8,3.15,3.6,3.18
45480,3.25,3.8,4.1,3.72
10561,3.15,3.8,3.5,3.48
67510,2.8,3.15,3.9,3.28
42667,3.25,3.5,2.75,3.17
59927,3.15,3.8,4.25,3.73
41648,3.25,3.5,4.1,3.62
30013,2.8,3.15,3.65,3.2
10609,2.8,3.15,3.6,3.18
606,2.8,3.15,3.6,3.18
38615,3.25,3.5,3.75,3.5
62655,2.5,2.8,2.2,2.5
29601,3.25,3.8,4.15,3.73
49393,3.25,3.5,2.75,3.17
25508,2.5,3.15,4.0,3.22
71734,2.8,3.15,4.2,3.38
10487,2.8,3.15,3.6,3.18
46296,2.5,2.0,1.5,2.0
34914,2.8,3.15,3.5,3.15
22730,2.8,3.15,4.2,3.38
37383,2.5,2.0,4.5,3.0
47089,3.25,3.5,4.0,3.58
3907,3.15,3.8,3.5,3.48
36282,2.5,2.0,1.5,2.0
26705,2.8,3.15,3.9,3.28
21005,2.8,3.1,4.2,3.37
57312,2.5,2.8,3.5,2.93
67288,2.5,3.0,2.2,2.57
69662,2.8,3.15,3.75,3.23
35966,2.5,3.1,3.8,3.13
64702,3.25,3.5,3.75,3.5
35210,2.8,3.15,3.6,3.18
24800,2.5,2.8,2.2,2.5
27628,2.8,3.15,3.5,3.15
15305,3.15,3.8,4.25,3.73
38056,3.25,3.8,3.5,3.52
51295,3.5,3.25,2.75,3.17
2606,3.25,3.5,4.0,3.58
44239,3.15,3.8,4.25,3.73
60505,3.15,3.8,2.95,3.3
62785,3.25,3.5,2.75,3.17
50480,3.25,3.5,4.1,3.62
63281,3.25,3.5,4.1,3.62
55962,3.25,3.5,3.75,3.5
55296,2.8,3.15,3.5,3.15
28224,3.15,3.8,4.25,3.73
29079,2.5,2.0,1.5,2.0
529,2.8,3.1,3.5,3.13
59133,2.5,3.0,3.75,3.08
45247,3.25,3.5,2.75,3.17
71470,2.15,2.3,4.5,2.98
28006,2.8,3.15,3.6,3.18
37459,2.8,3.15,4.2,3.38
22690,3.25,3.5,2.75,3.17
66317,2.8,3.15,3.9,3.28
14569,3.15,3.8,4.25,3.73
22324,2.8,3.15,3.75,3.23
19133,2.85,2.5,3.75,3.03
29394,3.25,3.8,4.15,3.73
17414,3.25,3.5,2.75,3.17
52057,3.25,3.5,2.75,3.17
8436,3.25,3.5,4.0,3.58
50751,2.8,3.15,4.2,3.38
40070,2.8,3.15,3.5,3.15
28244,2.85,3.1,4.25,3.4
56381,2.85,3.1,3.75,3.23
51118,2.85,3.1,4.25,3.4
42671,3.25,3.5,4.1,3.62
22678,2.8,3.15,4.2,3.38
6851,2.85,3.1,4.25,3.4
11281,2.5,3.0,3.75,3.08
20267,2.5,3.0,4.2,3.23
69348,2.8,3.15,3.9,3.28
45457,2.8,3.15,2.5,2.82
11454,2.8,3.15,3.65,3.2
22564,3.25,3.5,4.0,3.58
16857,2.5,2.8,2.2,2.5
28921,2.8,3.15,4.2,3.38
28028,3.25,3.5,4.0,3.58
8446,2.85,3.1,4.25,3.4
57329,2.8,3.15,4.2,3.38
3915,2.8,3.1,3.5,3.13
69234,2.8,3.15,3.5,3.15
10554,3.15,3.85,4.2,3.73
2561,3.25,3.5,4.0,3.58
16051,3.25,3.5,3.75,3.5
20133,2.85,3.1,3.5,3.15
10974,2.5,2.0,1.5,2.0
42768,3.25,3.8,3.5,3.52
24589,2.8,3.15,3.5,3.15
32899,2.8,3.15,4.2,3.38
37932,2.8,3.15,3.6,3.18
30785,3.25,3.5,4.1,3.62
61896,3.25,3.5,2.75,3.17
62752,2.85,3.1,4.25,3.4
43062,3.15,3.8,4.25,3.73
3478,2.8,3.15,3.6,3.18
40760,2.8,3.15,3.6,3.18
56155,2.8,3.15,4.2,3.38
62245,2.85,3.1,3.75,3.23
71301,2.8,3.15,3.9,3.28
32148,3.25,3.5,3.75,3.5
15367,3.5,3.8,2.75,3.35
65672,3.5,3.8,2.75,3.35
59615,2.8,3.15,3.6,3.18
19798,3.25,3.5,3.75,3.5
13745,3.25,3.5,3.75,3.5
27851,2.8,3.15,3.5,3.15
61264,2.8,3.15,3.5,3.15
36132,2.8,3.15,3.6,3.18
1479,3.25,3.5,2.75,3.17
71611,2.85,3.1,4.25,3.4
41198,3.25,3.5,2.75,3.17
22276,2.5,2.25,4.75,3.17
22949,3.25,3.5,4.0,3.58
6555,4.86,3.09,3.33,3.76
26716,2.8,3.15,4.2,3.38
63953,3.15,3.8,4.25,3.73
68248,2.5,3.0,4.2,3.23
64693,2.5,2.8,3.1,2.8
10839,2.85,3.1,3.5,3.15
18167,2.8,3.15,4.2,3.38
6075,2.5,2.0,1.5,2.0
57296,2.8,3.15,3.9,3.28
26648,2.8,3.15,3.5,3.15
35618,3.25,3.5,4.1,3.62
60949,2.5,2.0,1.5,2.0
39443,3.25,3.5,3.75,3.5
26541,2.8,3.1,2.5,2.8
70343,2.5,3.1,3.8,3.13
12216,2.8,3.15,4.2,3.38
2338,2.5,3.1,3.8,3.13
40579,3.25,3.8,2.75,3.27
58642,2.85,3.1,4.25,3.4
60933,2.8,3.15,4.2,3.38
16300,2.8,3.15,4.2,3.38
44515,2.85,3.1,3.75,3.23
54104,2.8,3.15,3.6,3.18
23996,2.5,3.0,3.75,3.08
41366,3.25,3.5,3.75,3.5
35925,3.25,3.5,4.1,3.62
55051,3.25,3.5,2.75,3.17
30816,3.25,3.5,4.1,3.62
3162,3.25,3.5,4.1,3.62
20704,2.5,3.1,3.75,3.12
51542,3.25,3.5,4.0,3.58
58169,2.8,3.15,4.2,3.38
12818,2.85,3.1,3.65,3.2
59253,2.5,2.0,1.5,2.0
46380,2.5,3.1,3.8,3.13
44502,2.8,3.1,3.5,3.13
18178,3.15,3.8,4.25,3.73
7282,2.5,2.8,3.1,2.8
41901,2.8,3.1,2.5,2.8
5216,2.5,2.1,3.8,2.8
29969,2.8,3.15,4.2,3.38
23352,3.15,3.8,4.25,3.73
341,2.8,3.15,3.6,3.18
8996,2.85,3.1,3.75,3.23
54146,2.8,3.15,4.2,3.38
24625,2.8,3.15,4.2,3.38
17580,2.5,2.8,3.7,3.0
25835,2.5,3.0,2.2,2.57
51792,2.85,3.1,4.2,3.38
38849,2.5,2.25,4.0,2.92
31747,2.8,3.15,4.2,3.38
10994,2.85,3.1,3.75,3.23
21293,3.15,3.85,4.2,3.73
62432,3.25,3.5,2.75,3.17
28514,2.8,3.15,3.9,3.28
48634,3.15,3.8,2.9,3.28
18012,2.85,3.1,4.25,3.4
8276,2.8,3.15,4.2,3.38
62106,2.5,2.8,4.2,3.17
26280,3.25,3.5,4.0,3.58
10598,2.8,3.15,3.6,3.18
12807,2.8,3.15,3.9,3.28
48389,3.25,3.5,2.75,3.17
61752,2.8,3.1,3.5,3.13
5572,3.15,3.8,2.5,3.15
41532,2.85,3.1,4.25,3.4
55570,2.8,3.15,4.2,3.38
49344,2.8,3.15,3.5,3.15
20477,2.5,3.0,2.2,2.57
66892,2.5,2.0,1.5,2.0
60920,3.25,3.5,2.75,3.17
16004,2.5,2.0,1.5,2.0
26634,2.8,3.1,3.5,3.13
20640,3.25,3.5,4.1,3.62
43154,3.5,3.8,4.2,3.83
16136,2.5,3.1,3.8,3.13
55418,3.25,3.5,2.75,3.17
50833,2.8,3.15,3.6,3.18
32666,2.8,3.15,4.2,3.38
60195,2.8,3.15,3.6,3.18
51283,3.15,3.8,4.25,3.73
14000,3.15,3.8,4.25,3.73
13986,3.25,3.5,2.75,3.17
33768,2.8,3.15,3.6,3.18
52615,2.8,3.15,3.5,3.15
20384,3.25,3.5,3.75,3.5
9971,2.5,2.8,3.1,2.8
45557,3.25,3.5,3.75,3.5
9762,2.8,3.15,3.6,3.18
17228,3.15,3.8,2.9,3.28
18421,3.25,3.5,3.75,3.5
42395,3.5,3.8,2.7,3.33
25600,2.8,3.1,2.5,2.8
3113,2.85,3.1,3.5,3.15
46942,2.85,3.1,4.25,3.4
62071,2.8,3.1,3.5,3.13
67082,3.25,3.5,4.0,3.58
60018,2.5,3.0,2.75,2.75
33250,3.25,3.5,2.75,3.17
63151,2.8,3.15,3.9,3.28
39167,2.85,3.1,3.75,3.23
58481,2.5,3.1,3.8,3.13
22997,2.8,3.15,4.25,3.4
8079,3.25,3.5,4.1,3.62
55626,3.15,3.8,4.25,3.73
35175,3.25,3.8,4.1,3.72
33951,2.5,3.1,3.8,3.13
57917,2.8,3.15,3.9,3.28
67644,2.8,3.1,2.5,2.8
9458,3.25,3.8,4.15,3.73
12651,2.8,3.15,3.6,3.18
42202,2.8,3.15,4.2,3.38
56754,2.8,3.15,4.2,3.38
39093,2.5,3.0,4.2,3.23
68927,2.8,3.15,3.65,3.2
29711,2.5,2.8,3.1,2.8
45956,2.8,3.15,4.2,3.38
56161,2.8,3.15,4.2,3.38
42542,2.5,2.8,3.1,2.8
22803,2.8,3.15,4.2,3.38
47481,3.5,3.8,2.75,3.35
22607,2.8,3.15,3.6,3.18
46013,2.8,3.15,3.6,3.18
33273,3.15,3.8,4.25,3.73
31683,2.8,3.15,3.5,3.15
58432,3.25,3.5,4.1,3.62
4109,2.8,3.15,3.5,3.15
28458,2.8,3.15,4.2,3.38
7748,2.75,2.25,4.64,3.2133
4950,2.8,3.15,4.2,3.38
46704,3.25,3.8,4.1,3.72
20808,2.5,3.1,3.75,3.12
14593,2.5,3.1,4.25,3.28
9139,3.25,3.5,3.75,3.5
20479,2.85,3.1,4.25,3.4
39856,2.5,2.8,3.2,2.83
29770,2.85,3.1,4.25,3.4
64097,3.15,3.8,4.25,3.73
6731,3.15,3.5,3.8,3.48
45886,2.85,3.1,3.75,3.23
34519,3.5,3.8,2.75,3.35
40162,3.5,4.0,3.75,3.75
10042,2.85,2.5,4.2,3.18
6128,2.8,3.15,3.6,3.18
52129,2.8,3.15,4.2,3.38
8915,2.8,3.15,4.2,3.38
35253,3.1,3.5,2.8,3.13
58509,2.5,3.1,3.8,3.13
2254,3.25,3.8,3.5,3.52
11227,2.5,3.1,2.8,2.8
50907,2.8,3.1,2.5,2.8
66527,2.8,3.15,3.6,3.18
34323,2.8,3.15,3.6,3.18
61286,2.5,2.0,1.5,2.0
50958,2.85,3.1,3.65,3.2
26014,2.5,2.0,1.5,2.0
31424,2.15,2.3,4.85,3.1
57693,2.5,2.8,3.1,2.8
14243,3.25,3.5,2.75,3.17
53549,2.8,3.1,3.5,3.13
45719,2.85,3.1,3.75,3.23
64074,2.85,3.1,4.25,3.4
35812,3.25,3.5,2.75,3.17
22809,2.85,3.1,4.25,3.4
7616,2.5,3.0,2.0,2.5
69642,3.25,3.5,2.75,3.17
43010,3.25,3.5,3.75,3.5
60591,2.8,3.15,4.2,3.38
46511,2.8,3.1,3.5,3.13
70648,2.8,3.15,3.6,3.18
50470,3.25,3.5,4.1,3.62
28985,2.8,3.1,3.5,3.13
31578,3.5,3.8,2.9,3.4
37249,2.8,3.15,4.2,3.38
52321,3.15,3.8,4.25,3.73
31541,2.8,3.15,3.6,3.18
17420,2.8,3.15,4.2,3.38
16453,2.5,3.0,2.2,2.57
44650,2.8,3.15,4.2,3.38
8007,2.8,3.15,4.2,3.38
14456,2.5,2.8,2.2,2.5
12916,3.25,3.5,4.0,3.58
65136,3.25,3.5,4.0,3.58
72061,3.25,3.5,4.0,3.58
22063,3.15,3.8,4.25,3.73
12062,3.25,3.5,3.75,3.5
23582,3.25,3.5,2.75,3.17
17199,3.15,3.8,4.25,3.73
42207,3.25,3.5,4.1,3.62
22913,3.25,3.8,4.1,3.72
16604,3.5,3.8,4.2,3.83
12108,3.25,3.5,2.75,3.17
47749,2.8,3.15,3.5,3.15
52371,3.15,3.8,2.95,3.3
65204,2.8,3.15,4.2,3.38
35891,2.8,3.1,3.5,3.13
53525,3.25,3.5,3.75,3.5
42531,2.5,2.8,3.1,2.8
44819,2.8,3.15,3.65,3.2
512,2.8,3.15,3.5,3.15
56431,3.25,3.5,3.75,3.5
48974,2.5,2.8,4.2,3.17
27130,2.85,3.1,3.75,3.23
13250,3.15,3.8,4.25,3.73
34474,3.25,3.5,3.75,3.5
2481,3.25,3.5,2.75,3.17
49991,3.25,3.5,4.1,3.62
57496,3.15,3.8,4.25,3.73
14755,3.15,3.8,3.5,3.48
10867,3.15,3.8,4.25,3.73
24011,2.5,3.1,3.8,3.13
53375,3.15,3.8,4.25,3.73
42632,2.8,3.15,3.9,3.28
64933,3.25,3.5,2.75,3.17
15350,3.15,3.8,4.25,3.73
9789,2.1,2.35,4.6,3.02
62870,2.85,3.1,4.25,3.4
52185,2.8,3.1,2.5,2.8
14049,2.85,3.1,4.25,3.4
34132,3.5,3.25,2.75,3.17
46922,2.5,3.0,4.25,3.25
59168,3.25,3.5,4.1,3.62
37645,2.85,3.1,4.25,3.4
6427,3.15,3.8,4.25,3.73
7023,3.5,3.8,2.75,3.35
62423,2.5,3.0,3.75,3.08
56875,3.15,3.8,4.25,3.73
13893,2.5,2.3,3.8,2.87
6439,2.5,3.0,3.75,3.08
50703,2.8,3.15,4.2,3.38
2781,2.8,3.1,3.5,3.13
45008,2.8,3.15,4.2,3.38
12720,2.8,3.1,3.5,3.13
58550,2.8,3.15,3.65,3.2
14725,2.8,3.15,3.6,3.18
65089,2.8,3.15,3.9,3.28
30282,2.5,2.8,2.2,2.5
70132,3.15,3.8,4.25,3.73
24501,3.15,3.8,4.25,3.73
44410,2.5,2.8,3.1,2.8
16507,3.25,3.5,4.0,3.58
16793,3.15,3.8,4.25,3.73
57968,2.8,3.1,3.5,3.13
25495,3.25,3.5,2.75,3.17
45229,3.15,3.8,2.95,3.3
35650,3.25,3.5,3.75,3.5
22784,2.8,3.1,2.5,2.8
9329,3.25,3.5,2.75,3.17
44840,3.5,3.8,3.2,3.5
68884,2.5,2.8,3.75,3.02
26636,3.25,3.5,2.75,3.17
47691,2.8,3.1,2.5,2.8
66946,3.25,3.5,2.75,3.17
22079,2.8,3.15,2.5,2.82
46947,2.5,3.0,2.2,2.57
59527,2.5,3.0,4.2,3.23
4693,3.25,3.8,3.5,3.52
37597,2.85,3.1,3.75,3.23
59336,2.8,3.1,3.5,3.13
17093,2.8,3.15,3.5,3.15
60623,2.5,3.0,3.5,3.0
52165,3.25,3.5,3.75,3.5
48083,2.8,3.15,4.2,3.38
3394,2.8,3.15,3.6,3.18
5463,2.5,2.0,1.5,2.0
40438,2.85,3.1,3.65,3.2
56511,3.25,3.5,3.75,3.5
54058,3.25,3.8,2.9,3.32
38380,3.25,3.5,2.75,3.17
69449,3.5,3.8,2.75,3.35
21260,3.25,3.5,4.1,3.62
62308,2.5,3.0,2.75,2.75
22177,3.25,3.5,2.75,3.17
46406,3.15,3.8,4.25,3.73
36710,2.5,2.8,3.1,2.8
4346,2.8,3.15,3.5,3.15
32609,2.8,3.1,3.5,3.13
53497,2.85,3.1,3.95,3.3
2068,3.25,3.5,3.75,3.5
6830,3.25,3.5,4.0,3.58
4958,3.25,3.5,2.75,3.17
39447,3.25,3.5,4.0,3.58
8256,2.85,3.1,3.75,3.23
31033,2.85,3.1,3.75,3.23
46424,3.25,3.5,3.75,3.5
31758,3.25,3.5,3.75,3.5
65761,2.5,3.0,2.2,2.57
348,2.5,2.0,3.75,2.75
68473,2.8,3.15,3.9,3.28
60485,2.5,3.0,3.75,3.08
68397,3.25,3.8,3.5,3.52
38624,3.15,3.8,4.25,3.73
64547,3.25,3.5,3.75,3.5
58014,3.15,3.85,4.2,3.73
3167,2.8,3.15,4.2,3.38
50165,2.8,3.15,3.5,3.15
2613,3.25,3.5,2.75,3.17
4726,3.5,3.8,2.2,3.17
70675,3.5,3.8,2.9,3.4
2434,2.8,3.1,3.5,3.13
3500,2.85,3.1,4.25,3.4
6059,2.85,3.1,3.75,3.23
46433,2.8,3.1,2.5,2.8
59244,2.8,3.1,3.5,3.13
26972,2.8,3.15,3.6,3.18
34074,2.8,3.15,3.65,3.2
40047,2.8,3.15,4.2,3.38
39724,3.25,3.5,3.75,3.5
36442,2.8,3.15,3.5,3.15
10010,3.25,3.5,2.75,3.17
58041,3.25,3.8,4.1,3.72
12286,3.25,3.8,4.1,3.72
29067,2.8,3.1,3.5,3.13
49316,2.5,3.1,3.8,3.13
11075,2.5,2.8,3.75,3.02
44299,3.25,3.5,3.75,3.5
19021,3.25,3.5,3.75,3.5
30149,3.25,3.5,3.75,3.5
10423,2.85,3.1,4.25,3.4
30057,3.5,3.25,2.75,3.17
24888,2.5,3.1,3.8,3.13
24408,2.5,3.0,2.0,2.5
6646,2.8,3.15,3.9,3.28
31016,2.8,3.1,2.5,2.8
11427,2.8,3.15,3.6,3.18
60967,2.85,3.1,4.2,3.38
64264,2.85,3.1,4.25,3.4
55655,3.25,3.5,2.75,3.17
7243,3.15,3.85,4.2,3.73
70740,3.25,3.5,4.0,3.58
46645,2.8,3.15,3.6,3.18
43891,2.8,3.15,4.2,3.38
46816,2.8,3.15,4.2,3.38
7359,2.85,3.1,4.25,3.4
47785,3.25,3.5,3.75,3.5
20460,2.85,3.1,4.25,3.4
16320,2.8,3.15,3.9,3.28
7528,2.8,3.15,3.9,3.28
40550,2.8,3.15,4.2,3.38
33776,2.5,3.0,4.25,3.25
20546,2.8,3.15,3.65,3.2
7471,3.15,3.8,3.5,3.48
27754,2.8,3.15,3.65,3.2
34517,3.25,3.5,4.1,3.62
48470,3.5,3.25,2.1,2.95
69691,3.25,3.8,3.5,3.52
69810,2.5,2.0,3.0,2.5
897,2.85,3.1,3.75,3.23
63528,2.8,3.1,4.2,3.37
30055,3.25,3.5,2.75,3.17
1617,2.5,3.1,3.8,3.13
47718,2.8,3.1,2.5,2.8
36607,2.8,3.15,3.9,3.28
47629,2.85,3.1,4.25,3.4
24604,3.25,3.8,2.5,3.18
58548,2.85,3.1,3.75,3.23
15166,3.15,3.8,4.25,3.73
68665,2.5,2.8,3.75,3.02
31761,2.5,3.0,3.5,3.0
62335,2.8,3.15,3.6,3.18
41986,2.8,3.1,3.5,3.13
21677,3.15,3.8,4.25,3.73
4242,3.25,3.5,4.0,3.58
64520,2.5,3.0,2.0,2.5
55648,2.5,2.8,3.1,2.8
70906,2.8,3.15,3.9,3.28
48063,2.5,2.8,4.2,3.17
64101,3.25,3.5,4.1,3.62
70897,3.2,3.5,2.8,3.17
49285,2.8,3.15,4.2,3.38
52432,2.5,3.1,4.25,3.28
30060,2.8,3.1,3.5,3.13
12492,2.5,2.8,3.1,2.8
58336,3.25,3.5,3.75,3.5
71765,3.5,3.8,2.75,3.35
68857,3.5,4.0,2.75,3.42
35407,2.5,3.0,3.75,3.08
67271,3.25,3.5,3.75,3.5
61553,2.8,3.15,4.2,3.38
70166,2.85,3.1,3.75,3.23
60927,3.5,3.8,2.75,3.35
32420,3.15,3.8,4.25,3.73
70477,2.8,3.15,3.65,3.2
63947,2.8,3.15,4.2,3.38
38858,2.8,3.15,3.6,3.18
3768,2.85,3.1,3.65,3.2
18077,3.25,3.8,4.15,3.73
60898,3.15,3.8,3.5,3.48
25183,2.85,3.1,3.5,3.15
59436,2.8,3.1,3.5,3.13
53158,2.5,2.8,3.1,2.8
66058,3.25,3.5,3.75,3.5
49744,3.25,3.5,3.75,3.5
71418,2.8,3.1,2.5,2.8
51861,2.8,3.15,3.6,3.18
61370,2.85,3.1,3.5,3.15
5175,2.8,3.1,3.5,3.13
7129,2.85,3.1,3.65,3.2
13615,3.15,3.8,4.25,3.73
30336,2.5,2.0,3.75,2.75
44727,2.8,3.15,3.5,3.15
12752,2.8,3.15,4.2,3.38
9459,3.25,3.8,3.5,3.52
45777,2.8,3.15,3.6,3.18
47366,2.8,3.1,3.5,3.13
20044,2.8,3.15,3.65,3.2
319,2.85,3.1,4.25,3.4
43309,3.25,3.5,3.75,3.5
56206,2.8,2.5,3.75,3.02
24818,2.8,3.15,3.5,3.15
71389,2.8,3.1,3.5,3.13
13353,3.5,3.8,2.75,3.35
54579,2.5,2.8,3.1,2.8
58382,3.5,3.8,3.2,3.5
36167,3.25,3.5,2.75,3.17
39602,3.25,3.5,4.0,3.58
59767,2.8,3.1,3.5,3.13
49279,2.8,3.15,3.6,3.18
48004,3.25,3.5,3.75,3.5
43461,2.8,3.15,3.9,3.28
6867,3.25,3.8,2.5,3.18
2490,2.8,3.15,3.6,3.18
38713,2.8,2.5,4.2,3.17
29405,3.25,3.5,2.75,3.17
61934,2.5,2.8,3.75,3.02
36255,2.5,3.0,3.75,3.08
19944,3.5,3.25,2.75,3.17
18830,3.25,3.5,4.0,3.58
32529,2.5,3.0,3.75,3.08
1551,2.8,3.15,3.65,3.2
41568,3.25,3.5,3.75,3.5
47774,3.15,3.8,3.5,3.48
59289,2.8,3.15,3.9,3.28
13276,2.8,3.1,3.5,3.13
46292,2.85,3.1,4.25,3.4
36570,2.8,3.1,2.5,2.8
27602,3.25,3.8,3.5,3.52
15679,2.5,2.8,3.1,2.8
36528,2.5,2.0,3.5,2.67
71690,2.8,3.15,4.2,3.38
69952,3.15,3.8,2.9,3.28
61145,3.25,3.5,4.0,3.58
56212,3.15,3.8,2.55,3.17
18708,2.8,3.15,4.2,3.38
60348,2.5,2.8,3.5,2.93
19002,3.25,3.8,3.5,3.52
41882,3.15,3.8,2.55,3.17
47000,3.25,3.5,3.75,3.5
23315,3.5,3.25,2.75,3.17
70971,3.25,3.5,2.75,3.17
36316,3.25,3.5,4.0,3.58
53126,3.25,3.5,3.75,3.5
47768,2.8,3.15,3.65,3.2
23187,3.15,3.8,3.5,3.48
47125,3.25,3.5,3.75,3.5
50648,3.5,3.25,2.75,3.17
58663,3.25,3.5,3.75,3.5
4472,3.25,3.5,2.75,3.17
26475,2.8,3.1,3.5,3.13
26231,2.8,2.5,3.75,3.02
14805,2.8,3.15,3.9,3.28
27836,2.8,3.15,3.6,3.18
61331,2.8,3.15,3.6,3.18
38593,2.8,3.15,3.6,3.18
31668,2.5,2.8,2.2,2.5
55300,3.15,3.8,4.25,3.73
48050,3.5,3.0,2.2,2.9
16010,2.8,3.15,3.65,3.2
69214,2.8,3.1,2.5,2.8
54452,2.8,3.1,2.5,2.8
3750,2.8,3.15,3.6,3.18
38156,2.8,3.15,3.6,3.18
34397,2.8,3.15,3.65,3.2
70557,3.15,3.8,4.25,3.73
71120,2.5,2.8,3.5,2.93
31426,2.8,3.15,3.6,3.18
72032,2.5,2.8,3.1,2.8
49198,3.25,3.5,3.75,3.5
68965,2.85,3.1,4.25,3.4
11600,3.15,3.8,4.25,3.73
60855,3.25,3.5,4.0,3.58
3034,3.25,3.5,3.75,3.5
71009,3.25,3.5,3.75,3.5
3340,2.8,3.15,4.2,3.38
50661,3.15,3.8,4.25,3.73
71019,2.8,3.1,2.5,2.8
62987,2.5,3.0,1.5,2.33
7674,2.5,2.0,1.5,2.0
51143,2.8,3.15,3.6,3.18
1978,2.85,3.1,4.25,3.4
8745,2.8,3.15,3.65,3.2
12984,2.5,2.8,3.1,2.8
64011,2.5,2.0,1.5,2.0
25667,2.5,2.8,3.7,3.0
23409,2.85,3.1,4.25,3.4
55367,2.5,2.8,3.75,3.02
34924,2.85,3.1,4.25,3.4
67275,2.5,2.2,3.8,2.83
60081,3.25,3.5,3.75,3.5
58184,2.8,3.15,4.2,3.38
66274,2.5,2.0,1.5,2.0
15745,2.5,2.8,2.2,2.5
17544,3.5,3.8,2.2,3.17
58914,2.5,3.0,3.75,3.08
13640,2.5,2.1,4.8,3.13
26277,3.25,3.5,3.75,3.5
51011,3.25,3.5,2.75,3.17
19922,2.8,3.1,3.5,3.13
64956,2.85,3.1,4.25,3.4
64140,3.15,3.8,4.25,3.73
2928,2.8,3.15,4.2,3.38
1091,2.5,2.8,3.7,3.0
32988,2.5,2.0,1.5,2.0
55954,3.25,3.5,3.75,3.5
6751,2.8,3.15,3.6,3.18
17472,2.8,3.1,4.2,3.37
30366,2.85,3.1,4.25,3.4
9118,3.15,3.8,4.25,3.73
41260,3.15,3.8,4.25,3.73
11490,3.5,3.25,2.75,3.17
32260,2.5,3.1,4.2,3.27
24028,3.25,3.5,4.0,3.58
58940,3.5,3.8,2.2,3.17
45657,2.8,2.5,3.75,3.02
24208,2.5,3.0,2.0,2.5
23684,2.85,3.1,3.75,3.23
46189,2.5,3.0,3.75,3.08
44654,2.8,3.15,3.6,3.18
59602,2.8,3.1,4.2,3.37
6893,2.8,3.15,3.9,3.28
7397,3.25,3.5,3.75,3.5
42032,2.8,3.1,3.5,3.13
51135,3.25,3.8,3.5,3.52
9696,3.25,3.5,2.75,3.17
19445,3.25,3.5,2.75,3.17
56034,2.5,2.8,4.2,3.17
56268,3.25,3.5,4.0,3.58
54240,3.15,3.8,2.9,3.28
11200,2.8,3.15,3.5,3.15
35093,2.8,3.1,2.5,2.8
4852,2.8,3.15,3.6,3.18
53915,2.8,3.15,3.6,3.18
44877,2.5,2.8,4.2,3.17
12898,3.5,3.8,2.75,3.35
27100,2.8,3.15,3.65,3.2
21506,2.5,2.8,3.5,2.93
14004,3.25,3.8,4.1,3.72
29039,3.25,3.5,4.0,3.58
23479,2.5,2.8,3.1,2.8
62109,3.25,3.5,3.75,3.5
56130,3.25,3.5,4.1,3.62
50766,3.25,3.5,2.75,3.17
28190,2.8,3.15,4.2,3.38
13551,3.25,3.5,2.75,3.17
40850,2.8,3.15,3.75,3.23
53283,2.8,3.15,3.6,3.18
10562,3.25,3.5,4.0,3.58
14451,3.25,3.5,4.1,3.62
8131,2.85,3.1,4.25,3.4
53699,2.8,3.15,3.6,3.18
28192,2.5,2.0,1.5,2.0
53880,2.85,3.1,4.25,3.4
66230,2.5,3.1,3.8,3.13
53680,3.25,3.5,2.75,3.17
68640,3.25,3.5,3.75,3.5
17262,2.8,3.1,3.5,3.13
11262,2.85,3.1,3.75,3.23
29577,2.5,2.8,3.1,2.8
52955,2.8,3.15,3.6,3.18
35727,3.15,3.8,4.25,3.73
68661,2.5,3.1,3.8,3.13
35356,2.85,3.1,4.25,3.4
4372,3.5,3.8,2.75,3.35
68186,3.25,3.5,3.75,3.5
16658,3.25,3.5,2.75,3.17
9841,3.25,3.5,2.75,3.17
42157,3.25,3.5,3.75,3.5
49399,2.85,3.1,4.25,3.4
45223,3.15,3.8,2.95,3.3
68493,3.25,3.5,4.0,3.58
22593,2.5,3.1,3.8,3.13
23361,2.85,3.1,4.25,3.4
432,2.8,3.1,2.5,2.8
40394,2.8,3.1,4.25,3.38
47097,3.25,3.5,4.0,3.58
57135,3.25,3.5,4.1,3.62
11414,2.8,3.15,3.65,3.2
12668,3.25,3.5,3.75,3.5
67036,2.8,3.15,3.6,3.18
70963,3.25,3.5,2.75,3.17
30354,2.8,3.15,3.9,3.28
32363,2.5,3.0,3.75,3.08
42533,3.25,3.5,2.75,3.17
362,2.8,3.15,3.9,3.28
59232,2.85,3.1,3.75,3.23
2060,3.25,3.5,4.0,3.58
1120,3.25,3.5,2.75,3.17
33219,2.5,2.0,1.5,2.0
55277,3.25,3.5,3.75,3.5
33545,2.85,3.1,3.5,3.15
33756,2.8,3.1,3.5,3.13
5129,3.25,3.5,4.1,3.62
30188,3.25,3.5,2.75,3.17
25849,3.25,3.5,2.75,3.17
43240,2.85,3.1,4.25,3.4
28500,3.5,3.8,4.2,3.83
63579,3.5,3.8,3.2,3.5
14129,2.8,3.15,3.6,3.18
51331,3.25,3.5,4.0,3.58
27235,2.8,3.15,3.65,3.2
35792,2.5,3.1,3.8,3.13
63793,3.25,3.5,3.75,3.5
1195,2.8,3.1,3.5,3.13
4673,3.25,3.8,4.1,3.72
28798,3.5,3.8,2.75,3.35
69397,2.8,3.1,3.5,3.13
20240,2.8,3.15,4.2,3.38
32891,3.25,3.5,4.0,3.58
36164,3.25,3.5,2.75,3.17
53457,2.8,3.15,4.2,3.38
19178,3.25,3.5,2.75,3.17
72137,2.8,3.15,3.6,3.18
58274,3.25,3.8,3.5,3.52
3545,2.85,3.12,3.67,3.21
44490,3.25,3.5,4.1,3.62
54840,2.8,3.15,3.9,3.28
5043,2.5,2.8,3.75,3.02
51316,2.8,3.15,4.2,3.38
55456,3.25,3.5,3.75,3.5
25225,3.25,3.8,2.5,3.18
37728,2.8,3.15,4.2,3.38
26109,2.8,3.15,3.6,3.18
47861,2.5,2.8,3.2,2.83
20308,2.85,3.1,3.75,3.23
3834,3.15,3.8,4.25,3.73
30832,3.5,3.8,2.75,3.35
49957,2.8,3.15,3.65,3.2
32087,2.8,3.15,3.6,3.18
39831,2.8,3.15,3.65,3.2
45925,2.5,2.8,3.1,2.8
18803,2.8,3.1,2.5,2.8
23889,2.8,3.15,3.6,3.18
5314,2.8,3.15,3.5,3.15
19258,2.5,3.0,3.75,3.08
48386,3.25,3.5,3.75,3.5
45871,2.5,3.1,3.8,3.13
70925,2.8,3.15,4.2,3.38
62793,2.8,3.15,4.2,3.38
23596,3.25,3.8,4.15,3.73
19230,2.8,3.15,4.2,3.38
30619,3.25,3.8,3.5,3.52
55578,3.25,3.5,3.75,3.5
56666,2.8,3.15,3.5,3.15
44689,2.8,3.1,2.5,2.8
19032,2.8,3.15,4.2,3.38
66416,2.8,3.15,4.2,3.38
916,3.25,3.5,4.0,3.58
19730,2.8,3.15,3.9,3.28
53402,2.8,3.15,3.65,3.2
47360,2.8,3.1,3.5,3.13
20671,2.85,3.1,3.75,3.23
31187,2.5,3.0,2.2,2.57
1453,3.25,3.8,3.5,3.52
46880,2.8,3.15,3.65,3.2
4531,2.8,3.15,3.65,3.2
57595,3.25,3.5,4.0,3.58
17917,2.8,3.15,4.2,3.38
22454,3.25,3.5,4.1,3.62
31194,2.8,3.15,4.2,3.38
65414,2.5,2.8,4.2,3.17
19755,2.85,3.1,4.25,3.4
581,2.8,3.15,3.5,3.15
69644,3.25,3.5,4.0,3.58
60573,2.8,3.1,3.5,3.13
7427,2.85,3.1,3.75,3.23
37528,2.8,3.15,3.9,3.28
37350,2.85,3.1,4.25,3.4
3025,3.25,3.5,2.75,3.17
39446,2.5,3.0,2.0,2.5
59307,2.5,3.0,2.2,2.57
6425,2.8,3.15,3.65,3.2
52054,2.85,3.1,3.75,3.23
58831,2.5,3.1,4.2,3.27
28345,3.15,3.8,4.25,3.73
20255,2.5,3.1,2.8,2.8
61489,2.5,3.0,2.75,2.75
6914,2.85,3.1,4.25,3.4
17177,2.8,3.15,3.5,3.15
18790,2.8,3.15,3.6,3.18
22492,3.25,3.5,2.75,3.17
11721,2.8,3.15,3.9,3.28
60375,2.8,3.15,3.6,3.18
50400,3.25,3.5,3.75,3.5
50704,2.8,2.5,4.2,3.17
27874,2.8,3.15,3.6,3.18
49970,2.8,3.15,4.2,3.38
47502,3.5,3.25,2.75,3.17
50423,2.85,3.1,4.25,3.4
25489,2.5,2.8,3.75,3.02
68807,3.15,3.8,3.5,3.48
8318,2.8,3.15,4.2,3.38
6619,2.5,3.0,3.75,3.08
55507,2.85,3.1,3.75,3.23
11715,2.85,3.1,3.75,3.23
71073,3.25,3.5,3.75,3.5
15321,2.8,2.5,4.2,3.17
55554,3.5,3.25,2.75,3.17
69055,3.25,3.5,4.0,3.58
4162,3.25,3.5,2.75,3.17
71137,2.8,3.15,3.5,3.15
43304,3.15,3.8,3.5,3.48
65840,2.8,3.15,4.2,3.38
49906,3.15,3.8,2.95,3.3
41111,2.8,3.15,3.6,3.18
57106,3.25,3.5,3.75,3.5
52965,2.85,3.1,3.75,3.23
7433,2.8,3.15,3.6,3.18
22444,2.5,2.8,3.1,2.8
35810,2.8,3.15,3.9,3.28
42635,3.5,3.8,3.2,3.5
41433,2.8,3.15,3.6,3.18
19194,2.5,2.8,4.2,3.17
21047,2.8,3.15,4.2,3.38
23013,3.25,3.5,2.75,3.17
25157,2.8,3.15,4.2,3.38
70357,2.5,2.0,3.75,2.75
37175,2.5,2.8,3.1,2.8
66943,2.8,3.15,3.6,3.18
10990,3.25,3.5,4.1,3.62
281,2.8,3.15,4.2,3.38
37468,2.8,3.1,2.5,2.8
24931,2.5,3.1,3.75,3.12
59097,2.5,3.0,2.0,2.5
54428,2.8,3.15,3.9,3.28
23626,2.85,3.1,4.25,3.4
60084,3.25,3.8,3.5,3.52
23730,3.2,3.5,2.8,3.17
14423,3.15,3.8,4.25,3.73
21965,2.8,3.1,3.5,3.13
3920,2.8,3.15,4.2,3.38
50710,2.85,3.1,4.25,3.4
6629,2.5,2.8,2.2,2.5
55537,2.5,3.0,2.0,2.5
31774,3.25,3.8,2.5,3.18
40368,2.85,3.12,4.5,3.49
26507,2.85,3.1,3.5,3.15
38412,2.8,3.15,3.6,3.18
36940,3.2,3.5,2.8,3.17
7716,3.5,3.25,2.75,3.17
94,2.85,3.1,4.25,3.4
50136,3.25,3.5,3.75,3.5
66850,2.85,3.1,3.75,3.23
64436,2.85,3.1,4.25,3.4
8702,2.8,3.15,4.2,3.38
57642,2.8,2.5,3.75,3.02
30863,2.5,2.8,4.2,3.17
36245,3.25,3.8,4.1,3.72
50373,3.25,3.8,3.5,3.52
59105,3.25,3.5,3.75,3.5
47804,2.8,3.15,3.9,3.28
70729,3.25,3.5,3.75,3.5
45545,3.25,3.5,2.75,3.17
44781,2.5,3.1,4.2,3.27
52350,2.8,3.15,3.5,3.15
56605,2.5,3.0,1.5,2.33
61972,2.8,3.15,4.2,3.38
12593,3.25,3.8,3.5,3.52
44487,2.5,3.0,4.25,3.25
17351,3.25,3.5,3.75,3.5
39997,3.25,3.5,2.75,3.17
4033,2.8,3.15,3.65,3.2
64614,2.8,3.1,4.2,3.37
12831,2.5,2.8,2.2,2.5
26443,2.85,3.1,4.25,3.4
44363,2.8,3.15,4.2,3.38
45649,2.8,3.15,3.6,3.18
36333,2.8,3.15,4.2,3.38
58633,2.85,3.1,4.25,3.4
12638,2.8,3.15,3.6,3.18
46903,3.15,3.8,2.9,3.28
35807,2.8,3.15,3.9,3.28
4421,2.5,2.8,3.75,3.02
8068,2.8,3.1,2.5,2.8
9019,2.5,3.1,3.75,3.12
69174,2.5,2.8,3.1,2.8
22808,3.15,3.8,4.25,3.73
29494,2.85,3.1,4.2,3.38
39216,2.8,3.15,4.2,3.38
7217,2.8,3.1,3.5,3.13
30322,2.5,2.0,3.5,2.67
61135,2.5,2.0,1.5,2.0
64650,3.25,3.5,2.75,3.17
29162,2.8,3.15,3.6,3.18
4061,2.8,3.1,3.5,3.13
2124,2.8,3.15,3.5,3.15
38070,2.5,2.2,3.8,2.83
29695,3.25,3.5,2.75,3.17
50476,3.25,3.5,4.1,3.62
66377,2.8,3.15,3.9,3.28
55669,2.8,3.15,3.65,3.2
44260,3.25,3.5,4.0,3.58
8625,2.5,2.8,3.1,2.8
40753,3.25,3.5,3.75,3.5
68432,2.85,3.1,4.25,3.4
52757,3.25,3.5,4.1,3.62
40000,2.5,3.0,2.2,2.57
16074,3.15,3.8,4.25,3.73
57792,3.25,3.5,2.75,3.17
4320,3.25,3.8,3.5,3.52
17595,2.5,2.25,4.0,2.92
22139,2.5,2.3,3.1,2.63
61465,3.5,3.8,3.2,3.5
4868,2.85,3.1,4.2,3.38
56105,3.25,3.8,2.5,3.18
46188,3.25,3.5,4.0,3.58
19036,2.5,2.0,1.5,2.0
36179,2.8,3.15,2.5,2.82
71193,3.25,3.5,3.75,3.5
31670,2.8,3.15,3.6,3.18
39951,3.25,3.5,4.0,3.58
11643,2.8,3.15,4.2,3.38
22077,3.15,3.8,4.25,3.73
40134,3.25,3.5,4.0,3.58
48975,2.5,2.8,4.2,3.17
57146,2.85,3.1,3.65,3.2
23566,3.5,3.8,3.2,3.5
70227,2.8,3.1,2.5,2.8
16050,3.25,3.5,3.75,3.5
66866,3.25,3.8,2.75,3.27
6772,2.8,3.15,4.2,3.38
55802,2.8,3.15,3.6,3.18
52906,2.85,3.1,4.25,3.4
57069,2.5,2.8,3.75,3.02
62562,2.8,3.15,3.65,3.2
2106,2.85,3.1,4.25,3.4
57528,3.25,3.5,2.75,3.17
58486,2.5,2.8,3.1,2.8
18264,2.85,3.1,3.5,3.15
70138,2.5,2.8,3.1,2.8
17653,3.25,3.5,2.75,3.17
56730,2.8,3.15,4.2,3.38
39857,2.5,3.0,2.2,2.57
51873,2.8,3.15,3.9,3.28
34254,2.5,3.1,3.75,3.12
15692,2.8,3.15,4.2,3.38
6693,2.8,3.1,2.5,2.8
56793,3.25,3.5,2.75,3.17
35572,2.8,3.15,3.65,3.2
58086,3.25,3.5,4.0,3.58
62222,3.25,3.5,3.75,3.5
43915,2.8,3.15,3.6,3.18
50406,3.15,3.8,3.5,3.48
20782,3.25,3.5,4.0,3.58
35230,2.5,3.0,2.75,2.75
71548,2.8,3.1,3.5,3.13
35350,3.5,3.8,3.2,3.5
711,2.85,3.1,3.75,3.23
60762,2.5,2.8,3.75,3.02
21547,2.85,3.1,3.75,3.23
32471,2.85,3.1,3.75,3.23
47403,2.8,3.1,3.5,3.13
53646,3.15,3.8,4.25,3.73
20098,2.8,3.1,2.5,2.8
20936,3.15,3.8,4.25,3.73
19696,2.8,3.15,3.5,3.15
66060,3.25,3.8,3.5,3.52
72050,2.5,2.8,3.75,3.02
57108,2.8,3.15,3.5,3.15
13413,3.25,3.8,4.1,3.72
37891,2.8,3.15,3.5,3.15
3056,3.15,3.8,4.25,3.73
30653,3.25,3.5,2.75,3.17
7057,2.5,3.1,3.8,3.13
60785,3.25,3.5,2.75,3.17
39648,2.5,2.0,4.25,2.92
29344,2.8,3.15,3.65,3.2
51372,2.8,3.1,3.5,3.13
22209,3.25,3.5,2.75,3.17
17865,3.25,3.5,4.1,3.62
18792,2.5,3.0,3.75,3.08
23628,2.85,3.1,4.25,3.4
10210,3.25,3.5,3.75,3.5
51107,2.5,2.8,3.75,3.02
6057,3.15,3.8,2.95,3.3
26914,2.8,3.15,3.9,3.28
10814,3.15,3.8,2.95,3.3
40433,2.8,3.1,3.5,3.13
43015,2.5,3.1,4.2,3.27
43078,3.25,3.5,3.75,3.5
46006,2.8,3.15,3.5,3.15
63274,3.15,3.8,4.25,3.73
10362,2.8,3.15,3.5,3.15
50139,3.25,3.5,4.1,3.62
42760,2.5,3.0,2.0,2.5
25960,2.8,3.15,3.6,3.18
24566,3.25,3.5,2.75,3.17
8035,3.25,3.5,2.75,3.17
53643,4.34,3.25,3.79,3.7933
41559,2.85,3.1,3.75,3.23
8801,2.85,3.1,3.65,3.2
37270,3.15,3.8,4.25,3.73
39379,3.25,3.5,3.75,3.5
15316,2.8,3.1,2.5,2.8
49670,2.5,2.8,3.75,3.02
49590,3.25,3.5,4.0,3.58
66549,2.8,3.1,3.5,3.13
2638,3.25,3.5,3.75,3.5
46244,2.8,3.1,3.5,3.13
28650,2.8,3.15,3.9,3.28
68447,3.25,3.8,3.5,3.52
9931,2.8,3.15,3.6,3.18
46893,3.5,3.25,2.75,3.17
6414,3.25,3.5,3.75,3.5
64492,3.15,3.8,4.25,3.73
69728,2.5,2.8,3.2,2.83
1324,3.25,3.5,4.1,3.62
22498,2.8,3.15,3.6,3.18
19960,2.8,3.15,3.6,3.18
13672,2.8,3.1,2.5,2.8
53188,2.5,2.8,4.2,3.17
33354,3.15,3.8,4.25,3.73
12436,3.5,3.8,3.2,3.5
19746,2.5,3.1,2.2,2.6
12144,3.15,3.8,4.25,3.73
54165,3.15,3.8,3.5,3.48
48178,3.25,3.5,4.0,3.58
65321,2.5,3.0,3.75,3.08
49806,2.8,3.15,4.2,3.38
9751,1.85,2.1,4.5,2.82
32214,2.8,3.15,3.9,3.28
15886,3.25,3.5,4.1,3.62
13248,3.15,3.8,4.25,3.73
17325,2.8,2.5,4.2,3.17
37704,3.25,3.5,4.0,3.58
2204,2.8,3.1,3.5,3.13
20881,3.25,3.8,2.9,3.32
54474,3.15,3.8,3.5,3.48
29061,3.25,3.5,4.0,3.58
50349,2.8,3.15,4.2,3.38
7236,3.25,3.5,3.75,3.5
55790,2.5,3.0,2.75,2.75
56333,3.2,3.5,2.8,3.17
49267,2.8,3.15,3.9,3.28
47825,2.85,3.1,4.25,3.4
61997,2.8,3.15,3.9,3.28
47201,2.8,3.15,4.2,3.38
67579,2.85,3.1,3.75,3.23
66923,3.25,3.8,3.5,3.52
59535,3.25,3.5,3.75,3.5
48250,2.8,3.15,3.5,3.15
34086,2.5,2.8,3.75,3.02
68472,2.5,3.1,2.2,2.6
16250,2.8,3.15,4.2,3.38
60779,2.85,3.1,4.25,3.4
29997,4.1,3.2,2.81,3.37
31605,2.8,3.15,4.2,3.38
34604,2.8,3.15,3.6,3.18
35247,2.8,3.1,3.5,3.13
64148,2.8,3.15,4.2,3.38
14514,3.25,3.5,3.75,3.5
60125,2.5,3.0,2.0,2.5
38396,2.85,3.1,3.75,3.23
65656,2.8,3.15,3.6,3.18
4645,3.25,3.5,4.0,3.58
14339,2.85,3.1,3.75,3.23
29598,2.8,3.15,4.2,3.38
41238,2.8,3.15,3.5,3.15
18980,2.85,3.1,3.75,3.23
18170,3.25,3.8,4.1,3.72
56006,2.8,3.15,3.9,3.28
2840,2.85,3.1,4.25,3.4
32080,2.5,2.0,3.75,2.75
44892,3.15,3.8,2.9,3.28
37511,2.8,3.15,3.6,3.18
44743,2.5,2.0,1.5,2.0
24078,3.15,3.8,2.95,3.3
56087,2.5,3.0,3.5,3.0
24030,3.25,3.5,2.75,3.17
50405,2.5,3.0,2.0,2.5
13887,2.5,3.0,2.0,2.5
17350,2.8,3.15,3.5,3.15
47770,3.25,3.8,3.5,3.52
9941,3.25,3.5,4.0,3.58
51530,3.15,3.8,3.5,3.48
45004,2.85,3.1,3.5,3.15
15883,2.5,2.8,3.1,2.8
42088,3.25,3.5,3.75,3.5
57898,3.25,3.5,3.75,3.5
55588,3.25,3.5,2.75,3.17
4991,2.8,3.15,3.6,3.18
62049,3.25,3.5,3.75,3.5
56765,2.8,3.15,3.6,3.18
29250,2.85,3.1,3.75,3.23
3838,2.8,3.15,3.9,3.28
50201,2.5,2.8,3.1,2.8
31115,2.5,3.1,4.2,3.27
27387,3.2,3.5,2.8,3.17
68157,2.8,3.1,2.5,2.8
48,2.5,2.8,3.75,3.02
7181,2.8,3.1,3.5,3.13
33660,3.25,3.5,3.75,3.5
18668,3.15,3.8,4.25,3.73
50545,2.85,3.1,3.65,3.2
47229,3.15,3.8,4.25,3.73
42940,2.5,2.8,3.1,2.8
44425,2.8,3.1,3.5,3.13
58226,2.8,3.15,3.6,3.18
51729,2.85,3.1,3.75,3.23
68700,3.15,3.8,4.25,3.73
42700,3.2,3.5,2.8,3.17
63312,2.8,3.1,3.5,3.13
22147,3.25,3.5,4.0,3.58
50236,3.15,3.8,3.5,3.48
25604,2.5,2.0,3.0,2.5
56884,2.5,2.0,1.5,2.0
29448,3.25,3.5,4.0,3.58
23030,2.5,2.0,1.5,2.0
10095,2.5,3.0,2.0,2.5
17906,2.85,3.1,3.75,3.23
11587,2.8,3.15,3.65,3.2
40846,2.8,3.15,3.5,3.15
51312,3.25,3.5,3.75,3.5
62578,3.15,3.8,4.25,3.73
17889,2.8,3.1,2.5,2.8
58776,2.5,3.0,2.0,2.5
23922,3.25,3.5,3.75,3.5
62759,3.25,3.5,4.0,3.58
50607,3.25,3.5,4.0,3.58
37564,2.85,3.1,4.25,3.4
66210,2.5,2.0,4.25,2.92
13029,2.5,3.0,3.75,3.08
32378,2.5,3.1,3.8,3.13
33396,2.8,3.1,3.5,3.13
47080,2.8,3.15,3.5,3.15
63184,2.8,3.15,3.6,3.18
52094,2.5,2.8,3.1,2.8
24235,2.5,2.8,3.75,3.02
10755,3.25,3.5,3.75,3.5
52304,3.25,3.5,3.75,3.5
23518,3.25,3.5,3.75,3.5
55672,3.25,3.5,4.0,3.58
28892,3.25,3.5,2.75,3.17
2704,3.25,3.5,3.75,3.5
62170,3.15,3.8,4.25,3.73
14531,2.8,3.1,3.5,3.13
30541,3.5,3.25,2.75,3.17
30054,2.8,3.15,4.2,3.38
43591,3.25,3.8,2.5,3.18
72129,3.15,3.8,4.25,3.73
317,2.85,3.1,3.75,3.23
60675,2.8,3.15,3.9,3.28
10385,2.8,3.15,4.2,3.38
68612,3.25,3.5,4.1,3.62
55410,2.8,3.15,3.65,3.2
32347,3.25,3.5,2.75,3.17
68434,2.8,3.15,4.2,3.38
36362,3.25,3.5,2.75,3.17
66745,2.8,3.15,3.9,3.28
4762,3.5,3.25,2.75,3.17
66423,3.15,3.8,4.25,3.73
11929,3.25,3.5,3.75,3.5
64930,2.8,3.1,2.5,2.8
8225,2.8,3.1,3.5,3.13
749,2.8,3.15,3.6,3.18
32164,2.5,3.0,2.0,2.5
6504,3.25,3.5,4.1,3.62
69376,3.25,3.5,2.75,3.17
54507,3.15,3.8,4.25,3.73
41769,3.25,3.5,4.1,3.62
41471,3.25,3.5,4.1,3.62
62608,2.8,3.15,4.2,3.38
12360,3.25,3.5,2.75,3.17
52730,2.8,3.1,2.5,2.8
19070,2.8,3.15,4.2,3.38
4192,2.85,3.1,4.25,3.4
2050,2.8,3.15,4.2,3.38
51422,2.8,3.15,3.6,3.18
71253,2.5,3.0,2.75,2.75
9777,2.8,2.5,4.2,3.17
32466,2.8,3.15,4.2,3.38
40678,2.8,3.15,4.2,3.38
61786,3.5,3.8,4.2,3.83
63752,3.25,3.8,4.15,3.73
37522,2.5,3.1,3.8,3.13
59112,2.8,3.15,3.9,3.28
13743,2.85,3.1,4.2,3.38
7490,2.8,3.15,4.2,3.38
44511,2.5,3.1,2.2,2.6
3,3.25,3.5,4.0,3.58
47368,2.5,2.8,3.5,2.93
57953,3.25,3.8,4.1,3.72
54852,2.85,3.1,3.75,3.23
31056,2.8,3.15,4.2,3.38
8832,2.8,3.1,3.5,3.13
45529,2.5,3.0,2.2,2.57
66707,2.8,3.1,3.5,3.13
23982,3.25,3.5,4.1,3.62
48133,2.8,3.15,3.65,3.2
55375,2.8,3.15,3.6,3.18
68058,2.8,3.15,3.6,3.18
62757,2.5,2.0,1.5,2.0
6252,2.8,3.1,3.5,3.13
7914,3.25,3.5,2.75,3.17
14428,2.8,3.15,3.9,3.28
20025,2.85,3.1,4.25,3.4
28820,3.15,3.8,3.5,3.48
65501,3.25,3.5,2.75,3.17
12056,3.25,3.5,2.75,3.17
32727,2.8,3.1,2.5,2.8
35010,3.25,3.8,3.5,3.52
51376,2.85,3.1,4.25,3.4
4540,2.5,3.0,3.75,3.08
65600,2.5,2.8,3.75,3.02
21191,3.25,3.5,2.75,3.17
47747,3.15,3.8,4.25,3.73
49976,3.25,3.5,2.75,3.17
35957,2.5,3.1,3.75,3.12
70784,2.5,3.0,3.5,3.0
49282,2.8,3.15,3.5,3.15
17822,3.25,3.8,3.5,3.52
61685,2.5,2.0,1.5,2.0
59682,2.85,3.1,3.65,3.2
30574,3.2,3.5,2.8,3.17
56674,2.8,3.15,3.6,3.18
70064,2.8,3.15,4.2,3.38
5697,3.15,3.8,2.95,3.3
12097,2.1,2.05,4.85,3.0
28202,3.25,3.8,4.15,3.73
37518,2.5,3.0,3.75,3.08
15806,2.5,3.0,2.0,2.5
42980,2.8,3.15,4.2,3.38
25945,2.8,3.15,3.9,3.28
34791,2.5,2.8,3.75,3.02
69727,2.5,2.8,3.5,2.93
7870,2.8,3.15,3.6,3.18
30205,3.5,3.8,3.2,3.5
24520,2.5,2.8,4.2,3.17
44773,2.8,3.15,3.9,3.28
30187,3.25,3.8,4.1,3.72
21818,2.8,3.15,3.5,3.15
17536,2.5,3.0,2.2,2.57
34948,2.5,3.0,4.25,3.25
61848,2.5,2.8,2.2,2.5
12493,2.5,2.0,3.5,2.67
8956,2.5,2.8,2.2,2.5
23583,2.8,3.15,3.5,3.15
16214,2.85,3.1,4.25,3.4
39495,2.5,2.8,2.2,2.5
43549,2.8,3.1,2.5,2.8
11645,3.5,3.8,3.2,3.5
62720,2.5,2.8,3.1,2.8
42007,2.8,3.1,3.5,3.13
43163,2.5,2.0,4.25,2.92
20419,3.25,3.5,3.75,3.5
9622,2.85,3.1,4.25,3.4
32790,3.2,3.5,2.8,3.17
42066,2.5,2.25,4.75,3.17
58435,2.5,3.0,2.0,2.5
44678,3.5,3.8,3.2,3.5
30711,2.85,3.1,4.25,3.4
61254,2.5,3.0,2.0,2.5
31929,2.85,3.1,3.75,3.23
19612,2.8,3.1,3.5,3.13
60843,2.85,3.1,3.75,3.23
16576,3.25,3.8,3.5,3.52
64277,3.25,3.5,4.0,3.58
44211,2.5,2.8,3.1,2.8
54765,2.5,3.1,4.25,3.28
18868,2.8,3.15,3.75,3.23
69795,3.15,3.8,4.25,3.73
57928,3.25,3.5,2.75,3.17
12423,2.8,3.15,3.5,3.15
40479,2.85,3.1,3.75,3.23
35818,3.25,3.5,2.75,3.17
57210,3.25,3.5,3.75,3.5
44597,2.8,3.15,4.2,3.38
17760,2.8,3.15,3.9,3.28
10245,2.5,3.1,4.25,3.28
7140,2.8,3.15,3.6,3.18
12932,3.25,3.8,3.5,3.52
55488,2.8,3.15,3.65,3.2
49223,3.25,3.5,3.75,3.5
15833,2.85,3.1,3.5,3.15
65830,2.5,2.0,1.5,2.0
40973,2.8,3.1,4.2,3.37
13067,2.5,2.8,3.75,3.02
16906,3.25,3.5,2.75,3.17
44482,2.5,3.0,2.0,2.5
60617,2.8,3.1,3.5,3.13
9643,2.8,3.15,3.6,3.18
59303,2.5,2.8,3.1,2.8
30838,3.25,3.5,2.75,3.17
11475,3.25,3.8,3.5,3.52
48144,3.25,3.5,3.75,3.5
60128,2.5,2.8,3.7,3.0
30818,3.25,3.5,4.0,3.58
52179,2.8,3.15,3.9,3.28
71839,3.25,3.5,3.75,3.5
31435,3.5,4.0,2.75,3.42
23470,2.8,3.15,4.2,3.38
2297,2.8,3.15,3.6,3.18
29211,2.5,2.8,2.2,2.5
28549,3.25,3.5,4.1,3.62
70325,3.25,3.5,2.75,3.17
70693,2.5,2.8,3.75,3.02
61048,3.25,3.5,2.75,3.17
39327,2.5,3.1,3.8,3.13
54414,2.8,3.1,2.5,2.8
17871,3.15,3.8,4.25,3.73
28277,2.8,3.15,4.2,3.38
20026,2.85,3.1,4.25,3.4
20629,3.25,3.5,4.1,3.62
28335,2.8,3.15,3.65,3.2
17675,3.25,3.5,2.75,3.17
11003,3.25,3.5,2.75,3.17
5113,3.25,3.8,3.5,3.52
4702,2.8,3.15,4.2,3.38
44083,2.5,2.8,3.1,2.8
16863,2.85,3.1,3.5,3.15
23870,2.85,3.1,3.75,3.23
45944,2.8,3.15,4.2,3.38
33437,2.8,3.15,3.9,3.28
46367,3.15,3.8,3.5,3.48
31248,3.25,3.5,4.1,3.62
28173,2.8,3.15,3.6,3.18
19458,2.5,2.8,3.75,3.02
5662,2.5,2.8,2.2,2.5
6306,2.8,3.15,3.6,3.18
67529,2.85,3.1,3.75,3.23
47934,3.25,3.8,3.5,3.52
26386,3.15,3.8,4.25,3.73
21576,3.5,3.8,2.2,3.17
1478,3.25,3.5,4.0,3.58
30773,3.25,3.5,4.1,3.62
50483,3.25,3.5,3.75,3.5
3270,2.5,2.8,3.75,3.02
67017,2.85,3.1,4.25,3.4
39486,2.8,2.5,4.2,3.17
13367,2.8,3.15,3.6,3.18
68193,3.25,3.5,4.1,3.62
11921,2.8,3.1,3.5,3.13
41233,2.5,2.8,3.1,2.8
54690,3.25,3.5,3.75,3.5
13349,3.25,3.5,2.75,3.17
17120,3.25,3.5,3.75,3.5
35543,3.25,3.5,3.75,3.5
68241,2.8,3.15,3.6,3.18
15766,3.15,3.8,4.25,3.73
66248,2.5,3.0,3.75,3.08
3610,2.8,3.15,4.2,3.38
22083,2.8,3.15,3.6,3.18
56639,2.85,3.1,3.65,3.2
871,3.25,3.8,3.5,3.52
49125,2.8,3.15,4.2,3.38
51560,2.5,3.0,3.75,3.08
65198,3.25,3.5,4.0,3.58
5568,3.25,3.8,3.5,3.52
56303,2.8,3.1,2.5,2.8
39622,2.8,3.15,3.9,3.28
50667,2.5,3.1,3.8,3.13
33774,2.8,3.1,3.5,3.13
7902,3.15,3.8,2.5,3.15
32288,2.8,3.15,4.2,3.38
63965,2.5,3.1,4.25,3.28
23317,2.85,3.1,3.75,3.23
57162,3.25,3.5,4.0,3.58
60122,2.8,3.15,3.9,3.28
5440,2.8,3.15,3.6,3.18
69660,3.5,4.0,2.5,3.33
71973,3.25,3.5,3.75,3.5
15264,2.8,3.15,3.6,3.18
59944,2.5,3.0,4.2,3.23
605,2.8,3.1,2.5,2.8
40900,2.8,3.15,4.2,3.38
71454,3.25,3.5,2.75,3.17
8040,2.5,2.8,2.2,2.5
16238,3.15,3.8,2.95,3.3
63638,3.25,3.5,2.1,2.95
62959,3.15,3.8,2.5,3.15
56259,3.25,3.5,2.75,3.17
4107,2.5,2.0,3.75,2.75
16516,2.85,3.1,4.25,3.4
40252,3.15,3.8,4.25,3.73
30713,2.85,3.1,3.75,3.23
68802,3.25,3.5,4.1,3.62
52605,2.85,3.1,4.25,3.4
56991,2.8,3.15,3.5,3.15
6064,3.25,3.5,2.75,3.17
7141,3.25,3.5,3.75,3.5
68901,3.5,3.25,2.75,3.17
2554,2.8,3.15,3.9,3.28
25007,2.5,3.0,3.75,3.08
19641,2.5,3.0,3.75,3.08
6663,2.5,2.0,1.5,2.0
27257,2.8,3.1,3.5,3.13
34285,3.25,3.5,3.75,3.5
36110,2.8,3.1,3.5,3.13
22404,3.25,3.5,4.1,3.62
56319,2.8,3.15,4.2,3.38
54054,2.8,3.15,4.2,3.38
32152,3.25,3.5,3.75,3.5
62084,2.8,3.1,2.5,2.8
31765,3.25,3.8,3.5,3.52
40110,3.25,3.5,2.75,3.17
42365,3.25,3.5,2.75,3.17
12001,2.8,3.15,3.6,3.18
14372,2.8,3.15,3.9,3.28
41536,2.8,3.15,3.9,3.28
17579,2.8,3.1,2.5,2.8
33514,3.25,3.8,3.5,3.52
41740,2.85,3.1,4.25,3.4
40603,3.25,3.5,4.1,3.62
21541,2.5,2.0,1.5,2.0
28931,2.8,3.15,4.2,3.38
60735,3.25,3.5,3.75,3.5
3333,3.5,3.8,2.75,3.35
49890,3.25,3.5,2.75,3.17
4797,3.25,3.5,3.75,3.5
18519,2.5,2.0,3.75,2.75
43673,2.85,3.1,4.25,3.4
16896,3.25,3.5,2.75,3.17
36995,2.85,3.1,3.75,3.23
63972,2.5,3.0,3.5,3.0
57271,3.25,3.8,3.5,3.52
66965,2.8,3.15,3.9,3.28
17195,3.5,3.8,4.2,3.83
31842,2.8,3.1,2.5,2.8
46805,2.8,3.15,3.6,3.18
52958,2.5,2.8,3.75,3.02
1476,3.25,3.5,2.75,3.17
62306,3.25,3.5,3.75,3.5
8292,2.8,3.15,3.6,3.18
45298,2.5,2.8,3.75,3.02
40587,2.8,3.15,3.9,3.28
70639,2.8,3.15,3.6,3.18
4899,2.85,3.1,4.25,3.4
37492,3.25,3.5,2.75,3.17
70460,3.25,3.8,3.5,3.52
51000,2.5,3.1,4.2,3.27
26317,2.85,3.1,3.5,3.15
46280,2.8,3.15,3.9,3.28
20729,3.25,3.5,3.75,3.5
41976,2.85,3.1,4.25,3.4
35556,3.25,3.5,4.1,3.62
14419,3.15,3.8,4.25,3.73
32826,3.25,3.5,4.0,3.58
23981,3.25,3.5,4.0,3.58
63727,3.25,3.5,2.75,3.17
5597,2.8,3.15,3.5,3.15
49016,3.25,3.5,4.0,3.58
38658,2.8,3.1,3.5,3.13
68255,2.85,3.1,4.25,3.4
38956,2.5,2.8,3.1,2.8
47512,3.25,3.8,3.5,3.52
61999,3.5,3.8,2.75,3.35
32915,2.8,2.5,4.2,3.17
46073,2.85,3.1,4.25,3.4
55974,2.5,2.8,3.1,2.8
25846,3.5,3.8,2.2,3.17
21688,3.25,3.5,2.75,3.17
53839,3.15,3.8,4.25,3.73
54320,2.8,3.15,4.2,3.38
69859,2.5,3.0,2.75,2.75
58901,3.25,3.5,4.0,3.58
571,2.5,2.0,3.0,2.5
47940,2.5,2.8,2.2,2.5
65233,2.8,3.15,3.5,3.15
67157,2.8,3.15,3.6,3.18
17667,3.25,3.5,2.75,3.17
49090,2.8,3.15,4.2,3.38
49336,2.5,3.1,3.75,3.12
40703,2.5,2.8,3.75,3.02
31808,2.8,3.1,2.5,2.8
4674,3.25,3.5,4.1,3.62
16539,2.85,3.1,3.75,3.23
66635,2.8,3.1,3.5,3.13
3958,2.85,3.1,4.25,3.4
21900,2.8,3.15,3.6,3.18
30558,3.25,3.5,3.75,3.5
3700,3.25,3.5,3.75,3.5
14668,2.5,2.0,3.5,2.67
49475,2.8,3.15,3.75,3.23
17316,3.15,3.8,3.5,3.48
55376,2.8,3.15,4.2,3.38
63744,2.8,3.1,4.2,3.37
9797,3.25,3.5,3.75,3.5
60955,2.5,3.0,2.0,2.5
64124,2.8,3.15,4.2,3.38
35245,2.8,3.1,2.5,2.8
31933,2.8,3.15,4.2,3.38
8866,3.25,3.5,3.75,3.5
52663,2.5,3.1,3.8,3.13
53684,2.8,3.1,2.5,2.8
14097,3.25,3.5,4.1,3.62
1608,2.8,3.15,4.2,3.38
24615,2.8,3.15,4.2,3.38
6394,3.25,3.5,2.75,3.17
19281,3.15,3.8,4.25,3.73
9125,3.15,3.8,4.25,3.73
59895,2.5,3.1,3.75,3.12
52009,2.8,3.15,4.2,3.38
63444,2.8,3.15,4.2,3.38
66557,3.25,3.5,3.75,3.5
60040,2.5,2.8,3.1,2.8
19853,2.5,3.0,2.75,2.75
53734,2.85,3.1,4.25,3.4
7116,2.8,3.15,3.6,3.18
40093,3.25,3.5,4.0,3.58
45204,3.25,3.5,3.75,3.5
29512,3.25,3.5,4.0,3.58
35982,2.5,2.8,3.75,3.02
50623,3.25,3.8,3.5,3.52
70197,2.5,2.0,1.5,2.0
39704,3.25,3.5,2.75,3.17
23160,2.5,2.0,3.75,2.75
23813,3.25,3.5,3.75,3.5
55055,3.2,3.5,2.8,3.17
31121,2.8,3.1,2.5,2.8
30021,2.8,3.1,3.5,3.13
71824,2.5,2.8,3.75,3.02
6243,2.8,3.15,4.2,3.38
7059,2.8,3.15,3.6,3.18
30321,2.5,3.0,2.0,2.5
38913,3.25,3.5,4.0,3.58
57493,2.8,3.15,4.2,3.38
33047,2.85,3.1,3.65,3.2
69140,3.25,3.5,4.0,3.58
48503,2.8,3.1,3.5,3.13
1055,2.8,3.15,3.6,3.18
50372,3.15,3.8,4.25,3.73
43840,3.25,3.5,4.0,3.58
36884,3.25,3.5,2.75,3.17
18529,3.25,3.5,3.75,3.5
68211,2.85,3.1,4.25,3.4
14156,2.8,3.15,4.2,3.38
34646,3.15,3.8,3.5,3.48
46335,2.5,3.1,4.25,3.28
13554,2.8,3.15,3.75,3.23
10050,3.25,3.8,3.5,3.52
56560,3.25,3.5,3.75,3.5
47045,2.85,3.1,4.25,3.4
8413,3.25,3.5,4.0,3.58
68798,2.8,3.15,3.6,3.18
17375,3.25,3.5,4.0,3.58
28928,3.15,3.8,4.25,3.73
12057,2.15,2.3,3.85,2.77
25783,2.8,3.15,3.9,3.28
38692,3.25,3.5,2.75,3.17
56492,2.5,3.1,3.8,3.13
48966,3.25,3.8,3.5,3.52
36251,3.25,3.8,4.1,3.72
51289,3.15,3.8,3.5,3.48
31224,2.8,3.15,3.6,3.18
57090,2.85,3.1,4.25,3.4
35493,3.25,3.5,3.75,3.5
70932,2.8,3.15,3.6,3.18
35408,2.5,2.8,2.2,2.5
38940,2.8,3.15,3.5,3.15
46107,3.25,3.5,4.1,3.62
24162,3.25,3.5,3.75,3.5
6873,2.85,3.1,4.25,3.4
21714,3.15,3.8,4.25,3.73
41494,3.2,3.5,2.8,3.17
19290,3.15,3.8,4.25,3.73
22704,3.5,3.8,2.2,3.17
46760,3.25,3.5,4.1,3.62
35604,3.25,3.5,2.75,3.17
34091,2.8,3.15,3.6,3.18
37721,3.25,3.5,4.1,3.62
70799,3.25,3.5,4.0,3.58
29326,3.25,3.5,4.0,3.58
5435,3.25,3.5,4.1,3.62
18404,3.25,3.5,4.1,3.62
9457,3.15,3.8,4.25,3.73
10773,2.5,3.0,3.75,3.08
14810,3.25,3.5,3.75,3.5
52895,3.25,3.5,3.75,3.5
11039,2.8,3.15,4.2,3.38
1966,3.15,3.8,4.25,3.73
57714,2.85,3.1,4.25,3.4
42288,3.25,3.8,3.5,3.52
6666,3.5,3.8,2.9,3.4
39040,2.8,3.1,4.2,3.37
19072,2.5,3.1,2.8,2.8
15654,3.25,3.5,3.75,3.5
69937,2.5,3.0,2.2,2.57
66501,2.85,3.1,3.5,3.15
63179,3.15,3.8,3.5,3.48
3764,2.8,3.15,3.9,3.28
40279,2.8,3.15,3.9,3.28
62094,2.5,2.8,3.5,2.93
7307,2.85,3.1,4.25,3.4
4989,2.8,3.1,2.5,2.8
38292,2.5,3.1,3.8,3.13
8386,2.8,3.15,4.2,3.38
22140,3.15,3.8,2.55,3.17
40181,3.25,3.5,3.75,3.5
43774,2.85,3.1,4.25,3.4
71259,3.25,3.5,2.75,3.17
69228,3.25,3.5,3.75,3.5
64137,3.15,3.8,4.25,3.73
39901,3.25,3.5,3.75,3.5
35612,3.25,3.5,4.1,3.62
33751,2.8,3.15,3.6,3.18
25125,2.8,3.1,3.5,3.13
22555,2.85,3.1,3.75,3.23
38228,3.5,3.8,2.75,3.35
49899,3.5,4.0,3.25,3.58
10500,2.85,3.1,4.25,3.4
976,2.5,2.3,3.8,2.87
43048,2.8,3.15,4.2,3.38
58343,2.8,3.15,4.2,3.38
25882,2.85,3.1,4.25,3.4
57113,2.8,3.15,3.6,3.18
43269,2.8,3.15,3.5,3.15
28031,2.8,3.15,3.9,3.28
37312,2.5,2.8,3.1,2.8
46173,3.25,3.5,4.0,3.58
48070,2.85,3.1,3.75,3.23
3451,2.8,3.1,2.5,2.8
12212,3.15,3.8,2.9,3.28
12525,2.5,3.1,2.8,2.8
47570,2.8,3.15,4.2,3.38
4205,3.25,3.5,2.75,3.17
56651,2.5,3.0,3.75,3.08
8180,3.5,3.8,3.2,3.5
66073,3.25,3.5,2.75,3.17
48335,2.5,3.0,2.2,2.57
41921,3.5,3.8,2.75,3.35
71693,2.8,3.15,4.2,3.38
6706,2.85,3.1,4.25,3.4
19522,2.5,2.2,4.1,2.93
58295,2.5,3.0,2.0,2.5
58366,2.8,3.15,3.6,3.18
44853,3.25,3.5,2.75,3.17
59616,3.1,2.85,3.5,3.15
61474,3.15,3.8,4.25,3.73
28750,3.15,3.8,2.5,3.15
4085,2.8,3.1,3.5,3.13
44259,3.5,3.25,2.1,2.95
15245,2.8,3.15,3.6,3.18
44660,2.85,3.1,3.5,3.15
71645,3.25,3.5,4.0,3.58
15940,2.5,3.0,3.75,3.08
26410,2.8,3.1,3.5,3.13
7412,3.5,3.8,3.2,3.5
51641,2.8,3.15,3.6,3.18
69944,3.25,3.8,3.5,3.52
53929,2.8,3.1,3.5,3.13
54269,3.25,3.5,2.75,3.17
15236,2.5,2.8,3.75,3.02
55261,5.0,2.99,3.82,3.9367
51839,2.8,3.15,3.6,3.18
45732,2.85,3.1,3.65,3.2
62664,2.8,3.15,3.6,3.18
48293,2.85,3.1,4.25,3.4
30839,2.5,3.1,3.8,3.13
66687,2.5,2.0,3.75,2.75
13508,3.5,3.8,2.75,3.35
33003,2.8,3.15,3.9,3.28
4547,3.15,3.8,4.25,3.73
61447,3.25,3.5,2.75,3.17
10723,3.25,3.5,2.75,3.17
41118,2.85,3.1,3.65,3.2
8649,2.8,3.15,4.2,3.38
43986,2.8,3.15,4.2,3.38
41140,3.15,3.8,2.9,3.28
47927,2.5,3.0,2.0,2.5
58520,2.8,3.15,3.65,3.2
3224,3.25,3.5,3.75,3.5
37978,3.25,3.5,2.75,3.17
33604,3.25,3.5,3.75,3.5
62671,2.8,3.15,4.2,3.38
29706,2.8,3.15,3.9,3.28
2937,3.15,3.8,3.5,3.48
21300,3.2,3.5,2.8,3.17
12328,2.8,3.15,3.6,3.18
56032,2.8,3.1,3.5,3.13
49431,2.85,3.1,3.5,3.15
59542,3.15,3.5,3.8,3.48
30292,3.25,3.5,4.0,3.58
58092,2.5,2.0,3.0,2.5
61852,2.15,2.3,4.5,2.98
47293,2.8,3.15,3.9,3.28
27473,3.25,3.5,3.75,3.5
14093,3.15,3.8,2.9,3.28
51550,3.25,3.5,4.1,3.62
41390,2.85,3.1,3.75,3.23
48181,3.15,3.8,3.5,3.48
21428,2.5,2.0,3.75,2.75
47859,2.8,3.1,3.5,3.13
8518,2.85,3.1,4.25,3.4
53418,2.8,3.15,3.75,3.23
2953,2.85,3.1,3.75,3.23
69656,2.8,3.15,4.2,3.38
58770,2.85,3.1,4.25,3.4
7982,2.5,2.8,2.2,2.5
11816,2.8,2.5,3.75,3.02
29226,2.8,3.1,3.5,3.13
42163,2.85,3.1,4.25,3.4
15508,2.85,3.1,4.25,3.4
18486,3.25,3.5,3.75,3.5
43525,2.5,2.8,3.75,3.02
15146,2.8,3.15,3.9,3.28
61770,2.5,2.0,1.5,2.0
28633,2.5,3.0,3.5,3.0
26848,3.25,3.5,4.0,3.58
18858,3.25,3.5,3.75,3.5
50636,3.25,3.8,3.5,3.52
28851,2.85,3.1,4.25,3.4
28451,2.8,3.1,2.5,2.8
27192,2.8,3.1,3.5,3.13
1094,2.5,3.0,3.75,3.08
67973,2.5,3.1,3.8,3.13
9771,2.5,3.1,3.75,3.12
49839,3.15,3.8,4.25,3.73
21791,2.8,3.15,4.2,3.38
49067,2.8,3.15,3.5,3.15
58875,2.8,3.15,3.6,3.18
69294,2.5,3.0,2.2,2.57
53624,3.5,3.25,2.1,2.95
39674,3.15,3.8,2.55,3.17
34682,2.8,3.15,3.6,3.18
63304,2.8,3.15,4.2,3.38
2185,2.8,3.15,3.65,3.2
27522,2.8,3.15,3.6,3.18
61696,2.85,3.1,4.25,3.4
56399,3.25,3.5,3.75,3.5
6628,2.85,3.1,3.75,3.23
42174,3.25,3.5,2.75,3.17
22216,2.8,3.15,3.6,3.18
62743,2.8,3.15,3.9,3.28
44911,3.25,3.8,4.1,3.72
12183,3.25,3.5,4.0,3.58
32957,2.8,3.15,3.6,3.18
15622,2.85,3.1,3.65,3.2
19725,3.25,3.5,3.75,3.5
49303,2.85,3.1,3.75,3.23
64251,2.85,3.1,4.25,3.4
20423,3.25,3.5,3.75,3.5
42914,3.25,3.5,2.75,3.17
59760,2.8,3.1,3.5,3.13
37460,2.8,3.15,3.5,3.15
70007,2.8,3.15,4.2,3.38
35516,2.85,3.1,3.75,3.23
25965,3.25,3.5,2.75,3.17
70813,2.85,3.1,3.75,3.23
39255,3.5,3.8,2.7,3.33
58023,3.25,3.5,2.75,3.17
52099,2.8,3.15,4.2,3.38
21289,3.25,3.5,3.75,3.5
24140,2.8,3.15,4.2,3.38
48158,2.85,3.1,3.75,3.23
58554,2.8,3.1,3.5,3.13
33115,3.25,3.5,4.1,3.62
13628,2.8,3.15,4.2,3.38
68124,3.25,3.5,4.1,3.62
27719,2.1,2.35,4.5,2.98
59928,3.15,3.8,4.25,3.73
64102,3.25,3.5,4.1,3.62
69951,2.85,3.1,3.75,3.23
13492,2.5,2.8,2.2,2.5
21306,2.8,3.15,3.5,3.15
40781,2.8,3.15,3.5,3.15
36542,3.25,3.5,2.75,3.17
41590,3.25,3.5,4.1,3.62
3012,2.8,3.15,3.6,3.18
69269,3.5,3.8,2.9,3.4
59339,2.8,3.15,3.9,3.28
59741,3.25,3.8,4.15,3.73
45283,3.25,3.5,2.75,3.17
25678,2.5,2.8,3.7,3.0
35300,2.8,3.15,3.5,3.15
55212,3.5,3.25,2.75,3.17
56694,2.8,3.15,4.2,3.38
35988,2.8,3.15,4.2,3.38
69073,2.8,3.15,3.65,3.2
27607,3.15,3.8,3.5,3.48
66227,2.85,3.1,4.25,3.4
45131,2.85,3.1,4.25,3.4
65479,2.8,3.1,4.2,3.37
10789,2.5,2.8,3.1,2.8
29345,3.25,3.5,2.75,3.17
62611,2.5,3.0,2.0,2.5
68210,2.8,3.15,4.2,3.38
35434,3.25,3.5,4.0,3.58
7807,2.5,2.0,1.5,2.0
31067,2.8,3.15,3.6,3.18
4512,2.8,3.15,3.65,3.2
55174,2.8,3.15,3.6,3.18
7644,3.15,3.8,4.25,3.73
16521,3.5,3.8,3.2,3.5
45206,3.25,3.5,4.0,3.58
5209,2.8,3.15,3.6,3.18
33659,3.15,3.8,4.25,3.73
38704,2.5,2.0,3.75,2.75
50311,3.25,3.5,2.75,3.17
53115,3.25,3.5,3.75,3.5
28273,2.8,3.1,3.5,3.13
32457,2.85,3.1,4.25,3.4
2813,2.8,3.1,2.5,2.8
27888,2.5,3.0,3.75,3.08
62957,2.8,3.15,3.6,3.18
16577,3.25,3.8,3.5,3.52
27095,3.15,3.8,3.5,3.48
53259,2.8,3.15,3.5,3.15
6789,2.8,3.1,2.5,2.8
36054,3.25,3.5,3.75,3.5
40596,2.5,2.8,3.7,3.0
61096,2.8,3.15,4.2,3.38
54677,3.25,3.5,2.75,3.17
59520,3.15,3.8,4.25,3.73
26196,2.8,3.15,3.6,3.18
67153,2.5,3.0,2.2,2.57
54461,2.85,3.1,4.25,3.4
4888,3.15,3.8,4.25,3.73
68101,3.25,3.5,2.75,3.17
23116,3.25,3.5,2.75,3.17
4444,2.8,3.15,3.6,3.18
32602,2.8,3.15,4.2,3.38
54823,2.8,3.15,4.2,3.38
714,2.85,3.1,3.75,3.23
70674,3.25,3.5,3.75,3.5
30887,2.85,3.1,4.25,3.4
46260,2.85,3.1,3.75,3.23
10710,2.5,2.0,1.5,2.0
919,3.25,3.5,4.0,3.58
70090,2.8,3.15,3.5,3.15
64909,2.85,3.1,4.25,3.4
9537,2.85,3.1,4.25,3.4
69684,2.85,3.1,3.75,3.23
6621,2.8,3.15,4.25,3.4
16541,2.85,3.1,4.25,3.4
44783,2.8,3.15,3.5,3.15
16978,3.5,3.8,2.9,3.4
8293,2.5,2.8,2.2,2.5
3963,3.15,3.8,2.95,3.3
33518,3.25,3.8,3.5,3.52
8346,3.25,3.5,4.0,3.58
57974,2.5,2.8,2.2,2.5
28995,2.85,3.1,4.25,3.4
26837,2.8,3.15,3.5,3.15
23002,3.25,3.5,2.75,3.17
12247,3.5,3.25,2.75,3.17
11570,3.25,3.8,4.1,3.72
50885,2.85,3.1,4.25,3.4
68146,3.25,3.5,4.1,3.62
9545,2.8,3.15,3.9,3.28
49212,3.25,3.5,2.75,3.17
53436,2.5,2.8,3.2,2.83
24561,2.8,3.15,4.2,3.38
49541,2.8,3.15,4.2,3.38
70025,2.5,2.8,3.5,2.93
18157,2.8,3.1,2.5,2.8
68956,3.25,3.8,3.5,3.52
18031,2.5,3.0,4.2,3.23
69838,3.5,3.8,2.75,3.35
49904,3.5,4.0,3.25,3.58
1868,2.85,3.1,3.65,3.2
35054,2.5,3.0,2.75,2.75
53422,2.5,3.1,4.25,3.28
71830,2.8,3.15,4.2,3.38
52866,3.25,3.5,3.75,3.5
47439,3.25,3.5,4.1,3.62
6301,2.5,3.0,3.75,3.08
22493,3.25,3.5,2.75,3.17
17443,3.25,3.8,2.5,3.18
56077,3.15,3.8,4.25,3.73
22461,2.85,3.1,3.75,3.23
26928,2.8,3.15,4.2,3.38
29702,2.8,3.1,3.5,3.13
40978,3.25,3.5,4.0,3.58
53704,2.5,2.3,4.1,2.97
15070,2.8,3.15,2.5,2.82
52175,2.5,3.0,2.0,2.5
71330,3.5,3.8,3.2,3.5
28533,2.8,3.15,3.65,3.2
60836,2.8,3.15,3.9,3.28
38375,3.25,3.8,3.5,3.52
5586,3.25,3.5,4.0,3.58
914,3.25,3.5,4.0,3.58
60867,2.5,3.0,2.0,2.5
60881,2.8,3.15,3.6,3.18
31667,2.8,3.15,3.6,3.18
71020,3.15,3.8,4.25,3.73
72012,2.8,3.15,3.5,3.15
70399,2.8,3.15,3.6,3.18
14955,2.8,3.15,3.6,3.18
28599,3.15,3.8,4.25,3.73
61351,3.5,3.8,2.75,3.35
14154,3.25,3.5,3.75,3.5
35494,2.8,3.15,3.6,3.18
35890,2.8,3.15,3.9,3.28
32307,3.25,3.5,3.75,3.5
14001,2.5,3.0,3.5,3.0
27273,3.25,3.5,3.75,3.5
63634,3.25,3.5,4.0,3.58
27735,3.25,3.8,3.5,3.52
2202,3.15,3.85,4.2,3.73
39280,2.8,3.15,3.5,3.15
14633,2.5,2.8,2.2,2.5
70418,3.25,3.5,4.1,3.62
69833,2.8,3.15,3.65,3.2
50300,2.5,2.8,3.1,2.8
36146,2.8,3.15,3.9,3.28
22051,3.15,3.8,4.25,3.73
52719,3.25,3.5,2.75,3.17
42675,3.25,3.5,2.75,3.17
17298,2.5,2.0,1.5,2.0
19652,2.5,3.0,3.75,3.08
45825,3.25,3.5,2.75,3.17
60796,2.85,3.1,3.5,3.15
38664,3.25,3.5,3.75,3.5
24661,2.8,3.15,4.2,3.38
67428,2.5,2.8,3.75,3.02
8003,2.8,3.15,3.5,3.15
17142,2.8,3.15,3.6,3.18
3936,3.25,3.5,4.0,3.58
57341,2.8,3.15,4.2,3.38
27347,2.8,3.15,4.2,3.38
70778,2.8,3.15,4.2,3.38
12298,2.85,3.1,4.25,3.4
14883,2.5,2.8,3.1,2.8
14727,2.5,3.1,2.2,2.6
47769,3.15,3.8,3.5,3.48
58127,2.8,3.1,3.5,3.13
7199,3.25,3.5,4.1,3.62
6136,2.5,2.0,1.5,2.0
39625,3.5,3.8,2.9,3.4
1123,2.5,2.8,3.75,3.02
4302,2.85,3.1,3.5,3.15
19999,2.8,3.15,4.2,3.38
53163,2.85,3.1,3.95,3.3
52289,2.8,3.1,3.5,3.13
10051,2.8,3.15,4.2,3.38
12523,3.5,3.25,2.75,3.17
54015,2.8,3.15,4.2,3.38
36010,3.15,3.8,4.25,3.73
27848,2.8,3.1,2.5,2.8
20233,3.25,3.5,3.75,3.5
56354,2.5,2.0,3.75,2.75
32121,3.25,3.5,3.75,3.5
36065,3.15,3.8,4.25,3.73
47967,3.15,3.8,4.25,3.73
10220,3.25,3.5,3.75,3.5
7287,3.25,3.5,3.75,3.5
56813,3.25,3.8,3.5,3.52
777,3.15,3.3,3.85,3.43
42582,2.5,3.1,3.8,3.13
41710,2.8,3.15,4.2,3.38
9286,3.25,3.5,2.75,3.17
36864,2.8,3.1,3.5,3.13
58140,3.15,3.8,4.25,3.73
61601,2.8,3.15,4.2,3.38
63600,2.8,3.15,3.6,3.18
61873,3.25,3.8,4.1,3.72
14706,2.5,2.0,3.0,2.5
69354,3.25,3.5,3.75,3.5
70927,2.8,3.1,3.5,3.13
10198,2.8,3.15,3.5,3.15
35595,2.8,3.15,4.2,3.38
55627,3.15,3.8,4.25,3.73
6400,2.85,3.1,4.25,3.4
66181,2.85,3.1,4.25,3.4
41958,2.5,2.8,4.2,3.17
18119,2.8,3.1,3.5,3.13
72183,2.5,2.25,4.0,2.92
45495,2.8,3.1,4.2,3.37
33998,2.8,3.1,2.5,2.8
32356,2.8,3.1,2.5,2.8
55080,3.25,3.5,4.1,3.62
70651,3.25,3.5,4.0,3.58
36655,3.25,3.5,3.75,3.5
13686,3.5,3.25,2.75,3.17
51754,3.25,3.5,4.0,3.58
52816,2.8,3.15,4.2,3.38
16087,2.85,3.1,4.25,3.4
34400,2.8,3.1,2.5,2.8
68948,2.8,3.15,3.65,3.2
32788,2.85,3.1,4.25,3.4
15381,3.5,3.8,3.2,3.5
40496,2.8,3.15,4.2,3.38
60248,3.15,3.8,4.25,3.73
60640,3.25,3.5,4.1,3.62
29415,2.8,3.1,3.5,3.13
52859,2.5,2.8,3.1,2.8
23643,2.85,3.1,3.75,3.23
67167,2.8,3.15,3.6,3.18
46701,3.25,3.8,3.5,3.52
12642,3.5,3.8,2.9,3.4
35577,3.25,3.5,4.1,3.62
68008,3.25,3.5,4.0,3.58
22878,3.25,3.5,3.75,3.5
29971,3.25,3.5,3.75,3.5
56091,3.25,3.5,4.1,3.62
3599,2.8,3.15,3.6,3.18
7591,2.85,3.1,4.25,3.4
51634,2.5,2.8,3.5,2.93
55600,2.5,3.0,4.2,3.23
66184,2.85,3.1,4.25,3.4
42276,3.25,3.5,4.0,3.58
15666,3.25,3.5,3.75,3.5
51785,3.25,3.5,3.75,3.5
39122,2.8,3.1,2.5,2.8
66140,2.8,3.15,4.2,3.38
66614,3.2,3.5,2.8,3.17
70846,2.85,3.1,4.25,3.4
12369,3.5,3.8,2.75,3.35
23003,2.5,2.8,3.1,2.8
11670,3.25,3.5,4.0,3.58
57613,3.25,3.5,2.75,3.17
49137,3.5,4.0,2.75,3.42
25998,2.85,3.1,3.5,3.15
4249,2.8,3.1,3.5,3.13
35900,2.5,3.0,3.5,3.0
14222,2.5,3.0,2.0,2.5
62325,3.25,3.5,2.75,3.17
45820,3.5,3.8,3.2,3.5
52532,3.15,3.8,3.5,3.48
30537,2.5,2.0,3.75,2.75
43140,2.8,3.15,3.6,3.18
4538,2.85,3.1,4.25,3.4
7925,3.25,3.5,4.1,3.62
39851,3.5,3.25,2.75,3.17
11081,2.8,3.1,3.5,3.13
12455,2.8,3.15,4.2,3.38
32735,3.15,3.8,2.95,3.3
13746,3.15,3.8,4.25,3.73
32621,2.85,3.1,3.5,3.15
62024,3.25,3.5,4.1,3.62
57694,3.25,3.5,3.75,3.5
67730,2.5,2.0,1.5,2.0
36983,3.25,3.8,3.5,3.52
17905,3.25,3.5,3.75,3.5
24197,3.25,3.5,3.75,3.5
69913,2.8,3.15,3.6,3.18
53222,2.5,2.8,2.2,2.5
54185,2.8,3.15,3.6,3.18
44646,2.5,2.8,3.75,3.02
40417,2.5,3.0,2.0,2.5
54845,2.8,3.15,3.9,3.28
69987,2.8,3.15,4.2,3.38
20002,2.8,3.15,4.2,3.38
59010,3.15,3.8,3.5,3.48
48275,3.5,3.8,3.2,3.5
2562,3.25,3.5,2.75,3.17
14830,2.5,3.0,2.2,2.57
12445,3.25,3.5,3.75,3.5
58651,2.8,3.15,3.9,3.28
1946,3.15,3.8,2.95,3.3
42458,3.54,2.34,4.18,3.3533
53221,2.8,3.1,3.5,3.13
11261,2.85,3.1,3.75,3.23
41262,2.8,3.15,3.9,3.28
50816,2.5,3.1,4.25,3.28
13047,3.25,3.5,4.0,3.58
26255,3.25,3.5,2.75,3.17
56430,3.15,3.8,2.95,3.3
52918,3.25,3.5,4.1,3.62
18717,2.8,3.15,4.2,3.38
10952,2.5,2.8,3.75,3.02
21637,2.5,2.8,2.2,2.5
51778,3.25,3.5,2.75,3.17
13318,2.85,3.1,3.5,3.15
30504,2.8,3.15,3.6,3.18
64183,3.25,3.8,3.5,3.52
7208,2.8,3.15,4.2,3.38
16518,2.85,3.1,4.25,3.4
40288,2.5,3.0,3.75,3.08
50357,2.8,3.15,4.2,3.38
21528,2.8,3.15,4.2,3.38
49020,3.5,3.25,2.75,3.17
14280,2.8,3.15,4.2,3.38
63987,2.8,3.15,3.5,3.15
63967,2.8,3.15,3.6,3.18
17147,3.25,3.5,4.1,3.62
17654,3.15,3.8,4.25,3.73
42986,3.25,3.8,4.1,3.72
4927,2.5,3.0,4.2,3.23
62730,2.8,3.15,4.2,3.38
50626,3.2,3.5,2.8,3.17
2480,3.5,3.25,2.75,3.17
7301,2.8,3.15,4.2,3.38
63086,3.25,3.5,2.75,3.17
23615,2.85,3.1,4.25,3.4
38325,2.5,2.8,3.5,2.93
326,3.15,3.8,3.5,3.48
63556,2.8,3.15,3.6,3.18
58804,3.25,3.5,2.75,3.17
68585,2.8,3.15,4.2,3.38
36738,3.25,3.5,4.1,3.62
31724,2.5,2.8,2.2,2.5
18093,2.8,3.15,4.2,3.38
55262,3.15,3.8,4.25,3.73
48048,2.5,2.8,3.75,3.02
46156,2.85,3.1,3.5,3.15
19182,3.25,3.5,2.75,3.17
31515,3.25,3.8,4.1,3.72
7969,2.8,3.15,3.6,3.18
24299,2.5,2.2,3.8,2.83
60488,3.25,3.5,3.75,3.5
13034,2.5,3.0,3.75,3.08
49145,2.5,3.0,3.75,3.08
21717,3.15,3.8,4.25,3.73
3249,2.5,3.0,2.0,2.5
14236,2.85,3.1,4.25,3.4
6841,3.25,3.5,3.75,3.5
28350,3.15,3.8,4.25,3.73
19439,2.5,2.0,1.5,2.0
60070,3.5,3.8,3.2,3.5
37595,2.85,3.1,3.75,3.23
21336,2.5,2.8,3.5,2.93
56116,2.5,3.1,4.25,3.28
34691,2.5,3.1,2.8,2.8
46630,2.5,3.1,3.8,3.13
69368,3.25,3.5,3.75,3.5
39164,2.8,3.15,3.6,3.18
26314,2.8,3.15,3.6,3.18
48460,3.1,3.5,2.8,3.13
12723,2.8,3.15,3.6,3.18
68345,2.85,3.1,4.25,3.4
16682,2.8,3.15,3.9,3.28
62221,3.25,3.5,3.75,3.5
8427,2.8,3.15,3.65,3.2
50428,2.8,3.1,2.5,2.8
35065,3.25,3.5,3.75,3.5
61385,2.5,2.8,3.75,3.02
9476,3.15,3.8,2.9,3.28
11034,2.8,3.15,4.2,3.38
42310,2.5,2.2,4.0,2.9
15398,3.15,3.5,3.8,3.48
10409,2.85,3.1,3.75,3.23
66964,3.25,3.5,2.75,3.17
22118,2.8,3.15,4.2,3.38
15983,2.8,3.15,3.6,3.18
56760,2.8,3.15,3.6,3.18
8989,2.85,3.1,3.5,3.15
71752,2.5,3.0,2.2,2.57
2902,2.5,3.1,4.2,3.27
37661,3.25,3.5,2.75,3.17
55937,2.5,3.0,2.2,2.57
63271,3.25,3.5,2.75,3.17
62295,2.8,3.15,3.5,3.15
61034,2.85,3.1,3.75,3.23
70910,2.8,3.15,4.2,3.38
55869,2.8,3.15,4.2,3.38
18490,2.8,3.1,2.5,2.8
23842,2.8,3.15,3.6,3.18
19600,2.5,3.0,2.2,2.57
52256,2.8,3.15,3.6,3.18
28167,2.8,3.15,3.6,3.18
44644,2.5,2.8,3.75,3.02
39923,3.5,3.25,2.75,3.17
3740,2.8,3.15,4.2,3.38
67398,2.5,2.0,3.75,2.75
21788,2.5,2.8,3.1,2.8
50315,2.8,3.15,3.75,3.23
5580,2.8,3.15,3.5,3.15
12509,3.25,3.8,4.15,3.73
49348,2.8,3.15,4.2,3.38
22152,3.15,3.8,2.55,3.17
57458,2.85,3.1,4.25,3.4
43152,3.25,3.5,4.0,3.58
71126,2.85,3.1,3.75,3.23
66301,3.25,3.5,2.75,3.17
51421,2.5,2.0,1.5,2.0
64584,3.25,3.5,3.75,3.5
617,2.85,3.1,3.65,3.2
3011,2.85,3.1,4.25,3.4
33284,2.5,2.8,3.1,2.8
71696,3.25,3.5,4.1,3.62
10274,3.25,3.5,2.75,3.17
46904,3.25,3.5,4.0,3.58
25815,3.5,3.8,3.2,3.5
22931,2.85,3.1,3.75,3.23
17861,2.8,3.15,3.6,3.18
45117,3.25,3.5,2.75,3.17
16407,2.8,3.15,4.2,3.38
50851,2.8,3.15,4.2,3.38
34191,2.5,3.0,2.2,2.57
60293,3.5,3.8,2.7,3.33
45765,3.25,3.5,3.75,3.5
43646,2.8,3.15,3.5,3.15
24722,2.85,3.1,4.25,3.4
40795,2.5,2.8,3.1,2.8
69729,2.8,3.1,2.5,2.8
66005,3.15,3.8,4.25,3.73
53634,3.25,3.5,4.1,3.62
2397,3.5,3.8,4.2,3.83
28535,3.25,3.5,2.75,3.17
6829,3.15,3.8,4.25,3.73
23041,4.74,3.34,3.65,3.91
17565,2.5,3.0,3.5,3.0
6257,2.8,3.1,3.5,3.13
65494,3.25,3.5,4.0,3.58
55360,3.25,3.5,4.1,3.62
41467,2.8,3.1,3.5,3.13
7256,2.8,3.1,3.5,3.13
2191,2.5,2.8,3.5,2.93
20774,3.15,3.8,3.5,3.48
54354,2.8,3.15,3.5,3.15
12875,3.25,3.5,4.0,3.58
13609,2.8,3.15,4.2,3.38
52632,3.25,3.8,3.5,3.52
3433,2.8,3.15,3.6,3.18
7456,2.5,2.8,3.75,3.02
24062,2.8,3.15,3.5,3.15
7862,2.8,3.15,3.5,3.15
26805,2.8,3.15,3.5,3.15
32409,2.5,3.0,2.0,2.5
50697,2.5,3.1,4.2,3.27
63128,2.5,2.0,1.5,2.0
60123,2.85,3.1,4.25,3.4
40102,3.25,3.5,3.75,3.5
12888,2.8,2.5,4.2,3.17
17014,3.15,3.8,3.5,3.48
58972,3.5,3.25,2.75,3.17
13488,2.8,3.1,3.5,3.13
45618,2.85,3.1,3.75,3.23
9154,2.8,3.15,3.5,3.15
66224,3.5,3.8,4.2,3.83
61880,3.25,3.8,4.15,3.73
11925,2.5,3.1,4.2,3.27
42189,2.5,2.8,3.1,2.8
44133,2.5,2.0,1.5,2.0
70577,3.5,3.8,2.9,3.4
9664,3.15,3.8,4.25,3.73
25787,2.85,3.1,4.25,3.4
7172,2.85,3.1,3.75,3.23
39556,2.8,3.15,3.9,3.28
49121,2.8,3.15,3.75,3.23
48301,2.8,3.1,3.5,3.13
31848,2.5,3.0,2.2,2.57
3786,3.25,3.5,2.75,3.17
23354,2.5,2.0,3.0,2.5
59398,2.8,3.15,4.2,3.38
54773,2.8,3.15,3.6,3.18
31830,2.8,3.15,4.2,3.38
2540,2.5,3.1,3.8,3.13
70050,2.5,3.0,2.2,2.57
1740,2.8,3.15,3.6,3.18
69227,2.85,3.1,3.75,3.23
25257,2.85,3.1,3.75,3.23
16564,3.25,3.8,2.5,3.18
25904,2.85,3.1,4.25,3.4
58795,3.15,3.8,4.25,3.73
3744,2.5,3.0,2.0,2.5
23428,3.15,3.8,4.25,3.73
35028,2.8,3.15,3.9,3.28
24805,2.5,2.8,2.2,2.5
71818,2.5,2.25,3.75,2.83
41249,2.8,3.1,2.5,2.8
48658,3.15,3.8,4.25,3.73
42137,3.25,3.5,3.75,3.5
13629,2.8,3.15,4.2,3.38
38988,2.5,3.0,2.0,2.5
19717,2.5,2.0,1.5,2.0
24522,2.8,3.15,3.6,3.18
50237,2.5,3.0,3.5,3.0
40217,3.15,3.8,3.5,3.48
22029,2.8,3.1,3.5,3.13
35803,2.85,3.1,3.75,3.23
34904,2.8,3.15,4.2,3.38
19109,2.5,3.0,2.2,2.57
4038,2.8,3.15,3.9,3.28
5762,2.85,3.1,4.25,3.4
23070,2.85,3.1,3.75,3.23
51739,3.15,3.8,3.5,3.48
33978,3.25,3.5,4.1,3.62
28084,2.8,3.15,3.6,3.18
23590,3.25,3.8,4.1,3.72
32511,2.8,3.15,4.2,3.38
18508,2.85,3.1,4.25,3.4
9843,2.85,3.1,4.25,3.4
55859,2.8,3.15,4.2,3.38
69115,2.8,3.1,2.5,2.8
13979,2.8,3.1,3.5,3.13
28829,2.5,3.1,3.8,3.13
19114,3.5,3.8,2.75,3.35
17462,2.85,3.1,4.25,3.4
40892,2.5,2.3,3.8,2.87
4043,3.15,3.8,4.25,3.73
37807,3.25,3.5,2.75,3.17
71966,2.5,3.0,2.2,2.57
60240,3.5,3.8,2.2,3.17
70123,2.8,3.1,3.5,3.13
24757,2.5,2.8,3.5,2.93
2974,2.5,3.1,3.8,3.13
49827,2.85,3.1,4.25,3.4
20587,3.25,3.5,3.75,3.5
6213,2.85,3.1,4.25,3.4
62442,2.5,2.0,3.0,2.5
52127,2.8,3.15,4.2,3.38
50375,2.8,3.15,3.6,3.18
21483,2.8,3.15,4.2,3.38
4818,3.25,3.5,4.0,3.58
4659,3.25,3.8,4.1,3.72
25379,2.8,3.15,3.5,3.15
15788,2.5,2.8,4.2,3.17
37380,2.5,2.0,4.25,2.92
44554,3.25,3.5,2.75,3.17
42489,3.25,3.5,4.0,3.58
24539,3.25,3.5,4.0,3.58
49054,2.5,2.8,3.75,3.02
41410,3.15,3.8,4.25,3.73
40695,3.25,3.8,3.5,3.52
28732,2.5,2.8,3.75,3.02
10960,3.25,3.5,3.75,3.5
58281,2.5,2.0,3.0,2.5
38445,3.5,3.8,4.2,3.83
58697,3.25,3.5,4.0,3.58
265,2.8,3.15,3.6,3.18
26581,3.25,3.5,4.0,3.58
7152,2.8,3.15,3.6,3.18
38854,2.5,2.0,3.5,2.67
48281,2.8,3.1,3.5,3.13
24922,2.5,2.8,3.1,2.8
7629,2.85,3.1,4.25,3.4
20003,2.5,2.0,1.5,2.0
67295,3.25,3.5,3.75,3.5
10303,2.85,3.1,3.75,3.23
37763,3.15,3.8,4.25,3.73
12944,3.25,3.5,4.0,3.58
12686,2.8,3.15,3.6,3.18
41228,3.25,3.5,2.75,3.17
58499,3.25,3.5,2.75,3.17
60784,3.5,3.8,2.75,3.35
71474,2.5,3.0,3.75,3.08
12222,2.5,3.1,4.2,3.27
65399,3.25,3.5,2.75,3.17
9547,2.5,3.0,2.0,2.5
66450,2.8,3.15,4.2,3.38
41779,2.8,3.1,3.5,3.13
63437,2.8,3.15,4.2,3.38
62658,2.8,3.1,3.5,3.13
56138,2.8,3.15,3.6,3.18
67627,3.25,3.5,4.1,3.62
16560,2.8,3.1,3.5,3.13
70551,3.25,3.5,2.75,3.17
42875,2.8,3.15,3.6,3.18
26118,2.85,3.1,4.25,3.4
15542,3.15,3.8,4.25,3.73
46952,2.8,3.1,3.5,3.13
59781,2.8,3.15,3.5,3.15
10827,3.15,3.8,4.25,3.73
55916,2.8,2.5,3.75,3.02
58395,2.85,3.1,4.25,3.4
3705,2.85,3.1,3.75,3.23
24639,2.8,3.1,3.5,3.13
65723,2.5,2.0,3.5,2.67
33966,2.8,3.15,3.9,3.28
29777,3.25,3.5,2.75,3.17
26030,3.25,3.5,2.75,3.17
68227,2.8,3.1,3.5,3.13
16091,2.85,3.1,4.25,3.4
11052,3.25,3.5,3.75,3.5
41813,3.25,3.5,2.75,3.17
68672,2.8,3.1,3.5,3.13
30349,2.8,3.15,3.9,3.28
67461,2.5,2.8,3.5,2.93
56556,3.15,3.8,4.25,3.73
40473,3.15,3.8,4.25,3.73
47711,2.5,2.0,1.5,2.0
59412,3.2,3.5,2.8,3.17
48560,2.5,2.8,3.1,2.8
11612,2.5,2.8,3.5,2.93
40208,2.8,3.15,3.5,3.15
68908,2.85,3.1,3.75,3.23
60987,3.5,3.8,3.2,3.5
19261,2.8,3.15,4.2,3.38
56546,2.8,3.15,2.5,2.82
36973,2.85,3.1,3.65,3.2
22503,3.15,3.85,3.5,3.5
62150,2.8,3.15,3.65,3.2
3472,2.85,3.1,4.25,3.4
51397,2.5,3.0,3.75,3.08
40800,3.25,3.8,4.1,3.72
8352,3.25,3.8,3.5,3.52
51820,2.85,3.1,4.25,3.4
10082,3.15,3.8,3.5,3.48
51429,2.85,3.1,4.25,3.4
14745,2.5,3.1,2.2,2.6
68529,3.25,3.8,4.15,3.73
66789,2.8,3.15,4.2,3.38
32322,3.25,3.5,2.75,3.17
8809,3.25,3.5,4.0,3.58
12160,3.25,3.8,2.5,3.18
29824,3.15,3.85,4.2,3.73
38304,2.8,3.15,4.2,3.38
5977,2.85,3.1,3.65,3.2
2809,2.8,3.15,4.2,3.38
56226,3.15,3.8,4.25,3.73
50432,3.25,3.8,4.15,3.73
45939,3.15,3.8,4.25,3.73
70596,3.5,3.8,3.2,3.5
62437,2.8,3.1,3.5,3.13
23911,2.85,2.5,3.75,3.03
6202,2.5,3.0,3.5,3.0
55298,2.85,3.1,4.25,3.4
15410,3.15,3.8,2.9,3.28
50976,2.85,3.1,3.75,3.23
32500,3.25,3.5,3.75,3.5
5867,2.5,2.0,4.25,2.92
13657,3.5,3.25,2.75,3.17
71869,3.25,3.5,2.75,3.17
5464,3.25,3.5,3.75,3.5
34318,2.85,3.1,4.25,3.4
13430,2.8,3.15,4.2,3.38
17453,2.5,3.0,3.5,3.0
35502,2.8,3.15,3.6,3.18
34415,3.15,3.8,4.25,3.73
40881,2.8,3.15,3.9,3.28
50868,2.5,3.0,3.75,3.08
12733,3.5,3.8,2.75,3.35
34414,3.25,3.5,3.75,3.5
34479,2.5,3.1,3.75,3.12
67419,2.5,3.1,4.2,3.27
52882,2.8,3.15,3.9,3.28
46970,2.85,3.1,3.75,3.23
56650,3.25,3.5,2.75,3.17
69232,2.5,2.8,2.2,2.5
4710,2.8,3.1,4.2,3.37
56939,2.85,3.1,4.25,3.4
6808,3.25,3.5,2.75,3.17
2375,3.15,3.8,3.5,3.48
66528,3.25,3.8,3.5,3.52
32454,3.15,3.85,4.2,3.73
69957,2.5,2.8,3.75,3.02
4576,3.15,3.8,4.25,3.73
17618,2.8,3.15,3.9,3.28
52933,3.25,3.5,3.75,3.5
41731,2.8,3.15,4.2,3.38
6530,3.25,3.5,2.75,3.17
59731,3.25,3.5,3.75,3.5
48326,2.8,3.15,4.2,3.38
66506,2.5,2.8,3.1,2.8
24075,3.25,3.5,2.75,3.17
59787,2.5,2.8,3.75,3.02
59270,2.85,3.1,4.25,3.4
60274,3.25,3.5,3.75,3.5
25107,3.25,3.5,3.75,3.5
31406,2.5,3.1,3.8,3.13
33593,2.8,3.15,4.2,3.38
27903,2.8,3.15,3.65,3.2
43382,2.85,3.1,3.75,3.23
54976,2.8,3.15,3.5,3.15
8374,2.85,3.1,4.25,3.4
2859,2.85,3.1,3.65,3.2
13636,3.5,3.25,2.1,2.95
14244,3.25,3.5,4.1,3.62
69857,2.85,3.15,3.75,3.25
33124,2.85,3.1,3.75,3.23
40048,2.8,3.15,4.2,3.38
4226,2.8,3.15,3.65,3.2
43252,3.25,3.5,3.75,3.5
4487,2.85,3.1,4.25,3.4
18210,2.85,3.1,3.5,3.15
41199,3.15,3.8,4.25,3.73
56969,2.5,3.1,3.8,3.13
45243,3.25,3.5,2.75,3.17
7560,3.25,3.8,3.5,3.52
6450,2.5,3.1,3.75,3.12
45303,2.5,3.0,3.25,2.92
29563,3.25,3.8,4.1,3.72
4002,3.25,3.8,4.1,3.72
51006,3.25,3.5,2.75,3.17
3458,2.8,3.1,3.5,3.13
68603,3.15,3.8,4.25,3.73
68037,3.25,3.5,3.75,3.5
55920,2.8,3.15,3.65,3.2
69453,2.85,3.1,4.25,3.4
69125,2.85,3.1,4.25,3.4
22715,3.15,3.8,3.5,3.48
40388,3.5,3.25,2.75,3.17
70785,2.5,3.0,3.5,3.0
15364,3.5,3.8,2.75,3.35
36024,3.25,3.5,4.0,3.58
22073,3.15,3.8,4.25,3.73
2932,3.25,3.5,3.75,3.5
70863,2.5,3.1,3.8,3.13
70539,2.85,3.1,4.25,3.4
21118,3.25,3.5,4.1,3.62
28505,2.5,2.8,2.2,2.5
17523,2.5,2.8,3.75,3.02
56163,2.85,3.1,4.25,3.4
19940,2.8,3.15,3.9,3.28
42937,2.5,2.8,3.1,2.8
20122,2.5,2.0,3.75,2.75
9515,2.8,3.15,4.2,3.38
44489,2.5,2.8,3.75,3.02
51427,3.25,3.5,4.1,3.62
11488,2.5,3.1,4.2,3.27
9933,2.8,3.15,3.9,3.28
71737,2.8,3.15,3.9,3.28
55136,2.8,3.15,4.2,3.38
45876,3.25,3.5,4.0,3.58
18820,3.15,3.8,3.5,3.48
41436,2.8,3.1,3.5,3.13
69932,3.15,3.8,3.5,3.48
37925,2.8,3.15,3.6,3.18
70414,3.25,3.5,4.1,3.62
58792,3.25,3.5,4.1,3.62
70759,2.8,3.15,3.6,3.18
11412,3.25,3.5,3.75,3.5
29513,2.5,2.0,1.5,2.0
22760,2.85,3.1,4.25,3.4
1422,3.25,3.5,4.0,3.58
11449,3.25,3.5,3.75,3.5
71374,2.8,3.15,4.2,3.38
25580,2.5,2.8,3.75,3.02
4442,3.25,3.5,4.1,3.62
67949,2.8,3.15,3.75,3.23
64732,2.8,3.15,3.9,3.28
64707,3.25,3.5,4.15,3.63
48234,2.85,3.1,3.5,3.15
32954,3.2,3.5,2.8,3.17
66646,3.25,3.8,3.5,3.52
52754,2.5,2.0,1.5,2.0
61967,3.25,3.8,3.5,3.52
31868,2.5,3.1,4.25,3.28
42255,2.8,3.15,3.65,3.2
49164,3.15,3.8,2.95,3.3
54096,2.5,3.1,3.8,3.13
56150,3.25,3.5,3.75,3.5
45114,3.25,3.5,3.75,3.5
46310,3.25,3.5,4.1,3.62
39582,2.8,3.15,3.65,3.2
40395,2.5,2.0,1.5,2.0
861,2.8,3.15,4.2,3.38
47515,3.25,3.5,4.0,3.58
7133,2.5,2.0,1.5,2.0
62118,3.25,3.8,2.9,3.32
7234,3.15,3.8,3.5,3.48
21602,2.8,3.1,3.5,3.13
62113,3.25,3.8,3.5,3.52
27407,3.25,3.8,2.5,3.18
25187,2.8,3.15,3.6,3.18
71920,2.8,3.15,4.2,3.38
34809,2.5,3.0,3.75,3.08
29306,2.5,3.0,3.75,3.08
6086,2.5,3.0,3.75,3.08
13140,3.25,3.5,3.75,3.5
7989,3.25,3.8,3.5,3.52
67390,2.8,3.15,3.6,3.18
65946,3.25,3.5,4.0,3.58
6881,2.85,3.1,3.75,3.23
8349,2.8,3.15,4.2,3.38
50832,2.8,3.15,3.6,3.18
20849,3.15,3.8,2.9,3.28
7210,2.5,2.8,4.2,3.17
45496,2.8,2.5,4.2,3.17
29122,2.85,3.1,3.75,3.23
7304,3.25,3.8,2.5,3.18
21848,2.85,3.1,4.25,3.4
5685,2.85,3.1,4.25,3.4
559,2.8,3.15,3.9,3.28
54125,3.2,3.5,2.8,3.17
62436,2.8,3.15,3.9,3.28
20357,3.5,3.8,3.2,3.5
67655,2.5,3.1,2.8,2.8
25962,3.25,3.8,4.15,3.73
17827,3.25,3.8,3.5,3.52
12750,3.15,3.8,4.25,3.73
31123,2.8,3.15,3.9,3.28
47960,2.8,3.1,3.5,3.13
1846,2.8,2.5,3.75,3.02
39314,2.8,3.15,4.2,3.38
27471,3.25,3.8,3.5,3.52
34675,2.8,3.15,3.6,3.18
22478,3.25,3.5,3.75,3.5
23784,2.85,3.1,4.25,3.4
47220,2.85,3.1,4.25,3.4
56784,3.25,3.5,4.1,3.62
12288,2.8,3.15,3.65,3.2
54077,2.8,3.1,3.5,3.13
31145,3.25,3.5,2.75,3.17
67971,2.8,3.15,3.5,3.15
19939,3.5,3.25,2.75,3.17
34871,2.85,3.1,4.25,3.4
39781,2.8,3.15,3.65,3.2
45773,3.1,3.5,2.8,3.13
20964,2.8,3.15,3.65,3.2
45361,2.5,2.0,1.5,2.0
30131,2.85,3.1,3.5,3.15
18136,3.5,3.25,2.75,3.17
11644,3.25,3.5,3.75,3.5
36921,2.8,3.15,3.6,3.18
43124,2.8,3.1,3.5,3.13
65931,2.85,3.1,3.75,3.23
67763,3.25,3.5,3.75,3.5
8004,2.8,3.15,3.6,3.18
31388,2.5,3.0,2.2,2.57
20543,2.8,3.1,3.5,3.13
10258,3.15,3.8,3.5,3.48
58843,2.8,3.15,3.65,3.2
46172,3.25,3.5,4.0,3.58
79,3.5,3.8,2.75,3.35
709,2.8,3.15,3.9,3.28
52826,2.8,3.1,2.5,2.8
56685,3.15,3.8,4.25,3.73
29763,2.5,2.8,2.2,2.5
41437,3.15,3.8,2.9,3.28
68020,2.5,2.8,4.2,3.17
8199,3.25,3.8,4.1,3.72
47911,2.8,3.1,3.5,3.13
9253,2.8,3.1,3.5,3.13
19877,3.25,3.8,3.5,3.52
62760,3.15,3.8,4.25,3.73
47385,3.5,3.8,2.75,3.35
9299,3.25,3.5,2.75,3.17
39392,3.15,3.8,3.5,3.48
32698,2.8,3.15,3.75,3.23
70341,3.5,3.8,2.7,3.33
17540,2.5,3.1,2.8,2.8
58386,2.85,3.1,4.25,3.4
8000,3.25,3.5,2.75,3.17
12687,2.8,3.1,4.25,3.38
19310,3.15,3.8,2.9,3.28
66259,3.25,3.5,3.75,3.5
46482,3.25,3.5,2.75,3.17
17824,2.8,3.15,3.9,3.28
30560,3.25,3.5,3.75,3.5
11637,3.25,3.8,2.5,3.18
36715,2.5,3.1,2.8,2.8
50739,3.25,3.5,4.1,3.62
24787,2.8,3.1,4.2,3.37
39631,2.8,3.15,3.6,3.18
33905,2.8,3.15,4.2,3.38
16205,3.25,3.5,3.75,3.5
31871,3.25,3.5,3.75,3.5
69947,3.15,3.8,3.5,3.48
5015,2.8,3.15,3.9,3.28
71480,2.8,3.1,3.5,3.13
2313,3.25,3.5,2.75,3.17
48545,2.8,3.1,2.5,2.8
44855,3.25,3.5,3.75,3.5
24903,2.5,2.0,1.5,2.0
61622,2.8,3.15,4.2,3.38
6068,3.25,3.8,4.1,3.72
28638,3.25,3.5,3.75,3.5
23164,3.25,3.5,3.75,3.5
11479,2.5,2.8,4.2,3.17
69982,2.85,3.1,4.25,3.4
45683,3.5,4.0,3.25,3.58
39594,2.8,3.15,4.2,3.38
54786,3.15,3.8,3.5,3.48
54441,2.8,3.15,3.6,3.18
15865,3.25,3.5,2.75,3.17
43922,2.8,3.15,4.2,3.38
36261,2.8,3.15,3.9,3.28
23089,2.8,3.15,3.6,3.18
42568,2.8,3.15,3.6,3.18
31202,3.25,3.5,4.1,3.62
4980,2.5,3.1,3.8,3.13
49939,2.8,3.15,4.2,3.38
43909,3.25,3.5,2.75,3.17
64969,2.1,1.85,4.5,2.82
54150,3.15,3.8,4.25,3.73
34140,2.8,3.15,4.2,3.38
36470,2.8,3.15,3.6,3.18
64431,2.85,3.1,4.25,3.4
57378,2.85,3.1,4.25,3.4
38417,2.85,3.1,3.65,3.2
34673,2.8,3.1,3.5,3.13
35701,2.85,3.1,4.25,3.4
34866,3.25,3.5,4.1,3.62
10812,3.25,3.5,3.75,3.5
29077,2.8,3.15,4.2,3.38
33089,3.15,3.8,4.25,3.73
3350,3.15,3.8,4.25,3.73
64376,3.25,3.5,2.75,3.17
39600,2.8,3.15,3.9,3.28
47116,3.25,3.5,3.75,3.5
15879,3.25,3.5,2.75,3.17
24489,2.5,3.0,2.75,2.75
71269,2.8,3.15,4.2,3.38
39520,3.5,3.75,2.25,3.17
5904,2.5,3.0,2.2,2.57
37623,2.8,3.15,4.2,3.38
63040,2.8,3.15,4.2,3.38
39415,2.85,3.1,4.25,3.4
29335,3.25,3.5,4.0,3.58
21048,2.8,3.15,3.75,3.23
67169,2.8,3.1,3.5,3.13
58155,2.85,3.1,4.25,3.4
38173,3.25,3.5,2.75,3.17
58190,2.5,3.0,3.75,3.08
37537,2.8,3.1,3.5,3.13
19323,3.25,3.5,2.75,3.17
48784,2.5,3.1,4.2,3.27
70641,2.8,3.15,3.6,3.18
15764,3.15,3.8,3.5,3.48
19636,2.5,2.8,3.1,2.8
8672,3.25,3.5,4.0,3.58
30241,3.25,3.5,2.75,3.17
41479,2.8,3.15,3.9,3.28
44787,2.5,3.1,3.8,3.13
32484,2.8,3.1,3.5,3.13
69964,2.85,3.1,4.25,3.4
48998,3.25,3.5,3.75,3.5
59969,2.8,3.15,3.6,3.18
35043,2.8,3.15,3.6,3.18
65350,2.8,3.15,4.2,3.38
70969,2.85,3.1,4.25,3.4
37229,2.8,3.15,3.65,3.2
52176,2.5,3.0,3.5,3.0
70824,3.25,3.5,4.1,3.62
37557,2.8,3.15,3.6,3.18
2181,3.25,3.5,2.75,3.17
46785,2.8,3.15,4.2,3.38
40656,3.25,3.5,4.0,3.58
56993,3.2,3.5,2.8,3.17
47556,2.8,3.15,4.2,3.38
59913,3.5,3.8,3.2,3.5
19157,3.25,3.5,3.75,3.5
23384,3.25,3.5,3.75,3.5
22569,2.5,3.0,3.75,3.08
3542,3.15,3.8,4.25,3.73
71493,2.8,3.15,3.9,3.28
46658,3.25,3.5,2.75,3.17
71014,3.25,3.5,2.75,3.17
12820,3.25,3.5,2.75,3.17
30159,2.8,3.1,3.5,3.13
48665,3.15,3.8,4.25,3.73
6983,2.8,3.1,2.5,2.8
68671,3.25,3.5,2.75,3.17
4700,2.5,2.8,3.5,2.93
58930,2.8,3.15,3.6,3.18
40740,3.25,3.5,3.75,3.5
25050,2.85,3.1,4.25,3.4
11760,3.25,3.5,2.75,3.17
62233,3.25,3.5,3.75,3.5
10147,2.85,3.1,4.25,3.4
204,2.85,3.1,4.25,3.4
2761,3.15,3.8,4.25,3.73
30047,2.8,3.15,4.2,3.38
52300,3.25,3.5,3.75,3.5
52037,3.25,3.5,4.0,3.58
41348,2.8,3.15,3.6,3.18
18317,3.25,3.5,4.0,3.58
53220,3.5,3.8,2.75,3.35
541,2.8,3.15,3.75,3.23
66371,3.25,3.5,4.1,3.62
37717,2.85,3.1,4.25,3.4
22115,2.8,3.1,4.25,3.38
42664,2.85,3.1,3.65,3.2
55536,3.25,3.5,2.75,3.17
52628,3.25,3.8,3.5,3.52
26381,2.8,3.15,3.6,3.18
11885,2.5,3.0,2.75,2.75
17975,2.5,2.8,2.2,2.5
60527,3.25,3.8,4.1,3.72
28594,2.85,3.1,4.25,3.4
42734,3.15,3.8,3.5,3.48
14459,3.25,3.5,4.1,3.62
49511,2.85,3.1,4.25,3.4
59304,2.5,3.1,3.75,3.12
34183,2.8,3.15,3.9,3.28
48388,2.8,3.15,3.9,3.28
41856,3.25,3.5,2.75,3.17
47408,2.5,3.1,3.8,3.13
3900,2.8,3.1,3.5,3.13
27249,2.8,3.15,3.9,3.28
5147,3.15,3.8,2.55,3.17
55415,2.5,2.0,1.5,2.0
41579,3.25,3.5,3.75,3.5
55986,2.8,3.1,3.5,3.13
6402,3.25,3.5,4.0,3.58
18009,3.15,3.8,4.25,3.73
70980,3.5,3.8,2.2,3.17
43978,2.8,3.1,3.5,3.13
58467,2.8,3.1,3.5,3.13
48005,3.25,3.5,2.75,3.17
11150,2.8,3.15,4.2,3.38
2738,2.85,3.1,4.25,3.4
2098,3.25,3.5,4.0,3.58
48435,2.8,3.15,3.6,3.18
13905,2.5,2.3,3.8,2.87
19800,2.8,3.15,3.6,3.18
31353,3.5,3.8,3.2,3.5
40591,2.8,3.15,3.6,3.18
55923,2.8,3.15,3.75,3.23
70724,2.8,3.15,3.5,3.15
33904,2.8,3.15,4.2,3.38
21007,2.8,3.1,2.5,2.8
1354,3.25,3.5,3.75,3.5
28278,2.8,3.1,3.5,3.13
34147,2.5,3.1,4.2,3.27
997,3.25,3.5,3.75,3.5
52019,2.5,3.0,3.75,3.08
33796,2.5,3.0,2.75,2.75
13226,2.85,3.1,3.75,3.23
2941,3.15,3.8,4.25,3.73
29523,4.4,3.6,2.89,3.63
45082,3.15,3.8,4.25,3.73
8298,3.25,3.5,3.75,3.5
15143,2.8,3.1,4.2,3.37
44063,3.25,3.5,4.0,3.58
23047,2.5,2.8,3.1,2.8
60634,3.25,3.5,4.1,3.62
51471,2.5,2.8,2.2,2.5
22399,2.8,3.15,3.5,3.15
6052,3.25,3.5,4.0,3.58
7598,3.25,3.5,3.75,3.5
49504,2.85,3.1,3.75,3.23
59753,2.5,3.0,2.1,2.53
2128,2.8,3.15,3.6,3.18
46019,2.5,2.0,3.75,2.75
69491,2.8,3.15,4.2,3.38
31099,2.8,3.15,4.2,3.38
55318,2.8,3.15,3.6,3.18
9051,3.15,3.5,2.8,3.15
30102,3.25,3.5,3.75,3.5
28200,2.5,3.0,2.0,2.5
55372,2.8,3.15,3.6,3.18
56220,3.25,3.5,2.75,3.17
55566,2.5,2.0,1.5,2.0
71821,2.5,2.0,4.25,2.92
1642,2.85,3.1,3.5,3.15
4541,2.5,2.0,1.5,2.0
48321,2.8,3.1,3.5,3.13
33529,2.5,2.0,4.25,2.92
65598,2.8,3.15,4.2,3.38
10856,3.25,3.5,2.75,3.17
19159,2.8,3.15,3.9,3.28
44331,2.85,3.1,4.25,3.4
2888,2.5,2.0,3.75,2.75
34877,2.85,3.1,4.25,3.4
6147,3.25,3.5,4.0,3.58
42171,2.5,3.0,2.75,2.75
69625,2.85,3.1,4.25,3.4
32801,2.5,3.0,2.2,2.57
20992,2.8,3.1,3.5,3.13
70109,2.8,3.15,4.2,3.38
24630,2.5,2.8,2.2,2.5
9376,3.25,3.5,4.1,3.62
43371,3.15,3.8,3.5,3.48
2484,2.8,3.15,3.6,3.18
68796,2.8,3.15,4.2,3.38
6248,2.85,3.1,4.25,3.4
46962,2.1,2.35,3.8,2.75
50493,2.8,3.1,3.5,3.13
55651,2.5,2.0,3.5,2.67
44807,3.5,3.8,3.2,3.5
45256,3.25,3.5,2.75,3.17
57140,2.8,3.15,4.2,3.38
46491,2.8,3.15,3.9,3.28
56495,2.5,2.8,3.1,2.8
59997,2.5,2.8,3.1,2.8
62972,2.8,3.1,4.2,3.37
7049,2.8,3.15,3.5,3.15
37729,3.25,3.5,4.1,3.62
40558,3.15,3.8,4.25,3.73
15117,3.25,3.5,2.75,3.17
17805,2.8,3.15,3.9,3.28
64054,2.5,2.8,3.1,2.8
1877,3.25,3.5,3.75,3.5
11140,3.15,3.8,4.25,3.73
41795,2.5,2.8,2.2,2.5
33305,3.25,3.5,2.75,3.17
66896,3.5,3.8,3.2,3.5
55738,2.8,3.15,4.2,3.38
34231,2.8,3.15,3.6,3.18
19287,3.15,3.8,4.25,3.73
65502,2.8,3.15,3.6,3.18
39382,2.5,3.0,3.75,3.08
49432,2.8,3.15,3.6,3.18
64959,2.5,2.25,4.0,2.92
6045,3.25,3.5,2.75,3.17
32906,2.8,3.15,4.2,3.38
69189,2.85,3.1,4.25,3.4
56972,3.15,3.8,4.25,3.73
3033,2.85,3.1,3.65,3.2
11907,2.8,3.1,3.5,3.13
59236,3.25,3.5,3.75,3.5
63776,2.85,3.1,4.25,3.4
1793,2.5,2.8,3.1,2.8
6895,2.8,3.1,3.5,3.13
18598,2.5,2.0,3.75,2.75
55985,2.8,3.15,3.9,3.28
1954,2.8,3.15,3.9,3.28
71730,3.15,3.8,4.25,3.73
25174,3.25,3.8,3.5,3.52
30514,3.25,3.8,2.5,3.18
18393,2.85,3.1,4.25,3.4
6569,2.8,3.1,3.5,3.13
18699,3.25,3.5,3.75,3.5
15268,2.8,3.15,4.2,3.38
38230,2.8,3.15,3.65,3.2
55723,2.85,3.1,4.25,3.4
60410,2.8,3.15,3.9,3.28
69270,3.5,3.8,4.2,3.83
17503,2.5,3.1,3.8,3.13
15199,3.25,3.5,3.75,3.5
11232,3.25,3.5,4.1,3.62
6120,2.5,3.0,2.0,2.5
42128,2.85,3.1,3.65,3.2
60058,3.25,3.5,3.75,3.5
65086,2.85,3.1,4.25,3.4
12838,2.5,3.0,2.2,2.57
23207,3.5,3.8,2.2,3.17
17257,2.8,3.15,3.6,3.18
12166,3.25,3.5,2.75,3.17
62344,3.25,3.5,4.0,3.58
53661,3.25,3.5,4.1,3.62
44039,2.8,3.15,3.6,3.18
49150,2.8,3.15,4.2,3.38
13955,2.5,3.1,4.2,3.27
41130,2.8,3.15,3.6,3.18
17949,3.25,3.5,2.75,3.17
26909,2.8,3.15,3.6,3.18
12886,2.8,3.1,3.5,3.13
1443,2.85,3.1,4.25,3.4
70044,2.8,3.15,3.6,3.18
65114,2.5,2.0,1.5,2.0
10687,3.25,3.8,4.15,3.73
5987,2.8,3.15,3.65,3.2
16468,2.5,2.8,3.1,2.8
61687,2.5,2.8,3.1,2.8
18279,3.25,3.5,2.75,3.17
49707,3.25,3.5,3.75,3.5
7134,2.8,3.15,3.9,3.28
48809,2.85,3.1,4.25,3.4
23431,2.8,3.15,3.6,3.18
71433,3.25,3.5,4.0,3.58
54384,3.25,3.5,4.0,3.58
70066,2.8,3.15,4.2,3.38
11937,2.5,3.0,3.75,3.08
16094,2.8,3.1,2.5,2.8
19758,3.25,3.5,3.75,3.5
59342,3.25,3.5,2.75,3.17
28603,3.25,3.5,3.75,3.5
48300,2.8,3.1,3.5,3.13
33283,3.15,3.8,4.25,3.73
33562,3.25,3.5,2.75,3.17
20828,2.8,3.15,4.2,3.38
43199,3.25,3.5,2.75,3.17
61594,2.8,3.15,3.5,3.15
58188,3.15,3.8,4.25,3.73
5046,2.5,2.0,3.5,2.67
26198,3.5,3.8,2.2,3.17
43472,3.25,3.8,3.5,3.52
47702,3.15,3.8,4.25,3.73
14561,3.15,3.8,4.25,3.73
16625,3.25,3.5,3.75,3.5
48180,2.8,3.15,4.2,3.38
60423,2.8,3.15,4.2,3.38
10924,3.25,3.5,4.0,3.58
44999,2.8,3.15,3.9,3.28
24573,2.5,3.0,2.2,2.57
57369,2.5,3.0,3.75,3.08
2291,2.5,3.0,3.75,3.08
28905,2.5,2.0,4.25,2.92
21605,3.25,3.5,2.75,3.17
59838,2.8,3.15,3.5,3.15
45604,2.5,3.0,2.0,2.5
1026,2.8,3.15,4.2,3.38
5798,3.25,3.5,4.0,3.58
16600,3.5,3.8,4.2,3.83
24346,3.25,3.5,2.75,3.17
43427,3.15,3.8,4.25,3.73
56822,2.8,3.15,3.65,3.2
41484,3.15,3.8,4.25,3.73
34480,2.8,3.1,2.5,2.8
56230,2.5,2.8,3.1,2.8
4892,3.25,3.5,3.75,3.5
22515,3.25,3.5,3.75,3.5
39222,2.8,3.15,3.6,3.18
54572,3.15,3.8,4.25,3.73
17223,2.85,3.1,4.25,3.4
22219,3.15,3.8,4.25,3.73
8860,3.25,3.8,2.9,3.32
3529,2.8,3.15,3.6,3.18
38189,2.8,3.15,4.2,3.38
24361,2.8,3.15,3.6,3.18
44094,3.25,3.5,4.0,3.58
71720,2.8,3.15,4.2,3.38
37109,2.8,3.15,4.2,3.38
71245,2.5,3.0,2.2,2.57
60310,2.5,2.8,3.1,2.8
30956,2.5,2.8,2.2,2.5
18269,3.25,3.5,2.75,3.17
40914,2.8,3.15,4.2,3.38
17411,2.8,3.1,2.5,2.8
44426,2.8,3.1,3.5,3.13
19080,2.8,3.15,3.6,3.18
42906,3.15,3.8,4.25,3.73
60363,3.25,3.5,3.75,3.5
70045,2.8,3.15,4.2,3.38
70506,2.5,3.0,3.5,3.0
29314,3.25,3.5,4.0,3.58
68471,3.25,3.5,3.75,3.5
57761,2.5,3.0,3.75,3.08
12718,2.85,3.1,3.75,3.23
15491,3.15,3.8,4.25,3.73
71345,2.5,3.1,3.75,3.12
42775,2.5,2.0,1.5,2.0
17753,2.85,3.1,4.25,3.4
35617,3.25,3.5,4.1,3.62
29012,2.5,2.0,4.25,2.92
40332,2.8,3.1,3.5,3.13
49608,3.15,3.8,4.25,3.73
58696,2.5,2.8,4.2,3.17
3081,3.25,3.5,3.75,3.5
65712,3.25,3.5,2.75,3.17
39505,2.8,3.15,4.2,3.38
25132,2.85,3.1,3.75,3.23
9678,2.5,3.0,4.2,3.23
37089,2.8,3.15,4.2,3.38
29454,2.8,3.1,3.5,3.13
38436,3.15,3.8,4.25,3.73
22744,3.1,2.35,3.85,3.1
65517,2.8,3.1,2.5,2.8
62964,2.8,3.15,3.5,3.15
41556,3.15,3.8,4.25,3.73
54909,2.8,3.1,2.5,2.8
34538,2.5,3.0,2.2,2.57
22110,2.85,3.1,4.25,3.4
10849,3.25,3.5,3.75,3.5
5461,2.8,3.15,3.6,3.18
68510,2.8,3.15,3.9,3.28
65947,3.5,3.8,3.2,3.5
17070,2.85,3.1,3.75,3.23
36381,2.8,3.1,3.5,3.13
39127,3.15,3.8,3.5,3.48
44618,2.5,2.8,3.1,2.8
53567,3.25,3.5,2.75,3.17
54751,3.5,3.8,3.2,3.5
15674,3.5,3.8,3.2,3.5
17967,3.5,4.0,2.75,3.42
19617,3.25,3.5,4.0,3.58
36286,2.5,3.0,2.0,2.5
36656,2.5,3.1,3.7,3.1
56031,2.8,3.1,3.5,3.13
48990,2.5,3.0,2.0,2.5
16823,3.25,3.5,2.75,3.17
65284,2.85,3.1,4.25,3.4
21407,3.5,3.8,3.2,3.5
14326,2.8,3.15,3.9,3.28
34300,3.25,3.5,3.75,3.5
23374,3.25,3.5,2.75,3.17
32694,2.5,3.0,2.75,2.75
23446,2.8,3.1,3.5,3.13
65941,3.15,3.8,4.25,3.73
36897,3.25,3.5,2.75,3.17
18214,2.85,3.1,3.65,3.2
25613,3.25,3.5,4.1,3.62
38224,2.8,3.15,3.65,3.2
57970,2.8,3.1,3.5,3.13
43105,2.85,3.1,4.25,3.4
28680,2.85,3.1,4.25,3.4
60536,2.5,3.1,2.8,2.8
57198,3.2,3.5,2.8,3.17
60604,2.8,3.15,4.2,3.38
48456,2.5,2.8,2.2,2.5
49183,3.15,3.85,3.5,3.5
28296,2.8,3.15,4.2,3.38
65969,2.8,3.1,4.2,3.37
62127,2.85,3.1,4.25,3.4
62867,2.5,2.0,1.5,2.0
52563,2.8,3.15,4.2,3.38
36632,2.5,2.0,1.5,2.0
33802,3.25,3.5,2.75,3.17
41565,2.8,3.15,3.6,3.18
54145,2.8,3.1,4.2,3.37
64342,2.8,3.15,3.5,3.15
68041,2.5,3.0,3.75,3.08
4215,2.8,3.1,4.2,3.37
9294,2.85,3.1,3.65,3.2
28704,2.8,3.15,3.9,3.28
19903,2.5,2.8,4.2,3.17
60739,2.8,3.15,3.6,3.18
40195,2.8,3.15,3.6,3.18
69421,2.5,3.1,3.8,3.13
18180,3.25,3.8,4.1,3.72
66743,2.85,3.1,3.75,3.23
8114,3.25,3.5,2.75,3.17
71068,2.85,3.1,3.65,3.2
25477,3.25,3.5,2.75,3.17
51495,2.5,2.0,3.75,2.75
18984,2.8,3.15,3.5,3.15
11965,3.5,3.8,2.2,3.17
66306,2.85,3.1,3.75,3.23
58798,2.85,3.1,4.25,3.4
1352,3.5,3.8,2.2,3.17
14555,3.25,3.8,4.1,3.72
43046,2.8,3.15,3.65,3.2
54847,3.25,3.5,3.75,3.5
11755,2.5,3.0,2.2,2.57
221,2.8,3.15,3.6,3.18
35480,2.8,3.15,4.2,3.38
499,2.8,3.1,3.5,3.13
54913,3.25,3.5,4.1,3.62
31906,2.8,3.1,4.2,3.37
20307,3.25,3.5,2.75,3.17
30212,2.8,3.15,3.6,3.18
51070,2.5,3.0,3.75,3.08
65889,3.2,3.5,2.8,3.17
16458,3.15,2.85,3.5,3.17
60230,3.25,3.5,2.75,3.17
15124,3.25,3.5,2.75,3.17
53747,2.8,3.15,4.2,3.38
59687,2.8,3.1,2.5,2.8
65177,2.8,3.15,3.65,3.2
69040,2.85,3.1,4.25,3.4
42683,2.5,3.1,2.8,2.8
6498,2.8,3.1,3.5,3.13
40922,2.8,3.15,4.2,3.38
68,2.8,3.1,4.2,3.37
29640,2.8,3.15,4.2,3.38
53807,2.8,3.15,4.2,3.38
43031,2.8,3.15,3.6,3.18
42552,2.5,2.8,3.75,3.02
43466,3.25,3.8,3.5,3.52
27548,3.25,3.8,3.5,3.52
64618,3.25,3.5,3.75,3.5
67090,3.25,3.5,4.0,3.58
63421,2.8,3.15,4.2,3.38
4582,2.8,3.15,3.5,3.15
4620,3.5,3.8,2.2,3.17
11159,2.5,3.1,3.8,3.13
60472,2.5,2.8,3.1,2.8
12095,3.5,3.25,2.75,3.17
38613,2.8,3.15,3.6,3.18
17961,2.8,3.15,3.6,3.18
35545,2.8,3.15,3.6,3.18
39905,3.25,3.8,4.1,3.72
30991,2.8,3.1,3.5,3.13
67697,2.8,3.1,3.5,3.13
39419,3.5,4.0,3.25,3.58
7167,3.25,3.5,3.75,3.5
12388,2.8,2.5,3.75,3.02
1217,2.8,3.15,4.2,3.38
21952,2.8,3.15,3.9,3.28
46840,2.8,3.1,3.5,3.13
67747,2.5,2.0,1.5,2.0
61507,2.5,2.0,4.25,2.92
3023,3.5,3.8,2.75,3.35
56720,2.8,3.1,4.2,3.37
21069,2.85,3.1,4.25,3.4
42637,2.5,3.0,3.5,3.0
8338,3.15,3.85,3.5,3.5
18977,2.85,3.1,3.75,3.23
30837,2.85,3.1,4.25,3.4
57363,2.8,3.1,2.5,2.8
35922,3.25,3.5,4.0,3.58
42361,2.8,3.1,3.5,3.13
60475,3.25,3.5,3.75,3.5
17355,2.5,3.0,3.75,3.08
47616,2.5,2.8,3.75,3.02
54661,3.25,3.5,2.75,3.17
68165,3.15,3.8,4.25,3.73
53679,2.5,2.8,4.2,3.17
46652,3.15,3.8,4.25,3.73
55368,2.8,3.15,4.2,3.38
45744,2.8,3.15,3.5,3.15
47820,3.15,3.8,4.25,3.73
41178,3.25,3.5,4.0,3.58
41571,3.25,3.5,2.75,3.17
47206,2.8,3.15,3.6,3.18
20558,2.5,3.0,4.2,3.23
65837,3.5,4.0,3.25,3.58
13717,2.85,3.1,4.25,3.4
36068,3.15,3.8,3.5,3.48
9760,2.5,3.0,2.0,2.5
4284,2.5,2.8,2.2,2.5
64927,2.5,3.0,2.0,2.5
35177,2.8,3.15,3.6,3.18
65597,2.8,3.15,4.2,3.38
5475,3.25,3.8,3.5,3.52
33596,2.85,3.1,4.25,3.4
60638,3.15,3.8,4.25,3.73
29064,3.25,3.5,4.0,3.58
31408,3.25,3.5,2.75,3.17
6531,3.25,3.5,2.75,3.17
11867,2.5,2.8,3.1,2.8
48985,2.8,3.15,4.2,3.38
13,2.8,3.15,4.2,3.38
18567,2.5,2.0,3.0,2.5
34478,2.8,3.15,3.5,3.15
33345,3.15,3.8,3.5,3.48
63425,2.8,3.15,4.2,3.38
59071,2.8,3.15,3.9,3.28
48581,3.15,3.8,3.5,3.48
11765,2.8,3.15,3.9,3.28
60558,3.25,3.5,2.75,3.17
51285,2.5,3.0,3.75,3.08
32858,3.25,3.5,4.0,3.58
35348,3.25,3.5,3.75,3.5
16520,2.5,3.0,2.0,2.5
38448,2.8,3.15,3.9,3.28
3312,2.5,3.0,2.0,2.5
33903,2.8,3.15,3.6,3.18
37395,2.8,3.1,3.5,3.13
33494,2.8,3.15,4.2,3.38
71215,2.5,2.8,2.2,2.5
53757,2.8,3.15,3.75,3.23
2635,3.25,3.5,2.75,3.17
26569,3.5,3.8,3.2,3.5
67065,2.8,3.15,3.6,3.18
52877,3.5,3.8,3.2,3.5
68821,2.5,2.0,1.5,2.0
49111,2.8,3.1,3.5,3.13
15670,3.25,3.5,4.1,3.62
55545,2.8,2.5,4.2,3.17
14380,3.15,3.8,4.25,3.73
30353,3.25,3.8,4.15,3.73
6688,2.8,3.15,4.2,3.38
32613,2.8,3.15,3.6,3.18
21474,2.8,3.15,3.75,3.23
1130,2.5,2.8,3.75,3.02
9333,3.25,3.5,2.75,3.17
31857,2.85,3.1,4.25,3.4
6650,2.8,3.15,4.2,3.38
40583,3.25,3.5,3.75,3.5
53512,2.8,3.15,3.6,3.18
38071,2.8,3.15,4.2,3.38
47564,3.15,3.8,4.25,3.73
44125,3.15,3.8,3.5,3.48
37987,3.25,3.5,3.75,3.5
2786,3.5,3.8,2.75,3.35
11345,3.5,3.8,3.2,3.5
56096,3.5,3.25,2.75,3.17
41170,3.25,3.5,2.75,3.17
48832,3.25,3.5,2.75,3.17
11460,2.8,3.15,3.65,3.2
31117,2.85,3.1,3.75,3.23
35173,3.25,3.8,4.1,3.72
4771,3.25,3.5,4.0,3.58
3600,2.8,3.15,3.6,3.18
31568,2.8,3.15,3.9,3.28
4784,3.25,3.8,3.5,3.52
16543,3.25,3.5,2.75,3.17
63340,2.5,3.1,4.2,3.27
42425,2.8,3.15,3.65,3.2
1669,3.5,3.8,2.2,3.17
55726,3.5,4.0,3.25,3.58
54667,2.8,3.15,3.6,3.18
23828,3.5,3.8,3.2,3.5
32516,3.25,3.5,2.75,3.17
8265,2.8,3.15,3.5,3.15
43332,2.5,3.0,3.5,3.0
63552,3.25,3.5,4.1,3.62
60540,3.25,3.5,3.75,3.5
54189,2.8,3.15,4.2,3.38
32756,2.85,3.1,4.25,3.4
2125,3.25,3.5,3.75,3.5
5058,2.8,3.15,4.2,3.38
30008,3.25,3.5,2.75,3.17
34278,3.25,3.5,3.75,3.5
38997,2.8,3.15,3.6,3.18
23551,3.25,3.5,2.75,3.17
42975,2.1,1.8,4.5,2.8
51969,3.15,3.8,4.25,3.73
61988,3.15,3.8,3.5,3.48
15041,3.15,3.8,2.95,3.3
45526,3.25,3.5,3.75,3.5
2435,2.5,2.8,3.75,3.02
29260,2.8,3.15,4.2,3.38
27764,2.8,3.15,3.5,3.15
13154,2.8,3.15,4.2,3.38
29874,3.25,3.5,2.75,3.17
4790,3.25,3.5,4.0,3.58
36739,3.25,3.5,4.1,3.62
63095,3.25,3.5,4.0,3.58
25133,2.8,3.15,3.6,3.18
5124,3.25,3.5,3.75,3.5
8791,2.8,3.1,3.5,3.13
16172,3.25,3.5,4.0,3.58
57488,3.15,3.8,4.25,3.73
48188,2.5,2.0,1.5,2.0
16348,3.25,3.8,3.5,3.52
49072,3.25,3.5,3.75,3.5
3257,2.8,3.15,3.9,3.28
28319,2.8,3.15,3.65,3.2
14491,3.25,3.5,2.75,3.17
47464,2.5,3.1,3.75,3.12
62880,2.8,3.1,4.2,3.37
45193,2.5,2.8,3.1,2.8
66788,2.85,3.1,4.2,3.38
38382,3.25,3.5,3.75,3.5
24071,2.8,3.15,3.5,3.15
66754,3.5,3.8,3.2,3.5
62511,2.8,3.15,3.6,3.18
15134,2.8,3.15,4.2,3.38
53084,2.8,3.1,4.2,3.37
6655,2.8,3.15,3.5,3.15
43455,2.5,2.8,2.2,2.5
63067,2.5,3.0,2.0,2.5
30031,3.15,3.8,3.5,3.48
38773,2.85,3.1,3.5,3.15
53911,2.5,3.1,3.8,3.13
45784,2.8,3.15,3.5,3.15
70107,2.8,3.15,4.2,3.38
23435,2.5,2.2,3.8,2.83
37544,3.25,3.5,3.75,3.5
36757,2.8,3.15,4.2,3.38
26799,2.8,3.1,3.5,3.13
51273,3.25,3.5,4.1,3.62
8300,3.15,3.8,2.95,3.3
40107,2.8,3.15,4.2,3.38
64349,3.25,3.5,2.75,3.17
60440,2.5,2.0,4.25,2.92
46258,2.85,3.1,3.65,3.2
22202,2.85,3.1,3.75,3.23
11220,3.25,3.5,4.1,3.62
51460,2.5,3.0,3.75,3.08
56558,3.25,3.5,4.1,3.62
44216,3.25,3.5,4.1,3.62
2260,3.25,3.5,4.1,3.62
67123,2.85,3.1,4.25,3.4
43111,2.85,3.1,4.25,3.4
24274,2.8,3.15,4.2,3.38
53729,2.8,3.15,3.9,3.28
59081,3.15,3.8,4.25,3.73
40998,2.85,3.1,3.75,3.23
27950,3.15,3.8,3.5,3.48
52123,3.15,3.8,3.5,3.48
45296,2.85,3.1,4.25,3.4
63378,3.25,3.5,4.0,3.58
50552,3.15,3.8,3.5,3.48
60821,2.5,3.1,2.2,2.6
38822,3.25,3.5,4.0,3.58
47442,2.5,3.0,3.75,3.08
58066,2.85,3.1,4.25,3.4
51394,2.8,3.1,3.5,3.13
13992,2.8,3.1,2.5,2.8
44592,2.8,3.15,4.2,3.38
23476,3.15,3.8,2.95,3.3
34335,2.5,2.0,1.5,2.0
40679,2.8,3.15,4.2,3.38
19926,2.8,3.15,3.65,3.2
2611,3.25,3.5,3.75,3.5
20120,2.8,3.1,3.5,3.13
59357,3.5,3.8,2.75,3.35
70754,2.85,3.1,4.25,3.4
60579,2.8,3.15,3.6,3.18
70548,2.8,3.15,3.5,3.15
69243,2.8,3.1,3.5,3.13
37278,2.5,3.0,2.2,2.57
31258,3.25,3.8,4.1,3.72
1431,2.85,3.1,4.25,3.4
51864,2.5,2.0,4.25,2.92
8517,3.15,3.8,3.5,3.48
37429,3.25,3.5,2.75,3.17
27878,2.8,3.15,3.5,3.15
29241,2.85,3.1,4.25,3.4
64488,2.85,3.1,3.75,3.23
2083,3.25,3.5,4.1,3.62
71594,3.25,3.5,2.75,3.17
9280,2.8,3.1,3.5,3.13
49671,2.5,3.0,2.0,2.5
25845,3.15,3.8,4.25,3.73
37003,2.85,3.1,4.25,3.4
64983,3.15,3.8,4.25,3.73
67582,2.85,3.1,3.65,3.2
20072,2.8,3.15,4.2,3.38
22932,3.15,3.8,2.55,3.17
1184,2.8,3.15,4.2,3.38
26435,2.8,3.15,3.5,3.15
62597,2.5,3.1,4.25,3.28
30722,2.5,3.1,3.8,3.13
40792,2.5,3.1,4.2,3.27
42208,3.25,3.5,3.75,3.5
47031,2.8,3.1,2.5,2.8
39003,2.85,3.1,3.75,3.23
38042,3.15,3.8,4.25,3.73
52806,2.5,2.8,3.75,3.02
12453,2.8,3.15,3.5,3.15
23570,3.25,3.5,4.0,3.58
20749,2.8,3.15,4.2,3.38
28280,2.5,3.0,3.75,3.08
19110,2.5,3.1,2.2,2.6
1193,2.8,3.1,3.5,3.13
2730,2.85,3.1,3.65,3.2
62137,3.15,3.8,4.25,3.73
63031,2.8,3.15,3.9,3.28
28628,3.25,3.5,3.75,3.5
70649,3.15,3.8,3.5,3.48
46465,3.2,3.5,2.8,3.17
21890,3.25,3.5,3.75,3.5
52599,2.5,2.0,3.0,2.5
64271,3.25,3.5,3.75,3.5
57782,3.2,3.5,2.8,3.17
42237,3.5,3.8,4.2,3.83
61679,3.25,3.5,2.75,3.17
11312,3.25,3.5,4.0,3.58
13693,3.15,3.8,4.25,3.73
15595,3.25,3.8,3.5,3.52
68334,3.25,3.5,4.0,3.58
49695,3.5,3.8,2.2,3.17
29912,3.15,3.8,4.25,3.73
14258,3.25,3.5,3.75,3.5
37072,2.85,3.1,3.75,3.23
34284,3.25,3.5,2.75,3.17
54448,2.8,3.15,3.65,3.2
53490,2.5,2.0,3.5,2.67
8189,3.25,3.5,3.75,3.5
3643,3.5,3.8,2.75,3.35
57907,3.25,3.5,4.0,3.58
19383,2.85,3.1,4.25,3.4
2584,2.8,3.1,3.5,3.13
17517,2.8,3.15,3.6,3.18
65773,3.25,3.8,3.5,3.52
58560,2.5,3.0,3.75,3.08
43175,2.8,3.1,3.5,3.13
18083,3.25,3.5,3.75,3.5
44574,2.8,3.15,3.6,3.18
53962,3.5,3.25,2.75,3.17
48349,2.8,3.15,3.6,3.18
70387,3.25,3.5,4.0,3.58
65161,3.5,3.8,3.2,3.5
26831,3.15,3.8,4.25,3.73
42944,2.85,3.1,3.75,3.23
16054,3.25,3.5,3.75,3.5
25973,2.85,3.1,4.25,3.4
67576,2.8,3.15,3.6,3.18
18186,2.8,3.15,4.2,3.38
611,2.8,3.1,3.5,3.13
63226,2.5,3.1,3.75,3.12
68866,2.85,3.1,3.75,3.23
66245,2.8,3.15,3.9,3.28
48602,3.15,3.8,4.25,3.73
58761,3.15,3.8,4.25,3.73
3598,2.5,3.0,2.2,2.57
63172,3.25,3.5,3.75,3.5
59478,2.85,3.1,3.75,3.23
59204,2.5,3.1,4.2,3.27
25833,2.8,3.15,3.9,3.28
38099,2.8,3.15,3.5,3.15
64659,2.8,3.15,3.6,3.18
19677,3.25,3.5,4.0,3.58
17180,2.5,2.8,3.75,3.02
21827,2.8,3.1,2.5,2.8
24351,2.8,3.1,3.5,3.13
28408,2.5,3.0,3.75,3.08
39211,2.5,3.0,3.5,3.0
37156,2.5,2.8,3.1,2.8
27,2.8,3.1,2.2,2.7
48926,3.25,3.5,4.0,3.58
9846,2.8,3.15,3.5,3.15
42559,2.5,3.1,3.8,3.13
68004,3.15,3.8,4.25,3.73
3498,2.8,3.15,4.2,3.38
5632,2.5,3.1,3.8,3.13
17583,2.8,3.1,2.5,2.8
65892,2.8,3.15,3.6,3.18
46147,2.8,3.15,3.6,3.18
3817,3.25,3.5,2.75,3.17
68134,2.8,3.1,4.2,3.37
71282,2.5,3.0,3.75,3.08
26481,3.25,3.5,3.75,3.5
28625,3.25,3.5,2.75,3.17
61803,3.5,3.8,2.75,3.35
19715,2.8,3.15,3.6,3.18
34258,2.8,3.1,3.5,3.13
4153,2.85,3.1,3.75,3.23
68873,2.85,3.1,3.75,3.23
68226,3.25,3.5,2.75,3.17
71320,3.5,3.8,2.75,3.35
11387,3.25,3.5,2.75,3.17
52713,3.15,3.8,2.95,3.3
49983,2.8,3.15,4.2,3.38
12295,2.5,2.8,2.2,2.5
58906,3.25,3.5,2.75,3.17
71675,3.25,3.5,3.75,3.5
62714,3.15,3.8,4.25,3.73
13649,2.5,3.0,3.75,3.08
55715,2.8,3.15,4.2,3.38
62085,2.5,3.0,2.75,2.75
54443,2.85,3.1,4.25,3.4
26068,2.8,3.15,3.9,3.28
26907,2.8,3.1,3.5,3.13
46588,2.5,3.1,3.8,3.13
829,2.5,3.0,3.5,3.0
30635,2.8,3.15,3.6,3.18
7383,2.8,3.15,4.2,3.38
5639,2.5,3.0,3.75,3.08
3425,3.25,3.5,3.75,3.5
64806,3.15,3.8,4.25,3.73
18172,3.25,3.5,3.75,3.5
4545,2.5,2.8,3.1,2.8
9597,3.15,3.8,3.5,3.48
3941,2.8,3.15,4.2,3.38
70453,3.5,3.8,2.7,3.33
10532,3.25,3.5,2.75,3.17
36173,2.8,3.15,4.2,3.38
27105,3.15,3.8,3.5,3.48
30091,3.25,3.5,2.75,3.17
63554,3.25,3.5,4.1,3.62
60016,2.8,3.1,2.5,2.8
25805,3.1,3.5,2.8,3.13
2988,3.25,3.5,4.1,3.62
24111,3.25,3.5,3.75,3.5
20800,3.15,3.8,4.25,3.73
39175,2.5,2.8,3.2,2.83
51699,2.8,3.1,3.5,3.13
31167,2.85,3.1,4.25,3.4
60655,2.5,2.8,2.2,2.5
52606,3.5,3.8,2.75,3.35
37029,2.85,3.1,4.25,3.4
62116,3.25,3.8,2.9,3.32
12238,2.5,3.1,3.8,3.13
2836,2.85,3.1,3.75,3.23
1536,2.8,3.15,4.2,3.38
61511,3.25,3.8,3.5,3.52
42650,2.85,3.1,4.25,3.4
41255,3.25,3.5,3.75,3.5
58742,3.25,3.5,4.1,3.62
71694,2.8,2.5,3.75,3.02
32311,3.5,3.75,2.25,3.17
57469,2.85,3.1,4.25,3.4
38064,2.5,3.1,4.25,3.28
16710,3.5,3.25,2.8,3.18
66723,2.85,3.1,4.25,3.4
7578,3.25,3.5,2.75,3.17
27505,3.25,3.5,3.75,3.5
43570,3.25,3.5,4.0,3.58
14437,2.5,3.0,2.0,2.5
33542,2.8,3.15,3.6,3.18
68732,3.25,3.5,3.75,3.5
49726,2.5,3.1,4.2,3.27
58229,2.8,3.15,4.2,3.38
46267,3.25,3.5,3.75,3.5
58797,3.25,3.5,2.75,3.17
31896,2.8,3.15,3.6,3.18
40109,3.25,3.5,4.0,3.58
56042,3.5,3.8,2.75,3.35
67329,3.25,3.5,4.1,3.62
60344,2.8,3.15,3.6,3.18
13466,2.5,2.8,2.2,2.5
5235,2.8,3.15,3.6,3.18
52362,2.8,3.1,3.5,3.13
22429,2.5,3.0,2.75,2.75
51602,3.25,3.5,3.75,3.5
39471,3.25,3.5,2.75,3.17
6222,3.25,3.8,3.5,3.52
52333,2.5,3.1,2.2,2.6
19090,2.85,3.1,4.25,3.4
10184,3.15,3.8,4.25,3.73
36658,2.5,2.8,4.2,3.17
63670,2.8,3.15,3.9,3.28
51491,3.5,3.25,2.75,3.17
30394,3.15,3.8,4.25,3.73
30923,2.5,2.8,3.1,2.8
48039,3.25,3.5,4.0,3.58
15490,2.5,2.0,3.0,2.5
17442,2.85,3.1,4.25,3.4
20649,3.25,3.5,2.75,3.17
72166,2.5,3.1,4.25,3.28
67695,3.5,3.25,2.75,3.17
57203,2.8,3.15,3.6,3.18
60714,3.5,3.8,2.75,3.35
69484,3.25,3.5,4.1,3.62
60419,2.8,3.1,2.5,2.8
18690,2.5,2.3,3.8,2.87
49205,2.8,3.15,3.6,3.18
554,2.85,3.1,4.25,3.4
37281,2.8,3.15,3.6,3.18
6232,2.85,3.1,3.5,3.15
31337,2.8,3.15,4.2,3.38
9685,2.85,3.1,4.25,3.4
71674,3.15,3.8,4.25,3.73
66116,3.25,3.5,2.75,3.17
69769,2.8,3.15,3.6,3.18
27487,3.15,3.8,2.9,3.28
21721,3.25,3.5,3.75,3.5
55512,3.25,3.5,3.75,3.5
49141,2.85,3.1,3.5,3.15
31943,2.8,3.15,4.2,3.38
62756,3.15,3.8,4.25,3.73
28901,2.5,3.0,2.0,2.5
23348,2.85,3.1,4.25,3.4
65264,2.8,3.15,3.6,3.18
37556,2.8,3.15,3.9,3.28
34548,3.15,3.8,2.9,3.28
22293,2.8,3.15,3.6,3.18
36205,3.5,3.8,2.75,3.35
35145,3.25,3.8,2.9,3.32
47712,2.5,2.8,3.75,3.02
25048,2.85,3.1,4.25,3.4
11364,2.8,3.1,3.5,3.13
11504,2.5,2.8,3.7,3.0
46954,2.8,3.15,2.5,2.82
52818,3.27,2.3,3.96,3.1767
50402,2.5,2.0,1.5,2.0
6782,2.85,3.1,4.2,3.38
25312,2.5,3.1,3.75,3.12
15974,2.5,3.0,2.0,2.5
40675,2.8,3.15,3.5,3.15
23324,2.8,3.15,3.65,3.2
27555,3.25,3.5,4.0,3.58
56428,2.8,3.15,3.6,3.18
21409,3.5,3.8,2.75,3.35
13305,3.15,3.8,3.5,3.48
9589,2.5,3.0,3.75,3.08
50769,2.85,3.1,3.5,3.15
38521,2.5,2.8,3.1,2.8
63986,2.8,3.15,3.65,3.2
9015,2.8,3.15,4.2,3.38
20022,2.8,3.1,3.5,3.13
15979,2.85,3.1,4.25,3.4
34567,3.25,3.5,4.0,3.58
21495,3.25,3.8,3.5,3.52
65024,2.8,3.15,3.9,3.28
17852,3.15,3.8,4.25,3.73
10932,3.25,3.5,4.1,3.62
57542,2.85,3.1,4.25,3.4
4482,3.25,3.5,2.75,3.17
38939,2.8,3.15,3.6,3.18
6111,3.25,3.5,3.75,3.5
7973,3.25,3.5,4.1,3.62
54577,3.15,3.8,4.25,3.73
42803,2.8,3.15,3.6,3.18
17924,2.8,3.15,3.6,3.18
63379,2.85,3.1,4.25,3.4
63415,2.85,3.1,3.75,3.23
23645,2.5,2.8,2.2,2.5
22849,4.7,3.12,3.32,3.7133
61672,3.25,3.5,3.75,3.5
27832,2.85,3.1,3.75,3.23
29296,2.85,3.1,4.25,3.4
63626,2.5,2.8,2.2,2.5
42804,2.8,3.15,3.6,3.18
35438,2.8,3.15,4.2,3.38
18698,2.5,3.0,2.2,2.57
38668,3.15,3.8,4.25,3.73
23872,2.85,3.1,3.65,3.2
4959,3.5,3.8,2.2,3.17
7815,2.85,3.1,3.65,3.2
28975,3.25,3.5,4.1,3.62
58072,2.8,3.15,3.6,3.18
69015,3.25,3.5,2.75,3.17
22779,2.5,3.0,3.5,3.0
37813,3.25,3.5,2.75,3.17
22175,3.15,3.8,4.25,3.73
37170,3.25,3.5,3.75,3.5
66591,2.85,3.1,4.25,3.4
19788,3.25,3.5,2.75,3.17
11908,2.8,3.15,3.6,3.18
2943,2.8,3.1,3.5,3.13
27556,3.25,3.5,4.1,3.62
25806,2.85,3.1,3.75,3.23
50749,5.0,3.31,3.88,4.0633
39957,2.8,3.1,3.5,3.13
2661,2.8,3.15,3.9,3.28
64333,2.8,3.15,3.9,3.28
48514,2.8,3.15,3.65,3.2
55274,3.15,3.8,4.25,3.73
6441,2.5,3.1,3.8,3.13
40405,3.25,3.5,2.75,3.17
15740,2.8,3.15,4.2,3.38
1069,3.15,3.8,3.5,3.48
41119,2.5,3.0,2.2,2.57
18898,2.5,2.3,3.8,2.87
31630,3.25,3.5,3.75,3.5
55908,2.8,3.15,3.65,3.2
64337,2.5,3.0,2.0,2.5
63611,2.8,3.15,3.9,3.28
24228,3.15,3.8,4.25,3.73
57189,3.25,3.5,3.75,3.5
35537,3.15,3.8,4.25,3.73
56877,2.8,3.15,3.9,3.28
3814,2.85,3.1,3.75,3.23
58691,2.85,3.1,4.25,3.4
49403,3.25,3.5,2.75,3.17
27148,3.15,3.8,4.25,3.73
14892,2.5,3.0,2.0,2.5
16381,2.8,3.1,3.5,3.13
46860,2.8,3.15,3.9,3.28
1392,3.25,3.5,3.75,3.5
13467,2.8,3.1,2.5,2.8
3232,2.5,3.1,3.8,3.13
25758,2.8,3.15,4.2,3.38
69317,3.15,3.8,3.5,3.48
9641,2.8,3.15,4.2,3.38
50017,3.5,3.8,3.2,3.5
54395,2.8,3.15,4.2,3.38
62953,2.8,3.15,3.5,3.15
49473,2.85,3.1,4.25,3.4
69123,3.25,3.5,4.1,3.62
5947,2.8,3.1,3.5,3.13
68027,3.15,3.8,4.25,3.73
1033,2.8,3.15,4.2,3.38
7337,2.8,3.1,3.5,3.13
43449,2.85,3.1,3.75,3.23
50901,3.25,3.5,2.75,3.17
35371,2.5,2.8,4.2,3.17
9470,3.15,3.85,4.2,3.73
36279,3.25,3.5,3.75,3.5
54422,3.25,3.5,3.75,3.5
34750,2.5,2.8,3.1,2.8
18833,2.8,3.1,3.5,3.13
47016,3.25,3.5,4.0,3.58
1275,2.5,2.8,4.2,3.17
48352,3.25,3.5,4.1,3.62
64250,2.8,3.15,3.6,3.18
72154,2.8,3.1,2.5,2.8
2148,2.85,3.1,4.25,3.4
4340,2.8,3.15,4.2,3.38
42720,3.5,3.25,2.75,3.17
32729,3.5,3.8,3.2,3.5
41045,2.85,3.1,4.25,3.4
70170,3.25,3.5,2.75,3.17
16014,2.85,3.1,4.25,3.4
31176,2.8,3.15,3.6,3.18
56994,2.8,3.15,4.2,3.38
4513,3.25,3.8,2.75,3.27
38774,3.15,3.8,3.5,3.48
19504,2.5,3.0,2.75,2.75
27470,2.5,2.8,3.1,2.8
65769,2.8,3.15,4.2,3.38
65171,2.8,3.15,3.5,3.15
12940,3.15,3.8,4.25,3.73
18548,2.5,3.0,3.75,3.08
43112,2.85,3.1,4.25,3.4
28853,2.5,3.0,3.75,3.08
59445,2.85,3.1,3.65,3.2
34109,3.25,3.5,2.75,3.17
38595,2.85,3.1,3.65,3.2
28972,3.25,3.5,4.1,3.62
27643,2.8,3.1,3.5,3.13
50459,2.5,2.8,3.75,3.02
6032,3.25,3.5,4.1,3.62
27678,3.25,3.5,4.0,3.58
66086,2.5,2.25,3.75,2.83
30870,2.8,3.15,3.6,3.18
38982,2.85,3.1,4.25,3.4
21131,2.8,3.15,3.65,3.2
8793,2.8,3.15,3.6,3.18
58737,2.8,3.1,3.5,3.13
42624,2.8,3.1,3.5,3.13
60455,2.8,3.15,3.6,3.18
20168,3.25,3.5,2.75,3.17
46777,3.5,3.8,4.2,3.83
53489,2.85,3.1,3.75,3.23
52042,2.85,3.1,4.25,3.4
65324,2.8,3.15,4.2,3.38
39242,3.25,3.5,3.75,3.5
1356,3.25,3.5,2.75,3.17
22752,2.85,3.1,4.25,3.4
67787,2.85,3.1,3.75,3.23
68523,3.15,3.8,4.25,3.73
25389,2.8,3.15,3.6,3.18
22392,3.25,3.5,4.1,3.62
1238,2.5,2.2,3.8,2.83
41204,3.25,3.8,3.5,3.52
27433,2.5,2.0,3.75,2.75
21022,3.5,3.25,2.75,3.17
56714,2.8,3.15,3.6,3.18
40989,2.5,3.0,3.75,3.08
39022,3.25,3.5,2.75,3.17
17773,3.25,3.5,4.1,3.62
42852,2.8,3.15,4.2,3.38
12729,2.8,3.15,3.6,3.18
39353,3.25,3.5,3.75,3.5
3383,2.8,3.15,3.6,3.18
56919,2.8,3.15,3.6,3.18
47106,3.25,3.5,3.75,3.5
42198,3.25,3.5,2.75,3.17
40380,3.25,3.5,4.0,3.58
42730,2.5,3.0,3.75,3.08
17552,2.5,2.8,3.7,3.0
57616,2.8,3.1,3.5,3.13
19946,2.8,3.15,3.75,3.23
18270,3.25,3.5,4.0,3.58
33393,3.5,3.8,2.75,3.35
16278,3.5,3.8,2.2,3.17
2368,3.5,3.25,2.75,3.17
29044,2.5,3.0,3.75,3.08
22206,3.5,3.8,3.2,3.5
21350,2.8,3.1,3.5,3.13
59572,3.25,3.8,2.5,3.18
68099,3.5,3.8,2.2,3.17
7452,2.5,3.1,3.8,3.13
47265,3.25,3.5,3.75,3.5
53890,2.8,3.15,3.6,3.18
48693,2.8,3.15,3.6,3.18
24239,2.5,2.8,3.1,2.8
48554,2.8,3.15,4.2,3.38
68829,3.5,3.8,2.75,3.35
4483,2.8,3.15,4.2,3.38
60661,2.5,2.8,2.2,2.5
47736,2.85,3.1,3.75,3.23
2220,2.8,3.1,2.5,2.8
37673,2.8,3.15,3.6,3.18
15144,2.8,3.15,3.9,3.28
26470,2.8,3.15,4.2,3.38
66027,3.25,3.5,3.75,3.5
43045,3.25,3.5,2.75,3.17
54776,2.8,3.15,4.2,3.38
16321,2.8,3.15,4.2,3.38
32016,2.8,3.15,4.2,3.38
11708,3.5,3.75,2.25,3.17
29055,3.15,3.8,4.25,3.73
55043,3.15,3.8,4.25,3.73
55002,2.5,2.0,1.5,2.0
18169,3.25,3.8,4.1,3.72
36246,3.25,3.5,4.1,3.62
34909,2.8,3.1,2.5,2.8
48977,2.8,3.15,4.2,3.38
17130,2.8,3.15,3.5,3.15
31675,2.5,2.0,3.75,2.75
20375,3.25,3.5,2.75,3.17
11914,2.5,3.1,3.8,3.13
15418,3.25,3.5,3.75,3.5
40542,3.25,3.5,2.75,3.17
5682,2.5,2.0,3.5,2.67
53647,3.25,3.5,4.0,3.58
41818,3.25,3.5,3.75,3.5
4016,2.8,3.15,3.9,3.28
51494,2.5,3.1,4.2,3.27
28036,3.25,3.5,2.75,3.17
49216,3.15,3.8,3.5,3.48
53530,2.85,3.1,4.25,3.4
10366,2.5,2.8,3.75,3.02
32095,2.8,3.15,4.2,3.38
68096,2.8,3.15,3.6,3.18
534,3.15,3.8,4.25,3.73
51095,2.1,2.35,4.2,2.88
4010,2.8,3.15,4.2,3.38
31775,3.2,3.5,2.8,3.17
58380,2.85,3.1,4.25,3.4
58551,2.85,3.1,3.75,3.23
62596,2.5,3.0,3.5,3.0
47634,3.25,3.5,3.75,3.5
18645,3.25,3.5,2.75,3.17
24177,2.5,3.0,2.0,2.5
9503,3.25,3.8,4.15,3.73
62901,2.5,2.8,3.7,3.0
52551,2.5,3.0,3.75,3.08
28974,3.25,3.5,4.1,3.62
31626,3.25,3.5,4.1,3.62
9039,2.8,3.15,3.6,3.18
13705,2.85,3.1,3.75,3.23
5919,2.5,3.1,3.8,3.13
14746,2.8,3.15,3.6,3.18
46233,2.8,3.15,4.2,3.38
4974,2.5,2.8,3.1,2.8
35398,2.8,3.15,3.6,3.18
1621,2.5,2.0,1.5,2.0
36549,2.8,3.15,3.6,3.18
27084,2.85,3.1,3.65,3.2
22026,2.85,3.1,3.75,3.23
26092,2.8,2.5,4.2,3.17
7533,2.5,3.0,2.75,2.75
36553,2.8,3.15,3.6,3.18
15987,2.5,3.1,3.8,3.13
11351,3.25,3.5,3.75,3.5
2398,2.8,3.15,4.2,3.38
20985,3.2,3.5,2.8,3.17
35884,3.25,3.5,2.75,3.17
61513,3.25,3.8,4.1,3.72
9249,3.5,3.8,2.2,3.17
7501,2.85,3.1,4.25,3.4
52821,2.5,3.0,4.25,3.25
59749,2.5,2.8,4.2,3.17
53240,2.8,3.15,3.6,3.18
66688,2.5,2.0,3.75,2.75
70121,2.8,3.15,4.2,3.38
29952,2.5,3.1,4.2,3.27
42592,2.8,3.15,4.2,3.38
72201,2.8,3.15,3.65,3.2
3874,2.8,3.15,4.2,3.38
58678,3.25,3.8,2.5,3.18
30696,3.25,3.5,3.75,3.5
55317,3.5,3.8,2.2,3.17
4982,3.25,3.5,2.75,3.17
18773,2.8,2.5,3.1,2.8
34003,2.8,3.15,3.9,3.28
54075,2.8,3.1,3.5,3.13
16444,2.5,2.0,3.0,2.5
34539,2.8,3.1,2.5,2.8
65330,2.85,3.1,4.25,3.4
23422,2.85,3.1,4.25,3.4
42511,3.15,3.8,4.25,3.73
39593,3.25,3.5,4.0,3.58
35851,2.5,2.8,3.5,2.93
41606,2.8,3.15,3.6,3.18
27987,3.25,3.8,3.5,3.52
47254,2.8,3.15,4.2,3.38
49604,3.15,3.8,4.25,3.73
3811,3.25,3.5,2.75,3.17
16052,2.8,3.15,3.6,3.18
60006,3.25,3.8,4.1,3.72
38075,2.5,3.0,2.0,2.5
34585,2.5,2.0,4.0,2.83
70830,2.85,3.1,3.65,3.2
2259,3.25,3.5,2.75,3.17
38845,3.2,3.5,2.1,2.93
51642,2.8,3.15,4.2,3.38
38311,3.25,3.5,2.75,3.17
68617,3.25,3.5,4.1,3.62
12708,3.15,3.8,4.25,3.73
44030,2.8,3.15,3.5,3.15
32889,3.25,3.5,4.0,3.58
40745,2.5,2.0,3.75,2.75
54746,3.25,3.5,2.75,3.17
72077,2.5,3.0,2.2,2.57
52848,3.25,3.5,2.75,3.17
5544,2.85,3.1,4.25,3.4
57207,3.25,3.5,4.0,3.58
20481,2.8,3.1,2.5,2.8
8410,2.85,3.1,4.25,3.4
44905,2.5,3.0,3.75,3.08
51566,2.85,3.1,3.75,3.23
52825,2.5,2.8,4.2,3.17
44745,3.25,3.5,4.0,3.58
15598,2.8,3.15,3.6,3.18
29461,3.25,3.5,4.0,3.58
41053,2.8,3.15,4.2,3.38
39084,3.5,3.75,4.25,3.83
15303,3.2,3.5,2.8,3.17
64791,2.8,3.15,3.5,3.15
4168,2.8,3.1,3.5,3.13
66500,2.5,2.8,3.1,2.8
19983,3.25,3.5,4.0,3.58
18542,2.5,3.1,3.75,3.12
66284,2.8,3.15,3.9,3.28
30061,2.5,2.8,3.7,3.0
9624,2.8,3.15,3.65,3.2
6485,2.8,3.1,3.5,3.13
38422,2.8,3.15,3.6,3.18
29759,2.5,2.8,3.1,2.8
47593,3.15,3.8,4.25,3.73
13166,2.5,3.1,3.8,3.13
46484,2.8,3.15,3.6,3.18
15125,3.15,3.8,4.25,3.73
12999,3.25,3.5,3.75,3.5
44035,2.8,3.1,3.5,3.13
17245,2.8,3.15,4.2,3.38
43855,2.8,3.15,3.65,3.2
38237,2.85,3.1,3.75,3.23
37465,2.5,3.0,3.75,3.08
16332,2.8,3.15,3.6,3.18
40831,2.5,2.8,3.75,3.02
53731,2.8,3.1,3.5,3.13
71007,3.25,3.5,2.75,3.17
4759,2.8,3.15,3.6,3.18
26930,2.8,2.5,3.75,3.02
33764,2.8,3.1,3.5,3.13
27066,3.15,3.8,4.25,3.73
6891,2.8,3.15,4.2,3.38
15461,2.5,2.0,4.25,2.92
60788,2.5,2.8,3.2,2.83
43375,2.8,3.15,3.6,3.18
11073,3.25,3.5,2.75,3.17
1764,2.85,3.1,3.75,3.23
58979,2.5,3.0,1.5,2.33
53778,2.85,3.1,4.25,3.4
40701,2.8,3.1,4.2,3.37
22126,3.25,3.5,3.75,3.5
61922,2.8,3.15,3.9,3.28
22312,2.5,3.0,3.75,3.08
69753,3.25,3.5,4.1,3.62
13007,2.8,3.15,4.2,3.38
15555,3.25,3.8,4.15,3.73
69863,2.1,2.35,4.5,2.98
56621,2.8,3.15,4.2,3.38
29893,2.5,3.0,2.75,2.75
30936,3.15,3.8,3.5,3.48
48786,3.25,3.5,2.75,3.17
579,2.8,3.15,3.9,3.28
64743,2.8,3.15,4.2,3.38
71377,2.5,2.0,4.25,2.92
54363,2.5,3.0,2.75,2.75
39896,3.25,3.5,2.75,3.17
51184,3.5,3.8,3.2,3.5
27759,3.25,3.5,3.75,3.5
32862,2.5,2.8,2.2,2.5
22640,2.8,3.15,4.2,3.38
24153,2.15,2.3,4.65,3.03
22512,2.8,3.1,2.5,2.8
15244,2.8,3.1,2.5,2.8
59393,2.8,3.15,3.75,3.23
49866,3.25,3.5,2.75,3.17
27366,2.85,3.1,3.75,3.23
54564,2.8,3.15,4.2,3.38
9003,2.8,3.15,4.2,3.38
38827,3.15,3.8,4.25,3.73
70638,2.5,3.0,3.75,3.08
68830,3.25,3.5,4.0,3.58
10369,3.5,3.8,3.2,3.5
36294,2.8,3.15,3.6,3.18
8143,3.25,3.5,3.75,3.5
10880,3.25,3.5,2.75,3.17
8533,2.8,3.1,3.5,3.13
53378,2.5,3.1,3.8,3.13
41650,3.25,3.5,4.1,3.62
40539,3.15,3.8,4.25,3.73
68373,2.8,3.15,4.2,3.38
36955,2.5,3.0,2.0,2.5
53509,2.5,2.8,3.75,3.02
59222,2.8,3.15,3.6,3.18
49712,3.25,3.5,2.75,3.17
58017,3.25,3.5,3.75,3.5
42289,3.25,3.5,4.1,3.62
30215,3.25,3.5,2.75,3.17
50824,3.25,3.5,3.75,3.5
50692,3.2,3.5,2.8,3.17
34118,2.85,3.1,4.25,3.4
55714,3.25,3.5,2.75,3.17
71739,2.85,3.1,3.75,3.23
55691,2.8,3.15,2.5,2.82
54666,3.25,3.5,3.75,3.5
69646,3.25,3.5,3.75,3.5
30206,3.25,3.5,3.75,3.5
15881,3.25,3.5,3.75,3.5
18377,2.5,3.0,3.75,3.08
67013,3.25,3.5,2.75,3.17
10918,2.8,3.15,3.6,3.18
22866,2.8,3.1,3.5,3.13
17516,2.5,3.1,3.75,3.12
11050,2.8,3.15,3.65,3.2
56100,3.25,3.5,4.0,3.58
6543,3.25,3.5,2.75,3.17
70049,2.5,3.1,4.2,3.27
24041,3.25,3.5,3.75,3.5
41895,3.25,3.5,2.75,3.17
52909,2.85,3.1,4.25,3.4
65213,2.8,3.15,3.5,3.15
52976,2.8,3.1,2.5,2.8
26195,2.8,3.15,3.6,3.18
38983,2.85,3.1,4.25,3.4
51348,2.8,3.15,3.9,3.28
6216,2.5,3.1,2.8,2.8
71586,3.15,3.8,3.5,3.48
22872,3.5,3.8,2.75,3.35
15765,3.25,3.5,4.1,3.62
30092,3.25,3.5,2.75,3.17
60858,2.5,2.25,4.0,2.92
40739,2.85,3.1,4.25,3.4
19954,2.85,3.1,3.75,3.23
68006,2.8,3.15,4.2,3.38
9619,2.85,3.1,3.95,3.3
11434,2.5,3.0,3.75,3.08
178,2.85,3.1,3.75,3.23
21216,2.5,3.0,3.5,3.0
20284,2.8,3.15,3.6,3.18
756,2.8,3.15,3.6,3.18
56514,2.8,3.15,3.6,3.18
6448,2.8,3.1,3.5,3.13
64780,2.8,2.5,3.75,3.02
4128,2.8,3.15,4.2,3.38
11295,2.8,3.1,4.2,3.37
39864,2.85,3.1,4.25,3.4
48666,3.15,3.8,4.25,3.73
26251,3.25,3.5,4.0,3.58
23526,3.15,3.8,4.25,3.73
29719,2.5,3.0,3.75,3.08
47653,3.15,3.85,4.2,3.73
3609,2.8,3.15,4.2,3.38
13384,2.8,3.15,3.9,3.28
32382,2.8,3.15,4.2,3.38
10533,2.85,3.1,4.25,3.4
16880,3.25,3.5,4.1,3.62
51620,3.25,3.8,2.75,3.27
57174,2.85,3.1,4.25,3.4
65199,3.25,3.5,4.0,3.58
37629,3.5,3.8,3.2,3.5
429,2.5,2.8,3.1,2.8
58751,3.5,3.8,3.2,3.5
48232,2.5,3.0,3.75,3.08
49320,2.8,3.15,3.9,3.28
58352,2.8,3.15,4.2,3.38
46691,3.25,3.5,3.75,3.5
29467,3.25,3.5,3.75,3.5
63596,2.8,3.15,3.6,3.18
67111,2.5,3.1,3.75,3.12
9318,3.25,3.5,4.1,3.62
42252,2.8,3.15,3.65,3.2
745,2.8,3.15,3.6,3.18
6383,3.25,3.5,3.75,3.5
57930,2.8,3.1,3.5,3.13
65472,2.5,2.0,3.75,2.75
54881,3.15,3.8,4.25,3.73
42399,3.25,3.8,2.5,3.18
25556,2.85,3.1,3.75,3.23
57272,2.85,3.1,4.25,3.4
6664,2.5,2.0,3.75,2.75
44967,2.8,3.15,4.2,3.38
11259,2.5,2.8,3.1,2.8
38041,3.25,3.5,4.0,3.58
48074,3.25,3.5,3.75,3.5
31077,3.25,3.5,3.75,3.5
46621,2.5,2.8,3.1,2.8
14254,3.25,3.5,2.75,3.17
27932,2.8,3.15,3.6,3.18
52890,2.8,3.15,4.2,3.38
37716,3.5,3.8,3.2,3.5
41401,3.25,3.5,3.75,3.5
17828,2.8,3.1,3.5,3.13
42845,3.15,3.8,4.25,3.73
51115,3.15,3.8,4.25,3.73
9632,2.8,3.15,4.2,3.38
33218,3.25,3.5,4.1,3.62
39775,3.5,3.8,4.2,3.83
56191,3.25,3.5,3.75,3.5
7767,2.8,3.15,4.2,3.38
11369,3.25,3.5,3.75,3.5
7066,2.8,3.15,3.6,3.18
293,2.5,2.8,3.75,3.02
58035,2.8,3.15,4.2,3.38
2295,2.8,3.15,3.5,3.15
41141,2.8,3.15,3.9,3.28
64432,3.25,3.5,4.0,3.58
8511,3.25,3.5,4.1,3.62
25568,2.8,3.1,3.5,3.13
43653,2.5,2.0,3.5,2.67
24748,3.25,3.5,4.1,3.62
48811,2.8,3.15,4.2,3.38
64181,2.85,3.1,3.75,3.23
65779,2.8,3.15,4.2,3.38
49725,2.85,3.1,3.75,3.23
66906,2.5,3.0,2.0,2.5
53459,2.8,3.15,4.2,3.38
41094,3.15,3.8,4.25,3.73
18765,3.15,3.8,3.5,3.48
29630,3.25,3.5,4.1,3.62
57814,2.8,3.15,4.2,3.38
70271,2.5,2.0,4.25,2.92
36004,2.85,3.1,3.75,3.23
377,2.8,3.15,3.9,3.28
54545,2.8,3.1,2.5,2.8
53141,2.85,3.1,3.5,3.15
58567,2.8,3.15,3.9,3.28
3409,3.25,3.8,2.5,3.18
69816,2.8,3.15,4.2,3.38
41334,2.8,3.15,4.2,3.38
62771,3.15,3.8,3.5,3.48
20930,2.8,3.15,4.2,3.38
51063,3.15,3.8,4.25,3.73
23915,2.8,2.5,3.75,3.02
28943,3.25,3.5,3.75,3.5
55716,3.25,3.5,2.75,3.17
59530,2.85,3.1,3.75,3.23
15770,2.8,3.15,4.2,3.38
5417,2.8,3.15,4.2,3.38
42023,3.25,3.5,2.75,3.17
18624,3.15,3.8,4.25,3.73
2170,2.8,3.15,3.5,3.15
23398,2.8,3.1,3.5,3.13
68005,2.8,3.15,4.2,3.38
4998,3.25,3.5,2.75,3.17
42682,2.8,3.1,2.5,2.8
71233,2.8,2.5,4.2,3.17
62372,2.8,3.15,3.6,3.18
70579,2.5,3.0,3.5,3.0
42776,2.8,3.15,3.5,3.15
30268,3.15,3.8,4.25,3.73
25749,2.8,3.15,3.9,3.28
24053,3.25,3.5,2.75,3.17
46850,3.15,3.8,2.95,3.3
13124,2.8,3.15,3.6,3.18
11186,3.25,3.5,2.75,3.17
69551,2.85,3.1,3.75,3.23
27495,3.25,3.5,4.0,3.58
33884,2.8,3.15,4.2,3.38
54778,2.8,3.1,4.2,3.37
6684,2.5,2.8,3.75,3.02
21798,2.8,3.15,4.2,3.38
43377,2.8,3.15,3.6,3.18
12117,3.25,3.5,4.1,3.62
14263,2.8,3.1,2.5,2.8
32622,2.5,3.0,2.75,2.75
38626,3.15,3.8,4.25,3.73
17642,2.5,3.0,4.25,3.25
50741,2.8,3.15,4.2,3.38
25181,2.8,3.15,3.6,3.18
18086,5.0,3.15,3.19,3.78
47189,2.8,3.15,3.9,3.28
25025,2.8,3.15,3.5,3.15
42268,3.25,3.5,2.75,3.17
67326,3.25,3.5,4.1,3.62
32802,3.25,3.5,4.0,3.58
61843,3.25,3.5,2.75,3.17
33748,2.8,3.15,3.9,3.28
60837,2.5,2.0,1.5,2.0
1310,2.8,3.1,2.5,2.8
6088,2.8,3.15,4.2,3.38
46862,2.8,3.15,3.9,3.28
27911,3.25,3.5,3.75,3.5
20162,3.25,3.5,4.0,3.58
6563,2.8,3.15,4.2,3.38
65044,2.5,2.0,1.5,2.0
4988,3.2,3.5,2.8,3.17
54313,2.5,3.0,3.75,3.08
16996,2.5,3.0,2.2,2.57
56740,3.25,3.8,3.5,3.52
13347,3.25,3.5,3.75,3.5
39112,3.25,3.5,2.75,3.17
62717,3.25,3.5,2.75,3.17
40343,3.25,3.5,4.1,3.62
59945,3.25,3.5,2.75,3.17
9588,2.8,3.15,3.65,3.2
17117,2.5,3.1,3.8,3.13
61644,3.25,3.8,4.1,3.72
50317,2.85,3.1,3.75,3.23
50258,2.85,3.1,3.75,3.23
61674,3.15,3.8,2.95,3.3
16833,2.5,3.0,3.75,3.08
4722,2.5,3.1,4.25,3.28
12805,3.25,3.5,3.75,3.5
43628,3.15,3.8,4.25,3.73
17087,2.85,3.1,3.75,3.23
21274,3.25,3.5,3.75,3.5
5159,3.25,3.5,3.75,3.5
17899,2.5,2.8,3.75,3.02
23798,2.5,3.0,2.0,2.5
9928,2.5,3.0,3.75,3.08
20601,3.5,3.25,2.1,2.95
58176,3.5,3.8,2.7,3.33
29555,2.8,3.15,4.2,3.38
56858,2.5,2.3,3.8,2.87
632,2.8,3.15,3.6,3.18
63438,2.8,2.5,4.2,3.17
43543,2.85,3.1,4.25,3.4
66893,2.8,3.15,3.5,3.15
58442,2.8,3.15,3.6,3.18
16638,2.85,3.1,4.25,3.4
20431,2.5,2.0,1.5,2.0
52817,2.85,3.1,4.25,3.4
34301,2.8,3.15,3.9,3.28
32433,2.5,2.2,3.8,2.83
1921,2.8,3.15,4.2,3.38
18227,2.5,3.0,2.0,2.5
2356,2.5,2.8,3.75,3.02
39190,2.85,3.1,3.75,3.23
37633,3.15,3.8,3.5,3.48
60828,2.85,3.1,4.25,3.4
60817,2.8,3.1,3.5,3.13
10424,3.25,3.5,3.75,3.5
26416,3.5,3.25,2.75,3.17
41421,2.8,3.15,3.5,3.15
32861,2.8,3.15,4.2,3.38
29222,3.5,3.8,2.75,3.35
4349,2.8,3.15,4.2,3.38
21575,2.5,3.0,2.2,2.57
15688,2.8,3.15,4.2,3.38
27821,2.8,3.15,4.5,3.48
34841,3.25,3.5,2.75,3.17
62850,3.25,3.5,4.0,3.58
59887,2.8,3.15,3.9,3.28
37587,3.5,3.8,2.75,3.35
34112,2.85,3.1,4.25,3.4
8728,2.8,3.1,3.5,3.13
54042,2.8,2.5,3.75,3.02
26423,2.8,3.1,4.2,3.37
6505,3.25,3.5,3.75,3.5
5979,2.8,3.15,3.9,3.28
59807,3.25,3.5,3.75,3.5
45085,2.85,3.1,4.25,3.4
38020,2.8,3.15,4.2,3.38
61991,3.25,3.5,4.0,3.58
25282,2.85,3.1,4.25,3.4
19223,2.85,3.1,4.25,3.4
8693,3.15,3.8,4.25,3.73
37490,3.25,3.5,4.0,3.58
3722,3.15,3.8,3.5,3.48
4044,2.8,3.15,3.9,3.28
65725,2.8,3.15,3.6,3.18
67613,3.15,3.8,4.25,3.73
6904,2.8,3.15,3.9,3.28
71359,2.85,3.1,3.75,3.23
11968,3.25,3.5,2.75,3.17
9132,2.8,3.15,3.5,3.15
1976,2.5,2.0,3.5,2.67
759,3.25,3.5,3.75,3.5
10665,2.8,3.15,4.2,3.38
57483,3.2,3.5,2.8,3.17
44282,3.25,3.5,4.1,3.62
7852,2.5,2.8,4.2,3.17
15661,3.5,3.8,4.2,3.83
3266,2.8,3.15,3.5,3.15
31006,3.25,3.5,2.75,3.17
36716,2.5,3.0,2.2,2.57
61023,2.5,2.8,3.1,2.8
21092,3.15,3.8,4.25,3.73
38843,3.15,3.8,2.9,3.28
14096,2.8,3.15,3.9,3.28
36192,2.5,3.0,3.75,3.08
60173,3.25,3.5,4.1,3.62
12458,2.5,2.0,4.0,2.83
53685,2.5,2.8,4.2,3.17
52355,2.5,2.8,3.1,2.8
20149,2.8,3.15,3.6,3.18
47962,2.8,3.1,2.5,2.8
13864,2.8,3.1,3.5,3.13
51713,2.5,3.1,3.8,3.13
68950,3.15,3.85,4.2,3.73
53698,3.5,3.25,2.75,3.17
4443,2.8,3.1,3.5,3.13
29773,2.8,3.1,3.5,3.13
37874,2.8,3.15,3.9,3.28
36737,3.15,3.8,4.25,3.73
55017,2.8,3.1,2.5,2.8
564,2.5,2.0,1.5,2.0
46642,3.15,3.8,4.25,3.73
30308,3.25,3.5,3.75,3.5
57727,3.15,3.8,4.25,3.73
59119,3.25,3.8,4.1,3.72
71697,3.25,3.5,4.1,3.62
33040,2.8,3.15,3.9,3.28
10534,2.5,3.0,3.75,3.08
6962,3.15,3.8,4.25,3.73
44936,2.5,3.1,3.8,3.13
50307,2.8,3.15,3.6,3.18
6764,2.5,3.1,2.2,2.6
56370,3.15,3.8,4.25,3.73
36866,2.5,3.0,3.5,3.0
39644,2.8,3.15,4.2,3.38
52566,3.25,3.5,3.75,3.5
23782,3.25,3.5,4.0,3.58
46064,2.5,2.8,3.75,3.02
51222,2.8,3.15,3.5,3.15
62058,2.5,2.0,1.5,2.0
50780,2.8,3.15,4.2,3.38
53113,3.25,3.5,2.75,3.17
39395,2.5,3.1,4.2,3.27
56189,3.15,3.8,2.5,3.15
33126,3.25,3.8,3.5,3.52
61639,2.5,2.0,1.5,2.0
52916,2.5,2.8,4.2,3.17
36918,2.5,3.0,2.0,2.5
61246,2.8,3.1,3.5,3.13
23265,3.15,3.8,3.5,3.48
3013,2.5,3.0,3.5,3.0
15615,2.8,3.1,3.5,3.13
12450,2.5,2.8,3.75,3.02
45622,2.85,3.1,3.75,3.23
32427,3.25,3.5,4.0,3.58
9060,3.15,3.85,4.2,3.73
57964,2.8,3.1,3.5,3.13
57560,2.8,3.15,4.2,3.38
58943,3.5,3.8,2.2,3.17
18431,3.15,3.8,4.25,3.73
44475,2.8,3.1,2.5,2.8
45836,2.8,3.1,2.5,2.8
29033,2.5,2.8,3.5,2.93
24329,2.8,3.1,3.5,3.13
16230,3.25,3.5,3.75,3.5
66033,3.25,3.5,2.75,3.17
46530,2.5,3.0,2.75,2.75
30824,2.5,2.0,1.5,2.0
44527,3.25,3.5,3.75,3.5
8744,3.25,3.5,3.75,3.5
60039,2.8,3.15,4.2,3.38
991,3.25,3.5,4.1,3.62
2079,3.25,3.5,3.75,3.5
11552,3.25,3.5,2.75,3.17
11850,2.8,3.1,3.5,3.13
62569,2.8,3.1,3.5,3.13
4578,3.15,3.8,4.25,3.73
4911,2.85,3.1,4.25,3.4
27329,2.5,3.0,2.0,2.5
26169,2.5,2.8,3.75,3.02
61169,3.25,3.5,3.75,3.5
30285,3.5,3.25,2.75,3.17
58055,2.85,3.1,3.5,3.15
38091,3.25,3.5,2.75,3.17
43506,2.85,3.1,4.25,3.4
68675,3.25,3.5,2.75,3.17
69380,3.15,3.8,4.25,3.73
13996,2.1,2.35,4.6,3.02
34875,2.85,3.1,3.75,3.23
27393,3.25,3.5,2.75,3.17
51408,2.5,2.0,4.25,2.92
43643,2.8,3.15,4.2,3.38
33699,2.5,2.8,4.2,3.17
18280,2.85,3.1,3.75,3.23
13167,2.5,3.1,3.8,3.13
6001,2.8,3.15,3.9,3.28
694,3.25,3.5,3.75,3.5
18357,2.8,3.15,3.6,3.18
398,2.85,3.1,3.75,3.23
29911,3.25,3.5,4.1,3.62
47834,2.8,3.15,3.75,3.23
58736,2.5,3.1,3.8,3.13
10312,2.85,3.1,3.75,3.23
8069,2.8,3.1,3.5,3.13
32715,3.25,3.8,3.5,3.52
25842,2.8,3.15,4.2,3.38
59316,3.25,3.5,3.75,3.5
48428,2.8,3.15,3.5,3.15
47409,2.5,3.1,3.8,3.13
57294,2.8,3.15,4.2,3.38
51454,2.8,3.15,4.2,3.38
63090,3.5,3.8,4.2,3.83
4533,3.25,3.5,2.75,3.17
69298,2.8,3.15,4.2,3.38
25688,2.8,3.15,3.9,3.28
33438,2.8,3.1,4.2,3.37
29991,3.25,3.5,2.75,3.17
29070,2.8,3.15,3.5,3.15
54160,2.8,3.15,3.9,3.28
61837,2.5,2.8,3.75,3.02
57306,2.8,3.15,3.9,3.28
47853,2.85,3.1,4.25,3.4
54504,2.85,3.1,4.25,3.4
19348,3.25,3.5,3.75,3.5
57276,2.85,3.1,4.25,3.4
35169,3.25,3.8,4.1,3.72
44422,2.8,3.15,3.6,3.18
58779,2.8,3.1,2.5,2.8
2657,3.15,3.8,4.25,3.73
17074,3.25,3.8,3.5,3.52
3196,2.5,3.1,4.25,3.28
4423,2.8,3.15,3.6,3.18
48483,3.25,3.5,2.75,3.17
22970,2.8,3.15,3.6,3.18
61452,3.15,3.8,4.25,3.73
34154,3.25,3.5,2.75,3.17
40176,3.15,3.8,3.5,3.48
1656,2.85,3.1,3.75,3.23
19833,3.25,3.8,3.5,3.52
69788,2.85,3.1,3.65,3.2
64676,2.5,3.0,3.5,3.0
8334,3.15,3.85,4.2,3.73
15473,2.8,3.15,3.9,3.28
16192,2.8,3.1,2.5,2.8
1414,2.8,3.15,3.9,3.28
38235,2.8,3.15,3.65,3.2
18689,2.5,2.8,2.2,2.5
8023,3.5,3.8,2.75,3.35
70505,2.85,3.1,3.75,3.23
39642,2.8,3.15,4.2,3.38
15235,2.8,3.15,3.6,3.18
34650,3.25,3.5,3.75,3.5
54771,2.8,3.1,4.2,3.37
44844,3.25,3.5,4.0,3.58
36785,2.8,3.1,3.5,3.13
4885,2.8,3.1,3.5,3.13
46981,2.8,3.15,3.6,3.18
44379,3.15,3.85,3.5,3.5
61471,3.25,3.8,4.1,3.72
36284,2.5,2.8,3.1,2.8
27671,2.8,3.1,3.5,3.13
48600,3.15,3.8,4.25,3.73
68386,3.25,3.5,4.1,3.62
52031,3.25,3.5,2.75,3.17
38149,3.25,3.5,4.1,3.62
39249,3.25,3.5,2.75,3.17
55612,3.25,3.5,4.0,3.58
42507,2.8,3.15,3.6,3.18
58390,2.8,2.5,4.2,3.17
37702,2.8,3.1,4.2,3.37
64212,2.5,2.0,3.0,2.5
19680,2.85,3.1,4.25,3.4
43537,3.5,3.25,2.75,3.17
18503,3.25,3.5,2.75,3.17
69068,2.8,3.15,3.6,3.18
5705,3.5,3.25,2.75,3.17
40378,2.5,3.15,4.2,3.28
18649,3.25,3.5,2.75,3.17
5663,2.5,3.1,3.8,3.13
4402,2.8,3.15,3.6,3.18
45015,2.5,2.8,3.75,3.02
62744,2.8,3.15,4.2,3.38
55999,3.15,3.8,4.25,3.73
24253,2.85,3.1,3.5,3.15
40243,3.15,3.8,4.25,3.73
41402,3.25,3.5,4.0,3.58
12154,2.8,3.15,3.65,3.2
59360,2.8,3.1,3.5,3.13
2059,2.8,3.15,3.6,3.18
66739,3.5,3.8,2.75,3.35
34653,2.8,3.15,4.2,3.38
1794,2.5,2.0,1.5,2.0
63576,3.15,3.8,2.9,3.28
37179,2.5,2.8,3.1,2.8
17412,3.25,3.5,3.75,3.5
18098,2.5,3.1,4.2,3.27
34670,2.8,3.15,3.6,3.18
69345,2.85,3.1,3.75,3.23
69881,3.15,3.8,2.9,3.28
12699,2.85,3.1,4.25,3.4
44624,3.25,3.5,2.75,3.17
20344,2.5,2.8,3.5,2.93
17877,2.85,3.1,3.65,3.2
817,2.5,2.0,3.0,2.5
66291,2.8,3.15,2.5,2.82
71291,3.15,3.8,3.5,3.48
30243,2.8,3.1,3.5,3.13
29668,3.15,3.8,2.95,3.3
42241,2.85,3.1,4.25,3.4
11856,2.5,2.8,2.2,2.5
62232,3.25,3.5,3.75,3.5
9824,2.8,3.15,3.9,3.28
19526,2.85,3.1,4.25,3.4
67487,3.15,3.8,3.5,3.48
48934,2.85,3.1,4.25,3.4
38023,3.5,3.25,2.75,3.17
71853,2.8,3.15,3.6,3.18
3037,2.8,3.15,3.5,3.15
29005,2.85,3.1,4.25,3.4
68407,2.8,3.1,3.5,3.13
22389,2.5,2.8,3.75,3.02
974,2.85,3.1,3.5,3.15
69079,2.5,2.0,3.75,2.75
10125,3.25,3.5,2.75,3.17
18189,3.15,3.8,4.25,3.73
46256,2.8,3.15,3.65,3.2
33332,2.85,3.1,4.25,3.4
67325,2.85,3.1,4.25,3.4
70547,2.85,3.1,4.25,3.4
71035,2.8,3.1,2.5,2.8
41899,2.8,3.15,3.6,3.18
47872,2.5,3.0,3.75,3.08
30664,2.8,2.5,4.2,3.17
4742,2.8,3.1,3.5,3.13
40045,2.85,3.1,3.75,3.23
32629,2.5,3.1,4.2,3.27
61626,3.5,3.8,2.7,3.33
35144,3.25,3.8,4.1,3.72
63514,2.8,3.1,3.5,3.13
57632,3.25,3.5,3.75,3.5
49977,2.8,3.15,4.2,3.38
18873,3.15,3.8,4.25,3.73
9758,2.85,3.1,4.25,3.4
19255,2.8,3.1,3.5,3.13
43464,2.8,3.1,2.5,2.8
62523,2.5,2.8,4.2,3.17
40584,3.15,3.8,4.25,3.73
60327,3.25,3.8,2.5,3.18
72179,2.8,3.15,4.2,3.38
54179,3.25,3.5,2.75,3.17
70642,2.8,3.15,3.6,3.18
20004,3.15,3.8,3.5,3.48
58147,3.25,3.5,4.0,3.58
31797,2.8,3.15,3.5,3.15
15995,2.8,3.15,3.5,3.15
51260,2.5,3.1,4.2,3.27
6825,2.8,3.1,3.5,3.13
5117,3.25,3.8,3.5,3.52
37239,2.85,3.1,4.25,3.4
35796,3.25,3.5,2.75,3.17
25610,2.85,3.1,4.25,3.4
36320,2.8,3.15,3.65,3.2
32716,3.25,3.8,3.5,3.52
4585,3.25,3.5,4.0,3.58
13048,3.15,3.8,4.25,3.73
54375,2.8,2.5,3.75,3.02
39451,2.8,3.15,3.5,3.15
58679,2.85,3.1,4.25,3.4
64055,2.8,3.15,3.5,3.15
52746,3.25,3.5,2.75,3.17
15946,2.8,3.1,3.5,3.13
67682,2.5,3.0,3.75,3.08
56789,2.8,3.15,3.9,3.28
64375,2.85,3.1,4.25,3.4
47808,3.15,3.8,3.5,3.48
5160,2.8,3.15,4.2,3.38
60971,2.85,3.1,4.25,3.4
56800,2.8,3.15,3.6,3.18
30609,2.5,2.8,3.75,3.02
47117,3.25,3.5,3.75,3.5
72187,2.5,2.0,3.0,2.5
64073,2.8,3.15,4.2,3.38
52568,2.5,3.0,2.0,2.5
47003,2.8,3.15,3.6,3.18
15683,2.85,3.1,4.25,3.4
22962,2.8,3.15,4.2,3.38
50837,2.5,2.8,3.5,2.93
45901,2.8,3.1,2.5,2.8
63650,2.85,3.1,4.25,3.4
60075,2.8,3.15,3.6,3.18
13538,2.5,2.8,3.1,2.8
47703,2.8,3.15,3.9,3.28
8897,2.8,3.15,3.5,3.15
22780,3.15,3.8,4.25,3.73
59614,2.5,2.0,3.0,2.5
41566,2.8,3.15,4.2,3.38
43324,3.15,3.8,2.9,3.28
11224,3.25,3.5,2.75,3.17
69255,3.15,3.8,4.25,3.73
53547,3.25,3.5,3.75,3.5
45240,2.8,3.15,4.2,3.38
22137,3.25,3.5,2.75,3.17
11246,3.25,3.5,4.0,3.58
28434,2.8,3.1,4.2,3.37
61962,3.5,3.8,2.2,3.17
23821,2.5,3.1,4.25,3.28
26414,2.8,3.15,3.9,3.28
56695,2.8,3.15,4.2,3.38
48288,2.8,3.15,3.5,3.15
39521,2.85,3.1,4.25,3.4
15653,3.25,3.8,3.5,3.52
45356,2.5,3.0,2.75,2.75
50045,3.15,3.8,3.5,3.48
31402,3.15,3.8,2.9,3.28
36725,2.85,3.1,3.75,3.23
48890,2.5,2.0,1.5,2.0
12992,2.5,3.0,3.75,3.08
63858,3.25,3.5,2.75,3.17
11521,3.2,3.5,2.8,3.17
32781,2.8,3.1,3.5,3.13
39064,2.8,3.1,3.5,3.13
22183,2.85,3.1,3.65,3.2
8460,2.5,3.0,2.0,2.5
11592,3.25,3.8,2.75,3.27
44942,3.25,3.5,2.75,3.17
3118,3.5,3.8,2.2,3.17
67278,2.8,3.1,2.5,2.8
27205,2.8,3.1,3.5,3.13
16110,3.25,3.8,3.5,3.52
17687,3.25,3.5,3.75,3.5
16640,2.8,3.15,3.75,3.23
459,2.8,3.1,2.5,2.8
21342,2.5,3.1,3.8,3.13
29129,2.8,3.15,3.9,3.28
19662,3.15,3.85,4.2,3.73
22342,3.25,3.5,2.75,3.17
27107,2.8,3.15,3.6,3.18
60765,2.8,3.15,3.6,3.18
70776,2.85,3.1,4.25,3.4
70802,2.5,3.0,3.75,3.08
71409,2.8,3.15,4.2,3.38
6398,2.8,3.15,4.2,3.38
54878,3.15,3.8,4.25,3.73
21435,3.25,3.5,2.75,3.17
13929,3.25,3.5,2.75,3.17
68849,2.5,2.8,3.75,3.02
31801,2.8,3.15,3.5,3.15
22268,3.15,3.8,4.25,3.73
11808,2.8,3.15,3.6,3.18
57186,2.8,3.15,4.2,3.38
13904,2.5,2.3,3.8,2.87
29915,3.25,3.8,4.1,3.72
63543,2.8,3.15,4.2,3.38
66665,2.8,3.15,4.2,3.38
31378,2.8,3.15,3.9,3.28
19561,2.8,3.15,3.6,3.18
37453,3.25,3.5,2.75,3.17
31719,2.5,2.8,3.1,2.8
2725,3.25,3.5,4.0,3.58
35027,2.8,3.15,3.65,3.2
18102,2.5,3.0,3.75,3.08
13452,3.2,3.5,2.8,3.17
2361,2.8,3.15,3.65,3.2
26063,2.8,3.15,3.5,3.15
68131,3.25,3.5,4.1,3.62
66967,3.25,3.5,2.75,3.17
48715,2.5,2.2,4.1,2.93
25866,2.8,3.1,3.5,3.13
4273,2.8,3.15,3.6,3.18
43725,2.5,2.8,3.1,2.8
67570,3.25,3.5,2.75,3.17
43441,3.25,3.5,4.1,3.62
35632,2.8,3.15,4.2,3.38
17711,3.25,3.5,3.75,3.5
28034,2.8,3.1,3.5,3.13
14044,3.15,3.8,4.25,3.73
31237,2.5,2.0,1.5,2.0
40842,3.25,3.5,2.75,3.17
46613,2.8,3.15,3.9,3.28
37077,2.8,3.15,3.9,3.28
14378,2.8,3.15,4.2,3.38
42122,2.85,3.1,4.25,3.4
11916,3.25,3.5,3.75,3.5
37100,2.8,3.15,3.6,3.18
5183,2.8,3.15,4.2,3.38
25682,2.5,2.8,3.7,3.0
67630,2.8,3.1,3.5,3.13
28026,2.85,3.1,3.75,3.23
4667,3.25,3.8,4.1,3.72
48723,2.5,2.8,4.2,3.17
62967,2.8,3.15,3.9,3.28
16810,3.25,3.5,4.1,3.62
2648,2.8,3.1,2.5,2.8
60408,3.25,3.5,3.75,3.5
46715,3.25,3.5,4.1,3.62
53085,2.8,3.15,3.6,3.18
68853,3.25,3.5,2.75,3.17
18406,3.25,3.5,4.1,3.62
30326,3.25,3.5,2.75,3.17
47576,2.5,3.0,2.0,2.5
37057,2.85,3.1,4.25,3.4
69589,3.25,3.8,4.15,3.73
15594,3.15,3.8,3.5,3.48
5199,2.8,3.15,4.2,3.38
43187,3.25,3.5,2.75,3.17
23663,2.5,3.1,4.25,3.28
61716,2.85,3.1,3.75,3.23
69789,2.8,3.15,3.6,3.18
70457,3.15,3.8,3.5,3.48
45814,2.8,3.15,4.2,3.38
21344,2.5,2.8,2.2,2.5
61666,3.25,3.5,3.75,3.5
26406,2.8,3.15,4.2,3.38
45628,2.8,3.1,3.5,3.13
38169,2.8,3.15,3.5,3.15
46743,3.15,3.8,4.25,3.73
40003,3.2,3.5,2.8,3.17
12795,3.25,3.5,4.0,3.58
1006,3.5,3.8,3.2,3.5
63589,2.8,3.15,3.6,3.18
50994,2.8,3.15,4.2,3.38
29372,3.25,3.5,4.1,3.62
53174,2.85,3.1,3.5,3.15
21294,3.25,3.5,3.75,3.5
10031,2.8,3.15,4.2,3.38
1401,3.15,3.8,4.25,3.73
7896,3.25,3.5,2.75,3.17
28315,2.8,3.15,3.65,3.2
49445,2.5,2.0,1.5,2.0
26776,2.8,3.15,4.2,3.38
54961,3.25,3.5,3.75,3.5
35321,3.25,3.5,3.75,3.5
33506,3.25,3.5,4.0,3.58
51750,3.15,3.8,3.5,3.48
67795,3.25,3.5,2.75,3.17
48661,3.15,3.8,4.25,3.73
43834,3.25,3.5,3.75,3.5
28874,3.25,3.5,4.1,3.62
13028,2.5,3.0,3.75,3.08
20886,3.15,3.8,3.5,3.48
58891,3.5,3.8,2.2,3.17
4539,3.25,3.5,3.75,3.5
47256,2.85,3.1,4.25,3.4
14688,2.85,3.1,3.65,3.2
30075,2.85,3.1,3.5,3.15
16018,3.15,3.8,3.5,3.48
36315,2.8,3.15,3.65,3.2
56249,3.25,3.5,2.75,3.17
62726,2.8,3.15,4.2,3.38
19329,2.8,3.15,4.2,3.38
57962,2.8,3.1,3.5,3.13
46825,2.8,3.15,3.6,3.18
28752,3.5,3.8,2.75,3.35
38715,2.85,3.1,4.25,3.4
6524,2.8,3.1,3.5,3.13
5031,3.25,3.5,4.1,3.62
43467,3.15,3.8,4.25,3.73
31235,2.5,2.0,1.5,2.0
55117,2.8,3.1,3.5,3.13
32940,2.5,2.0,4.0,2.83
51951,2.5,3.0,2.75,2.75
27529,2.8,3.15,3.5,3.15
59757,2.85,3.1,4.25,3.4
64028,2.8,3.15,4.2,3.38
40068,2.8,3.15,3.9,3.28
28299,3.15,3.8,4.25,3.73
26457,2.8,3.15,3.6,3.18
53819,2.8,3.1,3.5,3.13
31518,3.5,3.8,2.75,3.35
32882,2.8,3.1,2.5,2.8
9447,2.8,3.15,3.6,3.18
40506,3.25,3.5,3.75,3.5
67406,3.25,3.5,4.0,3.58
3200,2.5,3.1,4.2,3.27
1105,2.8,3.1,2.5,2.8
5581,3.25,3.8,2.5,3.18
1893,3.25,3.5,2.75,3.17
52778,3.15,3.8,4.25,3.73
10123,3.25,3.5,3.75,3.5
50199,2.5,3.0,3.75,3.08
41615,2.8,3.15,3.75,3.23
10257,2.5,2.8,2.2,2.5
10641,3.5,3.8,3.2,3.5
54521,3.25,3.5,4.0,3.58
21725,3.25,3.5,2.1,2.95
37475,3.5,3.8,2.2,3.17
8851,3.25,3.8,3.5,3.52
56129,2.85,3.1,4.25,3.4
64648,2.8,3.15,3.9,3.28
42462,3.25,3.5,4.0,3.58
60376,2.8,3.1,4.2,3.37
36160,3.15,3.8,2.9,3.28
45665,2.5,2.8,3.75,3.02
15423,2.8,3.15,3.6,3.18
6594,3.15,3.8,4.25,3.73
52937,2.5,3.0,3.75,3.08
53068,2.8,3.15,4.2,3.38
15186,2.8,3.15,4.2,3.38
4570,2.85,3.1,3.75,3.23
12043,2.5,3.0,2.0,2.5
54444,2.8,3.15,3.6,3.18
39578,2.8,3.15,3.6,3.18
54494,2.85,3.1,3.5,3.15
18257,2.8,3.15,3.6,3.18
33609,2.8,3.15,3.6,3.18
3508,2.85,3.1,4.25,3.4
49676,2.8,3.15,3.6,3.18
666,3.15,3.8,4.25,3.73
35768,3.25,3.5,3.75,3.5
21972,2.5,2.8,2.2,2.5
60737,2.85,3.1,3.5,3.15
56160,3.25,3.5,2.75,3.17
10568,3.25,3.5,4.0,3.58
18358,3.25,3.5,2.75,3.17
40691,3.25,3.8,2.5,3.18
34724,3.25,3.5,3.75,3.5
22999,2.8,3.15,4.2,3.38
39541,3.5,3.8,2.2,3.17
10622,3.15,3.8,3.5,3.48
67874,3.25,3.5,4.0,3.58
8127,3.25,3.5,3.75,3.5
11304,3.15,3.8,4.25,3.73
64790,3.25,3.5,4.0,3.58
28861,2.85,3.1,4.25,3.4
54999,2.5,2.0,4.25,2.92
5693,3.15,3.8,4.25,3.73
33931,3.5,3.8,2.75,3.35
22907,2.8,3.15,4.2,3.38
16036,2.5,2.0,3.5,2.67
50494,3.25,3.5,3.75,3.5
66281,3.25,3.5,2.75,3.17
71098,3.25,3.5,3.75,3.5
57494,2.8,3.15,4.2,3.38
24842,3.15,3.8,4.25,3.73
25713,2.85,3.1,4.25,3.4
42782,2.5,3.0,3.75,3.08
63515,2.8,3.15,3.6,3.18
12440,2.8,3.15,4.2,3.38
28838,2.85,3.1,4.25,3.4
9943,2.8,3.15,3.9,3.28
7031,2.8,3.1,3.5,3.13
8652,2.8,3.15,4.2,3.38
49997,3.25,3.5,2.75,3.17
24032,2.8,3.15,4.2,3.38
10481,3.25,3.8,4.1,3.72
23186,3.25,3.5,3.75,3.5
52154,2.85,3.1,3.75,3.23
36364,2.8,3.15,3.9,3.28
1745,2.5,3.0,2.2,2.57
28601,2.8,3.15,3.5,3.15
9235,2.8,3.15,2.5,2.82
4318,2.5,3.0,2.0,2.5
42794,2.85,3.1,3.75,3.23
21515,3.25,3.5,2.75,3.17
62612,2.5,2.0,3.0,2.5
23044,2.8,3.1,3.5,3.13
53665,2.85,3.1,3.75,3.23
58862,2.85,3.1,4.25,3.4
47417,2.8,3.15,3.5,3.15
5448,2.8,3.15,3.6,3.18
55135,2.8,3.15,4.2,3.38
49788,3.15,3.8,4.25,3.73
4738,2.8,3.1,2.5,2.8
21858,2.5,2.8,3.1,2.8
65585,2.8,3.15,3.65,3.2
48844,2.8,3.15,4.2,3.38
67240,3.25,3.5,4.0,3.58
59329,3.5,3.75,2.25,3.17
14353,2.85,3.1,4.25,3.4
18521,2.8,3.15,4.2,3.38
27384,2.8,3.15,4.2,3.38
47683,2.85,3.1,4.25,3.4
69152,3.5,3.8,3.2,3.5
44643,2.5,2.1,4.2,2.93
5821,3.25,3.5,4.0,3.58
6168,2.8,3.15,2.5,2.82
28395,3.25,3.5,2.75,3.17
22928,2.5,2.8,3.7,3.0
5484,3.5,3.8,3.2,3.5
11513,2.5,3.0,2.2,2.57
55906,2.8,3.15,3.6,3.18
54825,3.25,3.5,4.0,3.58
45308,2.8,3.15,3.5,3.15
50555,3.2,3.5,2.8,3.17
26903,2.8,3.1,2.5,2.8
55005,3.25,3.5,2.75,3.17
4705,2.85,3.1,4.25,3.4
40149,3.25,3.5,3.75,3.5
10118,3.25,3.5,4.0,3.58
38383,2.5,3.0,3.5,3.0
9773,2.85,3.1,3.75,3.23
62842,3.25,3.8,2.5,3.18
52993,2.85,3.1,4.25,3.4
13451,2.85,3.1,3.75,3.23
31616,2.8,3.15,3.6,3.18
38751,2.85,3.1,4.25,3.4
37065,2.8,3.15,3.6,3.18
63463,3.25,3.5,2.75,3.17
18151,2.5,2.8,3.5,2.93
54972,3.25,3.5,4.1,3.62
44339,2.8,3.15,3.9,3.28
40956,2.8,3.15,4.2,3.38
42891,2.8,3.1,2.5,2.8
34166,3.15,3.8,2.55,3.17
44277,3.5,3.8,2.75,3.35
60163,2.8,3.1,2.5,2.8
12897,3.15,3.8,4.25,3.73
57707,2.8,3.15,3.6,3.18
7429,2.8,3.15,3.6,3.18
13119,3.25,3.5,3.75,3.5
64357,2.5,3.0,4.2,3.23
37921,2.5,3.1,2.8,2.8
45277,2.85,3.1,3.75,3.23
39808,2.8,3.15,3.6,3.18
3110,2.5,2.8,3.75,3.02
10309,2.8,3.15,3.6,3.18
36097,2.5,2.0,1.5,2.0
23098,2.8,3.15,3.9,3.28
3244,2.8,3.15,4.2,3.38
15464,2.8,3.15,3.6,3.18
47798,3.25,3.5,3.75,3.5
69110,3.15,3.8,3.5,3.48
58775,2.8,3.1,3.5,3.13
25118,3.25,3.5,3.75,3.5
55645,2.8,3.15,3.65,3.2
38172,2.8,3.1,3.5,3.13
14987,3.15,3.8,4.25,3.73
2671,3.25,3.5,3.75,3.5
23240,3.25,3.5,4.1,3.62
21100,3.15,3.8,4.25,3.73
32083,2.5,2.8,3.75,3.02
30739,3.25,3.5,3.75,3.5
1421,2.8,3.15,4.2,3.38
71182,2.8,3.15,4.2,3.38
9752,2.8,3.1,3.5,3.13
16481,2.8,3.1,3.5,3.13
1185,2.8,3.1,3.5,3.13
41825,3.5,3.8,2.9,3.4
38714,2.5,2.8,4.2,3.17
11590,3.15,3.8,4.25,3.73
63785,2.5,3.0,2.75,2.75
51363,2.5,2.8,3.5,2.93
64793,3.25,3.5,4.0,3.58
26740,2.5,2.8,3.2,2.83
26540,3.15,3.8,4.25,3.73
17259,2.8,3.15,3.9,3.28
41416,2.8,3.15,4.2,3.38
25990,3.5,3.8,2.75,3.35
32830,3.25,3.5,4.0,3.58
13634,2.5,2.8,3.75,3.02
32365,2.8,3.1,3.5,3.13
44423,2.8,3.15,3.9,3.28
65381,2.5,2.8,3.7,3.0
6507,2.8,3.15,4.2,3.38
6127,2.8,3.15,3.6,3.18
49582,2.8,3.15,4.2,3.38
50896,2.8,3.15,3.65,3.2
39156,2.8,3.15,3.9,3.28
6048,2.8,3.1,3.5,3.13
16404,2.8,3.1,3.5,3.13
513,3.25,3.5,3.75,3.5
39661,2.5,2.8,3.1,2.8
48249,3.25,3.8,3.5,3.52
9939,2.85,3.1,3.75,3.23
15705,2.8,3.1,3.5,3.13
14048,2.8,3.15,3.5,3.15
12205,3.25,3.5,3.75,3.5
35149,2.8,3.15,3.6,3.18
30888,2.8,3.15,3.9,3.28
55929,3.15,3.8,2.9,3.28
14351,2.85,3.1,3.65,3.2
61702,3.25,3.8,4.1,3.72
18528,2.8,3.15,3.9,3.28
7966,2.1,1.85,4.5,2.82
39381,3.25,3.5,3.75,3.5
7799,2.8,3.15,3.65,3.2
30126,3.25,3.5,4.1,3.62
50328,3.25,3.5,2.75,3.17
8419,2.8,3.15,3.6,3.18
70817,2.5,3.1,3.8,3.13
14400,2.8,3.1,3.5,3.13
1683,2.85,3.1,4.25,3.4
54814,3.25,3.5,4.0,3.58
13720,3.15,3.8,4.25,3.73
47,2.8,3.15,3.6,3.18
13473,2.5,2.8,2.2,2.5
69390,2.5,3.1,3.8,3.13
35401,2.8,3.15,4.2,3.38
36718,2.1,2.3,4.5,2.97
64171,2.8,3.1,2.5,2.8
50725,2.5,2.8,3.75,3.02
59711,2.8,3.15,3.5,3.15
37341,2.8,3.15,3.6,3.18
25628,2.8,3.15,3.6,3.18
49559,2.8,3.15,4.2,3.38
62005,2.8,3.15,3.6,3.18
53658,3.25,3.5,4.1,3.62
51200,3.25,3.5,3.75,3.5
10713,2.8,3.1,3.5,3.13
9910,3.25,3.5,2.75,3.17
35562,2.8,3.1,3.5,3.13
64819,3.25,3.8,2.9,3.32
70200,3.25,3.5,4.1,3.62
50959,3.15,3.8,4.25,3.73
50874,3.15,3.8,3.5,3.48
16797,3.25,3.8,4.1,3.72
32761,2.5,2.8,3.1,2.8
7964,3.2,3.5,2.8,3.17
54706,3.25,3.5,2.75,3.17
6172,2.85,3.1,3.5,3.15
11709,3.15,3.8,4.25,3.73
66714,2.8,3.1,3.5,3.13
69930,3.15,3.8,3.5,3.48
31983,2.5,2.25,3.75,2.83
48821,3.15,3.8,3.5,3.48
22966,2.8,3.15,4.2,3.38
17271,2.5,2.8,3.1,2.8
16881,3.25,3.5,3.75,3.5
69880,2.8,3.15,3.65,3.2
49281,3.25,3.5,2.75,3.17
62341,3.15,3.8,3.5,3.48
14507,3.25,3.8,2.5,3.18
49133,3.5,4.0,2.75,3.42
23034,2.5,3.0,2.75,2.75
47881,2.8,3.15,3.6,3.18
18430,2.5,2.0,3.75,2.75
52086,3.25,3.5,4.1,3.62
43742,2.85,3.1,3.75,3.23
27150,3.25,3.5,4.0,3.58
66282,2.5,2.0,1.5,2.0
65326,2.5,2.8,3.1,2.8
41913,3.25,3.5,2.75,3.17
62895,2.5,3.1,4.25,3.28
5100,2.5,2.25,4.5,3.08
39544,2.85,3.1,4.25,3.4
22563,2.8,3.15,4.2,3.38
26284,2.8,3.15,3.6,3.18
19203,3.25,3.8,3.5,3.52
12935,3.25,3.5,4.1,3.62
14034,2.85,3.1,4.25,3.4
18536,2.5,2.0,1.5,2.0
30790,3.25,3.5,4.0,3.58
48622,3.15,3.8,4.25,3.73
38987,2.8,3.15,3.6,3.18
44015,3.25,3.5,2.75,3.17
53095,2.8,3.15,3.5,3.15
59859,2.85,3.1,4.25,3.4
33927,2.8,3.1,3.5,3.13
30762,3.25,3.8,3.5,3.52
9521,3.25,3.5,3.75,3.5
45859,3.5,3.8,4.2,3.83
61251,2.8,3.15,4.2,3.38
19767,2.5,2.8,2.2,2.5
19905,2.8,3.1,3.5,3.13
41159,2.8,3.15,4.2,3.38
306,2.85,3.1,3.75,3.23
49809,2.5,3.0,3.75,3.08
32960,3.25,3.5,4.0,3.58
29488,2.8,3.15,3.5,3.15
34620,3.25,3.5,3.75,3.5
10547,3.25,3.5,4.1,3.62
44301,3.15,3.8,4.25,3.73
69973,2.85,3.1,4.25,3.4
53505,2.5,2.0,3.0,2.5
64540,3.15,3.8,4.25,3.73
66020,2.8,3.1,2.5,2.8
13834,2.5,3.0,3.75,3.08
25923,2.8,3.15,3.9,3.28
43616,2.5,2.8,4.2,3.17
4701,2.8,3.1,3.5,3.13
13644,3.15,3.8,4.25,3.73
38045,3.15,3.85,4.2,3.73
3302,2.8,3.15,3.6,3.18
23145,3.25,3.5,3.75,3.5
2346,3.25,3.5,2.75,3.17
64258,2.8,3.1,3.5,3.13
23521,2.5,2.8,4.2,3.17
61867,2.8,3.15,3.6,3.18
14565,2.8,3.15,4.2,3.38
32877,2.5,2.8,3.75,3.02
22778,2.8,3.1,2.5,2.8
54216,3.25,3.5,2.75,3.17
68945,2.8,3.15,3.5,3.15
56017,2.8,3.15,3.9,3.28
71184,2.5,3.1,4.2,3.27
72064,3.15,3.8,3.5,3.48
49570,3.25,3.5,2.75,3.17
55872,3.25,3.5,2.75,3.17
32216,3.25,3.5,3.75,3.5
48217,2.5,2.0,1.5,2.0
47440,2.5,2.0,1.5,2.0
32499,3.25,3.5,3.75,3.5
50654,2.5,3.0,2.75,2.75
30014,3.25,3.5,4.0,3.58
37838,2.5,2.8,3.75,3.02
32014,2.5,3.0,2.0,2.5
20946,2.85,3.1,3.75,3.23
17049,2.5,2.0,3.0,2.5
62548,2.5,2.0,3.75,2.75
12819,3.25,3.5,3.75,3.5
42913,3.5,3.25,2.75,3.17
2473,2.8,3.1,4.2,3.37
65045,2.85,3.1,4.25,3.4
52174,2.5,3.0,3.75,3.08
24960,2.85,3.1,4.25,3.4
5592,2.5,2.0,1.5,2.0
25413,2.8,3.15,4.2,3.38
40952,2.8,3.15,4.2,3.38
51197,2.8,3.15,3.6,3.18
24293,2.5,2.8,3.75,3.02
26028,2.8,3.1,2.5,2.8
41872,3.25,3.5,3.75,3.5
62840,3.25,3.5,2.75,3.17
60769,2.8,3.15,3.9,3.28
65327,2.8,3.1,2.5,2.8
58944,3.15,3.8,4.25,3.73
35051,2.8,3.15,3.6,3.18
23793,3.25,3.5,4.0,3.58
36637,3.15,3.8,2.9,3.28
22460,3.25,3.5,3.75,3.5
10433,2.8,3.1,2.5,2.8
34247,2.5,2.0,1.5,2.0
10661,3.25,3.5,3.75,3.5
14937,2.8,3.15,3.6,3.18
33935,3.25,3.5,3.75,3.5
11984,2.8,3.15,4.2,3.38
46714,2.1,2.3,4.5,2.97
17719,3.25,3.5,2.75,3.17
19558,2.8,3.1,2.5,2.8
9382,2.5,2.8,3.75,3.02
39270,3.25,3.5,2.75,3.17
23086,2.85,3.1,3.75,3.23
51698,3.25,3.5,4.1,3.62
48694,2.5,3.0,3.75,3.08
63624,2.5,2.8,3.1,2.8
9937,3.15,3.8,4.25,3.73
66028,3.5,3.8,2.7,3.33
11963,2.5,3.0,2.0,2.5
23376,2.8,3.15,3.6,3.18
8634,2.5,2.0,3.75,2.75
29043,3.25,3.5,4.1,3.62
21763,2.8,3.1,3.5,3.13
24701,2.8,3.15,4.2,3.38
27568,2.5,2.8,3.1,2.8
57558,3.25,3.5,4.0,3.58
21771,3.25,3.5,3.75,3.5
7860,2.5,2.0,4.25,2.92
46703,3.25,3.5,3.75,3.5
26459,2.8,3.15,3.6,3.18
22057,2.8,3.15,4.2,3.38
23180,3.25,3.5,3.75,3.5
66295,3.15,3.8,4.25,3.73
21896,2.8,3.15,3.6,3.18
63369,2.5,2.8,3.75,3.02
16791,2.8,3.15,3.6,3.18
11381,3.25,3.5,2.75,3.17
54808,3.5,3.8,2.75,3.35
19177,3.25,3.5,2.75,3.17
35246,2.8,3.15,4.2,3.38
5329,2.5,2.8,3.1,2.8
64604,2.8,3.15,3.5,3.15
32664,2.5,3.0,2.0,2.5
24101,2.8,3.15,3.9,3.28
30363,2.8,3.15,3.9,3.28
40289,2.8,3.15,4.2,3.38
26097,3.25,3.5,2.75,3.17
63310,3.25,3.5,3.75,3.5
34837,2.8,3.15,4.2,3.38
53736,2.85,3.1,4.25,3.4
21581,2.5,3.0,3.75,3.08
44885,2.85,3.1,4.25,3.4
67609,2.85,3.1,4.25,3.4
6364,3.25,3.5,3.75,3.5
57036,2.5,3.0,3.75,3.08
14373,2.5,3.1,2.8,2.8
17923,2.5,3.1,3.75,3.12
19686,2.5,3.1,3.8,3.13
18742,3.2,3.5,2.8,3.17
22795,3.25,3.5,3.75,3.5
22918,2.5,3.0,3.5,3.0
45285,2.8,3.15,3.6,3.18
3520,3.25,3.5,4.1,3.62
55992,3.5,3.8,2.9,3.4
34950,2.5,2.3,3.1,2.63
31214,2.8,3.15,3.6,3.18
49558,2.5,3.1,4.2,3.27
38562,2.8,3.15,4.2,3.38
5201,2.85,3.1,4.25,3.4
6988,2.5,2.0,1.5,2.0
13070,2.85,3.1,4.25,3.4
72175,3.5,3.8,2.75,3.35
50650,2.5,2.8,3.75,3.02
48792,2.85,3.1,4.25,3.4
22762,3.15,3.8,2.9,3.28
45504,2.85,3.1,3.75,3.23
65468,3.15,3.8,3.5,3.48
19980,3.25,3.5,3.75,3.5
31949,2.8,3.15,3.6,3.18
66855,2.85,3.1,3.75,3.23
7436,2.5,3.1,3.8,3.13
65631,2.5,2.0,4.25,2.92
28790,2.8,3.15,3.6,3.18
18459,3.25,3.5,2.75,3.17
43703,3.25,3.5,3.75,3.5
9074,2.85,3.1,4.25,3.4
42463,3.15,3.8,4.25,3.73
62955,2.8,3.15,3.6,3.18
58112,2.8,3.15,3.5,3.15
15439,2.8,3.15,4.2,3.38
41229,2.8,3.15,3.9,3.28
53914,2.8,3.15,3.9,3.28
50583,3.15,3.8,4.25,3.73
14336,2.85,3.1,3.65,3.2
21297,2.85,3.1,3.75,3.23
43724,2.8,3.1,2.5,2.8
35853,3.25,3.5,4.0,3.58
59669,2.8,3.15,3.5,3.15
52668,2.85,3.1,3.75,3.23
9191,2.8,3.1,3.5,3.13
43759,2.8,3.1,3.5,3.13
61841,3.25,3.5,2.75,3.17
43074,2.85,3.1,4.25,3.4
72007,3.5,4.0,2.5,3.33
68658,3.15,3.8,3.5,3.48
2209,2.8,3.15,3.9,3.28
3153,2.85,3.1,4.25,3.4
57136,3.5,3.8,3.2,3.5
34928,2.85,3.1,4.25,3.4
9655,2.8,3.15,4.2,3.38
5600,2.5,3.1,4.2,3.27
42055,2.5,2.0,3.0,2.5
57359,3.25,3.5,4.0,3.58
62878,2.85,3.1,4.25,3.4
41428,3.25,3.8,3.5,3.52
27978,2.5,2.8,3.1,2.8
48395,3.25,3.5,2.75,3.17
36675,3.25,3.5,2.75,3.17
52133,2.5,3.1,4.25,3.28
48582,3.5,3.25,2.75,3.17
62951,2.8,3.15,4.2,3.38
12426,2.5,2.0,1.5,2.0
62833,2.85,3.1,3.5,3.15
24737,2.8,3.15,4.2,3.38
23636,2.8,3.1,4.2,3.37
40028,2.5,2.8,3.75,3.02
25723,2.5,2.8,3.1,2.8
36353,2.8,3.15,3.65,3.2
24673,3.5,3.8,2.2,3.17
3042,3.15,3.8,4.25,3.73
38243,3.5,3.8,3.2,3.5
8060,2.8,3.15,4.2,3.38
65905,3.25,3.5,3.75,3.5
20611,3.25,3.5,3.75,3.5
34941,3.25,3.5,3.75,3.5
67534,2.5,2.0,1.5,2.0
46455,2.85,3.1,4.2,3.38
70465,3.25,3.5,2.75,3.17
18968,3.15,3.8,4.25,3.73
59688,2.8,3.15,4.2,3.38
1560,3.25,3.5,3.75,3.5
29731,3.5,3.8,2.75,3.35
39538,3.25,3.8,2.9,3.32
44370,2.85,3.1,3.5,3.15
33525,2.5,2.0,1.5,2.0
25406,3.15,3.8,4.25,3.73
9130,2.5,2.0,3.0,2.5
64445,3.25,3.5,4.1,3.62
8308,2.8,3.15,4.2,3.38
43953,3.25,3.5,2.75,3.17
68122,3.25,3.5,4.0,3.58
71751,2.8,3.15,3.5,3.15
7230,3.15,3.8,3.5,3.48
39967,2.5,3.0,3.75,3.08
41012,3.25,3.5,4.1,3.62
38749,3.25,3.5,4.0,3.58
372,2.5,2.0,3.5,2.67
34542,2.8,3.15,3.6,3.18
4301,3.25,3.5,2.75,3.17
72045,2.5,3.1,3.75,3.12
69570,2.8,3.1,4.2,3.37
35461,3.5,3.25,2.1,2.95
68104,2.85,3.1,4.25,3.4
22127,3.25,3.8,3.5,3.52
39368,2.5,2.0,1.5,2.0
25685,2.8,3.15,3.9,3.28
9510,3.25,3.8,3.5,3.52
52710,3.25,3.5,2.75,3.17
15086,2.8,3.15,3.6,3.18
34006,2.5,2.8,4.2,3.17
69989,2.5,3.0,2.0,2.5
69467,3.15,3.8,4.25,3.73
43270,2.8,3.15,3.6,3.18
43994,5.0,3.51,3.71,4.0733
46201,2.8,3.15,4.2,3.38
52552,3.25,3.5,2.75,3.17
15240,2.5,3.0,3.75,3.08
64811,3.15,3.8,4.25,3.73
25255,3.15,3.85,4.2,3.73
9631,3.25,3.5,2.75,3.17
17929,3.15,3.8,2.9,3.28
67093,3.15,3.8,3.5,3.48
34089,3.25,3.5,4.0,3.58
1258,2.5,3.0,2.0,2.5
69406,3.25,3.5,2.75,3.17
67386,2.8,3.15,3.9,3.28
32375,2.85,3.1,3.75,3.23
23227,2.5,2.2,3.8,2.83
62303,3.25,3.5,3.75,3.5
32084,2.5,2.0,1.5,2.0
26712,3.15,3.8,4.25,3.73
3021,3.25,3.5,2.75,3.17
59283,2.5,2.0,1.5,2.0
9179,3.15,3.8,4.25,3.73
990,3.25,3.5,4.1,3.62
28402,2.8,3.15,3.5,3.15
22855,2.8,3.15,4.2,3.38
56696,2.8,3.1,2.5,2.8
49864,2.8,3.15,3.5,3.15
70450,2.8,3.15,3.9,3.28
62322,3.25,3.5,2.75,3.17
57392,3.25,3.5,2.75,3.17
67872,3.25,3.8,3.5,3.52
45980,2.8,3.15,3.65,3.2
69388,2.8,3.15,3.6,3.18
10574,2.5,3.0,2.0,2.5
60879,3.25,3.5,4.1,3.62
30005,3.25,3.5,3.75,3.5
64036,3.25,3.5,4.1,3.62
3321,2.85,3.1,3.75,3.23
36859,2.8,3.15,3.6,3.18
36999,2.85,3.1,4.25,3.4
48313,2.8,3.15,3.5,3.15
60086,3.25,3.5,3.75,3.5
5334,3.25,3.5,4.0,3.58
10790,2.5,2.8,3.75,3.02
41313,2.8,3.1,3.5,3.13
53242,2.8,3.1,3.5,3.13
9614,2.8,3.15,3.9,3.28
60295,2.8,3.15,4.2,3.38
20024,2.8,3.15,3.5,3.15
36467,2.5,3.1,3.8,3.13
2524,2.8,3.15,3.6,3.18
25195,3.15,3.8,2.55,3.17
57835,2.8,3.15,4.2,3.38
59523,2.8,3.1,3.5,3.13
70345,2.5,3.1,3.75,3.12
41468,3.5,3.25,2.75,3.17
25681,2.5,2.8,3.7,3.0
44191,3.25,3.5,3.75,3.5
70479,3.15,3.8,3.5,3.48
46581,2.8,3.15,3.6,3.18
62404,3.15,3.8,4.25,3.73
41110,2.8,3.1,3.5,3.13
57784,2.8,3.15,3.6,3.18
40613,2.5,2.8,4.2,3.17
32822,3.15,3.85,3.5,3.5
15749,3.15,3.8,4.25,3.73
30874,3.25,3.5,4.0,3.58
22681,2.5,2.8,3.5,2.93
38514,3.25,3.5,2.75,3.17
60882,3.25,3.5,4.0,3.58
5622,2.85,3.1,4.25,3.4
7755,3.25,3.8,3.5,3.52
64796,2.5,3.0,3.5,3.0
39165,2.5,2.8,3.1,2.8
72042,2.8,3.15,3.5,3.15
4695,2.5,2.8,3.5,2.93
1199,2.8,3.1,4.2,3.37
63526,2.5,2.8,2.2,2.5
19283,2.8,3.1,4.2,3.37
48140,3.15,3.8,2.55,3.17
18576,2.5,3.1,3.8,3.13
30395,2.5,2.0,4.5,3.0
6391,3.25,3.5,3.75,3.5
10648,3.25,3.5,2.75,3.17
43147,2.8,3.15,4.2,3.38
9200,2.5,2.0,1.5,2.0
33710,2.85,3.1,4.25,3.4
61876,2.5,2.0,1.5,2.0
2511,2.8,3.15,4.2,3.38
37865,3.25,3.8,3.5,3.52
38293,2.85,3.1,4.25,3.4
5540,3.15,3.8,3.5,3.48
64186,3.25,3.5,3.75,3.5
36830,2.5,3.0,2.2,2.57
6040,2.8,3.1,2.5,2.8
61460,2.5,3.1,2.8,2.8
69176,2.5,2.0,1.5,2.0
70401,2.5,3.1,3.8,3.13
30015,2.8,3.1,3.5,3.13
31854,2.8,3.15,4.2,3.38
4877,2.85,3.1,3.75,3.23
11520,2.85,3.1,3.75,3.23
47535,2.5,2.8,4.2,3.17
12130,3.25,3.5,2.75,3.17
19294,3.15,3.8,4.25,3.73
20370,2.8,3.15,3.6,3.18
66882,2.85,3.1,3.75,3.23
47572,2.8,3.15,3.6,3.18
51584,3.15,3.8,4.25,3.73
4979,2.5,3.0,3.75,3.08
50130,2.8,3.15,3.6,3.18
47921,3.25,3.5,2.75,3.17
36038,3.25,3.5,3.75,3.5
35394,2.85,3.1,4.25,3.4
23708,2.5,2.0,1.5,2.0
36021,2.8,3.15,3.6,3.18
14266,2.8,3.1,3.5,3.13
45414,2.8,3.1,2.5,2.8
35721,2.8,3.15,4.2,3.38
22711,2.8,3.15,4.2,3.38
41489,3.25,3.5,3.75,3.5
1731,2.5,3.0,3.75,3.08
32056,2.5,2.8,3.1,2.8
47658,2.8,3.1,3.5,3.13
39991,2.5,2.8,3.1,2.8
5219,3.25,3.8,2.5,3.18
30328,3.15,3.8,3.5,3.48
16258,2.8,3.15,3.5,3.15
21585,2.5,3.0,2.2,2.57
17006,3.25,3.5,2.75,3.17
54653,2.5,3.1,3.8,3.13
4660,3.25,3.8,4.1,3.72
70695,2.85,3.1,4.25,3.4
12122,3.25,3.5,4.0,3.58
62520,2.5,2.0,1.5,2.0
49811,3.15,3.8,4.25,3.73
9734,2.8,3.15,3.6,3.18
64263,3.25,3.5,2.75,3.17
22611,2.8,3.15,3.5,3.15
23369,3.25,3.5,2.75,3.17
14661,2.85,3.1,4.25,3.4
70029,2.8,3.15,3.5,3.15
29026,2.85,3.1,4.25,3.4
23827,3.25,3.5,3.75,3.5
25623,2.85,3.1,4.25,3.4
2949,2.8,3.15,4.2,3.38
53649,2.8,3.1,3.5,3.13
70946,3.25,3.5,4.1,3.62
14690,2.8,3.15,4.2,3.38
40197,3.25,3.5,2.75,3.17
67422,2.85,3.1,4.25,3.4
34609,2.85,3.1,4.25,3.4
44353,3.25,3.5,2.75,3.17
1074,3.5,3.8,2.75,3.35
21608,3.25,3.8,2.5,3.18
63441,2.8,2.5,4.2,3.17
7508,2.8,3.1,2.5,2.8
36051,3.5,3.25,2.75,3.17
7268,2.8,3.15,4.2,3.38
17437,3.25,3.5,2.75,3.17
18627,2.85,3.1,3.5,3.15
45562,2.85,3.1,3.75,3.23
37819,2.5,3.0,2.0,2.5
68604,3.15,3.8,4.25,3.73
62182,2.5,3.0,3.5,3.0
14587,2.85,3.1,3.75,3.23
35916,3.25,3.5,2.75,3.17
23863,2.8,3.1,3.5,3.13
18681,3.5,3.8,2.2,3.17
23814,3.25,3.5,4.1,3.62
30669,2.5,3.0,4.25,3.25
3873,2.8,3.15,4.2,3.38
5696,2.85,3.1,4.25,3.4
54028,2.85,3.1,4.25,3.4
61628,2.8,3.1,2.5,2.8
20714,3.2,3.5,2.8,3.17
8596,3.5,3.8,3.2,3.5
47997,2.5,3.1,3.8,3.13
30708,3.21,2.27,3.85,3.11
48801,3.15,3.8,3.5,3.48
23635,2.8,3.15,4.2,3.38
67232,3.25,3.8,3.5,3.52
57432,2.8,3.15,3.6,3.18
55309,2.5,3.1,3.8,3.13
40453,3.15,3.8,4.25,3.73
28475,2.85,3.1,4.25,3.4
23548,2.5,2.3,4.1,2.97
10501,2.85,3.1,4.25,3.4
19578,2.5,2.0,3.75,2.75
3961,2.5,2.8,3.75,3.02
14281,2.8,3.1,3.5,3.13
36573,2.8,3.15,3.5,3.15
49914,3.25,3.5,2.75,3.17
2651,2.5,3.1,3.75,3.12
44820,2.8,3.15,3.65,3.2
3206,2.85,3.1,3.75,3.23
47638,3.15,3.8,4.25,3.73
42599,2.5,3.0,3.75,3.08
40540,3.25,3.5,3.75,3.5
62188,3.15,3.8,3.5,3.48
48058,2.5,2.8,2.2,2.5
12627,3.15,3.8,4.25,3.73
58765,2.85,3.1,4.25,3.4
16115,3.25,3.8,3.5,3.52
29293,2.5,2.8,3.1,2.8
52769,2.8,3.15,3.9,3.28
40295,3.25,3.5,4.0,3.58
66285,2.8,3.15,3.6,3.18
56371,2.85,3.1,4.25,3.4
68112,3.25,3.8,4.1,3.72
70468,3.25,3.5,2.75,3.17
36050,3.25,3.5,2.75,3.17
5047,2.5,2.8,4.2,3.17
71183,2.5,3.1,4.2,3.27
37589,3.25,3.5,4.1,3.62
26659,2.5,2.0,1.5,2.0
61745,2.8,3.15,3.6,3.18
66922,3.15,3.8,2.9,3.28
58484,2.8,3.15,4.2,3.38
38721,3.5,3.8,2.75,3.35
40385,2.85,3.12,4.5,3.49
69614,2.8,3.15,4.2,3.38
53619,2.85,3.1,3.75,3.23
2241,3.5,3.8,3.2,3.5
56254,2.5,3.1,4.2,3.27
47598,3.25,3.5,2.75,3.17
16396,2.5,2.8,2.2,2.5
36208,3.25,3.5,2.75,3.17
56261,2.85,3.1,4.25,3.4
1291,2.8,3.15,4.2,3.38
2607,3.25,3.5,4.0,3.58
71546,3.25,3.5,3.75,3.5
28344,3.15,3.8,4.25,3.73
51475,2.8,3.15,3.5,3.15
45641,3.25,3.8,4.15,3.73
29541,2.8,3.15,4.2,3.38
54144,3.25,3.5,2.75,3.17
14460,3.25,3.5,4.1,3.62
6462,2.8,3.1,3.5,3.13
58057,2.8,3.15,4.2,3.38
57778,2.8,3.15,3.65,3.2
71219,2.8,3.15,3.65,3.2
42762,2.5,3.1,4.2,3.27
68566,2.5,3.0,2.75,2.75
71370,3.25,3.8,3.5,3.52
46594,3.15,3.8,3.5,3.48
1812,2.8,3.15,3.65,3.2
7660,2.85,3.1,4.25,3.4
71648,3.15,3.8,4.25,3.73
59922,3.15,3.8,4.25,3.73
17073,3.25,3.8,3.5,3.52
43440,3.15,3.8,4.25,3.73
60642,3.25,3.5,2.75,3.17
31850,2.5,2.8,3.75,3.02
37268,3.25,3.5,4.0,3.58
39954,2.5,2.8,3.75,3.02
21121,2.8,3.15,4.2,3.38
26895,2.8,3.1,3.5,3.13
23925,3.25,3.5,3.75,3.5
43553,3.25,3.5,3.75,3.5
1297,2.8,3.15,3.9,3.28
40659,3.25,3.5,4.0,3.58
11752,2.5,3.0,3.75,3.08
14900,2.8,3.15,3.6,3.18
5218,3.25,3.5,2.75,3.17
56,3.15,3.8,4.25,3.73
9219,2.85,3.1,3.5,3.15
67060,2.8,3.15,3.6,3.18
40643,3.15,3.8,4.25,3.73
71174,3.25,3.5,3.75,3.5
3301,3.25,3.5,2.75,3.17
59328,2.85,3.1,3.5,3.15
3658,2.5,2.8,3.5,2.93
61890,2.5,3.0,2.0,2.5
36417,2.8,3.1,3.5,3.13
12519,2.8,3.15,4.2,3.38
10720,3.25,3.5,4.0,3.58
65065,2.5,2.0,4.25,2.92
17689,2.8,3.15,3.5,3.15
56923,3.25,3.5,3.75,3.5
19113,3.5,3.25,3.75,3.5
31915,2.8,3.15,3.9,3.28
54366,2.8,3.1,3.5,3.13
59497,2.8,3.15,3.9,3.28
40797,3.25,3.5,2.75,3.17
7021,2.5,3.0,2.0,2.5
40610,2.5,2.0,1.5,2.0
63907,2.5,2.8,3.75,3.02
66447,2.8,2.5,3.75,3.02
46308,2.5,3.0,3.5,3.0
53463,2.8,3.15,3.9,3.28
26229,2.8,2.5,4.2,3.17
71772,2.8,3.15,3.6,3.18
70021,2.8,3.15,4.2,3.38
19365,3.15,3.8,4.25,3.73
68932,2.8,3.15,3.6,3.18
28730,3.5,3.8,2.2,3.17
20883,3.25,3.5,3.75,3.5
21521,2.85,3.1,4.25,3.4
11181,2.5,3.1,4.2,3.27
50054,3.25,3.5,2.75,3.17
16723,3.15,3.8,3.5,3.48
21975,3.5,3.8,3.2,3.5
29678,2.5,2.25,3.75,2.83
18315,2.8,3.1,3.5,3.13
45429,3.25,3.5,2.75,3.17
59035,3.15,3.8,4.25,3.73
36034,2.5,2.8,2.2,2.5
2139,3.25,3.8,4.1,3.72
1519,2.5,2.8,3.1,2.8
54431,2.85,3.1,3.75,3.23
64121,2.85,3.1,4.25,3.4
1075,3.25,3.5,2.75,3.17
54803,3.25,3.8,4.1,3.72
28311,2.85,3.1,4.25,3.4
20358,2.5,3.0,2.0,2.5
39285,2.5,3.1,2.8,2.8
68161,3.25,3.5,4.0,3.58
22020,2.5,3.0,2.0,2.5
24552,3.5,3.8,3.2,3.5
5728,2.85,3.1,4.25,3.4
12273,3.15,3.8,4.25,3.73
54662,2.5,2.0,1.5,2.0
4527,2.8,3.15,3.5,3.15
64745,2.8,3.15,4.2,3.38
3939,3.25,3.5,2.75,3.17
56143,3.25,3.5,3.75,3.5
7386,3.15,3.8,3.5,3.48
8566,3.15,3.8,4.25,3.73
44630,3.5,3.25,2.75,3.17
52328,3.25,3.8,4.1,3.72
53835,2.85,3.1,3.75,3.23
57405,2.5,3.0,2.2,2.57
53677,2.8,3.1,2.5,2.8
9386,3.5,3.8,3.2,3.5
36020,3.25,3.5,3.75,3.5
55694,2.8,3.15,3.9,3.28
30577,3.15,3.8,2.55,3.17
39507,2.5,2.8,3.9,3.07
13486,2.8,3.15,3.6,3.18
4947,2.5,3.1,3.75,3.12
68841,3.25,3.5,2.75,3.17
13223,2.85,3.1,3.75,3.23
61025,2.85,3.1,4.25,3.4
62047,2.8,3.15,3.6,3.18
69993,3.25,3.5,2.75,3.17
23550,2.5,3.0,3.75,3.08
67279,2.8,3.15,3.9,3.28
34976,3.25,3.8,4.1,3.72
260,2.8,3.15,4.2,3.38
2343,3.25,3.5,2.75,3.17
16135,2.5,2.8,3.75,3.02
1106,3.5,3.8,3.2,3.5
38019,2.8,3.15,3.9,3.28
11854,3.25,3.5,3.75,3.5
10964,2.8,3.15,3.9,3.28
32586,2.8,3.15,4.2,3.38
22946,2.8,3.15,3.5,3.15
54959,2.8,3.15,3.65,3.2
54282,2.5,3.0,3.75,3.08
14233,3.25,3.5,4.0,3.58
64917,2.8,3.1,3.5,3.13
16473,3.15,3.8,2.95,3.3
53954,3.25,3.5,4.0,3.58
69440,3.25,3.5,4.1,3.62
57894,3.15,3.8,4.25,3.73
62748,2.85,3.1,4.25,3.4
12931,3.25,3.8,2.5,3.18
62908,3.25,3.8,2.5,3.18
43977,3.15,3.8,3.5,3.48
17249,2.85,3.1,3.75,3.23
31917,2.8,3.15,4.2,3.38
31584,2.8,3.1,3.5,3.13
47193,2.8,3.15,3.6,3.18
8372,2.8,3.15,4.2,3.38
2279,2.5,2.8,3.75,3.02
51255,2.85,3.1,4.25,3.4
2391,2.8,3.15,3.65,3.2
45892,2.85,3.1,3.65,3.2
36300,3.15,3.8,4.25,3.73
38431,3.2,3.5,2.8,3.17
18094,3.25,3.5,3.75,3.5
25586,2.5,3.1,4.2,3.27
24331,3.25,3.5,3.75,3.5
65862,2.8,3.15,3.5,3.15
33833,2.5,3.1,3.8,3.13
3166,3.25,3.5,4.0,3.58
21730,3.25,3.5,2.75,3.17
1099,2.8,3.1,4.2,3.37
36746,3.15,3.8,4.25,3.73
53237,2.8,3.15,3.6,3.18
62096,2.5,3.0,3.75,3.08
1080,3.25,3.5,2.75,3.17
35929,3.25,3.5,4.0,3.58
62263,2.85,3.1,4.25,3.4
40441,2.85,3.1,3.65,3.2
24771,2.8,3.15,4.2,3.38
14416,3.25,3.5,3.75,3.5
53528,2.85,3.1,4.25,3.4
28676,2.5,2.0,1.5,2.0
52988,3.15,3.8,2.9,3.28
51196,2.85,3.1,4.25,3.4
34630,2.5,3.1,2.2,2.6
12926,3.25,3.5,2.75,3.17
14495,2.5,2.8,3.1,2.8
67296,3.25,3.5,2.75,3.17
9639,3.25,3.5,2.75,3.17
62627,2.5,3.0,2.0,2.5
6071,3.15,3.8,4.25,3.73
49510,2.8,3.15,3.5,3.15
70026,3.5,3.25,2.75,3.17
16829,3.25,3.5,2.75,3.17
57139,3.25,3.5,3.75,3.5
45547,2.8,3.15,3.65,3.2
8616,3.25,3.5,3.75,3.5
21587,2.5,2.8,3.75,3.02
2684,2.8,3.15,3.6,3.18
16349,2.8,3.15,3.6,3.18
49576,2.8,3.15,4.2,3.38
31730,3.25,3.8,3.5,3.52
51653,2.5,2.8,3.1,2.8
71166,2.8,3.15,4.2,3.38
35889,3.15,3.8,4.25,3.73
54834,3.25,3.5,3.75,3.5
60959,2.8,3.15,4.2,3.38
5595,2.5,3.1,4.25,3.28
18880,2.5,3.0,3.75,3.08
32271,2.8,3.15,3.5,3.15
21846,2.8,3.15,3.65,3.2
51963,2.8,3.1,3.5,3.13
60329,2.8,3.15,3.65,3.2
9164,3.15,3.8,4.25,3.73
31215,2.5,2.0,1.5,2.0
54126,3.25,3.5,2.75,3.17
67549,3.25,3.5,4.0,3.58
14505,2.5,3.0,3.5,3.0
65808,2.8,3.15,4.2,3.38
11157,2.5,3.1,3.8,3.13
50172,2.8,3.1,3.5,3.13
48654,3.15,3.8,4.25,3.73
769,2.85,3.1,3.5,3.15
61747,2.8,3.1,3.5,3.13
43877,2.8,3.15,4.2,3.38
67100,2.5,3.0,3.75,3.08
59057,2.8,3.1,2.5,2.8
25587,2.5,2.2,4.1,2.93
43374,2.8,3.15,3.6,3.18
48800,3.25,3.5,4.0,3.58
68229,2.8,3.15,3.65,3.2
62985,3.25,3.5,4.0,3.58
25598,2.5,2.0,1.5,2.0
11395,2.8,3.1,3.5,3.13
5067,2.85,3.1,4.25,3.4
69801,2.8,3.15,3.9,3.28
18296,2.85,3.1,3.75,3.23
62414,2.85,3.1,3.95,3.3
25860,2.8,3.15,3.65,3.2
58803,3.15,3.8,4.25,3.73
68198,2.8,3.15,4.2,3.38
60050,2.8,3.15,3.65,3.2
26309,3.15,3.8,4.25,3.73
65971,2.8,3.15,3.6,3.18
15315,2.8,3.15,3.65,3.2
13995,3.25,3.5,3.75,3.5
19197,2.5,3.0,3.5,3.0
34968,2.85,3.1,3.65,3.2
43082,2.8,3.1,3.5,3.13
29825,2.85,3.1,4.25,3.4
23573,2.8,3.1,3.5,3.13
20238,2.8,3.1,2.5,2.8
35042,3.25,3.5,2.75,3.17
23719,3.15,3.8,2.95,3.3
52414,2.8,3.15,3.6,3.18
12529,2.85,3.1,4.25,3.4
25972,3.25,3.5,4.0,3.58
57977,2.5,2.8,3.75,3.02
49458,3.25,3.5,2.75,3.17
39491,2.8,3.1,3.5,3.13
58895,3.5,3.25,2.75,3.17
3204,2.5,3.1,3.8,3.13
18964,3.25,3.8,2.5,3.18
28651,2.8,3.1,3.5,3.13
3119,3.25,3.5,2.75,3.17
52549,2.8,3.15,3.6,3.18
60250,3.25,3.5,3.75,3.5
12659,3.25,3.8,4.1,3.72
445,3.25,3.5,2.75,3.17
7437,2.8,3.15,3.6,3.18
52875,3.5,3.8,4.2,3.83
29325,3.15,3.8,2.5,3.15
624,2.85,3.1,3.75,3.23
1157,2.5,2.0,1.5,2.0
25330,3.5,3.8,2.2,3.17
58461,3.5,3.8,3.2,3.5
64410,3.15,3.8,4.25,3.73
688,3.25,3.5,3.75,3.5
26227,2.8,2.5,4.2,3.17
23822,3.25,3.5,3.75,3.5
4574,2.5,2.0,1.5,2.0
68885,2.85,3.1,4.25,3.4
62705,3.25,3.5,3.75,3.5
26611,2.8,3.15,3.9,3.28
55505,2.5,3.1,4.2,3.27
56115,2.8,3.15,3.6,3.18
57599,2.8,3.1,2.5,2.8
24925,3.25,3.5,3.75,3.5
50145,2.5,3.1,4.25,3.28
35403,2.8,3.15,4.2,3.38
44536,3.25,3.5,2.75,3.17
62231,2.8,3.15,4.2,3.38
22415,2.8,3.15,3.6,3.18
39407,3.5,3.8,3.2,3.5
5158,2.85,3.1,3.75,3.23
10380,3.5,3.25,2.75,3.17
14320,2.8,3.15,4.2,3.38
63969,2.5,3.1,4.2,3.27
9436,2.8,3.1,3.5,3.13
22965,2.8,3.15,4.2,3.38
64672,2.8,3.1,3.5,3.13
51893,2.5,2.8,3.5,2.93
19456,2.5,3.0,2.2,2.57
23709,3.15,3.8,3.5,3.48
18405,3.25,3.5,4.1,3.62
7848,2.8,3.15,3.6,3.18
21734,2.85,3.1,4.25,3.4
49117,2.5,2.8,3.75,3.02
67950,3.5,3.8,2.9,3.4
23718,2.8,3.15,3.9,3.28
71413,2.85,3.1,4.25,3.4
43635,2.5,2.8,3.1,2.8
61733,2.8,3.1,3.5,3.13
38327,2.8,3.15,3.5,3.15
57955,2.85,3.1,4.25,3.4
40985,2.8,3.1,3.5,3.13
30779,2.85,3.1,3.75,3.23
68423,2.8,3.15,3.6,3.18
57734,2.5,3.0,2.0,2.5
23281,3.25,3.8,2.75,3.27
26392,2.8,3.15,3.6,3.18
7820,2.5,3.0,2.75,2.75
21916,2.5,3.0,2.0,2.5
49986,2.8,3.15,4.2,3.38
26649,3.25,3.5,2.75,3.17
30234,2.85,3.1,3.5,3.15
62359,2.85,3.1,3.75,3.23
48075,3.5,3.8,3.2,3.5
39770,2.5,3.1,3.8,3.13
51978,2.8,3.15,3.6,3.18
23530,2.8,3.1,3.5,3.13
66938,2.85,3.1,4.25,3.4
62462,2.5,2.0,1.5,2.0
15354,2.8,3.1,2.5,2.8
34035,3.25,3.5,2.75,3.17
70694,2.5,3.1,4.2,3.27
35172,3.25,3.8,4.1,3.72
21316,2.5,2.0,1.5,2.0
41231,2.5,3.1,4.2,3.27
39345,2.85,3.1,4.25,3.4
38088,3.25,3.8,2.5,3.18
43507,2.5,2.8,3.75,3.02
50235,3.25,3.5,3.75,3.5
58608,2.85,3.1,3.5,3.15
38804,2.85,3.1,3.75,3.23
6024,2.5,3.1,3.75,3.12
20532,3.15,3.5,2.8,3.15
41954,2.5,2.8,4.2,3.17
11306,2.5,3.1,3.8,3.13
60341,2.85,3.1,3.75,3.23
68010,3.25,3.5,3.75,3.5
384,3.25,3.5,2.75,3.17
15551,3.15,3.8,2.95,3.3
60151,2.8,3.15,3.6,3.18
30050,2.85,3.1,4.25,3.4
620,2.85,3.1,3.5,3.15
45608,2.8,3.1,3.5,3.13
20311,2.8,3.1,2.5,2.8
46596,2.8,3.15,3.65,3.2
68539,2.5,2.8,3.1,2.8
7783,2.8,3.15,3.6,3.18
27211,2.8,3.1,3.5,3.13
3534,2.5,3.0,3.75,3.08
40757,3.25,3.5,4.0,3.58
30411,2.85,3.1,4.25,3.4
4013,2.8,3.15,4.2,3.38
28990,3.5,3.8,2.2,3.17
35005,3.5,3.8,4.2,3.83
67154,2.8,3.15,3.5,3.15
62162,2.85,3.1,3.75,3.23
41878,2.85,3.1,3.75,3.23
14825,3.25,3.5,2.75,3.17
32343,2.8,3.15,3.6,3.18
19135,2.8,3.15,4.2,3.38
57307,3.25,3.5,4.0,3.58
41142,2.8,3.15,3.6,3.18
64354,3.25,3.5,3.75,3.5
7898,3.5,3.75,2.25,3.17
22794,2.8,3.15,3.65,3.2
10249,3.15,3.8,4.25,3.73
10852,3.25,3.5,4.0,3.58
43201,2.5,2.8,2.2,2.5
58305,3.25,3.5,4.0,3.58
64031,2.85,3.1,4.25,3.4
61804,3.15,3.8,4.25,3.73
6617,2.8,3.15,4.2,3.38
36920,2.8,3.15,3.9,3.28
37638,3.15,3.8,4.25,3.73
36276,2.8,3.1,2.5,2.8
59080,2.85,2.5,3.75,3.03
34885,3.5,3.8,3.2,3.5
3557,2.85,2.5,3.75,3.03
42508,2.85,3.1,3.5,3.15
30543,2.5,2.8,3.5,2.93
5233,2.8,3.15,4.2,3.38
9679,2.5,3.0,2.0,2.5
65652,2.8,3.15,4.2,3.38
3719,2.8,3.15,3.6,3.18
12611,2.8,3.15,4.2,3.38
7269,2.85,3.1,4.25,3.4
35619,2.8,3.15,4.2,3.38
47410,2.8,3.15,3.6,3.18
20950,2.8,3.1,3.5,3.13
23075,2.85,3.1,4.25,3.4
60406,2.8,3.15,3.6,3.18
39014,2.5,2.8,2.2,2.5
2709,3.25,3.5,3.75,3.5
60950,2.5,2.0,3.5,2.67
59685,2.8,3.15,3.6,3.18
57769,3.25,3.5,4.0,3.58
70354,2.8,3.1,3.5,3.13
43785,2.85,3.1,4.25,3.4
56926,2.5,3.0,2.0,2.5
71018,2.5,2.8,3.2,2.83
51940,2.8,3.15,3.5,3.15
55575,3.25,3.5,2.75,3.17
34582,2.5,2.0,4.0,2.83
56126,3.25,3.5,4.1,3.62
13858,2.8,3.1,3.5,3.13
53046,2.85,3.1,3.75,3.23
66615,2.5,2.8,3.5,2.93
38185,2.85,3.1,4.25,3.4
66422,2.8,3.15,3.6,3.18
66146,2.8,3.15,3.9,3.28
26233,2.5,2.8,3.2,2.83
8735,3.25,3.5,2.75,3.17
12277,2.5,2.0,1.5,2.0
34162,3.25,3.5,2.75,3.17
51659,3.5,3.8,4.2,3.83
56750,2.8,3.15,3.6,3.18
54745,3.25,3.5,2.75,3.17
11873,2.5,3.1,3.8,3.13
62635,2.5,3.0,3.5,3.0
54084,3.15,3.8,3.5,3.48
5271,3.5,3.8,2.75,3.35
6924,3.25,3.5,4.0,3.58
27527,2.8,3.15,3.5,3.15
7971,2.8,3.15,3.75,3.23
40245,3.15,3.8,4.25,3.73
55029,2.8,3.15,3.6,3.18
19902,2.8,3.1,2.5,2.8
67144,3.25,3.5,3.75,3.5
26557,2.8,3.15,3.5,3.15
49728,2.85,3.1,4.25,3.4
48213,2.8,3.15,3.6,3.18
65535,2.85,3.1,4.25,3.4
20887,3.5,3.8,3.2,3.5
70767,2.8,3.15,3.6,3.18
17815,2.5,2.8,2.2,2.5
60932,2.8,3.1,2.5,2.8
16196,2.8,3.15,3.5,3.15
52604,3.25,3.8,3.5,3.52
57081,2.5,2.8,4.2,3.17
35590,2.8,3.1,2.5,2.8
36477,3.25,3.8,4.1,3.72
6386,2.8,3.1,3.5,3.13
48722,2.8,3.15,3.5,3.15
15375,3.15,3.8,4.25,3.73
616,2.8,3.15,3.6,3.18
22746,2.85,3.12,3.78,3.25
38102,2.8,3.15,4.2,3.38
21182,2.8,3.1,3.5,3.13
38369,3.5,3.8,3.2,3.5
26900,2.8,3.15,4.2,3.38
66451,2.8,3.15,4.2,3.38
30174,2.8,3.15,4.2,3.38
663,3.15,3.8,4.25,3.73
45324,2.8,3.15,4.2,3.38
53563,3.25,3.8,2.75,3.27
9114,3.15,3.8,4.25,3.73
8204,2.8,3.15,3.6,3.18
30554,2.5,2.8,3.75,3.02
58529,3.25,3.5,4.1,3.62
37376,2.5,3.0,2.0,2.5
59743,3.25,3.5,3.75,3.5
58134,2.8,3.1,3.5,3.13
15967,3.25,3.8,4.1,3.72
9625,2.8,3.15,3.6,3.18
52013,3.15,3.8,4.25,3.73
47844,2.8,3.15,3.5,3.15
33055,2.85,3.1,3.65,3.2
67614,2.8,3.15,4.2,3.38
28018,2.5,3.0,2.0,2.5
595,2.8,3.1,3.5,3.13
24059,2.5,3.0,2.0,2.5
59472,2.5,3.0,2.2,2.57
7445,3.25,3.5,3.75,3.5
56283,2.5,3.0,2.0,2.5
30561,2.8,3.15,4.2,3.38
10413,2.5,3.0,3.75,3.08
21387,2.5,2.8,2.2,2.5
65096,3.25,3.5,3.75,3.5
65870,2.5,3.1,4.2,3.27
16493,2.8,3.1,2.5,2.8
14682,2.5,3.0,4.25,3.25
61332,2.85,3.1,4.25,3.4
37782,2.85,2.5,4.2,3.18
44765,3.5,3.25,2.75,3.17
37699,2.5,2.8,2.2,2.5
53269,3.25,3.5,3.75,3.5
29318,3.5,3.8,3.2,3.5
58471,3.25,3.8,3.5,3.52
38646,2.5,3.0,3.75,3.08
21524,2.5,2.0,1.5,2.0
21914,2.5,2.8,2.2,2.5
34977,2.5,3.0,3.75,3.08
70520,2.8,3.1,3.5,3.13
62164,2.8,3.15,3.6,3.18
61769,3.5,3.25,2.75,3.17
2331,3.25,3.5,2.75,3.17
42274,3.25,3.5,2.75,3.17
223,2.5,2.8,3.75,3.02
43323,3.25,3.5,2.75,3.17
17407,3.25,3.5,4.1,3.62
39938,3.25,3.5,3.75,3.5
47505,2.8,3.15,2.5,2.82
2425,2.5,2.3,3.8,2.87
22545,2.8,3.15,3.6,3.18
23493,3.25,3.5,2.75,3.17
13938,2.5,3.1,2.8,2.8
59571,3.25,3.5,3.75,3.5
22346,3.25,3.5,2.75,3.17
60171,3.15,3.8,3.5,3.48
2293,2.85,3.1,3.5,3.15
27368,2.8,3.15,3.65,3.2
9916,2.8,3.15,4.2,3.38
3929,2.5,3.1,4.2,3.27
514,3.15,3.8,2.95,3.3
51226,3.15,3.8,3.5,3.48
17344,2.8,3.15,4.2,3.38
5203,2.5,3.1,3.8,3.13
21218,2.8,3.15,3.5,3.15
15341,2.8,3.15,3.9,3.28
29614,3.25,3.5,2.75,3.17
6929,2.85,3.1,4.25,3.4
61203,2.5,3.1,3.8,3.13
18353,2.8,3.15,3.75,3.23
28567,3.25,3.5,3.75,3.5
1430,3.25,3.5,4.0,3.58
32912,2.8,3.15,4.2,3.38
11962,2.8,3.15,4.2,3.38
48691,3.2,3.5,2.8,3.17
25754,2.8,3.15,4.2,3.38
41697,3.15,3.8,3.5,3.48
42197,2.8,3.15,3.6,3.18
65168,3.25,3.5,2.75,3.17
60253,3.5,3.8,3.2,3.5
16741,3.15,3.8,4.25,3.73
10638,2.8,3.1,4.25,3.38
1407,3.25,3.5,3.75,3.5
27825,2.8,3.1,4.25,3.38
59701,3.25,3.5,2.75,3.17
7448,3.25,3.5,3.75,3.5
54063,3.25,3.5,4.1,3.62
48488,2.8,3.1,3.5,3.13
128,3.25,3.5,3.75,3.5
1649,2.85,3.1,3.75,3.23
62998,3.25,3.5,2.75,3.17
44596,2.8,3.15,4.2,3.38
10489,2.8,3.1,2.5,2.8
35036,3.25,3.5,3.75,3.5
49789,2.85,3.1,4.25,3.4
44447,2.8,3.1,3.5,3.13
60306,2.8,3.15,3.5,3.15
27810,2.8,3.15,3.6,3.18
62482,2.8,3.1,4.2,3.37
41394,2.8,3.15,4.2,3.38
60030,3.25,3.5,4.1,3.62
32580,2.5,2.8,3.75,3.02
49885,3.15,3.8,4.25,3.73
38557,2.8,3.15,4.2,3.38
69493,3.15,3.8,3.5,3.48
34743,2.8,3.1,2.5,2.8
5509,2.8,3.15,3.65,3.2
70541,3.5,3.25,2.75,3.17
31039,2.8,3.1,3.5,3.13
26062,3.25,3.5,2.75,3.17
34150,2.5,2.8,3.75,3.02
54047,2.8,3.15,4.2,3.38
36525,2.85,3.1,3.75,3.23
35215,3.25,3.5,2.75,3.17
50331,2.8,3.1,3.5,3.13
1383,3.25,3.5,2.75,3.17
67276,2.85,3.1,4.25,3.4
61640,2.8,3.15,3.65,3.2
16698,2.8,3.15,3.6,3.18
10185,3.15,3.8,4.25,3.73
40330,3.25,3.5,3.75,3.5
56241,2.8,3.15,3.6,3.18
62377,2.8,3.1,3.5,3.13
57972,2.5,2.2,4.0,2.9
19276,2.85,3.1,4.25,3.4
8949,3.15,3.8,3.5,3.48
49713,2.5,2.8,1.5,2.27
18222,2.85,3.1,3.65,3.2
45142,2.85,3.1,4.25,3.4
28753,3.15,3.8,3.5,3.48
8280,2.8,3.15,4.2,3.38
59677,2.5,2.3,3.1,2.63
26623,3.25,3.8,4.15,3.73
34597,3.15,3.8,4.25,3.73
65756,3.25,3.8,3.5,3.52
68031,2.5,2.0,1.5,2.0
55434,2.5,2.0,1.5,2.0
53606,3.25,3.8,2.9,3.32
41528,2.8,3.15,3.65,3.2
44134,3.25,3.8,4.1,3.72
37472,3.25,3.5,4.1,3.62
53689,2.85,3.1,4.25,3.4
69021,3.5,3.8,2.75,3.35
10188,2.8,3.15,4.2,3.38
52131,2.8,3.15,3.9,3.28
31552,2.8,3.15,3.9,3.28
11096,2.8,3.15,3.6,3.18
6823,2.8,3.15,2.5,2.82
34087,2.8,3.15,3.6,3.18
13044,3.25,3.5,4.0,3.58
58673,3.25,3.5,2.75,3.17
31820,2.85,3.1,4.25,3.4
68557,3.25,3.5,2.75,3.17
68745,3.25,3.5,3.75,3.5
8428,2.85,3.1,3.75,3.23
5004,3.25,3.5,2.75,3.17
63924,3.15,3.8,4.25,3.73
36629,2.85,3.1,3.75,3.23
58892,3.25,3.5,3.75,3.5
50438,3.25,3.8,4.15,3.73
15436,2.85,3.1,4.25,3.4
70565,2.8,3.15,3.6,3.18
38433,2.8,3.15,3.65,3.2
41584,3.15,3.8,4.25,3.73
53552,2.85,3.1,3.75,3.23
56312,2.5,3.0,3.75,3.08
16718,2.8,3.15,3.6,3.18
58549,2.8,3.15,3.65,3.2
35621,2.8,3.1,3.5,3.13
29660,2.8,3.1,3.5,3.13
50066,2.8,3.15,4.2,3.38
23125,2.85,3.1,3.75,3.23
57100,2.5,3.0,2.75,2.75
19605,3.5,3.75,2.25,3.17
44446,2.8,3.15,3.6,3.18
47801,3.15,3.8,4.25,3.73
57425,2.8,3.15,3.6,3.18
68772,2.5,2.0,3.75,2.75
12103,2.8,3.1,3.5,3.13
18547,2.5,3.1,3.75,3.12
43033,2.8,3.1,3.5,3.13
15835,3.15,3.8,4.25,3.73
68017,3.2,3.5,2.8,3.17
54542,3.25,3.5,3.75,3.5
46327,2.8,3.15,3.65,3.2
40969,2.85,3.1,4.25,3.4
64890,2.5,2.0,1.5,2.0
3965,3.5,3.8,2.2,3.17
17751,2.85,3.1,4.25,3.4
41964,3.25,3.5,4.0,3.58
53840,3.25,3.5,2.75,3.17
45828,2.85,3.1,3.65,3.2
68509,2.8,3.15,3.5,3.15
26296,2.5,3.0,2.2,2.57
24195,2.8,3.15,3.65,3.2
21512,2.85,3.1,4.25,3.4
59793,2.8,3.15,3.9,3.28
971,2.8,3.15,3.6,3.18
56337,2.85,3.1,4.25,3.4
16000,2.8,3.1,3.5,3.13
17091,3.25,3.5,3.75,3.5
38923,2.8,3.15,3.9,3.28
57366,2.8,3.15,3.6,3.18
11935,3.5,3.25,2.75,3.17
20801,2.8,3.15,4.2,3.38
3188,3.25,3.5,3.75,3.5
6710,2.5,3.0,3.5,3.0
7524,3.25,3.5,3.75,3.5
28807,2.8,3.1,2.5,2.8
67321,3.15,3.8,4.25,3.73
57579,2.1,1.85,3.5,2.48
27231,2.8,3.1,3.5,3.13
5410,3.25,3.5,4.0,3.58
41594,3.25,3.5,4.1,3.62
7711,3.25,3.8,3.5,3.52
18237,3.25,3.5,4.1,3.62
54072,2.85,3.1,4.25,3.4
65813,3.25,3.5,2.75,3.17
45417,2.5,3.1,3.8,3.13
51830,2.85,3.1,4.25,3.4
57983,2.8,3.15,3.5,3.15
42669,3.25,3.5,2.75,3.17
66076,2.8,3.15,4.2,3.38
8816,3.25,3.5,4.0,3.58
32316,3.25,3.5,3.75,3.5
25008,3.25,3.5,4.1,3.62
64905,3.15,3.8,4.25,3.73
60626,2.5,3.1,3.8,3.13
49625,2.8,3.15,3.65,3.2
14324,2.85,3.1,3.75,3.23
52573,3.25,3.5,3.75,3.5
32984,2.8,3.1,3.5,3.13
35126,2.8,3.15,4.2,3.38
57472,2.8,3.15,4.2,3.38
59136,2.5,2.0,1.5,2.0
58685,2.85,3.1,3.75,3.23
71247,2.85,3.1,4.25,3.4
35412,2.85,3.1,3.5,3.15
53231,2.5,2.8,3.75,3.02
52422,2.5,3.1,3.8,3.13
47183,2.8,3.15,3.9,3.28
7266,2.8,3.15,4.2,3.38
25642,3.5,3.8,2.75,3.35
24994,2.8,3.15,4.2,3.38
27352,3.25,3.5,2.75,3.17
60868,2.85,3.1,4.25,3.4
29482,3.25,3.5,2.75,3.17
15885,3.15,3.8,4.25,3.73
17481,3.15,3.8,4.25,3.73
6487,2.8,3.15,4.2,3.38
32798,3.25,3.8,4.1,3.72
58982,2.5,3.0,2.0,2.5
7051,2.8,3.1,2.5,2.8
71110,2.8,3.1,4.2,3.37
59247,3.5,4.0,2.75,3.42
17779,3.25,3.5,4.1,3.62
69461,3.15,3.8,4.25,3.73
63512,2.85,3.1,3.5,3.15
18520,2.5,3.0,3.75,3.08
30897,2.85,3.1,4.25,3.4
7171,3.25,3.5,2.75,3.17
48104,3.25,3.5,4.1,3.62
58740,3.25,3.8,2.5,3.18
9285,3.25,3.5,3.75,3.5
6208,3.25,3.5,3.75,3.5
14120,2.5,2.8,4.2,3.17
48960,3.25,3.5,3.75,3.5
45512,2.5,3.0,2.2,2.57
66109,3.25,3.5,2.75,3.17
35855,2.8,3.15,4.2,3.38
7131,2.8,3.1,2.5,2.8
31351,2.8,3.15,3.9,3.28
3438,3.25,3.5,2.75,3.17
70290,3.15,3.8,4.25,3.73
1845,2.8,3.1,2.5,2.8
69780,2.8,3.15,3.6,3.18
53930,2.8,3.15,3.9,3.28
49696,2.8,3.15,4.2,3.38
49002,3.25,3.5,3.75,3.5
71256,3.25,3.5,3.75,3.5
67506,2.5,3.1,3.8,3.13
66428,2.5,2.0,3.0,2.5
10612,2.85,3.1,4.25,3.4
45675,2.85,3.1,4.25,3.4
40565,3.25,3.5,4.0,3.58
31081,2.8,3.15,3.9,3.28
19703,3.25,3.5,3.75,3.5
29838,3.25,3.5,3.75,3.5
2470,2.5,3.0,3.75,3.08
4315,2.85,3.1,3.75,3.23
70128,2.8,3.1,3.5,3.13
40264,2.5,2.8,3.75,3.02
19906,2.5,2.0,3.75,2.75
49686,3.25,3.8,4.1,3.72
290,3.25,3.5,2.75,3.17
19782,3.25,3.5,2.75,3.17
59395,2.8,3.15,3.6,3.18
54065,3.25,3.5,4.1,3.62
56536,3.15,3.8,4.25,3.73
12267,2.85,3.1,3.75,3.23
64239,2.5,3.1,3.75,3.12
31383,2.8,3.15,3.65,3.2
30612,3.25,3.5,3.75,3.5
43307,3.25,3.5,2.75,3.17
71925,2.5,3.1,3.8,3.13
1826,3.15,3.8,2.9,3.28
28323,2.8,3.1,3.5,3.13
56748,2.8,3.15,3.6,3.18
65329,2.5,3.0,1.5,2.33
41719,3.5,3.25,2.75,3.17
51681,2.8,3.15,3.6,3.18
2449,2.8,3.15,3.65,3.2
42859,2.8,3.15,4.2,3.38
65491,2.8,3.15,4.2,3.38
56607,2.85,3.1,4.25,3.4
35105,2.1,2.35,3.8,2.75
13923,3.15,3.8,3.5,3.48
32336,3.25,3.5,3.75,3.5
20305,3.5,3.8,3.2,3.5
57431,2.8,3.15,3.6,3.18
24126,3.25,3.5,3.75,3.5
58449,2.8,3.15,3.9,3.28
25085,2.85,3.1,3.5,3.15
56377,3.25,3.5,4.1,3.62
58668,3.25,3.5,2.75,3.17
13494,2.8,3.15,4.2,3.38
22095,2.8,3.15,3.65,3.2
65587,2.8,3.15,4.2,3.38
58118,2.8,3.15,3.5,3.15
36094,2.8,3.1,4.2,3.37
29985,2.8,3.15,3.5,3.15
5363,2.8,3.15,3.6,3.18
20739,2.8,3.15,4.2,3.38
11419,2.8,3.15,3.5,3.15
9232,2.5,3.1,2.8,2.8
36123,2.8,3.1,3.5,3.13
65176,2.5,2.8,3.1,2.8
38069,2.5,3.1,4.25,3.28
6133,3.25,3.5,2.75,3.17
41407,2.8,3.1,3.5,3.13
66406,2.8,3.1,4.2,3.37
60080,3.25,3.5,2.75,3.17
36067,3.15,3.8,4.25,3.73
36049,2.8,3.15,3.6,3.18
14816,3.25,3.5,4.0,3.58
44939,2.85,3.1,4.25,3.4
58075,2.85,3.1,4.25,3.4
2898,2.85,3.1,4.25,3.4
28938,3.25,3.5,2.75,3.17
56121,2.8,3.15,3.9,3.28
23126,3.15,3.8,4.25,3.73
56419,2.5,2.0,1.5,2.0
46284,3.5,3.0,2.2,2.9
36221,2.85,3.1,3.75,3.23
16519,2.8,3.1,3.5,3.13
18749,3.2,3.5,2.8,3.17
6750,2.8,3.15,4.2,3.38
59730,2.85,3.1,3.5,3.15
48347,2.5,2.8,3.2,2.83
66477,3.15,3.8,3.5,3.48
56954,3.15,3.8,4.25,3.73
65317,2.8,3.15,3.6,3.18
40367,2.8,3.15,3.6,3.18
53276,2.8,3.15,3.6,3.18
21041,2.8,3.15,3.5,3.15
48119,2.5,2.0,3.75,2.75
7540,2.8,3.1,4.2,3.37
3938,3.25,3.5,4.0,3.58
63767,2.8,3.1,4.2,3.37
41980,2.85,3.1,4.25,3.4
29489,2.8,3.1,2.5,2.8
19710,2.5,3.1,3.8,3.13
24073,2.85,3.1,3.5,3.15
24646,3.5,3.8,2.75,3.35
63541,3.15,3.8,4.25,3.73
2316,3.25,3.8,3.5,3.52
58641,2.85,3.1,4.25,3.4
53066,2.8,3.15,4.2,3.38
66971,3.25,3.8,3.5,3.52
67672,2.8,3.15,4.2,3.38
58020,2.8,3.15,4.2,3.38
9173,2.5,3.0,4.25,3.25
16838,2.85,3.1,4.25,3.4
5486,2.85,3.1,3.75,3.23
19918,2.8,3.15,3.6,3.18
3509,2.85,3.1,4.25,3.4
64475,3.15,3.8,4.25,3.73
54928,3.25,3.5,4.0,3.58
21346,3.25,3.5,3.75,3.5
13763,2.8,3.15,3.6,3.18
16440,2.5,2.8,3.1,2.8
33771,2.8,3.15,4.2,3.38
41434,3.25,3.5,4.1,3.62
22130,3.25,3.5,2.75,3.17
13489,2.8,3.15,3.9,3.28
63355,2.8,3.15,3.6,3.18
44166,3.5,3.8,2.9,3.4
6832,3.5,3.8,2.75,3.35
32670,3.15,3.8,3.5,3.48
49167,3.25,3.5,2.75,3.17
38828,3.15,3.8,4.25,3.73
61829,2.8,3.1,2.5,2.8
51407,2.5,3.1,4.2,3.27
57787,3.25,3.8,3.5,3.52
36871,2.8,3.15,3.5,3.15
26398,3.15,3.8,4.25,3.73
12244,3.25,3.5,2.75,3.17
17941,2.8,3.15,3.9,3.28
26138,2.85,3.1,4.25,3.4
36415,2.8,3.1,3.5,3.13
64591,2.8,3.15,4.2,3.38
30209,2.1,2.35,3.8,2.75
55544,2.8,3.15,4.2,3.38
8855,3.25,3.8,2.9,3.32
21652,3.25,3.5,3.75,3.5
53159,2.5,3.1,2.8,2.8
59281,3.25,3.5,2.75,3.17
35019,3.25,3.5,4.1,3.62
55807,2.5,3.1,3.8,3.13
54392,2.8,3.15,4.2,3.38
53565,3.25,3.5,3.75,3.5
16011,2.8,3.15,3.6,3.18
40759,2.5,2.8,3.1,2.8
53008,2.85,3.1,4.25,3.4
3544,2.5,3.0,2.75,2.75
65287,2.5,2.0,1.5,2.0
51758,3.15,3.8,2.95,3.3
53182,2.8,3.15,3.6,3.18
39574,3.25,3.5,2.75,3.17
34530,2.85,3.1,4.25,3.4
65417,3.15,3.8,2.95,3.3
18033,3.25,3.5,2.75,3.17
17809,3.25,3.5,4.1,3.62
15515,3.15,3.8,4.25,3.73
63492,3.15,3.8,4.25,3.73
64705,3.25,3.5,3.75,3.5
6853,3.25,3.8,2.9,3.32
54272,3.15,3.8,2.9,3.28
43793,2.85,3.1,3.75,3.23
25076,2.8,3.15,3.65,3.2
11508,2.8,3.15,3.6,3.18
48763,2.8,3.15,4.2,3.38
47866,3.15,3.8,4.25,3.73
47845,3.25,3.8,2.5,3.18
41794,2.8,3.1,4.2,3.37
2834,2.8,3.15,3.5,3.15
55950,3.25,3.5,3.75,3.5
59291,2.8,3.1,4.25,3.38
16336,2.8,3.1,4.2,3.37
49132,2.8,3.15,4.2,3.38
22235,3.25,3.5,3.75,3.5
35565,3.25,3.5,2.75,3.17
71644,3.5,4.0,3.25,3.58
52617,2.8,3.1,4.2,3.37
68070,3.15,3.8,4.25,3.73
68804,2.85,3.1,4.25,3.4
68887,2.8,3.15,3.5,3.15
47773,3.15,3.8,3.5,3.48
18386,2.5,2.8,3.1,2.8
16647,2.8,3.1,4.2,3.37
31798,3.25,3.5,3.75,3.5
14253,2.5,3.1,3.75,3.12
57216,2.8,3.15,4.2,3.38
71375,2.8,3.1,2.5,2.8
69309,2.8,3.15,3.5,3.15
36971,2.8,3.1,2.5,2.8
56397,2.91,2.24,3.94,3.03
11302,2.8,3.15,3.9,3.28
36222,2.85,3.1,3.75,3.23
4680,3.15,3.8,4.25,3.73
45560,3.15,3.8,2.9,3.28
4511,3.25,3.8,3.5,3.52
42437,3.25,3.5,4.1,3.62
14279,3.25,3.5,3.75,3.5
70561,3.15,3.8,2.9,3.28
48636,3.15,3.8,4.25,3.73
9819,2.8,3.1,3.5,3.13
57215,2.85,3.1,4.25,3.4
53094,2.85,3.1,3.75,3.23
18298,3.25,3.5,2.75,3.17
62701,2.85,3.1,4.25,3.4
59775,3.5,3.8,2.2,3.17
23930,2.85,3.1,4.2,3.38
53569,3.25,3.5,3.75,3.5
17851,3.25,3.5,4.0,3.58
22207,3.5,3.8,2.75,3.35
49524,2.5,2.0,1.5,2.0
6344,3.25,3.5,2.75,3.17
22149,3.25,3.5,3.75,3.5
10319,3.25,3.5,4.0,3.58
46716,2.5,2.8,3.75,3.02
39708,3.15,3.8,4.25,3.73
3096,2.8,3.15,4.2,3.38
18233,2.8,3.15,3.6,3.18
7620,2.85,3.1,4.2,3.38
18603,2.5,3.0,3.5,3.0
47996,2.8,3.15,3.5,3.15
23847,2.8,3.1,3.5,3.13
5315,2.8,3.15,4.2,3.38
20874,2.85,3.1,3.75,3.23
15893,2.5,2.0,1.5,2.0
64437,2.8,3.15,4.2,3.38
27180,3.25,3.8,4.15,3.73
64663,2.8,3.15,3.6,3.18
12306,2.8,3.15,3.9,3.28
15651,2.8,3.1,3.5,3.13
18355,3.25,3.5,2.75,3.17
43558,2.8,3.15,3.6,3.18
29954,2.8,3.15,3.6,3.18
34292,2.85,3.1,4.2,3.38
62642,2.85,3.1,4.25,3.4
21596,2.8,3.15,3.6,3.18
38109,2.8,3.15,3.6,3.18
53541,3.25,3.5,2.75,3.17
10000,2.5,3.0,3.75,3.08
61257,2.8,3.1,2.5,2.8
30073,3.15,3.8,4.25,3.73
13069,2.8,3.15,3.5,3.15
9755,1.85,2.1,4.5,2.82
29631,2.8,3.1,4.2,3.37
65278,3.15,3.8,4.25,3.73
62257,2.85,3.1,3.75,3.23
39562,3.25,3.5,2.75,3.17
19340,2.8,3.15,4.2,3.38
48113,2.5,3.0,4.25,3.25
69530,3.5,3.8,2.2,3.17
56036,2.5,2.8,4.2,3.17
30866,3.5,3.25,2.75,3.17
63964,2.8,3.15,3.6,3.18
33558,2.5,3.0,3.75,3.08
50005,3.25,3.8,3.5,3.52
9055,2.8,3.15,3.9,3.28
43851,2.8,3.15,3.65,3.2
64104,3.15,3.8,4.25,3.73
55541,3.25,3.8,3.5,3.52
1662,2.5,2.8,4.2,3.17
5384,2.85,3.1,3.65,3.2
12975,2.5,2.0,4.25,2.92
25903,3.15,3.8,4.25,3.73
12437,2.8,3.15,4.2,3.38
22695,2.8,3.15,4.2,3.38
70567,2.5,3.1,3.8,3.13
3002,2.5,2.8,2.2,2.5
24460,3.15,3.8,3.5,3.48
18960,2.8,3.15,4.2,3.38
6109,3.15,3.8,3.5,3.48
46549,2.8,3.15,4.2,3.38
24515,2.5,3.0,2.0,2.5
49068,3.25,3.5,2.75,3.17
34004,3.25,3.5,4.0,3.58
28604,2.8,3.15,4.2,3.38
18584,2.5,2.25,4.75,3.17
58221,2.8,3.15,3.9,3.28
51091,2.5,3.0,3.75,3.08
63598,2.8,3.15,3.6,3.18
14981,3.25,3.5,2.75,3.17
46396,2.8,3.1,3.5,3.13
27072,2.85,3.1,3.75,3.23
63392,3.25,3.5,2.75,3.17
35420,2.5,2.25,3.75,2.83
52978,2.85,3.1,4.25,3.4
21008,3.15,3.8,4.25,3.73
36622,3.15,3.85,2.9,3.3
40280,2.5,3.0,3.75,3.08
15553,2.85,3.1,3.75,3.23
26978,2.8,3.15,3.9,3.28
69168,3.25,3.5,3.75,3.5
38270,3.5,3.8,3.2,3.5
61797,2.8,3.15,4.2,3.38
1961,3.15,3.8,4.25,3.73
45530,2.8,3.1,3.5,3.13
23681,2.8,3.15,4.2,3.38
14736,3.25,3.5,2.75,3.17
51567,2.5,3.0,3.75,3.08
5845,2.8,3.15,3.75,3.23
67205,2.5,2.8,3.75,3.02
51804,2.5,3.0,2.2,2.57
56147,2.8,3.1,3.5,3.13
52724,3.25,3.5,2.75,3.17
22975,2.8,2.5,3.1,2.8
57281,2.5,2.8,2.2,2.5
34824,2.8,3.15,3.9,3.28
47289,2.8,3.15,3.75,3.23
69800,2.8,3.15,3.6,3.18
52858,2.5,3.0,2.2,2.57
63923,3.15,3.8,4.25,3.73
4992,2.8,3.15,3.5,3.15
21062,2.5,2.8,2.2,2.5
37898,3.25,3.5,4.0,3.58
6144,2.8,3.15,4.2,3.38
31106,3.25,3.5,4.1,3.62
38817,3.25,3.5,4.0,3.58
65928,2.8,3.15,3.5,3.15
72164,3.25,3.5,4.1,3.62
49826,2.85,3.1,4.25,3.4
71254,3.25,3.5,2.75,3.17
62203,3.25,3.5,4.0,3.58
28117,2.8,3.15,3.65,3.2
9260,2.8,3.15,3.6,3.18
45218,2.85,3.1,4.25,3.4
17392,3.25,3.5,2.75,3.17
55250,2.8,3.15,3.5,3.15
798,2.5,3.0,3.5,3.0
37059,3.25,3.5,4.0,3.58
14412,2.85,3.1,3.75,3.23
32090,2.85,3.1,4.25,3.4
52277,3.25,3.5,2.75,3.17
63371,2.8,3.15,4.2,3.38
71173,2.5,3.1,2.8,2.8
32360,3.5,3.25,2.75,3.17
9157,3.15,3.8,4.25,3.73
19812,3.25,3.8,3.5,3.52
25126,2.5,3.1,2.8,2.8
70266,3.25,3.5,3.75,3.5
1066,2.8,3.15,3.6,3.18
16558,3.15,3.8,2.95,3.3
35135,3.15,3.8,4.25,3.73
24908,3.25,3.5,2.75,3.17
68913,3.25,3.8,3.5,3.52
17059,3.25,3.8,3.5,3.52
18261,2.8,3.15,3.6,3.18
21873,2.8,3.15,3.6,3.18
44858,3.25,3.5,2.75,3.17
58174,2.8,3.15,4.2,3.38
30453,3.5,3.8,2.2,3.17
48887,2.5,2.8,3.1,2.8
64915,3.25,3.5,2.75,3.17
16397,2.85,3.1,4.25,3.4
65902,2.8,3.15,4.2,3.38
33347,3.25,3.8,2.5,3.18
56380,2.8,3.15,4.2,3.38
47817,2.5,3.0,4.25,3.25
28913,2.8,3.15,4.2,3.38
46516,2.85,3.1,3.5,3.15
65660,2.5,2.0,3.75,2.75
50083,3.25,3.5,2.75,3.17
16623,2.85,3.1,4.25,3.4
68754,2.8,3.15,3.6,3.18
21539,2.8,3.1,3.5,3.13
69555,2.5,3.1,2.2,2.6
9502,3.25,3.5,3.75,3.5
65771,2.8,3.15,4.2,3.38
60568,2.8,3.15,4.2,3.38
7811,2.85,3.1,4.25,3.4
59026,2.8,3.15,4.2,3.38
5483,3.25,3.5,4.0,3.58
45230,2.85,3.1,3.75,3.23
67855,2.5,3.0,3.75,3.08
49246,2.8,3.15,3.6,3.18
36779,2.8,3.15,3.6,3.18
41635,3.25,3.5,4.1,3.62
49099,3.5,4.0,3.75,3.75
1853,3.25,3.5,2.75,3.17
27350,2.5,2.8,4.2,3.17
10637,3.15,3.8,3.5,3.48
55464,2.8,3.15,3.5,3.15
44044,2.5,2.8,4.2,3.17
57181,3.15,3.8,3.5,3.48
20506,3.25,3.5,3.75,3.5
53499,3.25,3.5,3.75,3.5
18453,2.8,3.15,4.2,3.38
19577,2.5,2.0,3.75,2.75
35238,2.8,3.15,3.5,3.15
47534,2.8,3.15,4.2,3.38
58648,2.5,3.1,4.2,3.27
27904,2.8,3.15,3.65,3.2
1353,3.25,3.5,4.0,3.58
57984,3.25,3.5,2.75,3.17
52200,3.25,3.5,2.75,3.17
34704,2.85,3.1,4.25,3.4
56806,2.5,2.8,3.2,2.83
26657,2.85,3.1,3.75,3.23
7808,2.8,3.15,3.6,3.18
5019,3.25,3.5,2.75,3.17
37809,3.15,3.8,3.5,3.48
56763,2.8,3.15,4.2,3.38
40382,2.8,3.1,3.5,3.13
2239,3.25,3.8,4.1,3.72
71221,2.8,3.15,4.2,3.38
33669,2.8,3.15,3.5,3.15
41106,2.8,3.15,3.6,3.18
433,3.2,3.5,2.8,3.17
29227,2.8,3.1,3.5,3.13
28499,2.85,3.1,4.25,3.4
38425,2.5,3.1,3.7,3.1
44483,2.5,2.8,2.2,2.5
57535,2.8,3.15,3.5,3.15
25316,2.8,3.1,3.5,3.13
9336,3.15,3.8,4.25,3.73
5198,2.85,3.1,4.25,3.4
9985,3.15,3.8,4.25,3.73
3040,2.85,3.1,3.5,3.15
69732,2.8,3.15,3.65,3.2
30853,3.25,3.5,3.75,3.5
16047,3.25,3.5,4.0,3.58
51911,3.15,3.8,2.55,3.17
69118,3.15,3.8,3.5,3.48
15136,2.8,3.15,4.2,3.38
69959,2.8,3.1,3.5,3.13
26090,2.8,3.15,3.5,3.15
16282,2.5,2.8,3.1,2.8
21139,2.8,3.15,3.6,3.18
48009,3.25,3.5,2.75,3.17
1384,2.5,3.1,2.8,2.8
1565,2.85,3.1,4.25,3.4
59164,2.8,3.15,4.2,3.38
29159,3.25,3.5,2.75,3.17
4668,3.25,3.8,4.1,3.72
42721,3.25,3.5,2.75,3.17
10718,2.8,3.15,3.5,3.15
38182,2.8,3.15,4.2,3.38
70855,3.2,3.5,2.8,3.17
43729,3.15,3.8,4.25,3.73
665,2.5,2.8,3.75,3.02
1911,3.25,3.5,3.75,3.5
41803,3.25,3.5,2.75,3.17
43026,3.25,3.8,2.75,3.27
4414,2.8,3.15,4.2,3.38
55353,2.8,3.15,4.2,3.38
54769,2.1,2.35,4.2,2.88
45276,2.8,3.15,4.2,3.38
56214,2.5,2.8,2.2,2.5
60978,3.15,3.8,4.25,3.73
36980,3.5,3.8,3.2,3.5
10919,2.8,3.15,3.6,3.18
50665,2.85,3.1,4.25,3.4
22827,2.5,3.1,2.2,2.6
59325,2.8,3.15,3.9,3.28
10490,2.8,3.15,3.6,3.18
57264,3.5,3.8,3.2,3.5
38240,3.25,3.5,2.75,3.17
8257,2.8,3.15,3.6,3.18
45404,2.8,3.15,3.5,3.15
59557,3.25,3.5,3.75,3.5
33114,3.25,3.5,4.0,3.58
6379,2.5,2.0,1.5,2.0
58876,2.8,3.15,4.2,3.38
53752,2.5,2.8,2.2,2.5
44955,2.8,3.15,4.2,3.38
65343,2.8,3.15,4.2,3.38
50222,2.8,3.15,4.2,3.38
7225,2.8,3.1,3.5,3.13
50078,2.5,3.0,2.0,2.5
39794,2.8,3.15,3.5,3.15
21396,3.5,3.8,3.2,3.5
54631,2.8,3.1,3.5,3.13
44670,3.15,3.8,4.25,3.73
6073,3.25,3.8,3.5,3.52
21805,2.8,3.15,4.2,3.38
1503,3.25,3.5,2.75,3.17
34515,2.8,3.15,3.5,3.15
18905,3.25,3.5,3.75,3.5
44052,2.5,3.0,2.0,2.5
33627,2.5,3.0,2.2,2.57
13383,2.8,3.15,3.6,3.18
3809,2.8,3.1,3.5,3.13
42888,2.8,3.1,2.5,2.8
9014,2.8,3.15,4.2,3.38
62152,2.8,3.1,2.5,2.8
34893,3.25,3.5,3.75,3.5
17599,2.8,3.15,3.6,3.18
32638,2.85,3.1,3.75,3.23
7218,2.5,2.8,2.2,2.5
26697,2.85,3.1,3.75,3.23
45728,2.5,2.8,3.1,2.8
70461,3.25,3.5,3.75,3.5
29421,2.8,3.1,4.2,3.37
2999,3.15,3.8,4.25,3.73
42039,3.15,3.8,4.25,3.73
2964,2.8,3.15,3.6,3.18
2774,3.15,3.8,2.55,3.17
24288,3.25,3.5,4.1,3.62
10134,2.8,2.5,4.2,3.17
58810,3.25,3.5,3.75,3.5
51687,2.8,3.15,3.6,3.18
47615,2.85,3.1,3.75,3.23
36212,2.85,3.1,4.25,3.4
24606,3.25,3.8,2.9,3.32
664,3.15,3.8,2.55,3.17
52505,2.5,3.0,1.5,2.33
44171,2.5,3.0,3.5,3.0
12352,3.25,3.5,2.75,3.17
40712,3.25,3.8,3.5,3.52
50752,2.8,3.15,4.2,3.38
66509,2.1,2.5,3.8,2.8
13845,2.5,2.0,3.0,2.5
33782,2.85,3.1,4.25,3.4
9008,2.8,3.1,3.5,3.13
50620,3.25,3.5,4.1,3.62
4055,2.5,2.8,3.5,2.93
32005,2.85,3.1,4.25,3.4
29934,2.8,3.15,3.5,3.15
33662,3.25,3.8,3.5,3.52
17213,2.5,3.0,2.2,2.57
10308,2.8,3.15,3.6,3.18
66398,2.8,3.15,3.9,3.28
70085,2.8,3.15,4.2,3.38
22578,2.5,2.8,3.2,2.83
36741,3.25,3.5,4.1,3.62
33702,3.25,3.5,4.0,3.58
10593,2.8,3.1,2.5,2.8
1680,2.5,2.8,3.75,3.02
38637,3.15,3.8,4.25,3.73
42674,2.5,2.0,4.25,2.92
23282,2.5,2.0,1.5,2.0
15659,2.5,3.0,2.0,2.5
45012,2.5,2.25,3.75,2.83
44099,3.25,3.5,2.75,3.17
68183,2.8,3.1,3.5,3.13
37305,2.8,3.1,3.5,3.13
18282,3.25,3.5,2.75,3.17
4236,3.25,3.5,2.75,3.17
10468,3.25,3.5,2.75,3.17
20515,3.25,3.5,2.75,3.17
53439,2.8,3.1,4.2,3.37
26719,2.8,3.15,4.2,3.38
25146,2.5,2.3,3.8,2.87
9342,2.8,3.15,3.6,3.18
36319,2.8,3.15,4.2,3.38
7940,2.8,3.15,4.2,3.38
70862,2.8,3.15,3.65,3.2
67886,2.5,3.1,4.2,3.27
38459,3.5,3.8,4.2,3.83
22310,3.15,3.8,3.5,3.48
45561,2.8,3.15,3.9,3.28
2807,2.8,3.1,2.5,2.8
17313,2.8,3.1,4.2,3.37
39159,3.15,3.8,4.25,3.73
5341,2.5,3.0,3.75,3.08
39204,2.8,3.15,3.9,3.28
20911,2.5,2.0,1.5,2.0
19341,3.25,3.5,4.0,3.58
33653,3.25,3.8,3.5,3.52
64768,2.85,3.1,3.75,3.23
8356,2.8,3.15,3.65,3.2
63142,3.25,3.5,3.75,3.5
34014,2.8,3.15,3.5,3.15
56931,2.5,2.0,3.75,2.75
23336,2.85,3.1,3.75,3.23
17432,3.25,3.5,2.75,3.17
22790,3.25,3.5,3.75,3.5
29092,2.8,3.15,3.5,3.15
71792,2.8,3.15,3.6,3.18
18927,2.8,3.15,3.6,3.18
72010,2.5,3.0,3.75,3.08
37980,2.8,3.15,4.2,3.38
59201,2.8,3.1,2.5,2.8
32220,3.25,3.8,3.5,3.52
12096,2.8,3.15,4.2,3.38
7453,2.5,3.1,3.8,3.13
54116,2.5,2.0,1.5,2.0
61610,2.8,3.15,3.5,3.15
41781,2.8,3.1,2.5,2.8
66595,2.85,3.1,3.75,3.23
27809,3.25,3.5,4.0,3.58
60643,3.25,3.5,2.75,3.17
37982,3.15,3.8,3.5,3.48
42468,2.85,3.1,3.75,3.23
69692,3.15,3.85,4.2,3.73
66794,3.25,3.8,3.5,3.52
5507,2.5,3.0,2.2,2.57
7627,2.5,3.1,2.8,2.8
62136,2.85,3.1,4.25,3.4
31773,3.25,3.5,2.75,3.17
59656,3.25,3.5,2.75,3.17
36611,2.8,3.15,4.2,3.38
43276,2.85,3.1,4.25,3.4
70143,2.85,3.1,4.25,3.4
59061,2.8,3.15,4.2,3.38
35905,2.8,3.15,3.6,3.18
8231,2.8,3.15,4.2,3.38
17377,2.5,2.0,1.5,2.0
17261,2.8,3.15,3.6,3.18
11391,3.15,3.8,4.25,3.73
18439,2.8,3.15,3.9,3.28
20509,2.85,3.1,4.25,3.4
33039,3.25,3.5,4.1,3.62
4316,2.8,3.15,4.2,3.38
10904,2.5,2.8,3.75,3.02
55284,2.8,3.1,3.5,3.13
25867,3.15,3.8,4.25,3.73
13462,3.15,3.8,3.5,3.48
61958,3.5,3.8,2.2,3.17
32911,3.2,3.5,2.8,3.17
3857,2.8,3.15,4.2,3.38
49398,2.8,3.15,3.5,3.15
58774,2.5,2.8,3.1,2.8
10544,3.15,3.85,4.2,3.73
3886,3.15,3.8,4.25,3.73
41838,3.25,3.8,2.9,3.32
68102,2.85,3.1,4.25,3.4
28929,2.85,3.1,4.25,3.4
66101,2.8,3.15,3.9,3.28
7249,3.25,3.5,3.75,3.5
38524,3.25,3.8,2.5,3.18
762,3.25,3.8,2.5,3.18
50744,2.85,3.1,4.25,3.4
20288,3.25,3.8,2.5,3.18
58230,2.85,3.1,3.65,3.2
4389,3.25,3.5,3.75,3.5
22621,2.8,3.15,4.2,3.38
2668,2.8,3.15,3.6,3.18
6218,2.8,3.1,2.5,2.8
17708,3.15,3.8,2.55,3.17
27661,2.5,2.8,3.1,2.8
5641,3.5,3.8,3.2,3.5
26553,3.25,3.5,2.75,3.17
54123,3.25,3.5,3.75,3.5
38538,2.5,2.8,3.75,3.02
23333,2.85,3.1,3.75,3.23
64505,2.8,3.15,2.5,2.82
56744,2.5,2.8,3.75,3.02
16904,3.25,3.5,3.75,3.5
56421,2.8,3.1,3.5,3.13
58310,2.5,3.0,2.75,2.75
68905,2.8,3.15,3.6,3.18
5035,2.5,2.8,3.1,2.8
22241,2.5,3.0,3.75,3.08
22736,2.85,3.1,4.25,3.4
4903,3.25,3.5,4.1,3.62
51527,2.8,3.15,4.2,3.38
5190,2.5,3.1,2.8,2.8
19990,3.25,3.5,3.75,3.5
25354,2.85,3.1,3.75,3.23
18071,2.5,3.1,3.8,3.13
18837,3.25,3.5,3.75,3.5
36695,2.5,3.0,3.75,3.08
12585,2.5,2.8,3.1,2.8
28349,3.25,3.5,4.0,3.58
22948,2.8,3.15,4.2,3.38
67745,2.8,3.15,4.2,3.38
38330,2.5,3.0,3.75,3.08
11158,2.85,3.1,4.25,3.4
50676,2.8,3.1,3.5,3.13
23406,2.5,3.0,3.75,3.08
71336,3.25,3.5,3.75,3.5
13386,2.8,3.15,3.9,3.28
35333,2.5,2.8,3.75,3.02
3709,2.5,3.0,3.75,3.08
44766,3.15,3.8,4.25,3.73
30447,2.5,3.1,4.2,3.27
56360,2.5,2.8,3.2,2.83
51815,2.85,3.1,4.25,3.4
25522,3.25,3.5,2.75,3.17
24881,3.25,3.5,4.1,3.62
66448,2.8,3.15,4.2,3.38
67504,3.15,3.8,2.95,3.3
41774,2.85,3.1,4.25,3.4
14089,2.85,3.1,4.25,3.4
43801,3.25,3.5,2.75,3.17
70898,2.8,3.15,4.2,3.38
52565,2.8,3.15,3.9,3.28
13436,2.5,2.0,1.5,2.0
30305,2.8,3.15,3.6,3.18
17396,2.85,3.1,4.25,3.4
65378,2.5,3.0,2.2,2.57
34293,2.8,3.15,4.2,3.38
28826,2.5,2.8,2.2,2.5
786,2.1,2.3,4.5,2.97
5708,2.8,3.15,3.6,3.18
37797,3.15,3.8,4.25,3.73
26519,3.25,3.5,4.0,3.58
31366,3.25,3.5,4.0,3.58
13155,2.8,3.15,4.2,3.38
22285,2.5,3.0,3.75,3.08
12734,3.25,3.5,2.75,3.17
62272,2.8,3.1,4.2,3.37
13468,2.8,3.15,3.5,3.15
8669,2.85,3.1,4.25,3.4
59255,2.85,3.1,3.95,3.3
61249,2.85,3.1,3.75,3.23
24214,3.15,3.8,4.25,3.73
29127,3.2,3.5,2.8,3.17
41316,2.8,3.15,4.2,3.38
28796,3.25,3.5,4.0,3.58
