screen_id,usability,layout_quality,visual_complexity,screen_mean
52214,2.1,1.8,4.5,2.8
17476,2.5,2.0,4.0,2.83
1165,3.2,2.5,4.1,3.27
59041,2.1,1.8,4.5,2.8
2844,2.1,1.8,4.5,2.8
26390,3.5,2.0,4.0,3.17
24971,3.2,2.5,4.1,3.27
19321,3.2,2.5,4.1,3.27
58713,3.0,2.5,4.0,3.17
16870,3.2,2.8,4.1,3.37
54764,3.5,3.0,4.0,3.5
58988,3.2,2.1,4.5,3.27
68868,2.1,1.8,4.5,2.8
46124,4.2,3.5,2.1,3.27
15815,3.2,2.8,4.1,3.37
48987,2.1,1.8,4.5,2.8
38037,2.1,1.8,4.5,2.8
12105,3.2,2.8,4.1,3.37
1197,2.1,1.5,4.8,2.8
16286,3.2,2.5,4.1,3.27
24676,2.1,1.8,4.5,2.8
2560,3.2,2.8,4.1,3.37
43510,3.2,2.5,4.1,3.27
4972,3.2,2.5,4.1,3.27
11742,3.5,3.0,4.2,3.57
47138,2.5,2.0,4.5,3.0
2336,3.2,2.5,3.8,3.17
57382,2.5,1.8,4.2,2.83
52984,4.2,3.5,3.8,3.83
56432,3.2,2.5,4.1,3.27
46098,3.2,2.1,4.5,3.27
37888,3.2,2.8,3.5,3.17
39834,3.2,2.5,4.1,3.27
48913,3.2,2.8,4.1,3.37
28655,3.2,2.1,4.5,3.27
63417,2.1,1.8,4.5,2.8
67317,3.5,4.0,1.5,3.0
10418,3.5,3.0,4.0,3.5
60148,2.5,2.0,4.5,3.0
63171,2.5,3.0,4.0,3.17
20767,3.2,2.5,4.1,3.27
56231,2.5,2.0,4.5,3.0
3808,3.5,3.0,2.5,3.0
32799,3.2,2.5,4.1,3.27
28634,3.2,2.8,4.1,3.37
20505,2.5,2.0,4.5,3.0
24466,4.2,3.8,3.1,3.7
8102,2.1,1.5,4.8,2.8
60444,3.2,2.5,4.1,3.27
32555,3.2,2.8,4.1,3.37
16853,3.2,2.8,4.1,3.37
16226,3.2,2.5,4.1,3.27
35308,2.1,1.8,4.5,2.8
16480,3.2,2.5,4.1,3.27
3400,2.5,2.0,4.5,3.0
65930,3.2,2.1,4.5,3.27
33029,2.1,1.8,4.5,2.8
49832,2.1,1.5,4.8,2.8
27726,3.2,2.8,4.1,3.37
63252,2.1,1.8,3.5,2.47
12896,3.5,3.0,4.2,3.57
58264,3.5,3.0,4.0,3.5
40482,4.5,4.0,2.0,3.5
4555,3.2,2.5,4.1,3.27
18361,3.2,2.5,4.1,3.27
911,2.5,2.0,4.5,3.0
7079,2.1,1.8,4.2,2.7
35220,3.5,2.0,4.0,3.17
15280,3.5,3.0,4.0,3.5
46547,3.1,2.4,4.2,3.23
29617,3.2,2.8,3.5,3.17
64763,3.2,2.8,4.1,3.37
51510,1.5,1.2,4.8,2.5
50826,3.2,2.5,4.1,3.27
68408,2.5,1.8,4.2,2.83
66845,3.2,2.5,4.1,3.27
34176,3.5,2.8,4.2,3.5
48130,2.1,1.8,4.5,2.8
22954,3.5,2.8,4.2,3.5
56632,3.2,2.8,4.1,3.37
14665,2.1,1.8,4.5,2.8
13049,3.5,3.0,4.2,3.57
53758,3.0,2.5,4.0,3.17
25264,3.5,3.0,4.0,3.5
6107,2.1,1.8,4.5,2.8
29381,3.2,2.8,3.5,3.17
9905,4.2,3.8,2.5,3.5
15340,3.5,2.8,4.2,3.5
66436,3.2,2.5,4.1,3.27
25609,3.2,2.8,4.1,3.37
67140,3.5,3.0,4.2,3.57
16753,3.2,2.5,4.1,3.27
3532,3.2,2.8,4.1,3.37
28641,2.5,2.0,4.0,2.83
40118,3.2,2.8,4.1,3.37
51983,3.2,2.8,3.5,3.17
65057,3.2,2.5,4.1,3.27
34368,3.2,2.5,4.1,3.27
20968,3.2,2.5,4.1,3.27
34706,3.5,4.0,2.0,3.17
3375,3.2,2.5,4.1,3.27
24058,2.5,2.0,4.5,3.0
54358,2.5,2.0,4.0,2.83
27880,3.5,3.0,4.2,3.57
56461,3.2,2.8,4.1,3.37
71744,2.5,2.0,4.0,2.83
55214,3.2,2.5,3.8,3.17
52874,3.2,2.1,4.5,3.27
14790,3.5,2.8,4.2,3.5
50219,2.1,1.8,4.5,2.8
5194,3.2,2.8,4.1,3.37
21568,3.2,2.5,3.8,3.17
45392,2.1,1.8,4.5,2.8
58223,3.5,3.0,2.5,3.0
26385,2.1,1.8,4.5,2.8
21012,3.2,2.8,4.1,3.37
40664,2.5,2.0,4.5,3.0
3528,3.2,2.8,4.1,3.37
28107,4.2,3.5,3.8,3.83
70985,2.1,1.5,4.2,2.6
52267,2.1,1.8,4.5,2.8
55555,4.2,4.5,2.1,3.6
46858,3.0,2.5,4.0,3.17
24742,3.2,2.8,4.1,3.37
55294,3.2,2.5,4.1,3.27
31727,3.5,3.0,4.2,3.57
65628,2.1,1.8,4.5,2.8
60766,4.2,3.8,3.1,3.7
61284,3.2,2.8,4.1,3.37
13729,3.2,2.8,3.5,3.17
25333,4.0,3.5,2.0,3.17
64256,2.5,2.0,4.0,2.83
12124,2.1,1.8,4.2,2.7
63120,3.5,3.0,4.2,3.57
31053,3.5,2.0,4.0,3.17
36688,3.2,2.8,4.1,3.37
27926,2.1,1.8,4.2,2.7
14426,3.2,2.5,4.1,3.27
24148,3.2,2.8,4.1,3.37
70167,3.2,2.5,4.1,3.27
7224,2.1,1.8,4.2,2.7
47510,3.5,3.0,4.2,3.57
67764,3.2,2.5,4.1,3.27
5750,3.2,2.5,4.1,3.27
30999,3.2,2.8,4.1,3.37
24252,3.2,2.8,3.5,3.17
53347,3.2,2.8,4.1,3.37
43113,2.4,2.1,4.2,2.9
36338,3.5,2.8,4.2,3.5
6836,4.2,3.5,2.1,3.27
7027,4.2,3.5,3.8,3.83
52498,4.5,3.0,2.0,3.17
40447,3.2,3.5,2.8,3.17
19589,3.5,2.0,4.0,3.17
27748,4.5,3.8,2.2,3.5
19327,3.5,3.0,2.5,3.0
26498,2.1,1.8,4.5,2.8
59269,3.2,2.8,4.1,3.37
47149,3.5,3.0,4.2,3.57
4572,2.1,1.8,4.5,2.8
27614,2.4,1.8,4.1,2.77
59392,2.1,1.8,4.2,2.7
48628,3.5,3.0,4.0,3.5
38465,3.5,3.0,4.2,3.57
69226,3.5,3.0,2.5,3.0
48551,2.1,1.8,4.2,2.7
36583,2.1,1.8,4.5,2.8
34197,2.1,1.5,4.2,2.6
24725,2.1,1.8,4.5,2.8
19243,3.5,3.0,4.2,3.57
43780,4.2,3.8,2.5,3.5
42764,3.2,2.5,4.1,3.27
16102,3.2,2.8,3.5,3.17
59946,2.5,2.0,4.5,3.0
13128,3.0,2.0,4.0,3.0
66790,3.5,3.0,4.2,3.57
17370,3.2,2.5,4.1,3.27
20314,3.2,2.5,4.1,3.27
51437,3.5,3.0,4.2,3.57
20787,3.2,2.5,4.1,3.27
62285,3.5,2.8,4.2,3.5
54995,4.2,3.8,2.1,3.37
38051,3.2,2.8,3.5,3.17
49356,3.2,2.5,4.1,3.27
14255,3.2,2.5,4.1,3.27
35616,3.2,2.8,4.1,3.37
35410,2.1,1.5,4.8,2.8
49325,4.2,3.5,2.8,3.5
41043,3.2,2.5,4.1,3.27
45014,2.1,1.5,4.2,2.6
26807,2.5,2.0,4.5,3.0
8987,3.2,2.5,4.1,3.27
4662,3.5,3.0,4.2,3.57
66769,2.5,2.0,4.5,3.0
72188,4.5,3.0,2.0,3.17
10766,3.2,2.8,4.1,3.37
5498,3.2,2.5,4.1,3.27
57676,3.2,2.5,4.1,3.27
17680,2.5,2.0,4.5,3.0
55067,2.1,1.8,4.5,2.8
68368,3.2,2.5,4.1,3.27
45595,3.2,2.5,4.1,3.27
59643,3.0,2.5,4.0,3.17
27871,4.2,3.8,3.1,3.7
60783,3.2,2.8,4.1,3.37
52325,3.2,2.8,4.1,3.37
32794,3.5,3.0,4.0,3.5
17494,2.1,1.8,4.5,2.8
29637,2.1,1.5,4.8,2.8
38915,2.5,3.0,4.2,3.23
20679,3.5,3.0,4.0,3.5
40137,2.5,2.0,4.5,3.0
10194,2.5,2.0,4.0,2.83
7890,3.2,2.8,4.1,3.37
5776,3.2,2.8,4.1,3.37
67727,3.5,2.8,4.2,3.5
57608,2.5,2.0,4.0,2.83
27653,3.0,2.5,4.0,3.17
9035,3.2,2.8,4.1,3.37
43196,4.0,3.5,2.0,3.17
60343,3.2,2.5,4.1,3.27
22064,2.5,3.0,4.0,3.17
43656,2.5,3.0,4.0,3.17
70129,3.2,2.8,4.1,3.37
17152,3.5,3.0,4.2,3.57
67394,2.5,3.0,4.0,3.17
51293,3.2,2.1,4.5,3.27
29946,4.2,3.8,2.1,3.37
65557,2.5,2.0,3.5,2.67
52187,3.2,2.5,4.1,3.27
43655,3.0,2.5,4.0,3.17
50209,2.5,1.8,4.2,2.83
23363,2.1,1.8,4.5,2.8
9801,3.5,3.0,4.2,3.57
3493,3.2,2.8,4.1,3.37
60380,3.2,2.5,4.1,3.27
20894,3.5,3.0,4.2,3.57
45743,3.0,2.5,4.0,3.17
7871,3.2,2.8,4.1,3.37
6146,4.2,3.8,3.1,3.7
70798,3.2,2.5,4.1,3.27
45126,2.1,1.8,4.5,2.8
70543,2.5,2.0,4.0,2.83
10033,2.1,1.5,4.8,2.8
49515,3.2,2.8,4.1,3.37
31714,3.0,2.0,4.0,3.0
42440,3.2,2.8,4.1,3.37
11286,3.2,2.5,4.1,3.27
17513,2.1,1.5,4.8,2.8
71230,2.1,1.8,4.5,2.8
34257,2.1,1.8,4.5,2.8
67979,3.2,2.5,4.1,3.27
64908,3.2,2.8,4.1,3.37
63230,2.5,1.8,4.2,2.83
30520,3.5,4.0,3.0,3.5
26053,2.1,1.5,4.2,2.6
13871,3.2,2.8,4.1,3.37
26139,2.5,2.0,4.2,2.9
67905,3.2,2.8,3.5,3.17
47521,2.1,1.5,4.2,2.6
7477,2.1,1.8,4.5,2.8
15278,3.2,2.8,3.5,3.17
15712,2.5,3.0,4.0,3.17
58401,3.2,2.8,4.1,3.37
42245,3.2,2.1,4.5,3.27
63879,2.5,2.0,4.5,3.0
14613,3.2,2.5,4.1,3.27
9418,3.2,2.5,4.1,3.27
60257,2.5,2.0,4.0,2.83
45295,2.1,1.8,4.5,2.8
60597,3.2,2.1,4.5,3.27
18417,3.5,3.0,4.2,3.57
18579,2.5,2.0,4.5,3.0
5366,3.2,2.8,3.5,3.17
41533,,,,
7470,3.2,2.5,4.1,3.27
46393,3.2,2.8,4.1,3.37
2114,2.1,1.8,4.2,2.7
27758,3.5,3.0,2.5,3.0
44929,2.1,1.8,4.2,2.7
67512,3.2,2.8,4.1,3.37
5003,3.2,2.5,4.1,3.27
38113,2.1,1.8,4.5,2.8
8539,3.2,2.5,4.1,3.27
24203,3.2,2.5,4.1,3.27
7122,3.2,2.8,3.5,3.17
45739,3.2,2.5,4.1,3.27
59915,3.2,2.8,4.1,3.37
58276,3.2,2.8,4.1,3.37
55664,2.1,1.8,4.5,2.8
23515,3.2,2.5,3.8,3.17
57165,3.2,2.5,4.1,3.27
30793,3.2,2.8,4.1,3.37
36558,4.2,3.8,2.5,3.5
54449,2.1,1.85,4.2,2.72
9972,3.2,2.1,4.5,3.27
34900,3.2,2.5,4.1,3.27
3913,2.4,2.1,4.6,3.03
69333,3.2,2.8,4.1,3.37
44296,2.5,2.0,4.0,2.83
39988,3.0,2.5,4.0,3.17
18105,3.5,3.0,4.0,3.5
26586,3.5,3.0,4.2,3.57
25060,2.1,1.8,4.5,2.8
14287,3.2,2.5,4.1,3.27
32645,3.5,2.8,4.2,3.5
11384,3.5,3.0,4.2,3.57
48854,3.2,2.8,4.1,3.37
46660,2.5,2.0,4.5,3.0
25402,3.5,3.0,4.0,3.5
48862,3.5,3.0,4.2,3.57
24779,3.2,2.8,4.1,3.37
10485,3.2,2.5,4.1,3.27
14764,3.0,2.5,4.0,3.17
56828,3.2,2.1,4.5,3.27
51682,3.2,2.8,3.5,3.17
13927,3.5,3.0,4.2,3.57
25326,3.2,2.5,4.1,3.27
145,3.2,2.1,4.5,3.27
69686,2.1,1.5,4.8,2.8
12070,3.5,3.0,4.2,3.57
667,2.5,2.0,4.0,2.83
32158,2.1,1.8,4.5,2.8
14754,3.5,3.0,4.2,3.57
44089,3.5,3.0,4.2,3.57
25968,3.5,3.0,4.2,3.57
28678,3.0,2.5,4.0,3.17
54284,3.2,2.5,4.1,3.27
4221,3.0,2.5,4.0,3.17
2436,3.5,3.0,2.0,2.83
45735,3.5,3.0,4.2,3.57
18838,3.2,2.8,4.1,3.37
57836,3.2,2.5,4.1,3.27
71673,3.5,3.0,4.2,3.57
68220,3.0,2.0,4.0,3.0
47750,3.5,3.0,4.2,3.57
48062,3.5,3.0,4.2,3.57
41356,3.2,2.8,4.1,3.37
26274,2.1,1.8,4.5,2.8
61826,4.2,3.8,3.1,3.7
41374,3.5,3.0,4.2,3.57
63277,2.1,1.8,4.2,2.7
37076,3.5,3.0,4.2,3.57
22840,2.1,1.5,4.8,2.8
16322,2.1,1.8,4.5,2.8
16497,2.1,1.8,4.5,2.8
53612,3.2,2.8,3.5,3.17
38652,3.2,2.5,4.1,3.27
33689,3.5,3.0,4.2,3.57
38158,3.5,3.0,2.5,3.0
37340,3.2,2.8,4.1,3.37
40981,4.2,3.8,3.1,3.7
66980,3.2,2.1,4.5,3.27
5822,3.2,2.8,4.1,3.37
13618,4.5,4.0,3.0,3.83
54561,2.1,1.8,4.5,2.8
53198,2.1,1.5,4.8,2.8
52762,3.2,2.5,4.1,3.27
16585,2.1,1.5,4.2,2.6
14043,2.5,2.0,4.0,2.83
36777,3.5,2.8,4.2,3.5
58168,2.1,1.8,4.5,2.8
32736,3.0,2.5,4.0,3.17
62838,4.2,3.8,2.1,3.37
66843,2.5,3.0,3.5,3.0
17349,2.1,1.8,4.5,2.8
2663,3.2,2.8,4.1,3.37
22912,2.4,1.8,4.2,2.8
22829,2.1,1.8,4.2,2.7
45553,3.2,2.8,3.5,3.17
39792,3.5,3.0,2.5,3.0
1936,3.2,2.5,4.1,3.27
38034,2.1,1.8,4.5,2.8
22412,3.2,2.1,4.5,3.27
28682,3.2,2.8,3.5,3.17
40687,2.5,2.0,4.5,3.0
267,2.5,2.0,4.2,2.9
67642,3.5,3.0,4.2,3.57
70847,2.1,1.8,4.5,2.8
1505,3.2,2.5,4.1,3.27
39454,3.2,2.5,4.1,3.27
63315,3.2,2.8,4.1,3.37
66807,3.5,3.0,4.2,3.57
66476,2.1,2.4,4.2,2.9
46441,3.5,3.0,4.2,3.57
16555,3.2,2.8,4.1,3.37
13358,3.5,2.8,4.2,3.5
5312,3.2,2.8,4.1,3.37
45822,3.5,3.0,4.0,3.5
65189,3.5,3.0,4.2,3.57
10976,3.2,2.8,3.5,3.17
8859,4.5,4.0,2.0,3.5
1626,3.2,2.5,4.1,3.27
71042,4.2,3.8,2.5,3.5
59810,3.2,2.8,4.1,3.37
66006,2.1,1.5,4.8,2.8
2586,2.1,1.5,4.8,2.8
2123,2.5,2.0,4.5,3.0
37037,3.0,2.0,4.0,3.0
42224,3.2,2.8,4.1,3.37
41911,2.1,1.8,4.5,2.8
2433,3.2,2.5,4.1,3.27
6703,3.2,2.8,4.1,3.37
36680,2.4,2.1,4.2,2.9
69503,3.2,2.5,3.8,3.17
13912,2.1,1.8,4.5,2.8
2111,3.2,2.8,3.5,3.17
35249,3.2,2.5,4.1,3.27
1013,3.2,2.8,4.1,3.37
36007,3.5,3.0,4.2,3.57
27767,2.1,1.8,4.2,2.7
7106,3.0,2.5,4.0,3.17
61791,3.2,2.5,4.1,3.27
61859,3.2,2.8,4.1,3.37
40218,3.2,2.5,4.1,3.27
29123,3.5,2.0,4.0,3.17
38106,4.2,3.8,2.1,3.37
56134,2.5,2.0,4.5,3.0
8109,3.5,3.0,4.2,3.57
58313,3.2,2.5,4.1,3.27
61746,4.2,3.5,2.1,3.27
46782,4.5,4.0,2.0,3.5
53795,3.5,2.8,3.2,3.17
5753,3.5,3.0,4.2,3.57
42286,3.2,2.8,4.1,3.37
20465,2.1,1.5,4.8,2.8
22810,3.2,2.8,4.1,3.37
29831,2.5,2.0,3.5,2.67
24620,3.5,3.0,4.0,3.5
883,3.2,2.5,4.1,3.27
13903,2.1,1.8,4.5,2.8
48264,3.5,3.0,4.2,3.57
58669,4.5,3.0,2.5,3.33
45923,2.5,2.0,3.5,2.67
14063,2.1,1.8,4.5,2.8
59454,4.5,3.2,2.1,3.27
30913,2.1,1.8,4.5,2.8
13825,3.2,2.8,3.5,3.17
1333,2.5,2.0,4.5,3.0
48594,3.2,2.8,4.1,3.37
41630,2.5,1.8,4.2,2.83
43337,2.1,1.8,4.5,2.8
70607,3.5,4.0,2.0,3.17
66271,3.5,3.0,2.5,3.0
45197,4.2,3.8,2.5,3.5
20625,3.2,2.8,4.1,3.37
13808,2.1,1.5,4.2,2.6
8324,2.1,1.8,4.5,2.8
43667,2.5,2.0,4.5,3.0
15360,3.5,3.0,3.2,3.23
66186,2.5,2.0,4.0,2.83
22557,3.5,3.0,4.0,3.5
14572,3.2,2.8,4.1,3.37
49273,2.5,2.0,4.5,3.0
14539,3.5,2.8,4.2,3.5
54672,2.5,2.0,4.5,3.0
66853,2.5,2.0,4.5,3.0
25781,3.5,3.0,4.2,3.57
36856,3.2,2.5,4.1,3.27
18026,3.5,2.0,4.0,3.17
72138,2.1,1.8,4.5,2.8
6874,3.5,3.0,4.2,3.57
47668,4.2,3.8,2.5,3.5
26473,3.2,2.5,4.1,3.27
48248,3.5,3.0,4.2,3.57
49238,3.2,2.5,3.8,3.17
12667,3.2,2.5,4.1,3.27
50884,2.1,1.8,4.5,2.8
15475,2.1,1.5,4.2,2.6
3787,2.5,2.0,4.5,3.0
53486,2.5,1.8,4.2,2.83
48562,3.5,3.0,2.0,2.83
47384,3.2,2.8,4.1,3.37
44625,2.1,1.8,4.5,2.8
31107,3.2,2.8,3.5,3.17
71607,3.2,2.8,4.1,3.37
27492,3.5,3.0,4.2,3.57
23711,3.2,2.5,4.1,3.27
54328,2.1,1.8,4.5,2.8
57393,3.5,2.8,3.2,3.17
30950,3.5,3.0,4.2,3.57
26008,3.2,2.8,4.1,3.37
27791,3.5,2.0,4.0,3.17
36347,3.0,2.5,4.0,3.17
18748,3.5,3.0,4.0,3.5
9690,3.5,3.0,4.2,3.57
5272,4.2,3.8,3.1,3.7
30037,2.5,2.0,4.5,3.0
40349,3.2,2.8,4.1,3.37
31096,3.2,2.5,4.1,3.27
71226,2.1,1.5,4.8,2.8
59706,2.5,2.0,4.5,3.0
71688,2.1,1.8,4.5,2.8
14861,3.5,2.8,4.2,3.5
1062,3.0,2.5,4.0,3.17
40412,3.2,2.5,4.1,3.27
51020,3.2,2.8,4.1,3.37
47250,3.2,2.5,4.1,3.27
16683,2.5,2.0,4.5,3.0
14905,3.0,2.5,4.0,3.17
45634,2.5,3.0,4.0,3.17
24294,2.1,1.8,4.5,2.8
43542,3.5,3.0,4.0,3.5
9582,2.1,1.5,4.8,2.8
18846,2.5,2.0,4.0,2.83
71494,2.1,1.8,4.5,2.8
33353,2.5,2.0,4.5,3.0
68106,3.2,2.8,4.1,3.37
14589,2.5,2.0,4.5,3.0
6801,3.5,3.0,4.2,3.57
26353,3.1,2.4,4.2,3.23
34667,2.5,2.0,4.5,3.0
29107,1.2,1.5,4.8,2.5
20644,2.5,2.0,4.5,3.0
39135,2.1,1.8,4.5,2.8
65034,3.2,2.8,4.1,3.37
4599,3.2,2.5,3.8,3.17
56571,2.4,2.1,4.2,2.9
30199,3.5,2.8,4.2,3.5
50383,3.5,3.0,4.0,3.5
63250,2.5,2.0,4.5,3.0
53235,2.1,1.8,4.5,2.8
45003,3.2,2.5,4.1,3.27
1053,3.2,2.1,4.5,3.27
54217,2.5,3.0,4.0,3.17
63944,2.5,2.0,4.0,2.83
46709,3.2,2.5,4.1,3.27
3000,3.2,2.8,4.1,3.37
71396,3.2,2.8,4.1,3.37
53905,2.1,1.5,4.8,2.8
16958,3.2,2.8,4.1,3.37
71911,2.1,1.8,4.5,2.8
67942,2.1,1.8,4.5,2.8
18965,3.2,2.8,4.1,3.37
27723,2.1,2.4,4.2,2.9
17733,2.1,1.8,4.5,2.8
68691,2.5,3.0,4.2,3.23
17198,3.5,3.0,4.2,3.57
59102,4.5,4.0,2.0,3.5
9785,3.2,2.5,4.1,3.27
20503,3.2,2.5,4.1,3.27
28259,2.1,1.5,4.8,2.8
2890,2.5,2.0,4.5,3.0
49913,3.5,2.8,4.2,3.5
24127,3.2,2.8,4.1,3.37
57482,2.5,2.0,4.5,3.0
3296,3.5,2.8,4.2,3.5
23671,3.2,2.8,4.1,3.37
55514,2.1,1.8,4.2,2.7
51885,2.1,1.8,4.5,2.8
66283,2.5,2.0,4.5,3.0
27691,3.5,3.0,4.2,3.57
43514,2.4,1.8,4.1,2.77
42435,3.2,2.5,4.1,3.27
2679,4.2,3.5,3.8,3.83
69681,2.5,2.0,4.5,3.0
69852,2.1,1.5,4.8,2.8
65839,3.1,2.4,4.2,3.23
13372,3.2,2.5,4.1,3.27
16195,3.0,2.5,4.0,3.17
51888,3.2,2.1,4.5,3.27
964,4.2,3.8,2.1,3.37
64760,2.5,2.0,4.5,3.0
28550,3.2,2.5,4.1,3.27
12936,3.2,2.8,4.1,3.37
10211,2.1,1.8,4.2,2.7
32362,3.2,2.5,4.1,3.27
60941,2.1,1.5,4.8,2.8
18744,3.5,2.8,4.2,3.5
5207,3.2,2.5,4.1,3.27
27565,3.5,2.0,4.5,3.33
20896,4.2,3.5,2.1,3.27
59022,2.1,1.5,4.8,2.8
39377,3.2,2.1,4.5,3.27
46524,2.5,3.0,4.0,3.17
56698,3.2,2.8,4.1,3.37
3842,3.2,2.5,4.1,3.27
47109,3.2,2.8,3.5,3.17
10647,3.2,2.8,4.1,3.37
9732,3.2,2.1,4.5,3.27
15037,3.2,2.5,4.1,3.27
7358,3.5,3.0,4.0,3.5
68264,3.2,2.5,3.8,3.17
55736,4.5,3.0,2.0,3.17
69597,3.2,2.8,4.1,3.37
20009,3.5,3.0,4.2,3.57
46137,3.2,2.5,4.1,3.27
12390,2.1,1.8,4.5,2.8
65098,3.5,3.0,4.0,3.5
34645,3.2,2.5,4.1,3.27
48491,3.2,2.8,4.1,3.37
46576,2.5,2.0,4.5,3.0
19949,2.5,2.0,4.5,3.0
38577,3.5,2.8,4.2,3.5
18522,2.1,1.5,4.8,2.8
12798,3.2,2.8,4.1,3.37
30573,2.1,1.8,4.5,2.8
34357,3.2,2.8,3.5,3.17
69296,2.5,1.8,4.2,2.83
71481,2.1,1.8,4.5,2.8
6254,2.5,1.8,4.2,2.83
9053,2.1,1.8,4.5,2.8
66764,2.5,2.0,4.5,3.0
12676,3.5,3.0,4.2,3.57
69292,3.2,2.5,4.1,3.27
33930,4.5,4.0,2.0,3.5
24092,2.1,1.8,4.5,2.8
55114,2.1,1.8,4.5,2.8
26683,2.5,2.0,4.5,3.0
54161,3.2,2.8,4.1,3.37
16888,3.2,2.8,4.1,3.37
3365,3.2,2.5,4.1,3.27
61552,2.1,1.8,4.5,2.8
47035,3.2,2.5,4.1,3.27
68325,3.2,2.1,4.5,3.27
67658,3.2,2.5,4.1,3.27
37035,4.5,3.2,2.8,3.5
9152,3.2,2.1,4.5,3.27
5099,2.0,1.5,4.0,2.5
59545,3.2,2.5,4.1,3.27
20447,3.0,2.5,4.0,3.17
71005,3.2,2.5,4.1,3.27
71278,3.5,2.8,4.2,3.5
25881,3.2,2.5,4.1,3.27
67027,3.2,2.5,4.1,3.27
20959,3.5,3.0,4.0,3.5
9309,4.2,3.5,2.8,3.5
62780,3.2,2.8,3.5,3.17
6351,3.5,3.0,4.2,3.57
21964,2.5,2.0,4.5,3.0
68145,3.2,2.5,4.1,3.27
37416,3.2,2.8,4.1,3.37
11636,3.2,2.5,4.1,3.27
22114,3.2,2.5,4.1,3.27
58719,3.5,2.8,4.2,3.5
70926,2.5,2.0,4.0,2.83
3228,3.5,2.8,4.2,3.5
61688,2.5,2.0,4.5,3.0
71334,3.5,3.0,4.2,3.57
37382,1.5,1.0,4.5,2.33
62952,2.1,1.8,4.5,2.8
54340,3.0,2.0,4.0,3.0
66994,2.1,1.8,4.5,2.8
58615,3.5,2.8,4.2,3.5
63509,3.5,2.8,4.2,3.5
26600,2.1,1.5,4.8,2.8
27870,4.2,3.8,3.1,3.7
2074,4.5,4.0,2.0,3.5
6200,3.5,3.0,4.0,3.5
56429,3.5,3.0,4.2,3.57
17277,3.2,2.8,4.1,3.37
35475,3.5,3.0,4.0,3.5
67497,2.1,1.8,4.5,2.8
12605,3.0,2.5,4.0,3.17
66631,3.2,2.5,4.1,3.27
41230,3.2,2.5,4.1,3.27
24924,3.0,2.5,4.0,3.17
23402,3.5,2.8,4.2,3.5
63912,3.5,3.0,4.2,3.57
70540,3.5,3.0,4.2,3.57
40547,3.5,3.0,4.2,3.57
33397,3.5,3.0,4.2,3.57
30370,3.2,2.8,3.5,3.17
64169,4.2,3.8,3.1,3.7
62493,3.2,2.8,4.1,3.37
67443,4.2,3.1,2.8,3.37
25240,3.5,3.0,2.0,2.83
24954,2.5,3.0,4.2,3.23
11568,3.5,4.0,3.0,3.5
53676,3.2,2.5,4.1,3.27
23005,3.2,2.5,4.1,3.27
36524,3.2,2.5,4.1,3.27
31987,2.1,1.8,4.5,2.8
28686,3.2,2.5,4.1,3.27
67010,3.2,2.5,4.1,3.27
14634,3.5,2.8,3.2,3.17
8710,3.2,2.5,4.1,3.27
61108,2.4,2.1,4.2,2.9
28729,2.5,2.0,4.0,2.83
33487,2.1,1.8,4.5,2.8
52356,3.5,2.8,4.2,3.5
43773,2.4,2.1,4.8,3.1
3660,3.2,2.8,4.1,3.37
54932,3.2,2.5,4.1,3.27
65680,3.1,2.4,4.2,3.23
45549,4.5,4.0,2.0,3.5
32217,3.2,2.8,4.1,3.37
71931,3.2,2.5,4.1,3.27
11833,3.2,2.8,4.1,3.37
17728,4.2,3.8,3.1,3.7
67820,3.5,2.0,4.0,3.17
8941,3.2,2.1,4.5,3.27
2752,3.2,2.8,4.1,3.37
22059,3.2,2.1,4.5,3.27
48359,2.5,2.0,4.0,2.83
8430,3.2,2.8,4.1,3.37
27782,2.1,1.5,4.8,2.8
12579,3.2,2.8,3.5,3.17
17296,4.2,3.5,2.8,3.5
49366,4.2,3.8,2.1,3.37
38903,3.0,2.0,4.0,3.0
33151,2.15,1.8,4.65,2.87
58187,3.2,2.8,4.1,3.37
61943,3.5,3.0,4.2,3.57
30920,3.5,3.0,4.2,3.57
39020,4.2,3.8,3.1,3.7
50007,4.2,3.8,3.1,3.7
43900,2.1,1.8,4.5,2.8
17749,2.1,1.8,4.5,2.8
35642,2.1,1.8,4.5,2.8
69326,3.2,2.8,4.1,3.37
48085,3.2,2.8,3.5,3.17
22821,3.2,2.8,3.5,3.17
27058,3.2,2.5,4.1,3.27
12953,4.2,3.8,3.1,3.7
56896,2.1,1.8,4.5,2.8
390,3.5,3.0,4.2,3.57
10100,3.5,3.0,4.2,3.57
44438,4.2,3.5,3.1,3.6
70996,3.2,2.8,4.1,3.37
63214,3.0,2.5,4.0,3.17
45685,3.5,2.8,4.2,3.5
55476,3.5,3.0,3.2,3.23
57594,3.2,2.5,4.1,3.27
72014,4.5,4.0,2.0,3.5
59065,3.2,2.1,4.5,3.27
58748,3.2,2.5,4.1,3.27
54386,2.1,1.8,4.5,2.8
2325,3.5,2.8,4.2,3.5
34331,2.1,1.8,4.5,2.8
38667,3.2,2.5,4.1,3.27
1469,4.2,3.8,4.5,4.17
7592,3.5,2.8,4.2,3.5
53963,3.2,2.5,4.1,3.27
70690,2.1,1.8,4.5,2.8
32144,2.5,2.0,4.5,3.0
51142,3.2,2.8,4.1,3.37
30934,3.0,2.5,4.0,3.17
9460,3.2,3.5,4.1,3.6
65961,3.5,3.0,4.2,3.57
1835,3.5,2.8,4.2,3.5
57615,2.1,1.5,4.8,2.8
69360,3.2,3.5,2.8,3.17
30056,4.5,4.0,2.0,3.5
43617,2.1,1.5,4.8,2.8
30636,3.5,3.0,4.2,3.57
54158,3.2,2.5,4.1,3.27
3716,3.2,2.8,4.1,3.37
31860,3.2,2.8,3.5,3.17
36762,3.5,4.0,2.0,3.17
56171,3.5,4.0,3.0,3.5
2977,2.5,1.8,4.2,2.83
46698,3.5,2.8,4.2,3.5
18512,3.5,2.8,4.2,3.5
22927,3.2,3.5,4.1,3.6
37944,4.5,4.0,1.5,3.33
54037,2.1,1.8,4.5,2.8
7202,3.2,2.1,4.5,3.27
35261,2.1,1.8,4.5,2.8
5480,3.2,2.8,4.1,3.37
59463,3.5,2.8,4.2,3.5
69525,2.1,1.8,4.5,2.8
21755,3.5,3.0,4.2,3.57
5062,3.5,3.0,4.2,3.57
47630,3.2,2.5,3.8,3.17
30096,3.5,3.0,4.2,3.57
37016,3.2,2.5,4.1,3.27
4628,2.1,1.8,4.5,2.8
65033,4.2,3.5,2.8,3.5
10023,2.1,1.5,4.8,2.8
30280,2.1,1.5,4.8,2.8
29233,2.1,1.8,3.5,2.47
24099,3.5,3.0,4.2,3.57
38583,3.5,2.8,4.2,3.5
61898,3.2,2.8,4.1,3.37
48318,3.2,2.5,4.1,3.27
50034,2.5,1.8,4.2,2.83
5328,3.2,2.5,4.1,3.27
31557,4.2,3.5,2.8,3.5
40852,3.2,2.8,3.5,3.17
39373,2.1,1.8,4.2,2.7
39396,4.5,3.0,2.0,3.17
54698,3.2,2.5,4.1,3.27
24327,3.5,2.8,4.2,3.5
43886,3.5,2.8,4.2,3.5
41391,2.1,1.8,4.5,2.8
62390,3.2,2.5,4.1,3.27
69429,3.5,2.0,4.0,3.17
8267,2.1,1.5,4.2,2.6
62534,2.1,1.5,4.8,2.8
58682,2.1,1.8,4.5,2.8
21465,2.1,1.8,4.2,2.7
53604,3.5,3.0,4.2,3.57
15662,3.2,2.5,4.1,3.27
29024,2.1,2.4,4.2,2.9
44167,3.2,2.5,4.1,3.27
53937,3.2,2.8,4.1,3.37
51794,3.2,2.8,3.5,3.17
50876,3.5,3.0,4.2,3.57
32470,3.2,2.5,4.1,3.27
16267,3.2,2.5,4.1,3.27
6403,3.2,2.5,4.1,3.27
7782,3.5,3.0,4.2,3.57
59659,3.5,3.0,4.0,3.5
2576,3.2,2.8,4.1,3.37
54527,2.1,1.8,4.5,2.8
30715,3.2,2.8,4.1,3.37
25058,2.1,1.8,4.5,2.8
63218,2.5,2.0,4.0,2.83
23377,3.5,3.0,4.2,3.57
19900,4.2,3.8,2.5,3.5
11613,2.1,1.5,4.8,2.8
13071,3.0,2.5,4.0,3.17
26388,3.5,2.8,4.2,3.5
41509,2.5,2.0,4.2,2.9
5036,3.5,2.8,3.2,3.17
66075,3.2,2.5,3.8,3.17
60777,2.1,1.5,4.8,2.8
14878,2.5,2.0,4.5,3.0
40242,3.5,3.0,2.5,3.0
37552,3.5,3.0,4.2,3.57
68450,3.5,2.0,4.0,3.17
51579,3.5,4.0,2.0,3.17
48030,3.2,2.8,4.1,3.37
23088,3.2,2.5,4.1,3.27
57526,3.2,2.8,4.1,3.37
56120,3.2,2.8,4.1,3.37
35566,3.2,2.8,3.5,3.17
42818,2.5,2.0,4.5,3.0
36599,2.5,1.8,4.2,2.83
26335,2.5,2.0,4.5,3.0
19916,3.2,2.8,4.1,3.37
53393,4.2,3.8,2.1,3.37
55522,2.1,2.4,4.2,2.9
10350,3.2,2.5,4.1,3.27
68897,4.2,3.8,3.1,3.7
59649,3.2,2.8,4.1,3.37
66746,3.2,2.5,4.1,3.27
60877,3.2,2.8,4.1,3.37
68409,4.2,3.8,2.5,3.5
17164,3.2,2.8,4.1,3.37
61440,4.2,3.5,2.1,3.27
38250,3.2,2.5,4.1,3.27
24696,3.2,2.8,4.1,3.37
21883,3.5,3.0,4.0,3.5
63066,3.2,2.5,4.1,3.27
8148,3.5,3.0,4.0,3.5
56093,3.2,3.5,2.8,3.17
44318,2.1,1.8,4.5,2.8
40816,4.2,3.8,3.1,3.7
13334,3.2,2.8,4.1,3.37
46885,4.5,4.0,2.0,3.5
26662,3.2,2.5,4.1,3.27
70480,3.5,3.0,4.2,3.57
65980,3.2,2.5,4.1,3.27
18129,3.2,2.8,4.1,3.37
40303,2.1,1.8,4.5,2.8
18906,3.5,2.8,4.2,3.5
62894,3.5,2.0,4.0,3.17
4083,2.1,1.5,4.8,2.8
5420,3.2,2.8,4.1,3.37
45198,3.0,2.5,4.0,3.17
46979,3.2,2.8,4.1,3.37
49299,3.0,2.0,4.0,3.0
31175,3.2,2.5,4.1,3.27
7662,2.1,1.8,4.5,2.8
59914,3.2,2.5,4.1,3.27
68823,3.5,3.0,4.2,3.57
3942,3.2,2.8,4.1,3.37
50441,2.1,1.5,4.8,2.8
63801,3.2,2.5,4.1,3.27
57585,4.2,3.5,2.1,3.27
68859,3.2,2.8,4.1,3.37
43465,3.5,3.0,4.0,3.5
38359,3.5,3.0,4.2,3.57
64839,3.2,2.5,4.1,3.27
69771,3.5,2.8,4.2,3.5
46276,4.0,3.5,3.0,3.5
39628,3.5,3.0,4.0,3.5
69190,3.2,2.8,4.1,3.37
20737,2.1,1.5,4.8,2.8
59181,3.2,2.5,4.1,3.27
66815,4.2,3.8,3.1,3.7
41482,3.2,2.5,4.1,3.27
39902,3.5,2.8,4.2,3.5
27359,3.5,3.0,4.0,3.5
5970,2.5,2.0,4.0,2.83
26546,4.2,3.8,2.1,3.37
65445,3.2,2.5,4.1,3.27
52103,4.2,3.5,2.1,3.27
286,2.5,1.8,4.2,2.83
60596,4.2,3.8,2.1,3.37
61386,2.1,1.8,4.2,2.7
44524,3.2,2.8,4.1,3.37
42153,3.2,2.1,4.5,3.27
51393,4.5,4.0,1.5,3.33
26041,3.2,2.8,4.1,3.37
28411,4.5,4.0,1.5,3.33
39235,2.1,1.8,4.5,2.8
15183,2.5,2.0,4.0,2.83
57200,2.4,2.1,4.2,2.9
29151,2.5,2.0,4.5,3.0
2573,3.5,3.0,4.2,3.57
28216,3.2,2.5,4.1,3.27
3251,3.2,2.8,4.1,3.37
31355,4.2,3.5,2.1,3.27
68921,2.1,1.8,4.5,2.8
45797,3.2,2.5,4.1,3.27
15389,3.2,2.8,4.1,3.37
19246,3.2,2.8,4.1,3.37
20141,3.5,3.0,4.2,3.57
25511,2.1,1.85,4.2,2.72
35508,2.5,2.0,4.0,2.83
55963,3.2,2.5,4.1,3.27
20312,2.5,2.0,4.5,3.0
56741,3.2,2.8,4.1,3.37
24342,3.2,2.5,4.1,3.27
14299,3.5,2.8,4.2,3.5
37578,3.5,3.0,4.0,3.5
3711,4.2,3.8,2.1,3.37
32200,3.2,3.5,2.8,3.17
45949,3.2,2.8,4.1,3.37
40915,3.2,2.8,4.1,3.37
37635,3.2,2.8,4.1,3.37
14144,4.2,3.8,2.1,3.37
23894,3.5,2.0,4.0,3.17
64985,2.1,1.8,4.5,2.8
37926,3.2,2.5,4.1,3.27
35951,3.2,2.8,4.1,3.37
69650,3.5,3.0,4.2,3.57
60862,3.5,2.0,4.0,3.17
48589,2.1,1.5,4.2,2.6
7423,4.2,3.5,2.1,3.27
56069,2.1,1.8,4.5,2.8
1129,4.2,3.5,4.8,4.17
66520,2.1,1.8,4.5,2.8
68094,3.5,3.0,4.2,3.57
60583,3.0,2.0,4.0,3.0
48031,2.1,1.85,4.2,2.72
35335,2.1,1.5,4.8,2.8
41642,2.5,2.0,4.0,2.83
10371,4.2,3.8,3.1,3.7
72210,2.5,2.0,4.0,2.83
33536,2.5,2.0,4.0,2.83
29956,3.2,2.5,4.1,3.27
59805,3.2,2.5,4.1,3.27
35983,2.5,2.0,4.0,2.83
66315,2.1,1.8,4.2,2.7
68836,2.1,1.8,4.5,2.8
7868,3.2,2.5,4.1,3.27
65169,2.1,1.8,4.5,2.8
37857,2.1,1.5,4.8,2.8
45670,2.1,1.5,4.8,2.8
59427,3.2,2.8,3.5,3.17
5857,4.2,3.1,2.5,3.27
46171,3.5,3.0,4.2,3.57
6278,2.1,1.8,4.5,2.8
49804,3.2,2.8,4.1,3.37
69225,3.2,2.8,4.1,3.37
24799,2.5,2.0,4.0,2.83
42417,3.5,3.0,4.2,3.57
24731,3.5,2.8,4.2,3.5
28294,3.2,2.8,4.1,3.37
38986,3.2,2.5,4.1,3.27
42225,2.5,2.0,4.5,3.0
11923,2.1,1.5,4.8,2.8
35906,2.5,1.8,4.2,2.83
32526,4.5,3.8,2.1,3.47
54278,2.1,1.8,4.5,2.8
5491,3.0,2.5,4.0,3.17
62667,2.5,2.0,4.0,2.83
369,3.2,2.8,4.1,3.37
57903,3.5,3.0,4.2,3.57
21135,2.5,2.0,4.0,2.83
65489,3.1,2.4,4.2,3.23
41002,3.2,2.8,4.1,3.37
70617,3.2,2.8,3.5,3.17
18533,3.2,2.5,4.1,3.27
51088,4.2,3.5,2.1,3.27
45391,2.5,2.0,4.5,3.0
1177,3.2,2.8,4.1,3.37
69778,2.5,2.0,4.5,3.0
36237,3.5,3.0,4.2,3.57
49074,3.1,2.4,4.2,3.23
47332,2.1,1.8,4.5,2.8
53881,3.2,2.5,4.1,3.27
11803,3.5,3.0,4.2,3.57
15596,2.1,1.5,4.2,2.6
5249,2.1,1.8,4.2,2.7
38503,3.5,2.0,4.0,3.17
19067,2.1,1.8,4.5,2.8
67162,2.1,1.8,4.5,2.8
40630,3.2,2.8,3.5,3.17
22283,3.5,3.0,4.0,3.5
13338,3.5,2.8,4.2,3.5
27429,2.5,2.0,4.2,2.9
35257,3.2,2.5,4.1,3.27
3193,3.2,2.8,3.5,3.17
24196,3.5,3.0,4.2,3.57
4020,2.1,1.8,4.5,2.8
3190,3.2,2.5,4.1,3.27
32608,3.5,2.8,4.2,3.5
60299,2.5,2.0,4.5,3.0
68034,3.5,3.0,4.2,3.57
35260,3.5,2.8,4.2,3.5
28659,2.1,2.4,4.2,2.9
59714,2.5,2.0,4.5,3.0
7733,2.1,1.8,4.5,2.8
64922,3.2,2.8,4.1,3.37
38011,3.2,2.8,4.1,3.37
26861,2.1,1.8,3.5,2.47
65117,3.2,2.8,4.1,3.37
1547,3.2,2.5,4.1,3.27
41208,4.2,3.8,3.1,3.7
11280,3.2,2.8,4.1,3.37
59517,3.5,3.0,4.2,3.57
45746,2.5,2.0,3.5,2.67
13465,3.5,3.0,4.0,3.5
7778,3.5,3.0,4.2,3.57
33414,4.2,3.8,3.1,3.7
25032,3.2,2.5,4.1,3.27
53,3.2,2.5,4.1,3.27
14578,3.2,2.8,4.1,3.37
61619,3.5,3.0,4.2,3.57
8107,4.5,4.0,2.0,3.5
53098,3.0,2.5,4.0,3.17
12698,3.5,2.0,4.0,3.17
59850,2.1,1.8,4.5,2.8
12048,3.2,2.1,4.5,3.27
7637,3.5,2.0,1.5,2.33
26548,3.2,2.5,4.1,3.27
23390,2.1,1.5,4.8,2.8
65396,2.1,1.8,4.5,2.8
11343,3.5,3.0,4.2,3.57
51030,3.5,2.8,4.2,3.5
20281,3.2,2.1,4.5,3.27
2600,2.5,2.0,4.5,3.0
18445,2.0,1.5,4.5,2.67
41415,2.1,1.8,4.2,2.7
54311,3.2,2.5,4.1,3.27
17670,3.5,2.8,4.2,3.5
47308,2.5,2.0,4.0,2.83
7526,2.1,1.8,4.2,2.7
24636,2.1,1.8,4.5,2.8
40855,3.5,3.0,4.2,3.57
56310,2.1,1.5,4.8,2.8
27149,3.2,2.8,4.1,3.37
60666,4.5,4.0,2.0,3.5
34624,2.1,1.8,4.5,2.8
21318,4.2,3.5,3.8,3.83
49988,3.2,2.5,4.1,3.27
50070,3.2,2.8,4.1,3.37
8501,3.2,2.8,4.1,3.37
59451,3.2,2.5,4.1,3.27
57527,3.2,3.5,2.8,3.17
1768,2.1,1.5,4.8,2.8
61398,2.1,1.5,4.8,2.8
6409,3.0,2.5,4.0,3.17
21046,3.2,2.5,4.1,3.27
8560,4.2,3.5,3.8,3.83
30753,3.2,2.8,4.1,3.37
9347,3.2,2.5,4.1,3.27
48233,2.1,1.8,4.5,2.8
11691,3.2,2.5,3.8,3.17
71218,3.2,2.8,4.1,3.37
30807,2.1,1.5,4.8,2.8
48038,3.2,2.8,4.1,3.37
54801,3.2,2.5,4.1,3.27
69844,4.2,3.8,2.5,3.5
8164,3.2,2.8,4.1,3.37
35015,3.2,2.5,4.1,3.27
36416,3.5,3.0,4.2,3.57
72130,3.5,2.0,4.0,3.17
57317,2.5,2.0,3.5,2.67
23328,3.1,2.4,4.2,3.23
15093,3.5,3.0,4.0,3.5
49086,4.2,3.8,3.1,3.7
55711,2.1,1.8,4.2,2.7
9126,3.5,3.0,2.5,3.0
51424,3.2,2.8,3.5,3.17
26265,3.1,2.4,4.2,3.23
16835,2.1,1.5,4.8,2.8
56170,4.2,3.5,3.8,3.83
6103,2.1,1.8,4.5,2.8
30132,4.2,3.8,3.1,3.7
66121,3.2,2.5,4.1,3.27
55273,3.2,2.5,4.1,3.27
49609,3.5,3.0,4.2,3.57
63152,3.2,2.8,4.1,3.37
18109,4.2,3.8,3.1,3.7
62546,2.1,1.8,4.5,2.8
47430,3.2,2.8,4.1,3.37
61701,3.2,2.8,4.1,3.37
12746,3.2,2.5,4.1,3.27
33244,4.2,3.8,3.1,3.7
45297,2.5,2.0,4.0,2.83
38462,4.2,3.8,2.1,3.37
53773,1.0,1.5,4.5,2.33
3473,3.5,3.0,4.2,3.57
14599,2.5,2.0,4.5,3.0
43547,3.5,3.0,4.2,3.57
52844,3.5,4.0,3.2,3.57
32856,3.2,2.8,4.1,3.37
10841,3.5,3.0,4.2,3.57
66063,3.5,3.0,4.2,3.57
37920,3.0,2.5,4.0,3.17
64298,3.2,2.8,4.1,3.37
42549,2.5,2.0,4.5,3.0
17095,3.5,3.0,4.2,3.57
38810,2.1,1.8,4.5,2.8
8325,2.1,1.5,4.8,2.8
34208,3.2,2.5,4.1,3.27
51977,3.2,2.5,4.1,3.27
68832,3.5,3.0,4.2,3.57
6472,3.5,2.8,4.2,3.5
40502,2.5,2.0,4.5,3.0
56795,1.5,1.0,4.5,2.33
20324,3.2,2.5,4.1,3.27
38965,3.2,2.5,4.1,3.27
219,3.5,3.0,4.0,3.5
5852,3.2,2.5,4.1,3.27
44553,3.0,2.5,4.0,3.17
8607,3.2,2.8,4.1,3.37
53019,3.0,2.5,4.0,3.17
28115,3.2,2.5,3.8,3.17
50643,2.5,2.0,4.5,3.0
63333,3.2,2.8,4.1,3.37
70621,3.2,2.5,4.1,3.27
45668,2.1,1.8,4.5,2.8
61197,3.2,2.8,4.1,3.37
42068,3.5,2.8,3.2,3.17
40845,2.5,2.0,4.5,3.0
3897,3.2,2.5,4.1,3.27
64522,2.1,1.5,4.8,2.8
5835,4.2,3.5,2.1,3.27
49108,3.5,3.0,4.2,3.57
27981,2.5,1.8,4.2,2.83
31560,3.2,2.8,4.1,3.37
66208,4.2,3.8,2.1,3.37
26426,3.5,3.0,4.0,3.5
64848,3.5,3.0,4.2,3.57
71601,2.1,1.8,4.5,2.8
15799,3.5,3.0,4.2,3.57
28706,3.2,2.8,4.1,3.37
68158,3.2,2.5,4.1,3.27
39946,2.1,1.8,4.5,2.8
26328,3.0,2.0,4.0,3.0
5961,3.2,2.5,4.1,3.27
40835,3.5,3.0,4.2,3.57
47679,3.2,2.5,4.1,3.27
50302,3.2,2.8,4.1,3.37
54236,2.5,2.0,4.0,2.83
3525,4.2,3.5,2.1,3.27
32543,3.2,2.8,4.1,3.37
11903,2.1,1.5,4.2,2.6
42813,3.2,2.1,4.5,3.27
66162,2.5,2.0,4.5,3.0
31783,3.2,2.5,4.1,3.27
22290,2.5,2.0,4.5,3.0
42368,2.1,1.8,4.2,2.7
24222,2.5,2.0,4.5,3.0
3372,2.5,2.0,4.0,2.83
62647,3.2,2.8,4.1,3.37
27284,3.2,2.5,4.1,3.27
32803,3.2,2.1,4.5,3.27
28765,3.5,2.8,4.2,3.5
68074,2.1,1.8,4.5,2.8
49340,3.2,2.5,4.1,3.27
56423,2.1,1.5,4.8,2.8
68061,3.5,3.0,4.2,3.57
28526,3.5,2.2,1.8,2.5
46784,4.2,3.5,2.1,3.27
10679,2.1,1.8,4.5,2.8
4424,2.5,2.0,4.5,3.0
7544,3.2,3.5,4.1,3.6
22881,3.5,3.0,4.0,3.5
1571,3.5,3.0,4.2,3.57
2617,2.5,3.0,4.0,3.17
57634,3.5,3.0,4.2,3.57
37038,4.2,3.8,3.1,3.7
42438,2.1,1.8,4.5,2.8
46745,2.5,1.8,4.2,2.83
60109,1.5,1.0,4.5,2.33
26106,2.5,2.0,4.5,3.0
55710,3.2,2.8,3.5,3.17
41582,3.2,2.8,4.1,3.37
52745,2.5,2.0,4.0,2.83
57095,3.2,2.8,4.1,3.37
42590,2.1,1.8,4.5,2.8
39765,3.5,2.0,4.0,3.17
62337,3.2,2.8,4.1,3.37
11133,3.2,2.8,4.1,3.37
16246,2.1,1.8,4.5,2.8
29684,2.1,1.5,4.8,2.8
2487,4.2,3.8,4.5,4.17
36911,2.1,1.8,4.5,2.8
55806,2.5,2.0,4.5,3.0
26293,3.2,2.5,4.1,3.27
30432,3.5,3.0,4.0,3.5
53944,3.2,2.8,4.1,3.37
48425,3.2,2.8,4.1,3.37
34633,3.2,2.8,3.5,3.17
41396,4.2,3.5,2.8,3.5
46634,4.2,3.8,3.1,3.7
4516,3.2,2.8,4.1,3.37
33016,3.2,2.5,4.1,3.27
3828,3.2,2.1,4.5,3.27
59326,3.2,2.1,4.5,3.27
46445,2.5,2.0,4.0,2.83
32195,4.2,3.8,3.1,3.7
3354,3.2,2.1,4.5,3.27
5653,4.5,3.8,2.2,3.5
40138,2.1,1.8,4.2,2.7
28165,2.1,1.8,4.5,2.8
30457,3.5,2.8,4.2,3.5
26806,3.2,2.5,4.1,3.27
2543,2.1,1.8,4.2,2.7
18084,4.2,3.8,2.1,3.37
57711,2.1,1.8,4.5,2.8
22972,3.2,2.8,3.5,3.17
31059,2.5,2.0,4.5,3.0
18007,3.2,2.1,4.5,3.27
59130,2.1,1.8,4.5,2.8
45528,3.2,2.5,4.1,3.27
7713,3.5,3.0,4.0,3.5
60358,3.2,2.8,3.5,3.17
55681,3.0,2.0,4.0,3.0
22516,2.1,1.8,4.5,2.8
22909,3.2,2.5,4.1,3.27
24535,3.5,3.0,4.2,3.57
58850,2.1,1.8,4.5,2.8
42124,3.5,3.0,4.2,3.57
2854,3.0,2.5,4.0,3.17
57929,4.2,3.8,2.1,3.37
48932,3.2,2.8,4.1,3.37
60232,2.4,1.8,4.1,2.77
44742,3.0,2.5,4.0,3.17
49380,3.0,2.5,4.0,3.17
28977,3.5,3.0,4.2,3.57
16725,3.5,3.0,4.2,3.57
64968,2.1,1.8,4.5,2.8
23068,2.1,1.8,4.5,2.8
29803,2.5,2.0,4.5,3.0
25230,4.5,3.2,2.1,3.27
3413,3.2,2.8,3.5,3.17
22119,2.5,2.0,4.0,2.83
3018,5.0,4.5,1.0,3.5
10934,3.2,2.8,3.5,3.17
56838,3.2,2.8,4.1,3.37
9895,2.5,3.0,4.0,3.17
18466,3.2,2.5,4.1,3.27
28394,3.2,2.5,4.1,3.27
1303,3.5,2.8,4.2,3.5
1364,2.5,2.0,4.2,2.9
46627,3.2,2.5,4.1,3.27
29556,2.5,2.0,4.5,3.0
56185,3.1,2.4,4.2,3.23
7297,3.5,3.0,4.2,3.57
18448,3.0,2.5,4.0,3.17
5212,2.1,1.8,4.5,2.8
67266,3.5,2.8,4.2,3.5
59762,4.2,3.1,3.5,3.6
42594,2.45,2.1,4.3,2.95
16876,3.2,2.5,4.1,3.27
6753,2.4,1.8,4.1,2.77
10817,3.2,2.5,4.1,3.27
47932,2.5,2.0,4.0,2.83
29059,3.2,2.8,4.1,3.37
41151,2.1,1.8,4.5,2.8
41745,2.1,1.5,4.8,2.8
39274,3.5,2.8,4.2,3.5
32825,2.1,1.8,4.5,2.8
22468,2.5,2.0,4.0,2.83
8608,3.5,2.8,4.2,3.5
13418,3.2,2.5,4.1,3.27
26876,2.1,1.8,4.5,2.8
72068,3.5,3.0,4.2,3.57
66846,3.5,2.8,4.2,3.5
41687,3.2,2.5,4.1,3.27
17649,3.2,2.8,4.1,3.37
64276,2.1,1.8,4.5,2.8
14370,3.2,2.5,4.1,3.27
36660,2.1,1.8,4.5,2.8
42654,3.2,2.1,4.5,3.27
14961,3.2,2.8,3.5,3.17
48110,3.2,2.5,4.1,3.27
5156,3.5,3.2,4.1,3.6
55452,3.2,2.8,4.1,3.37
13583,3.5,3.0,4.0,3.5
20241,3.5,4.0,2.5,3.33
20018,4.2,3.5,3.8,3.83
63532,3.5,3.0,2.5,3.0
47241,2.5,2.0,4.2,2.9
7606,3.5,2.8,4.2,3.5
30279,3.0,2.5,4.0,3.17
15685,3.2,2.8,4.1,3.37
26602,3.8,3.2,4.1,3.7
17920,3.2,2.8,4.1,3.37
46925,4.2,3.5,2.1,3.27
6050,3.2,2.8,4.1,3.37
37659,2.5,2.0,4.5,3.0
50013,3.5,3.0,4.2,3.57
49339,4.5,3.8,2.0,3.43
62202,2.5,2.0,4.0,2.83
50819,3.2,2.8,4.1,3.37
25121,2.1,1.8,4.5,2.8
61266,3.5,3.0,4.2,3.57
4461,3.2,2.5,4.1,3.27
9067,3.2,2.8,4.1,3.37
39929,4.2,3.5,3.8,3.83
69872,3.2,3.5,4.1,3.6
29876,3.5,3.0,4.2,3.57
6673,3.2,2.5,4.1,3.27
48867,4.2,3.8,2.1,3.37
38516,4.2,3.8,2.1,3.37
30382,2.1,1.8,4.5,2.8
47599,2.1,1.8,4.5,2.8
51012,3.5,2.8,4.2,3.5
14019,2.1,1.8,4.5,2.8
5025,3.2,2.8,4.1,3.37
8283,3.5,2.8,4.2,3.5
58945,2.4,2.1,4.2,2.9
16634,3.2,2.5,4.1,3.27
7516,2.1,1.8,4.5,2.8
60394,3.1,2.4,4.2,3.23
23950,3.2,2.5,4.1,3.27
51315,3.2,2.8,4.1,3.37
24150,3.2,3.5,2.8,3.17
27733,3.8,3.2,4.1,3.7
53700,3.5,2.8,4.2,3.5
15425,3.2,2.5,4.1,3.27
20602,3.2,2.8,4.1,3.37
2608,2.45,1.8,4.12,2.79
21742,2.1,1.5,4.8,2.8
46544,3.2,2.5,4.1,3.27
15025,2.1,1.5,4.8,2.8
20571,3.5,3.0,4.2,3.57
10160,4.2,3.8,2.1,3.37
3717,2.5,3.0,4.0,3.17
870,4.2,3.8,3.1,3.7
55633,3.2,2.8,3.5,3.17
49194,3.5,2.8,4.2,3.5
41184,3.2,2.5,4.1,3.27
29499,3.2,2.1,4.5,3.27
12157,3.2,2.8,4.1,3.37
25526,2.5,2.0,4.5,3.0
29304,2.1,1.8,4.2,2.7
56774,2.1,1.5,4.8,2.8
28960,2.1,1.8,4.5,2.8
56537,3.2,3.5,4.1,3.6
66698,3.5,3.0,4.2,3.57
40157,3.5,3.0,4.0,3.5
14775,3.2,2.5,4.1,3.27
55508,3.5,2.8,4.2,3.5
25662,2.4,2.1,4.8,3.1
70888,3.0,2.0,4.0,3.0
27728,4.2,3.8,3.1,3.7
62028,3.2,2.8,4.1,3.37
62235,3.2,2.8,4.1,3.37
51279,4.2,3.5,3.8,3.83
48944,3.5,2.8,3.2,3.17
53753,2.5,2.0,4.0,2.83
63053,3.2,2.8,3.5,3.17
71519,2.5,2.0,3.5,2.67
23299,3.5,2.8,4.2,3.5
3825,2.1,1.8,4.5,2.8
17694,2.5,2.0,4.5,3.0
46075,3.5,3.0,4.2,3.57
25069,3.2,2.1,4.5,3.27
5285,3.2,2.5,4.1,3.27
20005,3.5,2.8,4.2,3.5
69867,3.5,2.8,4.2,3.5
27792,3.5,3.0,2.0,2.83
64593,2.1,1.8,4.5,2.8
19531,3.2,2.5,4.1,3.27
9899,3.2,2.8,4.1,3.37
13978,3.2,2.5,4.1,3.27
21189,3.5,3.0,4.2,3.57
62319,4.2,3.8,3.5,3.83
30526,3.5,3.0,4.0,3.5
9538,2.1,1.5,4.8,2.8
59512,3.2,3.5,4.1,3.6
64430,2.1,1.8,4.5,2.8
47637,3.5,3.0,4.2,3.57
70720,4.2,3.5,2.8,3.5
29334,3.5,3.0,4.2,3.57
39193,3.2,2.8,4.1,3.37
18330,3.2,2.1,4.5,3.27
41108,3.2,2.8,3.5,3.17
55590,3.2,2.8,4.1,3.37
30293,3.2,2.5,4.1,3.27
56326,2.1,1.8,4.2,2.7
36769,4.2,3.5,2.8,3.5
72207,2.1,1.8,4.5,2.8
28250,3.2,2.5,4.1,3.27
43189,4.2,3.8,3.1,3.7
45786,2.1,1.8,4.5,2.8
42781,2.1,1.8,4.2,2.7
39107,2.1,1.8,4.5,2.8
15380,3.2,2.5,4.1,3.27
49455,3.2,2.8,3.5,3.17
12674,4.2,3.5,2.8,3.5
68674,2.5,2.0,4.5,3.0
38719,3.2,2.8,4.1,3.37
58564,2.1,1.8,4.2,2.7
31561,2.1,1.5,4.8,2.8
49831,3.2,2.1,4.5,3.27
26739,3.2,2.5,4.1,3.27
11702,4.2,3.8,3.1,3.7
16131,2.5,3.0,4.0,3.17
25325,3.2,2.5,4.1,3.27
8392,2.5,2.0,4.5,3.0
54618,3.0,2.5,4.0,3.17
65184,3.5,3.0,4.0,3.5
66750,3.2,2.8,4.1,3.37
48001,2.5,2.0,4.0,2.83
48780,3.5,2.8,4.2,3.5
7707,3.5,3.0,4.2,3.57
11365,3.5,3.0,4.2,3.57
60530,3.5,4.0,3.2,3.57
54496,3.0,2.5,4.0,3.17
64227,2.1,1.8,4.5,2.8
28073,3.2,2.1,4.5,3.27
48064,3.2,2.5,4.1,3.27
12696,3.2,2.5,4.1,3.27
60416,3.2,2.1,4.5,3.27
5998,2.5,2.0,4.2,2.9
2183,3.2,2.8,4.1,3.37
41219,3.5,3.0,4.2,3.57
4438,2.4,2.1,4.2,2.9
53082,3.2,2.1,4.5,3.27
394,3.2,2.5,4.1,3.27
70396,4.5,4.0,2.0,3.5
28653,3.5,2.8,4.2,3.5
2227,3.2,2.5,4.1,3.27
48673,3.2,2.8,4.1,3.37
3899,3.2,2.1,4.5,3.27
51929,3.2,2.8,4.1,3.37
63757,3.2,2.8,4.1,3.37
42652,3.5,2.8,4.2,3.5
16125,2.5,2.0,4.5,3.0
4119,3.2,2.8,3.5,3.17
33290,2.5,2.0,4.5,3.0
37154,2.0,1.5,4.5,2.67
32348,2.4,2.1,4.2,2.9
31445,3.5,3.0,4.0,3.5
54353,3.2,2.8,4.1,3.37
17026,3.1,2.4,4.2,3.23
66580,3.1,2.4,4.2,3.23
20850,3.5,3.0,4.0,3.5
32120,3.5,3.0,4.0,3.5
37378,2.1,1.5,4.8,2.8
55947,2.1,1.5,4.8,2.8
42886,3.2,2.8,3.5,3.17
29310,2.1,1.8,4.5,2.8
53838,3.2,3.5,4.1,3.6
7369,2.5,2.0,4.5,3.0
36646,2.1,1.8,4.5,2.8
63703,4.5,4.0,2.0,3.5
60251,3.2,2.8,4.1,3.37
46425,3.5,4.0,3.2,3.57
12434,3.0,2.5,4.0,3.17
40207,3.2,2.5,4.1,3.27
15908,4.2,3.5,2.1,3.27
3099,2.5,2.0,4.5,3.0
26871,3.5,3.0,4.2,3.57
31632,3.2,2.8,3.5,3.17
17768,2.1,1.8,4.5,2.8
61033,3.0,2.5,4.0,3.17
36883,3.2,2.5,4.1,3.27
67045,3.2,2.5,4.1,3.27
44115,3.2,2.5,4.1,3.27
64473,3.2,2.8,4.1,3.37
10069,4.5,3.2,2.1,3.27
53504,3.8,3.2,4.1,3.7
67320,2.5,2.0,4.5,3.0
45948,3.2,2.8,4.1,3.37
40648,2.1,1.8,4.5,2.8
3748,4.2,3.5,2.1,3.27
13620,2.0,1.5,4.5,2.67
22665,3.5,3.0,2.5,3.0
44348,3.2,2.5,4.1,3.27
34184,3.2,2.5,4.1,3.27
51110,3.5,4.0,2.0,3.17
60003,2.1,1.8,4.5,2.8
43069,3.2,2.5,4.1,3.27
51308,3.2,2.5,4.1,3.27
39389,3.2,3.5,2.8,3.17
6022,3.2,2.1,4.5,3.27
13433,4.5,4.0,1.5,3.33
2367,3.5,3.0,4.2,3.57
27886,3.5,3.0,4.2,3.57
46357,3.2,2.1,4.5,3.27
18757,3.2,2.5,4.1,3.27
71131,3.2,2.5,4.1,3.27
2930,4.2,3.5,3.8,3.83
39131,3.2,2.8,4.1,3.37
68105,2.1,1.85,4.6,2.85
56238,3.2,2.8,3.5,3.17
42160,3.5,2.0,4.0,3.17
18132,2.5,3.0,4.0,3.17
11913,3.2,2.8,4.1,3.37
51596,3.2,2.8,4.1,3.37
50203,3.5,2.8,4.2,3.5
62739,3.5,4.0,2.5,3.33
26044,3.2,3.5,4.1,3.6
56966,2.1,1.8,4.5,2.8
20691,2.5,1.8,4.2,2.83
30736,3.5,3.0,4.2,3.57
46472,3.2,2.5,4.1,3.27
10906,3.5,3.0,4.2,3.57
4656,3.5,4.0,3.0,3.5
37133,2.5,2.0,4.5,3.0
16255,2.1,1.8,4.5,2.8
9682,4.2,3.8,2.5,3.5
65541,1.5,1.2,4.8,2.5
70147,3.2,2.5,4.1,3.27
17611,2.5,1.8,4.2,2.83
40616,2.5,2.0,4.0,2.83
7483,3.2,2.1,4.5,3.27
1786,3.2,2.8,4.1,3.37
52854,3.5,3.0,4.2,3.57
64937,3.5,2.8,4.2,3.5
20387,2.1,1.8,4.5,2.8
43061,3.2,2.5,4.1,3.27
71453,3.5,2.8,4.2,3.5
57421,2.1,1.8,4.5,2.8
2954,2.1,1.8,4.5,2.8
4374,4.2,3.8,3.1,3.7
56682,2.5,2.0,4.5,3.0
28322,3.5,2.0,4.0,3.17
37615,3.5,3.0,4.2,3.57
65104,3.2,2.8,4.1,3.37
41984,3.2,2.5,4.1,3.27
41328,3.2,2.8,4.1,3.37
26320,3.0,2.5,4.0,3.17
40322,3.5,2.8,4.2,3.5
4650,3.5,4.0,3.2,3.57
197,3.2,2.1,4.5,3.27
35542,3.5,3.0,2.0,2.83
22853,2.1,1.8,4.5,2.8
70764,2.5,2.0,4.5,3.0
49540,3.2,2.5,4.1,3.27
43702,3.5,2.0,4.0,3.17
59349,3.5,3.0,4.0,3.5
68014,2.1,1.8,4.5,2.8
19115,2.1,1.85,4.2,2.72
66991,3.5,3.0,4.2,3.57
14680,3.5,2.8,4.2,3.5
28525,3.5,3.0,2.0,2.83
61041,3.2,2.8,3.5,3.17
62159,3.5,2.8,4.2,3.5
66380,3.5,3.0,4.2,3.57
37582,4.0,3.5,2.0,3.17
32777,3.5,3.0,4.2,3.57
71575,3.2,2.8,4.1,3.37
62020,3.2,2.5,4.1,3.27
43661,2.5,1.8,4.2,2.83
27893,4.2,3.8,3.1,3.7
6417,3.2,2.5,4.1,3.27
10154,3.2,2.5,4.1,3.27
28968,3.2,2.8,4.1,3.37
58026,,,,
29953,2.1,1.8,4.5,2.8
65286,3.5,3.0,4.0,3.5
48769,3.2,2.5,4.1,3.27
48311,4.2,3.5,2.1,3.27
53670,3.5,3.0,4.0,3.5
42514,3.5,2.8,4.2,3.5
67067,4.2,3.5,3.1,3.6
19982,4.2,3.8,3.1,3.7
39667,3.2,2.5,4.1,3.27
45697,3.2,2.5,4.1,3.27
42132,3.2,2.8,4.1,3.37
33119,3.2,2.8,4.1,3.37
32294,3.2,2.8,4.1,3.37
4654,3.5,3.0,4.2,3.57
60401,3.2,2.5,4.1,3.27
46001,3.5,2.8,4.2,3.5
35138,3.2,2.8,4.1,3.37
40238,3.2,2.5,4.1,3.27
71466,3.2,2.8,3.5,3.17
31527,3.2,2.5,4.1,3.27
67335,4.5,3.2,2.1,3.27
22735,3.2,2.8,4.1,3.37
56190,4.5,4.0,2.0,3.5
26015,3.2,2.5,4.1,3.27
47797,3.2,2.8,4.1,3.37
35504,2.5,2.0,4.0,2.83
25671,2.5,2.0,4.0,2.83
66479,3.5,2.0,4.0,3.17
61256,3.5,4.0,2.0,3.17
37309,3.5,2.0,4.0,3.17
12909,3.5,3.0,4.2,3.57
31228,4.2,3.8,3.1,3.7
59251,2.1,1.5,4.8,2.8
9649,3.2,2.5,4.1,3.27
56671,3.2,2.5,4.1,3.27
70184,2.1,1.5,4.8,2.8
63549,2.5,2.0,4.5,3.0
35389,3.2,2.5,4.1,3.27
3570,3.5,3.0,2.0,2.83
53926,3.5,2.8,3.2,3.17
62304,3.5,3.0,4.2,3.57
64184,3.2,2.8,4.1,3.37
53112,3.2,2.8,3.5,3.17
20264,3.5,2.0,4.0,3.17
42877,2.45,2.1,4.3,2.95
12454,3.2,3.5,3.8,3.5
18446,2.5,2.0,4.0,2.83
43302,2.1,1.8,4.5,2.8
48968,2.5,2.0,4.5,3.0
32268,4.5,4.0,2.0,3.5
67340,3.2,2.8,4.1,3.37
16709,2.1,1.8,4.5,2.8
67624,3.2,2.5,4.1,3.27
65772,3.2,2.5,4.1,3.27
39264,4.2,3.5,2.1,3.27
16665,2.1,1.8,4.5,2.8
44826,3.2,2.1,4.5,3.27
69995,2.5,2.0,4.5,3.0
40331,2.1,1.5,4.8,2.8
11009,3.5,3.0,4.2,3.57
57780,3.5,2.8,4.2,3.5
1967,2.1,1.8,4.5,2.8
37260,3.2,2.8,4.1,3.37
67418,2.1,1.8,4.5,2.8
53284,3.2,2.8,4.1,3.37
20436,2.5,2.0,4.5,3.0
15010,3.2,2.8,4.1,3.37
41157,3.2,2.5,4.1,3.27
61637,3.5,3.0,4.2,3.57
27756,4.2,3.5,3.8,3.83
32678,3.2,2.8,3.5,3.17
51148,3.2,2.8,4.1,3.37
55890,3.2,2.8,4.1,3.37
36466,2.5,2.0,4.0,2.83
52981,2.1,1.8,4.5,2.8
15373,3.2,2.5,4.1,3.27
66211,3.2,2.8,4.1,3.37
32006,3.2,2.5,4.1,3.27
66246,3.2,2.8,3.5,3.17
54621,3.2,2.5,4.1,3.27
66679,2.1,1.8,4.5,2.8
45360,3.2,2.5,4.1,3.27
35313,2.1,1.8,4.2,2.7
791,3.5,2.8,4.2,3.5
31125,2.1,1.5,4.8,2.8
51396,4.2,3.8,2.1,3.37
57550,2.1,2.4,1.8,2.1
68541,4.5,4.0,2.0,3.5
60186,3.2,2.8,3.5,3.17
42400,4.2,3.8,2.5,3.5
67509,2.5,2.0,4.5,3.0
45851,3.5,3.0,4.2,3.57
12381,3.2,2.8,4.1,3.37
50735,3.2,2.5,4.1,3.27
14567,2.5,2.0,4.5,3.0
25753,2.5,2.0,4.5,3.0
51686,2.1,1.8,4.5,2.8
55281,4.5,3.8,2.2,3.5
7070,3.5,3.0,4.0,3.5
29261,2.5,1.8,4.2,2.83
8770,2.5,2.0,4.5,3.0
59378,3.2,2.5,4.1,3.27
16070,3.2,2.5,4.1,3.27
38837,3.2,2.5,4.1,3.27
16587,2.1,1.8,4.5,2.8
60242,3.2,2.8,3.5,3.17
51845,3.2,2.5,4.1,3.27
56593,2.5,1.8,4.2,2.83
67521,3.5,3.0,4.0,3.5
16721,3.2,2.1,4.5,3.27
39488,2.1,1.5,4.8,2.8
21232,3.2,2.8,3.5,3.17
55967,2.1,1.8,4.5,2.8
30004,3.2,2.5,4.1,3.27
69567,2.5,2.0,4.5,3.0
11919,3.2,2.5,4.1,3.27
13059,3.5,3.0,4.2,3.57
31739,2.5,2.0,3.5,2.67
62541,3.2,2.8,4.1,3.37
1375,3.5,2.8,4.2,3.5
2963,2.45,1.8,4.1,2.78
33970,2.1,1.5,4.2,2.6
34988,3.5,3.0,4.2,3.57
3863,2.1,1.5,4.8,2.8
19759,2.1,1.8,4.5,2.8
26348,3.5,3.0,4.2,3.57
452,3.2,2.8,4.1,3.37
37401,3.2,2.5,4.1,3.27
8923,3.2,2.1,4.5,3.27
55078,3.5,3.0,4.2,3.57
62311,3.5,3.0,4.2,3.57
22156,3.2,2.8,4.1,3.37
21487,2.5,2.0,4.2,2.9
21821,2.5,2.0,4.5,3.0
15291,3.2,2.5,4.1,3.27
50240,3.5,3.0,4.2,3.57
67412,2.1,1.5,4.8,2.8
9346,3.2,2.5,4.1,3.27
50906,2.5,1.8,4.2,2.83
55190,3.2,2.8,4.1,3.37
26137,3.5,2.8,3.2,3.17
43018,3.5,4.0,2.0,3.17
70141,3.2,2.8,4.1,3.37
48529,3.2,2.5,4.1,3.27
19602,2.1,1.8,4.5,2.8
25572,2.1,2.4,4.2,2.9
40598,2.5,2.0,4.0,2.83
52121,2.1,1.8,4.5,2.8
26966,3.2,2.8,4.1,3.37
40492,3.2,2.8,4.1,3.37
27094,3.2,2.8,4.1,3.37
54155,3.2,2.5,4.1,3.27
10624,4.2,3.5,2.8,3.5
69291,2.1,1.8,4.5,2.8
63097,3.2,2.8,4.1,3.37
4087,3.2,2.5,4.1,3.27
69430,3.2,2.8,4.1,3.37
29277,3.2,2.8,4.1,3.37
54817,3.2,2.8,4.1,3.37
46199,2.1,1.8,4.5,2.8
20658,2.5,2.0,4.5,3.0
14945,2.45,1.8,4.1,2.78
39370,2.1,1.8,4.2,2.7
7371,2.0,1.5,4.5,2.67
33144,2.5,1.8,4.2,2.83
48807,3.5,3.0,4.2,3.57
29989,3.2,2.5,4.1,3.27
52186,4.5,4.0,1.5,3.33
38200,3.2,2.8,4.1,3.37
55692,3.2,2.8,3.5,3.17
26717,2.1,1.8,4.5,2.8
40326,3.5,3.0,4.0,3.5
6579,2.1,1.8,4.2,2.7
30167,3.2,2.5,4.1,3.27
23381,3.5,3.2,4.1,3.6
35610,3.5,2.0,4.0,3.17
66309,3.2,2.8,4.1,3.37
42043,2.1,1.8,4.5,2.8
17168,2.1,1.5,4.8,2.8
2591,3.5,3.0,4.0,3.5
35397,3.2,2.8,4.1,3.37
47803,3.5,3.0,4.2,3.57
34,2.1,1.8,4.5,2.8
47979,3.2,2.8,4.1,3.37
29782,3.2,2.8,4.1,3.37
56299,3.2,2.8,4.1,3.37
29744,4.2,3.8,2.5,3.5
11441,3.2,2.1,4.5,3.27
64803,4.2,3.8,3.1,3.7
53545,2.1,1.8,4.5,2.8
36348,3.5,3.0,4.0,3.5
28403,3.2,2.5,4.1,3.27
10548,3.2,2.8,4.1,3.37
8333,3.2,2.8,4.1,3.37
67056,4.2,3.5,2.1,3.27
55409,3.2,2.1,4.5,3.27
61434,3.2,2.5,4.1,3.27
5925,3.5,3.0,4.2,3.57
13249,3.5,4.0,2.0,3.17
70004,3.2,2.5,4.1,3.27
50019,4.2,3.8,3.5,3.83
5928,3.5,3.0,4.2,3.57
42961,3.5,2.0,4.0,3.17
64980,3.2,2.8,4.1,3.37
6961,3.2,2.8,4.1,3.37
69532,3.2,2.5,4.1,3.27
29181,4.2,3.5,2.1,3.27
61269,3.5,3.0,4.2,3.57
6271,2.1,1.5,4.8,2.8
25403,3.2,2.8,4.1,3.37
50059,2.1,1.5,4.8,2.8
6293,3.2,2.5,4.1,3.27
3357,3.2,2.5,4.1,3.27
24705,3.2,2.5,4.1,3.27
52040,3.2,2.8,4.1,3.37
22824,2.5,2.0,4.0,2.83
51001,2.1,1.5,4.8,2.8
26756,2.5,3.0,4.0,3.17
54826,3.0,2.0,4.0,3.0
59934,3.2,2.8,4.1,3.37
57689,2.1,1.8,4.2,2.7
60700,3.2,2.1,4.5,3.27
53626,3.5,3.0,2.0,2.83
55016,3.2,2.5,4.1,3.27
65340,2.1,1.5,4.8,2.8
19148,3.5,3.0,2.0,2.83
51484,3.5,2.8,3.2,3.17
1651,3.2,2.8,4.1,3.37
69566,3.5,2.0,4.0,3.17
51438,4.5,4.0,2.0,3.5
52771,3.5,3.0,4.2,3.57
12648,2.1,1.8,4.5,2.8
30615,2.1,1.8,4.5,2.8
62074,2.1,1.8,4.2,2.7
3931,3.5,3.0,4.2,3.57
12206,3.2,2.8,4.1,3.37
48289,3.2,2.5,4.1,3.27
3437,3.2,2.1,4.5,3.27
5843,2.5,2.0,4.5,3.0
18783,2.5,1.8,4.2,2.83
16046,3.2,2.8,4.1,3.37
69940,2.5,1.8,4.2,2.83
29736,3.2,2.5,4.1,3.27
31892,2.1,1.5,4.2,2.6
59424,3.2,2.5,4.1,3.27
37616,2.1,1.8,4.2,2.7
21864,3.2,2.8,3.5,3.17
23485,4.2,3.8,2.5,3.5
18829,3.8,3.2,4.1,3.7
61948,3.5,3.0,4.2,3.57
45745,3.2,2.8,3.5,3.17
6777,3.2,2.8,3.5,3.17
34430,2.1,1.8,4.5,2.8
45155,3.2,2.8,3.5,3.17
43272,2.5,2.0,4.5,3.0
70189,3.2,2.5,4.1,3.27
2827,3.0,2.5,4.0,3.17
64831,2.1,1.8,4.5,2.8
21104,3.2,2.5,3.8,3.17
27193,2.1,1.8,4.2,2.7
70223,2.5,3.0,4.2,3.23
64458,3.2,2.5,4.1,3.27
7302,3.5,2.0,4.0,3.17
41945,4.2,3.8,2.5,3.5
63213,2.1,1.8,4.5,2.8
29739,3.5,3.0,4.2,3.57
59364,2.1,1.5,4.8,2.8
67387,2.1,1.8,4.5,2.8
327,3.5,3.0,4.2,3.57
63073,2.1,1.8,4.2,2.7
17717,4.2,3.8,3.1,3.7
41086,2.45,1.8,4.1,2.78
1504,3.2,2.5,4.1,3.27
19395,3.2,2.8,4.1,3.37
59846,2.1,1.8,4.5,2.8
25117,2.1,1.5,4.8,2.8
66729,3.2,2.8,4.1,3.37
54739,2.1,1.8,4.5,2.8
57906,3.2,2.5,4.1,3.27
54624,3.2,2.8,4.1,3.37
36461,3.0,2.5,4.0,3.17
65817,2.1,1.8,4.5,2.8
63094,3.5,3.0,4.2,3.57
4688,3.2,2.5,4.1,3.27
34426,4.5,4.0,2.0,3.5
16064,3.2,2.8,3.5,3.17
6220,3.5,3.0,4.0,3.5
36270,4.2,3.8,3.1,3.7
10920,2.5,2.0,4.5,3.0
27722,2.5,2.0,4.0,2.83
4557,3.2,2.5,4.1,3.27
18267,3.2,2.5,4.1,3.27
40204,3.5,4.0,2.0,3.17
34605,3.2,3.5,4.1,3.6
54529,3.2,2.8,3.5,3.17
59516,2.5,2.0,4.0,2.83
545,2.5,2.0,4.2,2.9
27578,3.2,2.8,4.1,3.37
48625,2.1,1.8,4.5,2.8
35376,2.5,2.0,4.5,3.0
64301,2.1,2.4,4.2,2.9
52160,4.2,3.5,2.1,3.27
72015,3.5,2.8,4.2,3.5
34784,3.2,2.8,4.1,3.37
17292,2.1,1.8,4.5,2.8
54650,2.1,1.8,4.5,2.8
25687,2.5,2.0,4.0,2.83
41279,3.5,3.0,4.2,3.57
11650,3.5,4.0,2.0,3.17
50895,3.2,2.8,4.1,3.37
68331,3.2,2.8,4.1,3.37
724,2.4,2.1,4.2,2.9
47152,3.5,2.8,4.2,3.5
31971,2.1,1.8,4.5,2.8
70338,3.0,2.0,4.0,3.0
50283,2.5,2.0,4.5,3.0
24856,3.2,2.5,4.1,3.27
52850,3.5,3.0,4.2,3.57
14235,3.2,2.8,4.1,3.37
51966,3.2,2.8,4.1,3.37
64404,2.1,1.8,4.5,2.8
40799,3.5,3.0,4.2,3.57
69925,2.1,1.5,4.8,2.8
56417,3.5,3.0,4.2,3.57
30171,3.2,2.8,4.1,3.37
52945,3.5,2.0,4.0,3.17
37151,3.2,2.1,4.5,3.27
17811,3.2,2.4,4.1,3.23
19336,2.1,1.5,4.8,2.8
13011,3.2,2.5,4.1,3.27
7435,3.2,2.5,3.8,3.17
12465,3.5,3.0,2.0,2.83
3031,4.2,3.5,2.1,3.27
42708,3.5,4.0,4.5,4.0
1778,4.2,3.8,3.1,3.7
16511,3.5,3.0,4.2,3.57
25755,3.2,2.8,4.1,3.37
68527,3.2,3.5,4.1,3.6
45629,2.1,1.8,4.5,2.8
19064,2.5,2.0,4.5,3.0
35894,3.5,3.0,4.2,3.57
40131,3.5,3.0,4.2,3.57
34757,4.2,3.8,3.1,3.7
54377,2.5,1.8,4.2,2.83
7622,3.2,2.5,4.1,3.27
59146,3.2,2.1,4.5,3.27
56128,2.5,2.0,4.5,3.0
7417,3.5,3.0,4.2,3.57
458,3.2,2.5,4.1,3.27
37863,3.2,2.1,4.5,3.27
48793,3.5,3.0,4.0,3.5
59085,3.1,2.4,4.2,3.23
58065,2.1,1.8,4.5,2.8
20445,2.5,2.0,4.0,2.83
68406,3.15,2.4,4.1,3.22
37579,3.2,2.8,4.1,3.37
53292,3.1,2.4,4.2,3.23
16620,2.1,1.8,4.5,2.8
65030,3.2,2.5,4.1,3.27
42496,3.2,2.8,4.1,3.37
50628,2.5,2.0,4.5,3.0
37140,3.2,2.5,4.1,3.27
71919,3.0,2.5,4.0,3.17
7752,3.5,3.0,4.2,3.57
28770,3.2,2.5,4.1,3.27
12161,3.2,2.8,4.1,3.37
5569,3.5,2.8,3.2,3.17
34728,3.5,3.0,4.0,3.5
24593,3.5,3.0,4.2,3.57
39470,3.5,3.0,2.5,3.0
39549,2.1,1.8,4.5,2.8
7694,3.2,2.5,4.1,3.27
25843,3.2,3.5,4.1,3.6
66443,2.1,1.8,4.5,2.8
34238,2.1,1.8,4.5,2.8
16642,2.5,2.0,4.0,2.83
55388,2.1,1.8,4.5,2.8
34531,3.2,2.8,4.1,3.37
4607,2.5,1.8,4.2,2.83
6946,3.2,2.8,4.1,3.37
52630,3.5,2.8,4.2,3.5
33983,3.2,2.5,4.1,3.27
14039,3.2,2.1,4.5,3.27
36504,2.1,1.5,4.8,2.8
28501,3.1,2.4,4.2,3.23
22805,2.5,2.0,4.5,3.0
18179,3.5,3.0,4.0,3.5
760,3.5,3.0,4.2,3.57
65962,3.5,3.0,4.2,3.57
64426,3.5,2.0,4.5,3.33
40200,3.2,2.5,4.1,3.27
16155,3.2,2.5,4.1,3.27
53867,3.5,3.0,2.0,2.83
24221,2.1,1.8,4.5,2.8
52369,4.2,3.5,3.8,3.83
52218,2.1,1.8,4.5,2.8
49400,3.5,2.8,4.2,3.5
11402,2.5,2.0,4.0,2.83
13357,3.2,2.5,4.1,3.27
61965,3.2,2.8,4.1,3.37
3236,4.2,3.5,2.1,3.27
2631,3.5,2.8,4.2,3.5
18427,3.2,2.1,4.5,3.27
61976,2.1,1.8,4.5,2.8
47344,4.2,3.5,3.8,3.83
23787,2.1,1.5,4.8,2.8
8991,2.1,1.5,4.8,2.8
6479,2.1,1.8,4.5,2.8
60556,2.1,1.8,4.5,2.8
46686,3.2,2.8,4.1,3.37
23912,2.1,1.8,4.5,2.8
48736,2.45,1.8,4.12,2.79
2451,3.5,3.0,4.2,3.57
6365,4.2,3.8,3.1,3.7
8404,2.5,2.0,4.0,2.83
25620,3.2,2.5,4.1,3.27
8380,3.2,2.5,4.1,3.27
61181,2.5,2.0,4.5,3.0
19915,3.2,2.8,4.1,3.37
62076,2.1,1.8,4.5,2.8
6939,3.0,2.5,4.0,3.17
49330,3.2,2.8,4.1,3.37
1017,3.5,3.0,4.2,3.57
28598,2.1,1.8,4.5,2.8
66620,3.0,2.5,4.0,3.17
19702,3.2,2.5,4.1,3.27
18685,3.2,2.8,4.1,3.37
4580,3.5,3.0,4.0,3.5
26757,3.5,3.0,2.5,3.0
6269,3.2,2.8,3.5,3.17
21784,2.5,2.0,4.5,3.0
17389,2.1,1.8,4.5,2.8
53746,2.1,1.5,4.8,2.8
67139,4.2,3.8,2.5,3.5
11698,2.5,2.0,4.5,3.0
18805,3.2,2.5,4.1,3.27
10981,3.5,3.0,4.2,3.57
33956,2.5,2.0,4.5,3.0
62158,3.2,2.1,4.5,3.27
62063,3.2,2.8,4.1,3.37
25964,3.2,2.8,4.1,3.37
48889,3.2,2.8,4.1,3.37
31689,2.1,1.8,4.5,2.8
11044,3.2,2.5,4.1,3.27
2177,3.2,2.5,4.1,3.27
27777,2.1,1.8,4.2,2.7
13485,3.5,3.0,4.2,3.57
18482,2.1,1.8,4.2,2.7
59051,4.5,4.0,2.0,3.5
37975,2.5,2.0,4.5,3.0
44834,3.5,3.0,4.2,3.57
17623,3.2,2.5,4.1,3.27
5931,3.2,3.5,4.1,3.6
14257,3.2,2.5,4.1,3.27
41591,3.2,2.5,4.1,3.27
39772,2.1,2.4,3.8,2.77
61410,3.2,2.8,4.1,3.37
342,2.1,2.4,3.8,2.77
44024,2.1,1.8,4.5,2.8
49184,3.2,2.5,4.1,3.27
17334,2.1,1.5,4.8,2.8
40022,3.5,2.8,4.2,3.5
43406,3.5,3.0,4.2,3.57
24867,3.2,2.5,4.1,3.27
7382,2.1,1.8,4.2,2.7
50596,3.2,2.5,3.8,3.17
12890,3.5,3.0,4.2,3.57
58109,3.5,2.8,4.2,3.5
61738,4.0,3.5,2.0,3.17
69887,4.2,3.5,2.1,3.27
67170,2.1,1.5,4.8,2.8
53607,3.5,3.0,4.2,3.57
44534,3.2,2.8,4.1,3.37
30135,3.2,2.5,4.1,3.27
40398,4.2,3.5,3.8,3.83
52528,2.1,2.4,3.8,2.77
12055,4.2,3.8,3.1,3.7
14056,2.1,1.8,4.5,2.8
41761,2.1,1.5,4.8,2.8
65919,3.2,2.5,4.1,3.27
36714,2.5,2.0,4.5,3.0
38329,2.5,2.0,4.5,3.0
55427,2.1,1.5,4.2,2.6
17268,3.2,2.5,4.1,3.27
42553,3.2,2.8,4.1,3.37
57130,2.5,2.0,3.5,2.67
69945,3.2,2.8,3.5,3.17
39481,2.1,1.5,4.8,2.8
14920,2.1,1.8,4.5,2.8
69312,3.5,2.8,3.2,3.17
15400,3.5,2.8,4.2,3.5
31547,2.1,1.5,4.8,2.8
50159,3.2,2.5,3.8,3.17
19965,3.0,2.5,3.5,3.0
14392,3.5,3.0,4.2,3.57
18443,3.2,2.5,4.1,3.27
28439,3.5,3.0,4.0,3.5
5122,4.2,3.8,3.1,3.7
51801,3.2,2.8,3.5,3.17
48675,3.2,2.5,4.1,3.27
46304,2.1,1.5,4.8,2.8
57114,4.5,3.0,2.0,3.17
31795,2.1,1.8,4.5,2.8
35368,3.5,3.0,4.0,3.5
49417,3.2,2.8,4.1,3.37
45138,3.5,3.0,4.2,3.57
29722,3.5,2.8,4.2,3.5
40136,2.5,2.0,4.5,3.0
43522,2.5,2.0,4.5,3.0
49960,2.5,2.0,4.2,2.9
38600,3.2,2.8,4.1,3.37
16630,3.5,3.0,4.2,3.57
62347,3.5,3.0,4.2,3.57
56459,3.2,2.8,4.1,3.37
17672,2.1,1.8,4.2,2.7
66276,4.2,3.5,2.1,3.27
53280,2.5,2.0,4.5,3.0
53047,3.5,3.0,4.2,3.57
67888,3.2,2.5,4.1,3.27
60812,4.5,3.8,2.1,3.47
46504,3.2,2.8,3.5,3.17
57683,3.2,2.5,4.1,3.27
67081,3.2,2.5,4.1,3.27
24449,4.2,3.5,2.1,3.27
38594,2.1,1.5,4.2,2.6
39993,2.5,2.0,4.5,3.0
68581,2.5,2.0,4.5,3.0
2530,3.0,2.5,4.0,3.17
37514,2.1,2.4,3.8,2.77
32712,3.2,2.5,4.1,3.27
64639,3.2,2.8,3.5,3.17
40123,3.5,2.8,4.2,3.5
36541,4.5,4.0,1.5,3.33
37648,3.5,2.0,4.0,3.17
58257,3.0,2.0,4.0,3.0
1637,3.0,2.5,4.0,3.17
30842,3.2,2.5,4.1,3.27
38362,3.2,2.8,4.1,3.37
30840,2.1,1.8,4.5,2.8
27068,3.2,2.5,4.1,3.27
34953,3.2,2.5,4.1,3.27
7877,3.2,2.8,4.1,3.37
20301,3.2,2.5,4.1,3.27
55474,3.5,3.0,4.0,3.5
7083,3.5,2.0,4.0,3.17
41458,3.0,2.0,4.0,3.0
14483,2.5,1.8,4.2,2.83
16124,3.2,2.5,4.1,3.27
64914,3.2,2.5,4.1,3.27
15696,2.1,1.8,4.5,2.8
16257,3.2,2.8,3.5,3.17
3871,2.5,2.0,3.5,2.67
16471,3.5,3.0,4.0,3.5
59245,4.5,4.0,3.5,4.0
58861,2.5,2.0,4.5,3.0
34854,3.2,2.8,4.1,3.37
63571,2.5,2.0,4.5,3.0
18693,2.5,3.0,4.0,3.17
46819,3.5,3.0,2.5,3.0
13998,3.5,3.0,4.2,3.57
48740,3.2,2.1,4.5,3.27
47164,3.2,2.8,4.1,3.37
4717,4.2,3.8,2.5,3.5
32110,2.5,2.0,4.5,3.0
54346,2.5,2.0,4.5,3.0
18183,3.2,2.5,4.1,3.27
37310,3.2,2.8,4.1,3.37
33645,3.2,2.8,4.1,3.37
67585,3.2,2.5,4.1,3.27
54064,3.2,2.5,4.1,3.27
72072,3.5,2.8,4.2,3.5
59596,3.5,3.0,4.2,3.57
38101,2.1,1.8,4.2,2.7
67238,2.1,1.8,4.5,2.8
7038,2.1,1.5,4.8,2.8
57698,3.5,2.8,4.2,3.5
13422,3.2,2.5,4.1,3.27
8306,2.1,1.8,4.5,2.8
8927,3.2,2.8,4.1,3.37
30836,2.4,2.1,4.2,2.9
3353,4.2,3.5,2.1,3.27
16959,2.5,2.0,4.5,3.0
48168,3.2,2.5,4.1,3.27
43634,3.2,2.8,3.5,3.17
24260,3.5,2.8,4.2,3.5
20461,2.1,1.5,4.8,2.8
53444,3.2,2.8,4.1,3.37
41965,3.2,2.5,4.1,3.27
25034,3.2,2.8,4.1,3.37
65918,3.2,2.1,4.5,3.27
17285,2.1,1.8,4.5,2.8
33423,3.2,2.1,4.5,3.27
65796,3.5,3.0,4.2,3.57
46812,2.1,1.5,4.8,2.8
34545,3.5,3.0,4.0,3.5
17700,3.2,2.8,4.1,3.37
60387,3.2,2.5,4.1,3.27
28684,3.2,2.8,4.1,3.37
47935,2.1,1.8,4.5,2.8
2515,2.1,2.4,4.2,2.9
6326,2.1,1.8,4.5,2.8
38535,4.2,3.5,4.8,4.17
6578,2.1,1.8,4.2,2.7
47112,3.2,2.8,3.5,3.17
607,2.5,2.0,4.5,3.0
9193,3.2,2.8,4.1,3.37
51055,3.2,2.5,4.1,3.27
50501,3.2,2.5,4.1,3.27
54659,4.2,3.8,3.1,3.7
52471,3.2,2.5,4.1,3.27
46845,2.5,2.0,4.0,2.83
11725,3.5,3.0,4.0,3.5
50210,2.1,1.8,4.5,2.8
7123,3.5,4.0,2.0,3.17
5352,3.5,2.8,4.2,3.5
64767,3.2,2.8,3.5,3.17
55935,3.2,2.5,4.1,3.27
27909,3.2,2.5,4.1,3.27
8345,3.2,2.8,4.1,3.37
22178,4.2,3.5,2.1,3.27
28313,2.5,2.0,4.5,3.0
56520,3.2,2.5,4.1,3.27
60373,3.5,2.8,4.2,3.5
30618,2.4,1.8,4.2,2.8
70741,3.0,2.0,4.0,3.0
32773,2.1,2.5,3.8,2.8
3348,3.2,2.8,4.1,3.37
10384,2.1,1.8,4.5,2.8
22264,3.2,2.5,4.1,3.27
67350,3.2,2.8,4.1,3.37
19610,3.2,2.5,4.1,3.27
47454,2.1,1.8,4.5,2.8
53484,2.4,1.8,4.1,2.77
36665,3.2,2.8,4.1,3.37
14667,3.5,3.0,4.2,3.57
19509,3.5,3.0,2.5,3.0
59006,2.5,2.0,4.5,3.0
51807,3.2,2.5,4.1,3.27
12025,3.2,3.5,2.8,3.17
16160,3.5,2.8,4.2,3.5
59337,2.1,1.5,4.2,2.6
45133,3.2,2.5,4.1,3.27
24455,2.5,2.0,4.0,2.83
35069,3.2,2.5,4.1,3.27
37908,3.5,3.0,4.2,3.57
40132,3.2,2.5,4.1,3.27
32836,4.2,3.8,2.1,3.37
20623,3.2,2.5,4.1,3.27
34699,3.5,4.0,2.0,3.17
30789,3.2,2.8,4.1,3.37
5773,3.2,2.5,4.1,3.27
8343,3.2,2.8,4.1,3.37
61335,3.2,2.8,4.1,3.37
72127,3.2,2.8,4.1,3.37
47536,2.1,1.5,4.8,2.8
49345,2.1,1.8,4.5,2.8
15671,3.5,3.0,4.2,3.57
68278,3.2,2.5,4.1,3.27
13498,3.2,2.5,4.1,3.27
20512,2.1,1.8,4.2,2.7
20624,2.5,2.0,4.5,3.0
59862,2.0,1.5,4.0,2.5
50758,2.1,1.8,4.5,2.8
13304,4.5,4.0,1.5,3.33
54599,2.1,1.8,4.5,2.8
1545,3.2,2.1,4.5,3.27
28242,3.2,2.8,4.1,3.37
39452,2.1,1.5,4.2,2.6
53799,4.2,3.8,2.1,3.37
38184,2.1,1.8,4.5,2.8
42226,3.2,2.5,3.8,3.17
5006,2.5,2.0,4.0,2.83
852,3.2,2.8,3.5,3.17
37536,3.5,3.0,2.5,3.0
28307,3.2,2.5,4.1,3.27
24481,2.5,2.0,4.2,2.9
59892,3.2,2.5,4.1,3.27
43959,3.2,2.5,4.1,3.27
17633,3.2,2.1,4.5,3.27
33121,2.1,1.8,4.2,2.7
38584,3.5,3.0,4.0,3.5
17446,2.1,1.5,4.2,2.6
28991,2.1,1.8,4.2,2.7
54853,2.1,1.8,4.5,2.8
54870,3.2,2.5,4.1,3.27
49148,3.2,2.8,4.1,3.37
42283,3.2,2.8,4.1,3.37
44886,3.2,2.8,4.1,3.37
54174,2.1,1.8,4.5,2.8
30582,2.1,1.5,4.8,2.8
13017,3.2,2.1,4.5,3.27
24797,4.0,3.5,2.0,3.17
36312,3.2,2.5,4.1,3.27
49538,2.1,1.8,4.5,2.8
13655,3.2,2.5,4.1,3.27
10521,3.2,2.5,4.1,3.27
23722,3.2,2.5,4.1,3.27
30122,3.5,2.8,4.2,3.5
7377,2.5,2.0,4.5,3.0
24163,3.2,2.1,4.5,3.27
60695,2.1,1.8,4.5,2.8
19176,3.2,2.8,4.1,3.37
60484,3.0,2.5,4.0,3.17
27104,3.5,2.8,4.2,3.5
29385,3.2,2.8,3.5,3.17
31979,2.1,1.8,4.5,2.8
18032,3.2,2.5,4.1,3.27
10524,2.5,3.0,4.5,3.33
43000,3.2,3.5,4.1,3.6
9817,2.0,1.5,4.0,2.5
38628,3.5,3.0,4.2,3.57
21871,3.2,2.8,3.5,3.17
18637,3.5,2.8,4.2,3.5
35325,3.2,2.5,4.1,3.27
45288,3.2,2.5,4.1,3.27
56579,3.2,2.5,4.1,3.27
9677,3.5,3.0,4.2,3.57
43176,3.2,2.8,4.1,3.37
46967,2.1,2.4,3.8,2.77
65010,3.2,2.8,4.1,3.37
54228,3.5,2.8,4.2,3.5
63194,4.2,3.8,2.5,3.5
3368,3.2,2.8,3.5,3.17
14833,3.2,2.5,4.1,3.27
36441,2.5,3.0,4.2,3.23
66849,4.5,4.0,2.0,3.5
59070,2.1,1.8,4.5,2.8
12825,3.5,2.8,4.2,3.5
39009,4.2,3.5,2.8,3.5
11229,3.2,2.8,3.5,3.17
40503,2.5,2.0,4.0,2.83
70719,3.5,3.0,4.2,3.57
15207,3.5,3.0,4.2,3.57
66871,2.5,2.0,4.5,3.0
30873,3.0,2.5,4.0,3.17
48035,2.1,1.5,4.8,2.8
38545,3.0,2.5,4.0,3.17
47893,3.5,3.0,4.2,3.57
36913,2.5,2.0,4.5,3.0
56948,2.1,1.8,4.5,2.8
52275,3.2,2.1,4.5,3.27
37758,3.5,2.8,4.2,3.5
29389,3.2,2.5,4.1,3.27
17718,3.2,2.5,4.1,3.27
36951,2.5,2.0,4.0,2.83
11371,3.2,2.5,4.1,3.27
31766,3.5,2.0,4.0,3.17
21611,3.5,3.0,4.2,3.57
62889,3.5,2.8,4.2,3.5
7517,3.2,2.8,4.1,3.37
50777,2.1,1.8,4.5,2.8
40534,3.2,2.8,4.1,3.37
6493,2.1,1.5,4.8,2.8
55649,2.1,1.8,4.2,2.7
70630,3.2,2.5,4.1,3.27
34189,3.2,2.8,4.1,3.37
15911,3.2,2.5,4.1,3.27
3904,2.1,2.4,4.8,3.1
65739,2.5,2.0,4.5,3.0
17115,2.1,1.8,4.2,2.7
8815,2.5,2.0,4.5,3.0
38976,3.2,3.5,4.1,3.6
4889,2.5,1.8,4.2,2.83
36645,2.1,1.5,4.2,2.6
44702,3.2,2.1,4.5,3.27
15270,3.2,2.8,4.1,3.37
36345,3.5,2.0,4.0,3.17
9753,3.2,2.5,4.1,3.27
30706,2.1,1.5,4.8,2.8
59319,3.2,2.8,4.1,3.37
32754,3.5,3.0,4.2,3.57
24868,2.5,2.0,4.5,3.0
32331,3.2,2.8,4.1,3.37
61490,2.5,2.0,4.5,3.0
21340,2.1,1.8,4.2,2.7
15116,2.1,1.8,4.5,2.8
43844,2.1,1.5,4.8,2.8
51810,2.1,1.8,4.5,2.8
17645,3.2,2.5,4.1,3.27
45140,3.5,2.0,4.0,3.17
43807,3.2,2.5,4.1,3.27
23052,2.5,2.0,4.5,3.0
69715,2.5,3.0,4.0,3.17
61298,3.5,2.8,4.2,3.5
3338,3.2,2.5,4.1,3.27
33484,2.1,1.8,4.5,2.8
58117,3.0,2.5,4.0,3.17
64067,3.0,2.5,4.0,3.17
52716,3.5,2.0,4.0,3.17
63803,2.5,2.0,4.5,3.0
19923,3.2,2.8,4.1,3.37
25853,2.1,1.8,4.5,2.8
16889,3.2,2.8,4.1,3.37
19820,2.5,2.0,4.5,3.0
27132,2.5,1.8,4.2,2.83
23264,3.5,3.0,4.2,3.57
21722,3.0,2.5,4.0,3.17
49750,3.2,2.8,4.1,3.37
20316,2.1,1.5,4.8,2.8
60233,,,,
60170,3.2,2.5,4.1,3.27
53352,3.2,2.5,4.1,3.27
15043,3.2,2.5,4.1,3.27
2197,3.2,2.5,4.1,3.27
61051,2.1,1.8,4.5,2.8
51467,3.5,3.0,4.0,3.5
42801,3.2,2.5,4.1,3.27
40777,2.1,1.8,4.5,2.8
59863,2.1,1.8,4.2,2.7
47294,3.2,2.8,4.1,3.37
60213,4.2,3.5,3.8,3.83
48282,3.5,3.0,4.2,3.57
39811,3.2,2.8,4.1,3.37
55032,3.5,4.0,2.0,3.17
70903,4.2,3.8,3.1,3.7
68191,3.2,2.8,4.1,3.37
47339,2.5,2.0,4.5,3.0
52507,3.5,4.0,2.0,3.17
51959,2.1,1.8,4.5,2.8
51231,3.2,2.8,4.1,3.37
31628,4.2,3.8,2.5,3.5
67003,3.2,2.8,4.1,3.37
51423,3.5,2.8,3.2,3.17
31094,3.2,2.5,4.1,3.27
2015,3.5,3.0,4.2,3.57
39229,2.1,1.8,4.2,2.7
14559,3.2,2.5,4.1,3.27
41121,3.2,2.8,3.5,3.17
39399,3.5,2.8,4.2,3.5
5170,3.2,3.5,4.1,3.6
30216,2.1,1.8,4.2,2.7
62552,2.5,2.0,4.2,2.9
28417,3.2,2.5,4.1,3.27
49043,2.1,1.5,4.8,2.8
13753,2.5,2.0,4.5,3.0
33547,2.5,2.0,4.5,3.0
4363,3.5,3.0,2.0,2.83
14968,2.5,2.0,3.5,2.67
30714,2.1,1.5,4.8,2.8
40633,3.2,2.8,4.1,3.37
40016,4.2,3.5,2.1,3.27
12508,2.1,1.8,4.5,2.8
13809,3.5,3.0,4.2,3.57
34614,2.5,2.0,4.0,2.83
6491,2.1,1.5,4.8,2.8
29243,3.2,2.8,4.1,3.37
15138,4.5,4.0,1.5,3.33
52620,2.1,1.8,4.5,2.8
7680,2.1,1.5,4.2,2.6
66434,2.1,1.5,4.8,2.8
16062,4.2,3.5,2.1,3.27
50590,3.5,2.8,4.2,3.5
49209,3.5,3.0,4.2,3.57
43614,3.2,2.5,4.1,3.27
35599,3.2,2.5,3.8,3.17
40692,3.2,2.1,4.5,3.27
48343,3.5,3.0,4.2,3.57
46692,2.4,2.1,4.8,3.1
6227,4.2,3.8,3.1,3.7
5887,3.5,2.8,4.2,3.5
69106,3.5,3.0,4.0,3.5
12743,3.2,2.5,4.1,3.27
39877,2.1,1.8,4.5,2.8
69905,3.2,2.5,4.1,3.27
63443,2.15,1.8,4.65,2.87
47788,3.5,3.0,4.2,3.57
53101,4.2,3.8,3.1,3.7
22705,3.2,2.1,1.8,2.37
31511,3.5,3.0,4.2,3.57
49923,3.5,2.0,4.0,3.17
41553,3.2,2.8,4.1,3.37
43247,3.2,2.5,4.1,3.27
20143,3.2,2.8,4.1,3.37
1412,2.1,1.8,4.2,2.7
3993,3.2,2.5,4.1,3.27
16953,3.2,2.5,4.1,3.27
63521,3.5,3.0,4.2,3.57
69304,3.5,3.0,4.2,3.57
65280,3.5,3.0,4.2,3.57
32998,2.1,1.8,4.5,2.8
57274,2.1,1.5,4.8,2.8
15618,2.45,2.1,4.15,2.9
4345,3.2,2.8,3.5,3.17
52759,3.2,2.5,4.1,3.27
21656,2.5,2.0,4.0,2.83
12630,3.0,2.5,4.0,3.17
26577,3.2,2.8,4.1,3.37
56814,3.2,2.5,4.1,3.27
8602,3.2,2.5,4.1,3.27
39208,2.1,1.8,4.2,2.7
44709,3.2,2.5,4.1,3.27
44622,3.5,2.8,3.2,3.17
50267,2.4,2.1,4.6,3.03
20712,2.1,1.8,4.5,2.8
34312,4.0,3.5,2.0,3.17
34868,3.2,2.5,4.1,3.27
70507,3.2,2.8,4.1,3.37
28970,3.2,2.8,4.1,3.37
35808,3.2,2.1,4.5,3.27
37189,3.5,2.8,4.2,3.5
61187,3.5,2.0,4.0,3.17
32663,3.2,2.5,4.1,3.27
54896,3.2,3.5,4.1,3.6
49447,3.5,3.0,4.2,3.57
13482,3.2,2.8,4.1,3.37
62110,2.5,2.0,4.5,3.0
51654,3.2,2.1,4.5,3.27
5283,4.5,4.0,2.0,3.5
32436,2.5,2.0,4.5,3.0
1441,3.5,2.0,4.0,3.17
32113,2.5,2.0,4.5,3.0
16333,3.5,2.8,4.2,3.5
46919,3.5,2.8,4.2,3.5
54863,3.2,2.5,4.1,3.27
3573,2.5,1.8,4.2,2.83
29046,2.1,1.8,4.5,2.8
26844,3.2,2.5,4.1,3.27
57865,3.5,3.0,4.2,3.57
6620,2.5,1.8,4.2,2.83
53433,2.5,2.0,3.5,2.67
69740,3.2,2.5,4.1,3.27
49769,3.5,3.0,2.5,3.0
67565,3.2,2.8,4.1,3.37
20114,3.5,3.0,4.2,3.57
32351,2.5,2.0,4.5,3.0
15444,2.1,1.8,4.5,2.8
48504,4.2,3.5,2.8,3.5
53921,3.2,3.5,4.1,3.6
1945,3.2,2.8,4.1,3.37
70437,2.5,2.0,4.5,3.0
33405,2.1,1.8,4.5,2.8
30703,3.0,2.5,4.0,3.17
9165,3.2,2.5,4.1,3.27
56251,3.5,3.0,4.0,3.5
5381,4.2,3.1,2.8,3.37
36103,2.5,2.0,4.0,2.83
18615,2.1,1.8,4.5,2.8
8619,3.5,3.0,4.2,3.57
569,3.5,4.0,2.0,3.17
71846,3.2,2.8,4.1,3.37
15658,3.5,2.8,3.2,3.17
30657,3.2,2.8,4.1,3.37
9138,2.5,2.0,4.5,3.0
35104,2.1,1.8,3.5,2.47
52538,3.2,2.5,4.1,3.27
62260,3.5,3.0,4.0,3.5
32001,3.2,2.8,4.1,3.37
63657,2.1,1.5,4.8,2.8
18543,4.5,4.0,2.0,3.5
54352,3.2,2.8,4.1,3.37
56528,3.2,2.8,4.1,3.37
64734,3.2,2.5,4.1,3.27
7488,3.0,2.5,4.0,3.17
58860,3.2,2.8,4.1,3.37
55370,3.5,2.0,4.0,3.17
70119,3.2,2.5,4.1,3.27
44852,3.2,2.5,4.1,3.27
16270,3.0,2.5,4.0,3.17
52752,2.1,1.8,4.5,2.8
54376,2.1,1.8,4.5,2.8
38148,3.5,3.0,4.2,3.57
43717,3.2,2.8,3.5,3.17
34187,3.5,2.8,4.2,3.5
11191,3.5,3.0,4.0,3.5
34233,3.2,2.8,4.1,3.37
30610,3.2,2.8,3.5,3.17
22169,3.2,2.5,4.1,3.27
24357,3.5,2.0,4.0,3.17
32888,3.5,4.0,2.0,3.17
7520,2.1,1.8,4.5,2.8
60615,2.1,1.8,4.5,2.8
42262,3.2,2.1,4.5,3.27
22938,2.5,2.0,4.0,2.83
25172,3.2,2.8,4.1,3.37
19198,3.2,2.5,4.1,3.27
20474,2.1,1.8,4.5,2.8
15164,3.5,3.0,4.2,3.57
29778,4.5,4.0,2.0,3.5
65735,3.2,2.5,4.1,3.27
62045,3.2,2.5,4.1,3.27
16789,3.5,3.0,4.2,3.57
9756,3.2,2.5,4.1,3.27
60926,3.2,2.5,4.1,3.27
45768,3.2,2.8,4.1,3.37
65131,2.1,1.5,4.8,2.8
58852,3.2,2.5,4.1,3.27
68298,2.1,1.5,4.8,2.8
44860,3.5,3.0,4.0,3.5
12517,3.2,2.5,4.1,3.27
7821,3.5,3.0,4.2,3.57
32565,2.5,2.0,4.5,3.0
67766,4.2,3.8,3.1,3.7
60624,3.2,2.8,3.5,3.17
50770,3.5,2.8,4.2,3.5
18759,3.2,2.8,4.1,3.37
49407,4.2,3.5,2.1,3.27
35106,2.1,1.8,4.2,2.7
2043,3.5,3.0,4.2,3.57
20944,3.5,2.8,4.2,3.5
22218,3.2,2.1,4.5,3.27
6489,2.1,1.5,4.8,2.8
55899,2.1,2.4,4.2,2.9
6094,3.5,3.0,4.0,3.5
51259,3.2,2.8,3.5,3.17
63384,3.2,2.8,4.1,3.37
69516,3.2,2.8,3.5,3.17
21164,2.1,1.8,4.5,2.8
57705,3.2,2.5,3.8,3.17
39102,4.2,3.5,2.8,3.5
12911,3.2,3.5,4.1,3.6
37315,3.2,2.5,4.1,3.27
34336,2.1,1.8,4.5,2.8
54741,2.5,2.0,4.5,3.0
57602,3.2,2.5,4.1,3.27
25931,2.5,2.0,4.5,3.0
3952,3.2,2.8,4.1,3.37
50318,2.1,1.5,4.8,2.8
29094,3.2,2.5,4.1,3.27
59738,3.5,3.0,4.2,3.57
59489,2.1,1.8,4.5,2.8
61773,3.2,2.8,4.1,3.37
39813,3.5,2.8,4.2,3.5
25698,2.4,2.1,4.2,2.9
45384,4.2,3.5,2.1,3.27
26037,3.2,2.5,3.8,3.17
30650,3.2,2.8,4.1,3.37
63358,3.5,3.0,4.2,3.57
61809,3.2,2.8,4.1,3.37
41127,2.1,1.8,4.5,2.8
696,3.5,2.8,3.2,3.17
65130,4.5,4.0,1.5,3.33
23061,2.1,1.8,4.5,2.8
34561,3.5,2.0,4.0,3.17
54859,2.1,1.8,4.5,2.8
47714,2.1,1.5,4.8,2.8
39281,3.2,2.1,4.5,3.27
4063,3.5,2.8,4.2,3.5
60840,2.5,2.0,4.5,3.0
28900,4.2,3.5,2.1,3.27
61418,3.2,2.1,4.5,3.27
35426,2.5,3.0,4.0,3.17
43340,3.5,2.8,3.2,3.17
44916,3.5,3.0,4.0,3.5
37836,3.5,2.0,4.0,3.17
20932,3.2,2.5,4.1,3.27
63930,3.2,2.8,3.5,3.17
2341,3.2,2.8,3.5,3.17
62885,3.2,2.5,4.1,3.27
49903,4.2,3.8,2.1,3.37
19248,4.2,3.8,3.1,3.7
67548,3.2,2.1,4.5,3.27
26711,3.2,2.8,4.1,3.37
13470,2.1,2.4,4.2,2.9
52338,2.1,1.8,4.5,2.8
41861,2.5,2.0,4.2,2.9
67620,2.1,1.8,4.5,2.8
34769,3.2,2.5,4.1,3.27
46705,3.5,3.0,4.2,3.57
71578,3.2,2.5,4.1,3.27
8752,2.5,2.0,4.5,3.0
57065,2.1,1.8,4.5,2.8
65826,2.5,2.0,4.0,2.83
44196,3.5,2.8,3.2,3.17
66176,4.2,3.5,2.1,3.27
18352,3.2,2.8,4.1,3.37
29111,2.1,1.8,4.2,2.7
15591,3.2,2.8,4.1,3.37
8577,2.1,1.8,4.5,2.8
20806,4.2,3.8,2.1,3.37
28285,3.2,2.1,4.5,3.27
39852,4.2,3.5,2.1,3.27
6968,2.1,1.8,4.5,2.8
44031,3.2,3.5,2.8,3.17
9185,4.2,3.8,3.1,3.7
64871,3.2,2.8,4.1,3.37
39091,2.1,1.5,4.8,2.8
16158,2.1,1.8,4.5,2.8
7444,3.2,2.5,4.1,3.27
69999,3.2,2.5,4.1,3.27
24898,2.1,1.5,4.8,2.8
6392,3.5,3.0,4.0,3.5
39966,3.2,2.8,3.5,3.17
68355,3.5,3.0,4.2,3.57
33392,2.5,2.0,4.5,3.0
71314,3.5,2.8,3.2,3.17
1175,2.1,1.8,4.5,2.8
3758,3.5,3.0,4.2,3.57
13562,3.2,2.5,4.1,3.27
36404,4.2,3.8,2.5,3.5
43285,2.5,2.0,4.5,3.0
34932,3.2,2.8,4.1,3.37
25823,3.5,3.0,4.2,3.57
35705,3.2,2.8,4.1,3.37
15452,2.1,1.8,4.5,2.8
34992,3.2,2.5,4.1,3.27
25051,2.1,1.8,4.5,2.8
1187,2.5,1.8,4.2,2.83
3126,4.5,3.8,2.0,3.43
71335,3.5,3.0,4.2,3.57
16624,2.5,1.8,4.2,2.83
65393,2.1,1.5,4.8,2.8
57297,2.5,1.8,4.2,2.83
52989,3.2,2.8,4.1,3.37
32477,3.2,2.8,3.5,3.17
62242,2.1,1.8,4.5,2.8
19795,3.5,3.0,4.2,3.57
192,3.5,2.0,4.0,3.17
12581,3.5,3.0,4.2,3.57
29230,3.2,2.5,4.1,3.27
70476,3.5,3.0,4.2,3.57
64787,3.2,2.5,4.1,3.27
41342,2.1,2.4,1.8,2.1
56102,3.5,3.0,4.2,3.57
64875,4.2,3.8,3.1,3.7
19271,2.1,1.5,4.8,2.8
60150,2.5,2.0,4.5,3.0
56690,2.1,1.5,4.8,2.8
41132,4.2,3.8,3.1,3.7
39791,2.1,1.8,4.2,2.7
5061,3.2,2.8,4.1,3.37
10315,3.2,2.8,3.5,3.17
69711,3.2,2.5,4.1,3.27
15306,3.5,2.8,4.2,3.5
11258,3.2,2.5,3.8,3.17
2713,4.2,3.5,2.1,3.27
24487,2.1,1.5,4.8,2.8
65120,3.2,2.5,3.8,3.17
20040,3.2,3.5,4.1,3.6
46330,3.5,3.0,4.2,3.57
72011,3.2,2.8,4.1,3.37
8010,4.5,4.0,2.0,3.5
8505,3.5,3.0,4.0,3.5
44935,3.2,2.8,4.1,3.37
3813,3.2,2.8,4.1,3.37
17467,2.1,1.8,4.5,2.8
61295,2.1,1.5,4.8,2.8
8653,3.5,3.0,4.2,3.57
25944,4.5,3.8,2.0,3.43
30107,2.4,1.8,4.1,2.77
18160,2.1,1.8,4.5,2.8
13168,3.2,2.8,4.1,3.37
25995,3.2,2.8,4.1,3.37
37907,2.5,2.0,4.0,2.83
975,2.1,1.5,4.8,2.8
62402,3.5,3.0,4.2,3.57
51121,2.1,1.5,4.8,2.8
40342,2.1,1.5,4.8,2.8
142,3.2,2.8,4.1,3.37
17444,4.2,3.5,3.8,3.83
6523,3.5,2.8,4.2,3.5
69669,2.5,1.8,4.2,2.83
43149,3.5,2.8,4.2,3.5
49377,4.5,4.0,4.8,4.43
45539,3.2,2.5,4.1,3.27
11083,3.0,2.5,4.0,3.17
51734,3.2,2.8,4.1,3.37
44162,4.2,3.8,3.1,3.7
47994,3.5,3.0,4.2,3.57
26203,3.2,2.5,4.1,3.27
5754,3.5,3.0,4.2,3.57
19632,2.5,2.0,4.0,2.83
295,4.2,3.8,3.1,3.7
38542,2.5,2.0,4.5,3.0
10094,3.2,2.8,4.1,3.37
50579,2.5,2.0,4.0,2.83
336,3.2,2.8,4.1,3.37
26120,3.2,2.8,4.1,3.37
47729,3.2,2.8,4.1,3.37
37682,2.5,2.0,4.2,2.9
22649,3.5,3.0,4.2,3.57
5398,4.2,3.1,3.8,3.7
54238,2.5,2.0,4.0,2.83
8847,2.1,1.8,4.2,2.7
44669,2.1,1.8,4.5,2.8
3411,2.5,2.0,3.5,2.67
14515,3.2,2.5,4.1,3.27
44832,3.2,2.5,4.1,3.27
46043,3.2,2.8,4.1,3.37
7667,2.5,1.8,4.2,2.83
6194,2.1,1.8,4.5,2.8
43651,4.2,3.5,2.8,3.5
46674,3.2,2.5,4.1,3.27
11340,3.2,2.8,4.1,3.37
36009,3.2,2.1,4.5,3.27
67568,3.2,2.5,4.1,3.27
41197,3.5,3.0,4.2,3.57
12901,3.0,2.0,4.0,3.0
51982,3.2,2.8,4.1,3.37
35775,3.5,3.0,4.2,3.57
34894,3.1,2.4,4.2,3.23
26947,3.2,2.5,4.1,3.27
59414,3.5,3.0,4.0,3.5
11071,2.5,2.0,4.5,3.0
33887,2.4,2.1,4.2,2.9
62069,3.2,2.8,3.5,3.17
14508,3.5,3.0,4.0,3.5
3308,3.2,2.8,3.5,3.17
26156,3.5,2.8,4.2,3.5
58466,3.2,2.8,4.1,3.37
53468,3.2,2.5,4.1,3.27
51485,2.5,2.0,4.0,2.83
16962,2.5,2.0,4.5,3.0
60966,3.2,2.5,4.1,3.27
48453,3.2,2.5,3.8,3.17
58634,2.1,1.8,4.5,2.8
60017,3.2,2.5,4.1,3.27
323,3.5,2.8,4.2,3.5
18910,3.2,2.5,3.8,3.17
12950,3.2,2.8,4.1,3.37
33569,3.5,2.0,4.0,3.17
46163,3.2,2.8,4.1,3.37
8387,4.2,3.8,3.1,3.7
63700,2.5,2.0,4.5,3.0
52495,2.5,2.0,4.2,2.9
21822,3.2,2.5,3.8,3.17
64827,3.2,2.1,4.5,3.27
61491,3.2,2.5,3.8,3.17
55299,3.5,3.0,4.2,3.57
40821,3.5,3.0,2.0,2.83
56053,2.1,1.8,3.5,2.47
41734,3.2,2.5,4.1,3.27
51720,3.5,3.0,4.2,3.57
22316,3.5,3.0,4.0,3.5
63555,3.2,2.8,4.1,3.37
19001,3.2,2.5,4.1,3.27
14229,3.5,3.0,4.2,3.57
57383,3.2,2.5,4.1,3.27
61296,4.5,4.0,1.5,3.33
7267,2.1,1.5,4.8,2.8
40376,3.2,3.5,4.1,3.6
12451,3.5,2.8,4.2,3.5
29634,3.2,2.8,4.1,3.37
23541,3.2,2.5,4.1,3.27
12918,4.2,3.8,3.1,3.7
62225,2.1,1.8,4.5,2.8
23397,2.1,1.85,4.6,2.85
68430,2.1,1.5,4.8,2.8
12801,2.5,2.0,4.5,3.0
31061,2.5,1.8,4.2,2.83
71500,4.2,3.8,2.5,3.5
30695,2.1,1.8,4.2,2.7
44163,2.5,1.8,4.2,2.83
3651,2.5,2.0,4.0,2.83
63838,4.5,4.0,2.0,3.5
45975,4.0,3.5,2.0,3.17
41405,3.2,2.8,4.1,3.37
26927,2.1,1.8,4.5,2.8
12427,2.5,2.0,4.0,2.83
59795,3.2,2.8,4.1,3.37
52805,4.2,3.5,2.1,3.27
22884,2.1,1.8,4.5,2.8
29176,3.0,2.5,4.0,3.17
3388,3.5,4.0,2.0,3.17
66873,3.2,2.5,4.1,3.27
61597,2.1,1.8,4.5,2.8
13170,3.5,3.0,4.0,3.5
671,3.5,3.2,4.1,3.6
53374,3.2,2.8,4.1,3.37
32264,3.2,2.8,4.1,3.37
2831,2.1,2.4,4.8,3.1
18338,3.1,2.8,3.5,3.13
62741,2.1,1.5,4.8,2.8
34572,3.2,2.1,4.5,3.27
39060,3.5,2.8,4.2,3.5
68678,3.2,2.8,3.5,3.17
3662,3.5,3.0,4.2,3.57
59157,3.2,2.8,4.1,3.37
39227,3.5,2.8,4.2,3.5
69019,3.2,2.8,3.5,3.17
35738,3.2,2.5,4.1,3.27
3272,2.5,2.0,4.0,2.83
22619,2.1,1.8,4.5,2.8
4293,3.2,2.5,4.1,3.27
5585,2.1,1.8,4.2,2.7
43009,3.2,2.8,3.5,3.17
34532,3.2,2.8,3.5,3.17
70914,2.1,1.8,4.5,2.8
62610,3.2,2.5,4.1,3.27
44399,3.2,2.5,4.1,3.27
27865,2.1,1.85,4.2,2.72
62879,3.5,2.8,4.2,3.5
15514,4.2,3.5,2.1,3.27
5810,2.4,2.1,4.2,2.9
38212,3.5,3.0,4.2,3.57
15289,3.5,3.0,4.2,3.57
38625,3.2,2.8,4.1,3.37
49754,3.5,3.0,4.2,3.57
891,2.1,1.5,4.8,2.8
22180,3.2,2.8,4.1,3.37
46130,2.5,2.0,4.5,3.0
29655,3.5,3.0,4.0,3.5
31454,3.2,2.5,4.1,3.27
7462,3.5,3.0,4.2,3.57
15358,3.2,2.8,4.1,3.37
31964,2.4,1.8,4.2,2.8
53737,2.1,1.8,4.5,2.8
29769,2.1,1.8,4.5,2.8
3045,3.5,2.8,4.2,3.5
9123,2.1,1.8,4.5,2.8
49764,2.1,1.8,4.2,2.7
57485,2.1,1.5,4.8,2.8
38318,3.2,2.5,4.1,3.27
21250,3.2,2.4,4.1,3.23
55658,3.2,2.5,4.1,3.27
39501,3.5,2.8,3.2,3.17
3352,3.2,2.5,4.1,3.27
39702,2.5,2.0,4.5,3.0
12828,3.5,3.0,4.2,3.57
58082,2.1,1.8,4.5,2.8
67360,3.2,2.8,4.1,3.37
70065,4.2,4.5,2.1,3.6
33584,3.2,2.8,4.1,3.37
50580,2.1,1.8,4.5,2.8
38926,3.2,2.5,4.1,3.27
28409,3.2,2.5,4.1,3.27
52217,2.1,1.8,4.5,2.8
62249,3.2,2.5,4.1,3.27
13837,2.5,2.0,4.5,3.0
15023,3.2,2.5,4.1,3.27
54418,3.0,2.5,4.0,3.17
52095,3.5,2.0,4.0,3.17
37024,3.5,3.0,4.2,3.57
34276,3.5,2.8,4.2,3.5
44012,4.5,3.0,2.0,3.17
62875,3.5,3.0,4.2,3.57
59570,3.2,2.8,4.1,3.37
54925,3.5,3.0,4.2,3.57
980,2.5,2.0,4.5,3.0
12054,3.2,3.5,4.1,3.6
19583,2.1,1.8,4.2,2.7
66004,3.5,3.0,4.2,3.57
5009,3.2,2.1,4.5,3.27
54846,3.2,2.8,4.1,3.37
61624,3.5,2.8,4.2,3.5
9475,3.5,2.0,4.0,3.17
12294,2.1,1.8,4.5,2.8
8978,3.2,2.5,4.1,3.27
1449,3.5,3.0,4.2,3.57
25837,3.5,3.0,2.5,3.0
61446,3.2,2.5,4.1,3.27
52673,3.2,2.8,3.5,3.17
34472,4.2,3.1,2.5,3.27
34205,3.2,2.8,3.5,3.17
35497,2.1,1.8,4.5,2.8
47514,3.5,3.0,4.2,3.57
12141,3.2,2.8,4.1,3.37
4994,3.2,2.5,4.1,3.27
20354,3.5,2.8,4.2,3.5
54905,2.5,2.0,4.0,2.83
39895,4.2,3.5,3.1,3.6
34754,3.2,2.5,4.1,3.27
34816,3.5,3.0,4.2,3.57
39504,2.1,1.8,4.5,2.8
60414,2.1,1.5,4.8,2.8
15147,4.5,4.0,2.0,3.5
47924,3.2,2.8,3.5,3.17
19204,3.2,2.5,4.1,3.27
4504,3.5,3.0,4.2,3.57
34509,3.2,2.5,4.1,3.27
36499,2.1,1.5,4.8,2.8
30981,2.5,2.0,4.0,2.83
52964,4.5,4.0,2.0,3.5
28692,3.2,2.5,4.1,3.27
26688,3.2,2.5,4.1,3.27
17610,3.2,2.1,4.5,3.27
11705,3.2,2.8,4.1,3.37
58664,2.1,1.8,4.5,2.8
22570,3.2,2.8,4.1,3.37
43101,3.2,2.5,4.1,3.27
44305,2.1,1.8,4.5,2.8
35781,3.2,2.8,4.1,3.37
70191,2.1,1.8,4.5,2.8
47169,2.1,1.5,4.8,2.8
17879,3.2,2.5,4.1,3.27
27554,3.5,3.0,4.2,3.57
6122,3.2,2.5,4.1,3.27
27437,3.2,2.8,3.5,3.17
56600,2.5,2.0,3.5,2.67
39649,2.5,1.8,4.2,2.83
2438,3.5,3.0,2.0,2.83
50395,3.2,2.8,4.1,3.37
29142,3.2,2.8,4.1,3.37
55965,3.2,2.5,4.1,3.27
70421,2.1,1.8,4.5,2.8
42615,2.4,2.1,4.2,2.9
23440,2.1,1.5,4.8,2.8
18207,2.1,1.8,3.5,2.47
1907,3.2,2.5,4.1,3.27
66278,3.2,2.8,3.5,3.17
14959,3.2,2.5,4.1,3.27
40025,3.2,2.5,4.1,3.27
21662,2.1,1.8,4.5,2.8
69278,3.2,2.5,4.1,3.27
57190,3.2,2.8,4.1,3.37
39573,3.2,2.5,4.1,3.27
15891,3.2,2.8,1.5,2.5
63494,2.1,1.8,4.5,2.8
55104,3.5,3.0,2.0,2.83
65804,2.5,2.0,4.5,3.0
31348,3.2,2.8,4.1,3.37
54215,2.1,1.8,4.5,2.8
33257,2.5,2.0,4.5,3.0
56951,3.2,2.8,3.5,3.17
1434,2.1,1.8,4.5,2.8
46415,3.5,3.0,4.2,3.57
45921,2.5,3.0,4.0,3.17
2944,3.2,2.8,4.1,3.37
68818,2.5,2.0,4.5,3.0
30034,2.5,1.8,4.2,2.83
66187,3.0,2.5,4.0,3.17
2063,3.5,3.0,4.2,3.57
57093,3.2,2.5,4.1,3.27
56952,2.5,2.0,4.0,2.83
71109,2.5,2.0,4.5,3.0
56364,3.2,2.8,4.1,3.37
52106,3.2,2.1,1.8,2.37
2176,3.5,3.0,2.0,2.83
62388,2.1,1.8,4.5,2.8
34167,3.5,2.8,4.2,3.5
43732,3.5,3.0,4.0,3.5
25033,3.2,2.8,4.1,3.37
9144,3.2,2.8,4.1,3.37
23496,4.2,3.5,2.8,3.5
62284,2.5,1.8,4.2,2.83
19278,3.2,2.5,4.1,3.27
9372,2.1,1.8,4.2,2.7
62180,2.1,1.8,4.5,2.8
42795,4.5,3.0,2.0,3.17
11727,2.1,1.8,4.5,2.8
34130,3.2,2.8,4.1,3.37
46667,2.1,1.5,4.8,2.8
47824,3.2,2.5,4.1,3.27
34625,2.1,1.8,4.5,2.8
41003,3.2,2.8,4.1,3.37
63039,3.2,2.8,4.1,3.37
46522,2.1,1.5,4.2,2.6
18671,3.2,2.5,4.1,3.27
504,3.5,3.0,2.5,3.0
8163,3.0,2.5,4.0,3.17
15772,2.1,1.5,4.8,2.8
14399,3.2,2.5,4.1,3.27
9254,3.2,2.5,4.1,3.27
36505,3.2,2.5,4.1,3.27
57441,3.2,2.5,4.1,3.27
5756,2.1,1.8,4.2,2.7
41741,2.1,1.5,4.8,2.8
44809,3.2,2.8,4.1,3.37
3731,3.2,2.5,4.1,3.27
60824,3.2,2.5,4.1,3.27
37227,3.5,3.0,4.2,3.57
6436,2.5,1.8,4.2,2.83
47984,2.5,2.0,4.5,3.0
14938,2.1,1.8,4.5,2.8
18392,2.1,1.8,4.5,2.8
31158,3.2,2.8,4.1,3.37
52438,3.5,3.0,4.0,3.5
14966,3.2,2.5,4.1,3.27
39898,2.5,3.0,4.0,3.17
40909,3.2,2.5,4.1,3.27
54968,2.1,1.8,4.5,2.8
44283,3.2,2.1,4.5,3.27
33063,3.5,3.0,2.5,3.0
18575,3.2,2.8,4.1,3.37
67901,3.5,4.0,2.0,3.17
6474,4.2,3.8,2.1,3.37
61561,2.1,1.8,4.5,2.8
46502,2.1,1.5,4.2,2.6
52254,3.5,3.0,4.0,3.5
48820,2.1,1.8,4.5,2.8
22299,4.0,3.5,2.0,3.17
60726,2.5,2.0,4.5,3.0
18620,3.5,3.0,4.2,3.57
38756,2.1,1.8,4.5,2.8
43338,3.2,2.5,4.1,3.27
7001,3.2,2.8,4.1,3.37
67246,4.2,3.5,2.1,3.27
13699,2.1,1.8,4.5,2.8
64892,2.5,2.0,4.5,3.0
18316,3.2,2.5,4.1,3.27
44327,3.2,2.8,4.1,3.37
20326,3.2,2.8,4.1,3.37
30296,4.5,4.0,1.5,3.33
21110,2.1,1.8,4.5,2.8
20927,3.2,2.5,4.1,3.27
31582,2.1,1.5,4.8,2.8
71609,2.5,2.0,4.5,3.0
56938,2.1,1.8,4.5,2.8
25109,3.5,3.0,2.5,3.0
33171,3.2,2.5,4.1,3.27
44376,4.2,3.5,2.1,3.27
69036,3.2,2.5,4.1,3.27
29040,3.2,2.8,4.1,3.37
65829,2.1,1.8,4.5,2.8
15285,3.5,2.8,4.2,3.5
26754,3.5,2.0,4.0,3.17
23203,2.1,1.8,4.5,2.8
51945,2.1,1.8,4.5,2.8
850,3.2,2.8,3.5,3.17
28401,3.5,3.0,4.2,3.57
18382,2.5,2.0,4.0,2.83
51277,3.5,4.0,3.0,3.5
7672,3.5,3.0,4.0,3.5
50553,3.2,2.1,4.5,3.27
45352,3.2,2.8,4.1,3.37
16269,3.5,2.8,4.2,3.5
43320,3.2,2.1,4.5,3.27
52326,3.2,2.8,4.1,3.37
21401,3.5,3.0,4.2,3.57
49069,3.2,2.8,4.1,3.37
48362,3.2,2.5,3.8,3.17
20426,2.1,1.8,4.5,2.8
21571,2.5,2.0,4.0,2.83
53598,2.5,2.0,3.5,2.67
51229,3.2,2.8,4.1,3.37
5767,3.2,2.1,4.5,3.27
69478,3.2,2.5,4.1,3.27
49943,2.1,1.8,4.5,2.8
32615,3.2,2.5,4.1,3.27
65609,2.1,1.8,4.5,2.8
70889,3.2,2.8,4.1,3.37
47288,3.5,3.0,4.2,3.57
12753,3.5,2.8,4.2,3.5
64491,3.2,2.8,4.1,3.37
66977,2.5,2.0,4.0,2.83
11880,3.2,2.8,4.1,3.37
15428,3.2,2.8,4.1,3.37
1302,2.1,1.8,4.2,2.7
52354,3.2,2.5,4.1,3.27
60935,2.1,1.8,4.5,2.8
48097,3.5,3.0,4.2,3.57
27734,4.2,3.8,3.1,3.7
5306,3.2,2.8,4.1,3.37
24138,2.1,1.8,4.5,2.8
60670,3.2,2.1,4.5,3.27
47816,2.5,3.0,4.0,3.17
37683,3.5,3.0,4.2,3.57
50776,4.2,3.5,2.8,3.5
52189,2.5,2.0,4.5,3.0
12002,4.5,3.0,2.0,3.17
43040,3.5,3.0,4.2,3.57
68639,2.1,1.8,4.2,2.7
5142,3.2,2.8,4.1,3.37
46136,2.5,1.8,4.2,2.83
29399,3.2,2.8,4.1,3.37
52382,3.5,3.0,4.0,3.5
30166,2.1,1.8,4.5,2.8
42027,2.5,1.8,4.2,2.83
2639,4.2,3.8,3.1,3.7
6310,3.2,2.8,4.1,3.37
63268,2.5,2.0,4.0,2.83
5532,2.1,1.8,4.5,2.8
37017,3.0,2.5,4.0,3.17
29880,4.2,3.8,3.1,3.7
40126,3.2,2.8,4.1,3.37
14887,3.2,2.8,4.1,3.37
55582,3.0,2.5,4.0,3.17
13994,3.2,2.5,4.1,3.27
20673,3.5,2.8,4.2,3.5
39219,2.1,1.8,4.5,2.8
37624,3.0,2.5,4.0,3.17
42127,2.1,1.8,4.5,2.8
40809,3.5,3.0,4.2,3.57
23698,2.1,1.8,4.5,2.8
32795,3.5,3.0,4.2,3.57
9224,3.5,3.0,4.2,3.57
19639,3.5,3.0,4.2,3.57
30844,2.1,1.8,4.2,2.7
912,3.5,2.8,4.2,3.5
8961,2.1,1.8,4.2,2.7
31330,3.2,2.5,4.1,3.27
58544,3.2,2.5,4.1,3.27
66768,3.2,2.8,4.1,3.37
33133,2.5,2.0,4.0,2.83
36540,4.2,3.5,3.8,3.83
1874,2.1,1.8,4.5,2.8
60260,3.2,2.8,4.1,3.37
899,3.0,2.0,4.0,3.0
44138,3.2,2.5,4.1,3.27
47168,2.1,1.5,4.8,2.8
17137,3.2,2.8,4.1,3.37
31290,2.5,1.8,4.2,2.83
26192,2.5,2.0,4.0,2.83
40949,3.0,2.5,4.0,3.17
1820,2.45,1.8,4.1,2.78
27910,2.1,1.5,4.8,2.8
39869,3.2,2.5,4.1,3.27
26587,2.1,1.8,4.5,2.8
19401,3.2,2.5,4.1,3.27
16488,2.1,1.5,4.8,2.8
13359,3.8,4.1,3.2,3.7
29430,3.2,2.8,4.1,3.37
35576,3.2,2.5,4.1,3.27
67,3.2,2.8,3.5,3.17
50611,2.1,1.5,4.8,2.8
37800,3.2,2.8,3.5,3.17
26607,3.2,2.5,4.1,3.27
6707,2.5,2.0,4.5,3.0
69496,3.2,2.5,4.1,3.27
20770,3.5,2.8,4.2,3.5
637,3.5,2.0,4.0,3.17
31934,3.2,2.5,4.1,3.27
71524,3.2,2.8,4.1,3.37
48152,2.1,1.5,4.8,2.8
57701,2.5,2.0,4.0,2.83
30852,2.5,2.0,4.2,2.9
22806,3.2,2.8,4.1,3.37
7454,3.2,2.5,3.8,3.17
20748,3.2,2.8,4.1,3.37
43054,2.45,2.1,4.3,2.95
44123,3.5,3.0,4.2,3.57
4097,3.2,2.5,4.1,3.27
43084,3.2,2.1,4.5,3.27
680,4.2,3.8,2.1,3.37
30591,3.2,2.5,4.1,3.27
4300,3.5,3.0,2.5,3.0
11516,3.2,2.5,4.1,3.27
16041,3.5,3.0,4.0,3.5
3619,2.5,2.0,4.0,2.83
43516,3.2,2.5,4.1,3.27
4035,4.5,3.0,2.0,3.17
26130,3.5,2.8,4.2,3.5
24456,4.5,4.0,1.5,3.33
48540,3.2,2.5,4.1,3.27
33603,3.5,3.0,4.2,3.57
13222,3.2,2.8,3.5,3.17
13355,3.5,3.0,4.2,3.57
28876,3.2,2.5,4.1,3.27
42851,2.5,2.0,4.0,2.83
49424,3.5,2.8,3.2,3.17
68217,2.1,1.8,4.5,2.8
65627,2.1,1.8,4.5,2.8
53253,4.2,3.8,3.1,3.7
5451,3.2,2.8,4.1,3.37
41224,3.5,3.0,4.2,3.57
29152,3.2,2.1,4.5,3.27
45577,3.2,2.8,4.1,3.37
10552,3.2,2.8,4.1,3.37
65910,3.2,2.8,3.5,3.17
17235,3.5,2.8,4.2,3.5
38645,3.2,2.8,4.1,3.37
18943,3.2,2.8,4.1,3.37
68225,3.0,2.5,4.0,3.17
9456,3.5,3.2,4.1,3.6
58124,2.5,1.8,4.2,2.83
819,2.1,1.8,4.2,2.7
60466,3.5,3.0,4.0,3.5
36823,3.0,2.5,4.0,3.17
34436,2.1,1.8,4.5,2.8
13006,3.2,2.5,4.1,3.27
36653,3.2,2.8,4.1,3.37
134,3.2,2.5,4.1,3.27
47705,3.2,2.8,4.1,3.37
47179,3.0,2.5,4.0,3.17
2310,4.2,3.8,3.1,3.7
34229,2.5,2.0,4.5,3.0
9451,3.5,3.0,4.2,3.57
29333,3.2,2.1,4.5,3.27
14922,2.5,2.0,4.5,3.0
35716,2.1,1.8,4.5,2.8
43431,3.5,3.0,4.2,3.57
3992,3.5,3.0,4.2,3.57
60498,3.5,3.0,4.2,3.57
46397,3.5,3.0,4.0,3.5
28769,2.4,1.8,4.1,2.77
64496,3.2,2.5,4.1,3.27
51147,2.1,1.5,4.8,2.8
54986,2.5,3.0,4.0,3.17
50346,3.5,3.0,4.2,3.57
17942,3.2,2.8,4.1,3.37
18595,3.2,2.5,4.1,3.27
16479,3.5,2.0,4.0,3.17
36229,3.2,2.8,3.5,3.17
34888,4.2,3.5,2.8,3.5
62467,3.5,2.8,4.2,3.5
32722,3.5,2.0,4.0,3.17
46911,2.1,1.8,4.5,2.8
34416,3.2,2.5,4.1,3.27
59894,2.1,1.8,4.5,2.8
19676,2.5,2.0,4.5,3.0
23372,3.5,3.0,4.0,3.5
49755,3.2,2.5,4.1,3.27
43756,2.1,1.8,4.5,2.8
36700,4.2,3.5,2.1,3.27
43165,3.2,2.5,4.1,3.27
8988,3.2,2.5,4.1,3.27
1301,3.5,2.0,4.0,3.17
12617,2.1,1.5,4.8,2.8
19163,3.5,2.2,4.1,3.27
57204,3.2,2.8,4.1,3.37
32330,3.5,2.8,4.2,3.5
63057,3.2,2.5,4.1,3.27
41427,3.5,3.0,4.2,3.57
44400,2.5,2.0,4.5,3.0
40335,3.5,2.8,4.2,3.5
20001,3.2,2.8,4.1,3.37
5001,3.5,3.0,4.0,3.5
68928,2.5,2.0,4.5,3.0
44170,3.2,2.1,4.5,3.27
8142,3.2,2.1,4.5,3.27
31969,2.1,1.8,4.5,2.8
71369,3.2,2.5,4.1,3.27
50472,3.5,2.8,3.2,3.17
31250,3.2,2.5,4.1,3.27
9370,3.2,2.1,4.5,3.27
36171,3.2,2.5,4.1,3.27
50678,3.2,2.8,4.1,3.37
589,2.1,1.5,4.2,2.6
65612,3.2,2.5,4.1,3.27
29993,3.2,2.5,4.1,3.27
49189,3.5,2.0,4.0,3.17
32541,3.2,2.8,4.1,3.37
43629,4.2,3.8,3.1,3.7
64695,2.1,1.8,4.2,2.7
43791,3.2,2.5,4.1,3.27
45272,2.1,1.5,4.8,2.8
42528,3.5,3.0,4.2,3.57
56893,3.2,2.5,4.1,3.27
47246,3.2,2.1,4.5,3.27
30025,2.5,2.0,4.5,3.0
41495,2.5,2.0,4.5,3.0
63862,2.1,1.8,4.5,2.8
11097,3.5,3.0,4.2,3.57
34592,3.2,2.8,4.1,3.37
32222,3.2,2.8,4.1,3.37
54589,3.5,3.0,4.2,3.57
17369,3.2,2.5,4.1,3.27
37680,3.5,2.8,4.2,3.5
48564,3.5,3.0,2.0,2.83
30530,4.2,3.5,2.1,3.27
6258,2.1,1.8,4.5,2.8
69283,2.5,2.0,4.5,3.0
57978,2.5,3.0,4.2,3.23
67492,2.1,1.8,4.5,2.8
55548,2.1,1.8,4.5,2.8
51549,3.2,2.5,4.1,3.27
11749,3.2,2.8,4.1,3.37
49388,3.5,2.8,4.2,3.5
41477,2.5,2.0,4.0,2.83
27786,2.1,1.8,4.5,2.8
5336,3.5,2.8,3.2,3.17
61718,3.0,2.0,4.0,3.0
61294,3.5,2.8,4.2,3.5
48220,2.5,3.0,4.0,3.17
48149,2.1,1.5,4.8,2.8
25238,2.1,1.8,4.5,2.8
57718,2.1,1.8,4.5,2.8
13416,2.45,1.8,4.12,2.79
48550,2.5,2.0,3.5,2.67
41853,2.5,2.0,4.0,2.83
21517,3.5,3.0,2.5,3.0
44719,3.2,2.8,4.1,3.37
51533,4.2,3.8,3.1,3.7
7510,3.2,2.5,3.8,3.17
50909,4.2,3.5,2.1,3.27
61195,3.5,2.8,4.2,3.5
65527,3.5,2.0,4.0,3.17
35324,2.1,1.8,4.5,2.8
19928,1.5,1.2,4.8,2.5
64248,2.1,1.8,4.5,2.8
55008,2.1,1.8,4.5,2.8
26223,2.1,1.8,4.5,2.8
12094,3.5,3.0,4.2,3.57
47841,3.2,2.8,4.1,3.37
56384,2.1,1.8,4.5,2.8
17387,2.5,2.0,4.5,3.0
22865,3.5,3.0,4.2,3.57
11241,3.2,2.5,4.1,3.27
39322,4.2,3.8,3.5,3.83
30921,3.2,2.8,3.5,3.17
37843,3.2,2.1,4.5,3.27
20178,2.5,2.0,4.0,2.83
37461,3.5,3.0,4.0,3.5
55703,4.0,3.5,2.0,3.17
23690,2.1,1.8,4.5,2.8
37285,1.5,2.0,4.5,2.67
43274,2.5,3.0,4.0,3.17
72155,3.5,2.8,4.2,3.5
50371,2.15,1.8,4.65,2.87
70676,3.2,2.8,4.1,3.37
41287,4.2,3.8,2.1,3.37
67535,3.2,2.8,4.1,3.37
65983,2.1,1.8,4.5,2.8
58674,3.2,2.8,4.1,3.37
58119,2.1,1.5,4.8,2.8
14145,3.2,2.8,4.1,3.37
56703,2.5,2.0,4.0,2.83
19229,2.1,1.8,4.5,2.8
44362,3.2,2.5,4.1,3.27
23923,2.1,1.8,4.5,2.8
47108,3.2,2.8,3.5,3.17
31785,3.2,2.8,4.1,3.37
53816,3.0,2.5,4.0,3.17
41724,2.1,1.5,4.2,2.6
44797,3.5,4.0,2.0,3.17
35115,2.1,1.8,4.5,2.8
30925,3.2,2.5,4.1,3.27
21693,4.2,3.8,3.1,3.7
40498,2.1,1.8,4.2,2.7
70096,2.1,1.8,4.5,2.8
4532,2.5,2.0,4.2,2.9
32922,2.1,1.5,4.8,2.8
4618,2.1,1.8,4.5,2.8
33688,3.5,3.0,4.2,3.57
54711,3.2,2.8,4.1,3.37
60998,3.2,2.5,4.1,3.27
67210,2.5,2.0,4.5,3.0
8249,3.2,2.5,4.1,3.27
55009,4.2,3.1,2.8,3.37
52526,2.5,2.0,4.5,3.0
72063,3.2,2.8,4.1,3.37
55925,3.2,2.8,4.1,3.37
27717,3.1,2.4,4.2,3.23
50282,3.2,2.5,4.1,3.27
42123,3.2,2.5,3.8,3.17
22953,3.2,2.5,4.1,3.27
26491,3.5,2.8,4.2,3.5
28714,2.1,1.8,4.2,2.7
46926,4.2,3.5,2.1,3.27
2995,3.2,2.8,4.1,3.37
25071,3.1,2.4,4.2,3.23
29891,3.2,2.8,4.1,3.37
60944,2.1,1.5,4.8,2.8
29358,3.2,2.8,4.1,3.37
56652,4.2,3.8,3.1,3.7
2392,4.2,3.8,3.1,3.7
55686,3.0,2.5,4.0,3.17
56658,3.2,2.5,4.1,3.27
42464,2.45,2.1,4.3,2.95
31159,4.2,3.5,2.8,3.5
41814,3.5,4.0,2.0,3.17
33341,2.1,1.5,4.8,2.8
47085,3.2,2.5,4.1,3.27
71520,2.1,1.8,4.2,2.7
71593,3.5,2.0,4.0,3.17
62498,3.5,2.8,4.2,3.5
57733,2.5,2.0,4.0,2.83
28324,3.2,2.5,4.1,3.27
29286,2.5,2.0,4.0,2.83
18162,3.2,2.8,4.1,3.37
47898,4.5,4.0,2.0,3.5
54759,3.5,2.8,4.2,3.5
45988,3.2,2.8,4.1,3.37
35294,3.5,3.0,4.2,3.57
691,2.1,1.8,4.5,2.8
36269,4.2,3.5,2.8,3.5
64027,2.1,1.8,4.5,2.8
8441,4.2,3.5,3.8,3.83
992,3.2,2.8,4.1,3.37
63096,4.2,3.8,3.1,3.7
19823,3.5,2.8,4.2,3.5
29445,3.2,2.5,4.1,3.27
12810,3.5,3.0,2.0,2.83
7904,3.5,2.1,4.2,3.27
57262,4.2,3.5,2.8,3.5
15295,3.5,3.0,4.2,3.57
33192,2.1,1.8,4.2,2.7
70895,3.2,2.8,4.1,3.37
39408,2.45,1.8,4.12,2.79
53388,3.2,3.5,4.1,3.6
27161,4.2,3.8,2.1,3.37
59415,3.1,2.8,3.5,3.13
41767,3.5,3.0,4.2,3.57
24344,3.2,2.8,3.5,3.17
2358,3.2,2.4,4.1,3.23
64670,3.2,2.8,4.1,3.37
8443,3.0,2.5,4.0,3.17
28178,2.1,1.8,4.5,2.8
71478,3.5,3.0,4.2,3.57
47190,3.0,2.5,4.0,3.17
56109,3.2,2.8,4.1,3.37
2821,3.5,4.0,2.0,3.17
19179,3.5,2.8,4.2,3.5
17346,1.5,1.2,4.8,2.5
5063,3.2,2.8,4.1,3.37
59001,3.2,2.5,4.1,3.27
48762,3.2,2.8,4.1,3.37
26043,2.1,1.8,4.5,2.8
26240,2.1,1.5,4.8,2.8
13369,2.1,1.8,4.5,2.8
54335,3.2,2.8,4.1,3.37
69671,2.1,1.8,4.2,2.7
45192,2.1,1.5,4.8,2.8
25120,3.2,2.8,3.5,3.17
52124,4.2,3.5,3.1,3.6
25611,3.2,2.8,4.1,3.37
13490,2.1,1.8,4.5,2.8
16699,2.1,1.8,4.2,2.7
37483,3.2,2.5,4.1,3.27
32150,4.2,3.8,2.1,3.37
57467,2.1,1.8,4.5,2.8
4134,3.2,2.5,4.1,3.27
16726,2.1,1.8,4.5,2.8
55036,3.2,2.5,4.1,3.27
60919,4.2,3.5,2.8,3.5
19191,2.5,2.0,4.0,2.83
1031,2.1,1.8,4.5,2.8
46442,2.1,1.8,4.2,2.7
9731,4.2,3.8,3.5,3.83
20655,3.5,3.0,4.0,3.5
37067,3.5,3.0,4.2,3.57
53164,3.2,2.8,4.1,3.37
907,3.5,3.0,4.2,3.57
6796,2.1,1.8,4.2,2.7
41558,3.2,2.5,4.1,3.27
41670,2.5,3.0,3.5,3.0
53024,4.2,3.5,2.8,3.5
23396,2.1,1.5,4.8,2.8
59954,1.5,1.0,4.5,2.33
29253,1.5,1.2,4.8,2.5
31452,2.1,1.8,4.2,2.7
29132,2.1,1.8,4.5,2.8
8826,3.2,2.8,3.5,3.17
13949,3.2,2.8,3.5,3.17
69839,3.2,2.5,4.1,3.27
60797,3.5,2.8,4.2,3.5
16001,3.5,3.0,4.2,3.57
5313,2.5,2.0,4.5,3.0
47937,2.1,1.5,4.2,2.6
25574,2.1,1.8,4.5,2.8
45485,2.1,1.8,4.5,2.8
58855,3.2,2.5,4.1,3.27
57822,2.1,1.8,4.5,2.8
66124,3.2,2.5,4.1,3.27
12488,2.1,2.4,4.2,2.9
70172,3.2,2.5,4.1,3.27
70737,3.2,2.8,4.1,3.37
8329,3.2,2.8,4.1,3.37
37785,2.1,1.8,4.5,2.8
68203,4.2,3.5,3.8,3.83
65294,3.2,2.5,4.1,3.27
21877,2.5,2.0,4.0,2.83
70622,3.2,2.8,4.1,3.37
12409,4.5,3.8,2.1,3.47
652,3.0,2.5,4.0,3.17
36436,2.4,2.1,4.2,2.9
62035,3.5,3.0,4.2,3.57
42880,2.5,2.0,4.5,3.0
22587,2.4,2.1,4.2,2.9
59515,3.2,2.5,4.1,3.27
67503,3.2,2.8,4.1,3.37
71021,3.2,2.8,4.1,3.37
29386,3.5,2.8,4.2,3.5
67792,3.5,4.0,2.0,3.17
125,2.1,1.8,4.2,2.7
10617,2.5,2.0,4.0,2.83
29942,3.2,2.5,4.1,3.27
47559,3.2,2.8,4.1,3.37
49775,3.5,3.0,4.2,3.57
17222,3.5,2.8,4.2,3.5
71191,3.2,2.8,4.1,3.37
32462,3.2,2.1,4.5,3.27
29072,3.2,2.8,4.1,3.37
40179,3.5,2.8,4.2,3.5
52346,2.45,1.8,4.12,2.79
45995,3.5,3.0,4.0,3.5
44723,3.2,2.8,4.1,3.37
42789,2.5,2.0,4.5,3.0
68664,3.5,2.8,4.2,3.5
1896,2.5,2.0,4.5,3.0
66169,3.5,3.0,4.2,3.57
4343,2.1,1.8,4.5,2.8
41041,3.2,2.8,4.1,3.37
28288,4.0,3.5,2.0,3.17
22987,2.1,1.8,4.5,2.8
63370,3.1,2.4,4.2,3.23
17562,3.2,2.5,4.1,3.27
32189,3.2,2.5,4.1,3.27
71759,3.2,2.8,4.1,3.37
58355,2.1,1.5,4.8,2.8
40450,3.2,2.8,4.1,3.37
5289,3.2,2.5,4.1,3.27
27210,3.2,2.5,4.1,3.27
57543,2.5,3.0,4.0,3.17
2258,3.5,3.0,4.2,3.57
10930,2.1,1.8,4.5,2.8
58721,4.2,3.8,3.1,3.7
32585,2.1,1.8,4.5,2.8
62204,4.2,3.8,2.5,3.5
2973,2.1,1.8,4.2,2.7
47548,2.1,2.4,3.8,2.77
8194,3.5,3.0,4.2,3.57
60053,3.2,2.5,4.1,3.27
23008,2.5,1.8,4.2,2.83
21856,4.2,3.8,2.1,3.37
50340,3.2,3.5,4.1,3.6
66487,3.2,2.8,3.5,3.17
52171,4.2,3.8,3.1,3.7
69180,3.2,2.5,4.1,3.27
36982,4.2,3.5,2.1,3.27
64613,3.2,2.5,4.1,3.27
38420,2.5,2.0,4.0,2.83
44156,2.5,2.0,4.5,3.0
31965,4.2,3.8,2.1,3.37
15802,3.2,2.8,4.1,3.37
36669,3.2,2.8,4.1,3.37
5430,3.2,2.5,4.1,3.27
16388,3.2,2.8,4.1,3.37
22494,2.1,1.8,4.2,2.7
19387,3.2,3.5,4.1,3.6
71533,3.5,2.0,4.5,3.33
31679,3.2,2.5,4.1,3.27
26595,3.5,3.0,4.2,3.57
10454,4.2,3.8,3.1,3.7
27493,3.5,3.0,4.0,3.5
35541,3.2,2.8,4.1,3.37
25809,2.1,1.8,4.5,2.8
3968,2.5,2.0,4.5,3.0
59822,2.1,1.5,4.8,2.8
27881,3.5,4.0,3.0,3.5
3211,3.2,2.5,4.1,3.27
30156,2.1,1.8,4.5,2.8
48489,3.2,2.8,4.1,3.37
57805,2.5,2.0,4.0,2.83
47860,2.5,2.0,4.0,2.83
10763,3.2,2.8,4.1,3.37
27541,3.5,3.0,4.2,3.57
53210,2.1,1.8,4.5,2.8
34033,3.2,2.1,4.5,3.27
55894,2.1,1.8,4.5,2.8
25855,3.2,2.8,4.1,3.37
14136,3.5,3.0,4.0,3.5
54212,2.4,2.1,4.2,2.9
17907,3.2,2.8,4.1,3.37
40884,3.2,2.1,4.5,3.27
30469,2.5,2.0,4.5,3.0
20771,2.5,3.0,4.0,3.17
36977,4.2,3.5,2.1,3.27
55425,2.1,1.8,4.2,2.7
43318,4.2,3.5,2.8,3.5
70837,2.5,2.0,3.5,2.67
69049,3.2,2.5,4.1,3.27
68563,3.2,2.8,4.1,3.37
56572,2.5,2.0,4.0,2.83
60865,2.5,3.0,4.0,3.17
3075,3.2,2.5,4.1,3.27
8108,2.1,1.8,4.5,2.8
17856,2.1,1.5,4.8,2.8
52170,4.2,3.8,3.1,3.7
7040,3.2,2.5,4.1,3.27
29730,2.1,1.8,4.2,2.7
34544,3.2,2.5,4.1,3.27
50565,3.2,2.1,4.5,3.27
24822,2.1,1.5,4.8,2.8
24713,3.2,2.8,4.1,3.37
1892,2.5,1.8,4.2,2.83
41713,3.5,2.0,4.0,3.17
20337,2.5,2.0,4.5,3.0
40216,2.5,2.0,4.5,3.0
5944,3.2,2.5,4.1,3.27
49979,2.5,2.0,4.0,2.83
34912,2.5,3.0,4.0,3.17
37639,3.2,2.5,4.1,3.27
56469,3.5,2.0,4.0,3.17
46358,3.2,2.1,4.5,3.27
7014,2.1,1.8,4.5,2.8
4124,3.2,2.8,3.5,3.17
60059,2.1,1.5,4.8,2.8
45627,3.2,2.8,4.1,3.37
62938,3.2,2.8,4.1,3.37
53953,3.2,2.5,4.1,3.27
64513,3.5,2.8,3.2,3.17
24662,2.5,2.0,4.5,3.0
60338,4.5,4.0,4.8,4.43
2656,2.5,2.0,4.0,2.83
54982,3.2,2.8,4.1,3.37
59880,4.2,3.8,2.1,3.37
4932,2.5,2.0,4.0,2.83
67555,2.1,1.8,4.2,2.7
9349,3.2,2.5,3.8,3.17
15468,3.5,3.0,4.2,3.57
44799,2.5,1.8,4.2,2.83
39680,2.1,1.8,4.2,2.7
44959,3.2,2.5,4.1,3.27
56586,3.2,2.8,4.1,3.37
8524,3.2,2.8,4.1,3.37
15237,2.1,1.85,4.2,2.72
70467,3.2,2.8,4.1,3.37
4732,2.1,1.8,4.5,2.8
17534,3.2,2.8,3.5,3.17
14113,4.2,3.5,2.1,3.27
64723,3.2,2.8,4.1,3.37
46262,3.5,3.0,4.2,3.57
6953,3.2,2.8,4.1,3.37
43519,1.5,1.2,4.8,2.5
23587,2.5,3.0,4.0,3.17
4785,3.5,3.0,4.2,3.57
45575,3.2,2.8,4.1,3.37
20063,3.2,2.5,4.1,3.27
8212,3.2,2.5,4.1,3.27
7789,3.2,2.8,4.1,3.37
66385,3.2,2.8,4.1,3.37
44465,3.5,3.0,4.0,3.5
9419,2.1,1.8,4.5,2.8
17786,2.4,1.8,4.2,2.8
9781,3.2,2.5,4.1,3.27
23799,3.5,3.0,2.5,3.0
57440,3.2,2.8,3.5,3.17
832,2.1,1.5,4.8,2.8
42453,3.2,2.8,4.1,3.37
16104,3.5,3.0,4.0,3.5
69290,3.2,2.8,4.1,3.37
43837,3.5,3.0,4.2,3.57
39596,3.2,2.5,4.1,3.27
63362,3.2,2.8,4.1,3.37
13711,3.2,2.5,4.1,3.27
4012,2.1,1.8,4.5,2.8
18815,3.2,2.8,4.1,3.37
44025,2.1,1.8,4.5,2.8
37610,3.2,2.8,4.1,3.37
40323,3.2,2.8,4.1,3.37
47304,3.5,2.8,4.2,3.5
1386,3.2,2.5,4.1,3.27
46971,3.2,2.5,4.1,3.27
40672,1.5,1.2,4.8,2.5
54525,3.5,3.0,4.2,3.57
6324,2.1,1.8,4.5,2.8
30566,2.1,1.8,4.5,2.8
57831,2.1,1.5,4.8,2.8
11431,4.2,3.8,3.1,3.7
36356,2.1,1.5,4.8,2.8
27042,3.5,3.0,4.2,3.57
63904,2.5,2.0,4.5,3.0
10180,3.2,2.8,4.1,3.37
7729,2.1,1.8,4.5,2.8
24632,3.2,2.8,4.1,3.37
48211,3.5,3.0,2.0,2.83
14891,3.2,2.8,4.1,3.37
13009,3.2,2.5,4.1,3.27
38165,3.2,2.8,4.1,3.37
33064,3.5,3.0,4.0,3.5
56376,3.2,2.8,4.1,3.37
14269,3.2,2.8,4.1,3.37
4586,3.2,2.8,4.1,3.37
1402,3.2,2.5,4.1,3.27
68992,3.5,2.8,4.2,3.5
14601,4.2,3.8,3.1,3.7
41317,2.5,2.0,4.5,3.0
12102,3.2,2.5,4.1,3.27
29244,3.5,2.8,4.2,3.5
37194,3.2,2.8,4.1,3.37
22151,2.5,1.8,4.2,2.83
60813,3.2,2.8,4.1,3.37
19043,3.2,2.5,4.1,3.27
9712,3.2,2.5,4.1,3.27
52358,3.5,2.8,4.2,3.5
58232,2.1,1.8,4.5,2.8
52744,3.2,2.8,4.1,3.37
37939,2.5,2.0,4.5,3.0
34962,2.5,2.0,4.0,2.83
72126,3.5,3.0,4.0,3.5
35471,2.1,1.8,4.2,2.7
39788,2.1,1.5,4.8,2.8
67336,2.1,1.5,4.8,2.8
7046,2.5,2.0,4.5,3.0
69766,3.2,2.8,4.1,3.37
35155,2.1,1.8,4.5,2.8
35035,3.0,2.5,4.0,3.17
1537,2.1,1.8,4.5,2.8
55157,3.2,2.8,4.1,3.37
53790,3.2,2.5,4.1,3.27
67646,2.5,2.0,4.5,3.0
9698,2.1,1.8,4.2,2.7
18884,3.2,2.5,4.1,3.27
53202,3.5,3.0,4.2,3.57
66737,3.5,2.8,4.2,3.5
3328,2.1,2.4,4.2,2.9
17931,4.2,3.5,2.8,3.5
22053,3.2,2.5,4.1,3.27
45611,3.2,2.8,4.1,3.37
36178,3.2,2.8,4.1,3.37
45,3.2,2.5,4.1,3.27
18516,3.2,2.5,4.1,3.27
58146,2.1,1.8,4.5,2.8
24940,3.2,2.5,4.1,3.27
6511,3.2,2.5,4.1,3.27
10207,3.5,3.0,4.2,3.57
59972,3.2,2.8,4.1,3.37
1149,2.5,2.0,4.5,3.0
29935,3.2,2.5,4.1,3.27
40709,2.1,1.8,4.5,2.8
54570,2.1,1.8,4.2,2.7
57574,3.5,3.0,4.2,3.57
46067,2.5,2.0,4.5,3.0
38190,2.1,1.8,4.5,2.8
45246,2.5,2.0,4.5,3.0
3527,3.5,3.0,4.2,3.57
64360,3.2,2.1,4.5,3.27
25376,3.0,2.5,4.0,3.17
26562,3.5,2.8,4.2,3.5
40566,3.5,2.8,4.2,3.5
3318,2.5,2.0,4.5,3.0
20485,3.5,3.0,4.2,3.57
28487,2.5,2.0,4.5,3.0
22725,2.5,2.0,4.5,3.0
67688,2.5,2.0,4.5,3.0
57958,,,,
60577,2.1,1.8,4.5,2.8
17576,2.1,2.4,4.2,2.9
12131,3.2,2.5,4.1,3.27
63420,2.1,1.8,4.5,2.8
53687,4.2,3.5,2.1,3.27
37870,3.5,2.8,3.2,3.17
50585,3.5,3.0,4.0,3.5
6061,3.5,3.0,4.2,3.57
68301,2.5,1.8,4.2,2.83
68642,2.5,2.0,4.0,2.83
11035,3.2,2.5,4.1,3.27
26127,3.2,2.8,4.1,3.37
23838,3.2,2.5,4.1,3.27
14492,3.2,2.5,4.1,3.27
16747,3.2,3.5,2.8,3.17
49200,3.5,3.0,4.2,3.57
1222,2.1,1.8,4.5,2.8
39660,3.5,3.0,4.2,3.57
49440,3.2,2.5,4.1,3.27
5447,2.1,1.8,4.5,2.8
56555,4.2,3.5,3.1,3.6
675,3.5,3.0,4.2,3.57
13224,2.1,1.8,4.5,2.8
26380,2.1,1.8,4.5,2.8
58980,3.2,2.8,4.1,3.37
12945,3.2,2.1,4.5,3.27
36754,3.2,2.1,4.5,3.27
39181,3.5,3.0,4.2,3.57
2572,3.2,2.5,4.1,3.27
45767,3.5,3.0,4.2,3.57
8106,3.5,3.0,4.2,3.57
5986,2.5,1.8,4.2,2.83
66974,2.5,2.0,4.0,2.83
61289,2.1,1.8,4.2,2.7
13771,2.1,1.5,4.8,2.8
19357,4.2,3.8,3.1,3.7
4341,2.1,1.5,4.8,2.8
29373,2.1,1.8,4.5,2.8
25707,4.5,4.0,2.0,3.5
63865,3.2,2.5,4.1,3.27
70416,2.4,2.1,4.2,2.9
58379,4.2,3.1,3.5,3.6
48056,3.2,2.8,4.1,3.37
31272,2.1,1.8,4.5,2.8
48139,2.1,1.5,4.8,2.8
49449,3.5,3.0,4.2,3.57
8537,2.1,1.5,4.8,2.8
54510,2.1,1.8,4.5,2.8
71608,3.2,2.8,4.1,3.37
31422,2.1,1.8,4.5,2.8
25891,3.2,2.5,4.1,3.27
30144,2.1,1.8,4.5,2.8
67757,2.5,2.0,4.5,3.0
7856,3.5,3.0,4.2,3.57
53688,2.5,2.0,4.5,3.0
44521,4.2,3.8,3.1,3.7
24836,3.2,2.5,3.8,3.17
375,3.2,2.5,4.1,3.27
30067,3.0,2.5,4.0,3.17
28448,2.5,1.8,4.2,2.83
9556,3.0,2.5,4.0,3.17
46844,2.1,1.5,4.8,2.8
4906,3.2,2.5,4.1,3.27
68038,3.2,2.8,4.1,3.37
58635,2.5,1.8,4.2,2.83
70063,3.2,2.8,4.1,3.37
21825,2.5,2.0,4.5,3.0
51344,3.2,2.5,4.1,3.27
54886,3.2,2.8,4.1,3.37
38389,3.2,2.5,4.1,3.27
46789,3.5,3.0,4.2,3.57
42895,3.5,3.0,4.0,3.5
13114,2.1,1.5,4.8,2.8
33056,2.5,1.8,4.2,2.83
52527,2.5,2.0,4.5,3.0
54429,3.2,2.1,4.5,3.27
35384,4.2,3.5,3.1,3.6
6190,3.2,2.5,4.1,3.27
44732,3.5,2.0,4.0,3.17
31262,3.5,2.8,4.2,3.5
56117,3.2,2.8,4.1,3.37
37668,3.2,2.1,4.5,3.27
37149,2.5,2.0,4.5,3.0
20020,3.2,2.5,4.1,3.27
30030,2.1,1.8,4.5,2.8
35084,2.1,2.4,4.2,2.9
22438,3.5,3.0,4.2,3.57
59861,3.2,2.8,4.1,3.37
45652,2.5,2.0,4.0,2.83
41412,3.5,2.0,4.0,3.17
26145,2.1,1.8,4.5,2.8
6605,2.1,1.5,4.8,2.8
25101,2.5,2.0,4.5,3.0
30082,3.5,2.8,4.2,3.5
66569,3.2,2.8,4.1,3.37
56811,3.2,2.8,4.1,3.37
19681,3.2,2.8,4.1,3.37
63169,2.5,2.0,4.5,3.0
40710,3.0,2.5,4.0,3.17
70285,3.0,2.5,4.0,3.17
13853,3.0,2.5,4.0,3.17
47214,3.2,2.8,4.1,3.37
37445,3.2,2.1,4.5,3.27
37679,3.2,2.8,3.5,3.17
46878,3.2,2.5,4.1,3.27
45104,3.2,2.5,4.1,3.27
18953,3.2,2.5,4.1,3.27
3588,3.5,3.0,4.2,3.57
8933,4.2,3.8,3.1,3.7
27074,3.2,2.5,4.1,3.27
23656,3.2,2.5,4.1,3.27
32149,3.2,2.5,4.1,3.27
52794,3.5,2.8,4.2,3.5
15297,2.5,2.0,4.0,2.83
70786,3.2,2.8,4.1,3.37
39885,3.5,2.8,4.2,3.5
65908,3.2,2.1,4.5,3.27
34760,2.5,2.0,4.5,3.0
16204,2.1,2.4,4.2,2.9
45514,3.2,2.8,4.1,3.37
8780,2.1,1.8,3.5,2.47
9932,3.2,2.8,4.1,3.37
22845,4.2,3.8,2.1,3.37
13428,2.5,1.8,3.2,2.5
27985,3.2,2.8,4.1,3.37
35136,3.2,2.8,4.1,3.37
54580,2.5,2.0,4.0,2.83
49921,2.1,1.8,4.5,2.8
49785,2.1,1.8,4.5,2.8
12655,3.5,3.0,4.2,3.57
67586,3.2,2.8,4.1,3.37
14875,2.5,2.0,4.5,3.0
22700,2.1,1.8,4.5,2.8
63098,4.2,3.5,2.1,3.27
60328,2.1,1.8,4.5,2.8
83,4.2,3.8,2.1,3.37
57911,4.2,3.5,2.1,3.27
54435,3.0,2.5,4.0,3.17
46974,3.2,2.5,4.1,3.27
24574,3.2,2.8,4.1,3.37
41788,3.2,2.5,4.1,3.27
24020,3.2,2.8,4.1,3.37
67327,3.2,2.5,4.1,3.27
69785,3.2,2.1,4.5,3.27
32326,3.5,3.0,4.2,3.57
30239,3.2,2.5,4.1,3.27
69901,4.2,3.5,2.8,3.5
11008,3.5,4.0,4.5,4.0
24204,3.2,2.8,4.1,3.37
22818,3.2,2.5,4.1,3.27
59037,2.1,1.8,4.5,2.8
17850,3.5,3.0,4.2,3.57
59384,3.2,2.8,4.1,3.37
59856,2.1,1.8,4.5,2.8
41758,2.5,2.0,4.0,2.83
70250,2.1,1.5,4.8,2.8
26249,3.5,2.0,4.0,3.17
56075,3.2,2.8,4.1,3.37
49888,3.5,3.0,4.2,3.57
7136,2.1,1.5,4.8,2.8
23727,3.2,2.5,4.1,3.27
36414,3.5,3.0,4.2,3.57
7033,4.2,3.8,3.1,3.7
26046,3.2,2.8,4.1,3.37
4655,3.5,3.0,4.2,3.57
31517,3.2,3.5,4.1,3.6
61253,3.0,2.5,4.0,3.17
28980,2.5,2.0,4.0,2.83
35354,2.5,2.0,4.5,3.0
40936,3.2,2.5,4.1,3.27
45362,3.2,2.5,4.1,3.27
52914,3.5,2.8,3.2,3.17
34016,3.2,2.5,4.1,3.27
7802,3.5,3.0,4.2,3.57
71417,3.2,2.8,4.1,3.37
34039,3.2,2.5,4.1,3.27
43995,3.2,2.5,4.1,3.27
68246,3.5,3.0,4.0,3.5
42996,4.5,4.0,2.0,3.5
40921,3.2,2.5,4.1,3.27
16597,3.5,3.0,4.0,3.5
62988,3.2,2.1,4.5,3.27
57779,3.2,2.1,4.5,3.27
839,2.1,1.5,4.8,2.8
60324,2.5,2.0,4.5,3.0
65436,3.2,2.5,4.1,3.27
31389,3.5,2.8,3.2,3.17
70244,3.5,3.0,4.2,3.57
23644,2.1,1.8,4.5,2.8
34739,3.2,2.8,3.5,3.17
30864,3.5,2.0,4.0,3.17
37521,4.5,3.8,2.0,3.43
13042,3.2,2.5,4.1,3.27
47222,3.5,3.0,4.0,3.5
66995,3.2,2.8,4.1,3.37
24850,3.0,2.5,4.0,3.17
59023,2.1,1.8,4.5,2.8
19787,3.5,3.0,4.2,3.57
1107,3.2,2.5,4.1,3.27
71428,4.2,3.5,2.1,3.27
46624,3.5,3.0,4.2,3.57
48586,2.5,2.0,3.5,2.67
48261,3.2,2.8,4.1,3.37
57630,4.2,3.8,3.1,3.7
37742,3.5,2.8,3.2,3.17
29741,3.2,2.8,4.1,3.37
20283,2.5,2.0,4.2,2.9
23198,3.5,2.0,4.0,3.17
32124,3.5,2.8,4.2,3.5
25398,3.2,2.5,4.1,3.27
35303,3.2,2.8,4.1,3.37
47674,3.5,2.0,4.0,3.17
65011,3.5,3.0,4.2,3.57
26444,3.2,2.5,4.1,3.27
43118,3.2,2.5,4.1,3.27
46460,2.1,1.8,4.5,2.8
53274,3.2,2.8,3.5,3.17
5531,2.1,1.8,4.5,2.8
32611,4.2,3.5,2.8,3.5
27214,2.1,1.8,4.2,2.7
60435,2.5,1.8,4.2,2.83
64243,3.0,2.5,4.0,3.17
42441,3.2,2.5,4.1,3.27
57849,3.0,2.0,4.0,3.0
8082,2.5,2.0,4.0,2.83
58915,2.5,2.0,4.2,2.9
42575,3.0,2.5,4.0,3.17
40578,4.2,3.5,3.8,3.83
21347,4.2,3.5,3.8,3.83
58455,3.5,3.0,4.2,3.57
62471,3.5,3.0,4.2,3.57
33561,4.2,3.8,2.5,3.5
21439,3.5,3.0,4.0,3.5
19347,3.2,2.8,4.1,3.37
57649,2.1,1.8,4.5,2.8
46196,3.2,2.5,4.1,3.27
42422,3.5,3.0,4.2,3.57
22449,2.1,1.8,4.5,2.8
70446,3.2,2.8,4.1,3.37
68670,2.1,1.5,4.8,2.8
4592,3.2,2.8,4.1,3.37
52376,2.1,1.5,4.8,2.8
13919,3.2,2.8,4.1,3.37
44701,2.1,1.8,4.5,2.8
12234,3.2,2.5,3.8,3.17
65387,2.1,1.5,4.8,2.8
65880,3.2,2.8,4.1,3.37
14979,3.5,3.0,4.0,3.5
64001,2.1,1.8,4.5,2.8
7355,3.2,2.8,4.1,3.37
13213,3.5,3.0,4.0,3.5
60494,3.2,2.8,3.5,3.17
10411,3.2,2.5,4.1,3.27
37422,3.2,2.8,4.1,3.37
19192,2.5,2.0,4.0,2.83
6561,3.5,3.0,4.0,3.5
51643,4.5,4.0,2.0,3.5
37422,3.2,2.8,4.1,3.37
19192,2.5,2.0,4.0,2.83
6561,3.5,3.0,4.2,3.57
51643,4.5,4.0,2.0,3.5
25523,2.5,2.0,4.5,3.0
1454,3.2,2.1,4.5,3.27
56787,3.2,2.1,4.5,3.27
20153,3.2,2.5,4.1,3.27
1061,2.5,2.0,4.5,3.0
2469,4.2,3.8,2.5,3.5
43533,3.2,2.5,4.1,3.27
40278,3.2,2.1,4.5,3.27
34889,4.5,4.0,2.0,3.5
14031,2.5,2.0,4.2,2.9
7827,2.1,1.8,4.5,2.8
52108,3.5,2.8,4.2,3.5
5415,3.5,3.0,4.2,3.57
5068,2.5,2.0,4.2,2.9
70137,2.1,1.8,4.5,2.8
8288,4.2,3.5,3.8,3.83
53631,3.5,4.0,2.0,3.17
42396,3.2,2.5,4.1,3.27
11040,3.2,2.5,4.1,3.27
10426,3.5,3.0,4.2,3.57
45264,3.5,3.0,4.2,3.57
72062,4.2,3.5,3.8,3.83
37356,2.1,1.8,4.5,2.8
10788,3.5,2.0,4.0,3.17
11101,3.5,3.0,4.2,3.57
45032,3.2,2.5,4.1,3.27
57765,3.5,3.0,4.2,3.57
28420,2.5,1.8,4.2,2.83
45520,2.5,2.0,4.0,2.83
29219,4.0,3.5,2.0,3.17
11127,4.2,3.5,3.8,3.83
43299,3.5,2.0,4.0,3.17
63656,3.5,3.0,4.2,3.57
56211,2.5,1.8,4.2,2.83
54601,2.1,1.8,4.5,2.8
38623,3.2,2.8,4.1,3.37
63192,2.4,2.1,4.2,2.9
69949,3.5,3.0,4.2,3.57
22109,2.5,2.0,4.5,3.0
17197,3.5,3.0,4.2,3.57
70514,3.2,2.1,4.5,3.27
16457,2.5,2.0,3.5,2.67
44728,2.5,2.0,4.5,3.0
200,2.5,2.0,4.2,2.9
71151,4.2,3.5,2.8,3.5
22933,3.2,2.5,4.1,3.27
50915,3.2,2.5,4.1,3.27
44856,3.2,2.8,4.1,3.37
26872,3.5,3.0,4.2,3.57
63826,3.2,2.5,3.8,3.17
33697,3.2,2.5,4.1,3.27
27901,3.2,2.5,4.1,3.27
62469,3.2,2.8,4.1,3.37
36430,3.5,2.8,4.2,3.5
15294,3.5,3.0,4.0,3.5
3488,3.2,2.5,4.1,3.27
37013,2.1,1.8,4.5,2.8
40455,3.2,2.8,4.1,3.37
47370,2.1,1.5,4.8,2.8
26287,3.5,2.8,4.2,3.5
56173,4.2,3.8,3.1,3.7
25131,2.1,1.8,4.5,2.8
30036,3.5,2.8,3.2,3.17
5526,3.2,2.5,4.1,3.27
64677,2.1,1.5,4.8,2.8
65952,3.5,3.0,4.2,3.57
15391,3.2,2.5,4.1,3.27
53215,2.1,1.8,4.5,2.8
6661,3.2,2.5,4.1,3.27
52985,3.5,2.0,4.0,3.17
60197,3.5,3.0,4.2,3.57
1210,2.4,2.1,4.2,2.9
36969,3.5,3.0,2.0,2.83
35269,3.5,3.0,4.2,3.57
71117,2.1,1.8,4.5,2.8
46586,3.2,2.5,3.8,3.17
41577,3.2,2.8,3.5,3.17
8341,3.2,2.5,4.1,3.27
52048,3.2,2.8,4.1,3.37
10634,2.1,1.8,4.5,2.8
56529,3.2,2.8,4.1,3.37
21582,2.1,1.8,4.5,2.8
15518,3.2,2.8,3.5,3.17
43150,3.2,2.5,4.1,3.27
65791,3.2,2.8,4.1,3.37
38833,3.2,2.5,4.1,3.27
52635,3.5,3.0,4.2,3.57
7493,3.0,2.5,4.0,3.17
32225,3.2,2.8,4.1,3.37
47426,3.5,3.0,4.0,3.5
66594,3.2,2.8,4.1,3.37
16386,4.2,3.5,2.1,3.27
69029,2.1,1.8,4.2,2.7
44958,2.1,1.8,4.5,2.8
70594,2.5,2.0,4.5,3.0
12840,4.5,4.0,2.0,3.5
25382,3.0,2.5,4.0,3.17
2418,2.5,2.0,4.5,3.0
69434,3.0,2.5,4.0,3.17
67239,3.1,2.4,1.8,2.43
55863,2.1,1.8,4.5,2.8
68549,2.1,1.5,4.8,2.8
47487,3.2,2.8,4.1,3.37
41546,2.5,2.0,4.5,3.0
28176,2.1,1.8,4.5,2.8
13094,3.2,2.5,4.1,3.27
14980,2.5,1.8,4.2,2.83
55283,3.2,2.5,4.1,3.27
28808,3.0,2.0,4.0,3.0
69315,2.5,2.0,4.0,2.83
7284,3.2,2.5,4.1,3.27
47281,3.2,2.8,3.5,3.17
53538,3.5,3.0,4.2,3.57
12172,3.2,2.8,3.5,3.17
9362,2.1,1.8,4.5,2.8
66130,2.5,2.0,4.5,3.0
30988,4.5,4.0,2.0,3.5
11036,2.5,1.8,4.2,2.83
8065,3.2,2.5,4.1,3.27
48775,2.1,1.5,4.8,2.8
19671,3.2,2.5,4.1,3.27
5973,3.2,2.8,3.5,3.17
64180,3.2,2.8,4.1,3.37
57151,3.2,2.8,3.5,3.17
64193,2.5,1.8,4.2,2.83
36513,3.2,2.5,4.1,3.27
15150,2.5,2.0,4.0,2.83
29996,2.1,1.8,4.5,2.8
20956,3.2,2.5,4.1,3.27
47307,3.2,2.1,3.8,3.03
26115,3.2,2.8,4.1,3.37
4748,2.1,1.5,4.8,2.8
6510,3.2,2.8,4.1,3.37
66056,3.2,2.8,3.5,3.17
35927,2.1,1.8,4.5,2.8
54784,3.2,2.5,4.1,3.27
69145,2.4,2.1,4.2,2.9
45821,2.5,2.0,4.0,2.83
32252,2.5,2.0,4.5,3.0
35558,4.5,4.0,2.0,3.5
59936,3.2,2.8,3.5,3.17
58923,3.0,2.5,4.0,3.17
19346,3.5,3.0,4.0,3.5
62189,3.2,2.1,4.5,3.27
5563,3.0,2.5,4.0,3.17
57902,3.5,3.0,4.2,3.57
15257,3.5,3.0,4.2,3.57
43207,2.1,1.8,4.2,2.7
59298,3.0,2.5,4.0,3.17
33162,3.0,2.5,4.0,3.17
13589,3.5,3.0,2.5,3.0
16540,2.4,1.8,4.1,2.77
39069,3.5,2.8,3.2,3.17
2557,2.5,1.8,4.2,2.83
65360,3.2,2.8,4.1,3.37
15094,3.2,2.5,4.1,3.27
32819,3.2,2.8,3.5,3.17
49945,3.0,2.5,4.0,3.17
60815,3.5,3.0,4.0,3.5
50519,3.2,2.5,4.1,3.27
49307,2.5,2.0,4.2,2.9
36419,3.2,2.5,4.1,3.27
61127,2.5,2.0,4.0,2.83
31872,4.2,3.8,2.1,3.37
1196,3.2,2.1,4.5,3.27
51878,3.5,2.8,4.2,3.5
28316,3.2,2.8,4.1,3.37
61757,3.2,2.5,4.1,3.27
39931,3.2,2.5,4.1,3.27
42577,3.5,2.8,4.2,3.5
25279,3.2,2.5,4.1,3.27
33786,2.1,1.8,4.5,2.8
46608,3.2,2.1,4.5,3.27
35021,2.5,2.0,4.5,3.0
38708,2.1,1.5,4.8,2.8
22551,3.2,2.8,4.1,3.37
54943,4.2,3.5,2.1,3.27
48704,3.2,2.1,4.5,3.27
53718,2.5,2.0,4.5,3.0
35317,3.2,2.5,4.1,3.27
15739,3.2,2.5,4.1,3.27
6101,3.2,2.8,4.1,3.37
50831,3.2,2.1,4.5,3.27
29752,3.2,2.5,4.1,3.27
62661,3.2,2.5,4.1,3.27
26488,2.5,2.0,4.0,2.83
57175,2.5,2.0,4.5,3.0
14921,2.1,1.8,4.5,2.8
15479,3.2,2.8,4.1,3.37
27952,3.2,2.5,4.1,3.27
20428,2.1,1.5,4.8,2.8
35312,3.2,2.1,4.5,3.27
57085,2.1,1.5,4.8,2.8
6178,2.5,2.0,4.5,3.0
51862,2.1,1.8,4.5,2.8
20430,3.2,2.5,4.1,3.27
58919,3.2,2.8,4.1,3.37
35960,4.5,4.0,2.0,3.5
31126,2.5,1.8,4.2,2.83
34116,2.1,1.8,4.5,2.8
17161,3.2,2.5,4.1,3.27
16142,3.2,2.5,4.1,3.27
10311,3.5,2.0,4.0,3.17
9399,3.5,3.0,4.0,3.5
39551,2.4,1.8,4.1,2.77
34069,3.5,2.8,4.2,3.5
60305,3.2,2.5,4.1,3.27
28089,2.1,1.5,4.8,2.8
16854,3.2,2.5,4.1,3.27
1885,3.5,2.2,4.1,3.27
15860,3.5,3.0,4.2,3.57
22653,3.5,3.0,4.2,3.57
38648,3.2,2.1,4.5,3.27
39807,3.5,3.0,2.0,2.83
4686,2.5,2.0,4.5,3.0
46717,3.5,3.0,4.0,3.5
43973,4.2,3.8,3.1,3.7
37136,3.2,2.5,3.8,3.17
1692,3.5,3.0,4.2,3.57
11726,3.5,2.0,4.0,3.17
16012,3.2,2.8,4.1,3.37
33664,2.1,1.5,4.8,2.8
46687,3.0,2.5,4.0,3.17
16247,2.1,1.8,4.5,2.8
49389,3.2,3.5,4.1,3.6
49456,3.2,2.5,4.1,3.27
61812,2.5,2.0,4.0,2.83
31741,3.2,3.5,4.1,3.6
66973,3.2,2.8,4.1,3.37
35644,2.5,2.0,4.5,3.0
10821,2.1,1.8,4.5,2.8
29538,4.2,3.1,3.5,3.6
7952,4.2,3.5,2.1,3.27
35831,3.2,2.8,4.1,3.37
61493,3.5,2.0,4.5,3.33
15656,2.1,1.8,4.5,2.8
57945,3.2,2.5,4.1,3.27
69426,3.2,2.8,3.5,3.17
47014,3.2,2.8,4.1,3.37
69672,3.0,2.5,4.0,3.17
26259,3.2,2.5,4.1,3.27
47805,3.2,2.8,4.1,3.37
44513,4.5,4.0,2.0,3.5
21458,4.2,3.8,3.1,3.7
55364,3.5,3.0,4.0,3.5
35358,2.5,2.0,4.5,3.0
21453,3.2,2.5,4.1,3.27
19275,2.5,2.0,4.5,3.0
28011,2.5,2.0,4.5,3.0
30105,2.5,1.8,4.2,2.83
27982,3.5,3.0,4.0,3.5
42739,4.2,3.8,2.1,3.37
71041,4.5,4.0,2.0,3.5
14239,2.1,1.8,4.5,2.8
21284,3.5,3.0,4.2,3.57
3891,2.1,1.8,4.5,2.8
28506,3.5,2.8,4.2,3.5
37983,3.2,2.5,4.1,3.27
30022,4.2,3.5,2.1,3.27
42126,2.1,1.8,4.5,2.8
61703,3.2,2.8,4.1,3.37
1515,2.1,1.8,4.5,2.8
34144,2.1,1.8,4.5,2.8
26825,3.5,3.0,4.2,3.57
26496,3.0,2.5,4.0,3.17
57687,3.2,2.8,4.1,3.37
51278,3.0,2.5,4.0,3.17
42905,3.0,2.5,4.0,3.17
49193,3.2,2.8,4.1,3.37
50689,3.2,2.8,3.5,3.17
23153,2.5,2.0,4.5,3.0
40387,3.5,2.8,4.2,3.5
17193,3.5,3.0,4.2,3.57
19047,2.5,2.0,4.0,2.83
30329,3.5,2.0,4.0,3.17
10436,3.5,3.0,4.2,3.57
36341,4.2,3.8,2.5,3.5
32281,2.5,2.0,4.5,3.0
65553,2.1,1.5,4.2,2.6
50957,,,,
35306,2.1,1.8,4.5,2.8
63063,3.2,2.5,4.1,3.27
66878,2.5,2.0,4.5,3.0
32100,4.5,3.0,2.0,3.17
39259,3.2,2.5,4.1,3.27
32441,2.1,2.4,4.2,2.9
7245,3.2,2.8,4.1,3.37
63842,2.5,2.0,4.0,2.83
64373,3.2,2.8,4.1,3.37
66690,3.2,2.8,4.1,3.37
53054,4.2,3.8,3.1,3.7
4923,2.5,2.0,4.5,3.0
19093,2.1,1.8,4.5,2.8
30063,3.2,2.8,3.5,3.17
7120,3.2,2.5,4.1,3.27
49802,3.2,2.8,4.1,3.37
56047,2.1,1.8,4.2,2.7
23489,2.5,2.0,4.0,2.83
41763,3.5,3.0,4.2,3.57
9512,4.2,3.5,2.8,3.5
22000,2.5,1.8,4.2,2.83
36510,2.1,1.8,4.5,2.8
31292,2.5,1.8,4.2,2.83
2951,2.1,1.5,4.8,2.8
58604,3.2,2.1,4.5,3.27
56027,3.5,3.0,4.2,3.57
51791,1.5,1.0,4.5,2.33
42601,3.0,2.0,4.0,3.0
48042,3.2,2.5,4.1,3.27
61663,3.2,2.5,4.1,3.27
26238,3.2,3.5,4.1,3.6
31843,2.5,2.0,4.5,3.0
35060,4.2,3.8,2.5,3.5
28803,2.5,2.0,4.0,2.83
63906,2.1,1.8,4.5,2.8
61903,2.45,2.1,4.3,2.95
36170,3.5,2.8,4.2,3.5
34379,3.2,2.8,4.1,3.37
17637,3.2,2.8,4.1,3.37
47300,3.2,2.8,4.1,3.37
23418,3.2,2.5,3.8,3.17
49094,3.5,3.0,4.2,3.57
4614,2.1,1.8,4.5,2.8
22148,3.2,2.1,4.5,3.27
9779,2.1,1.8,4.5,2.8
60715,3.2,2.5,3.8,3.17
8544,3.5,3.0,4.0,3.5
11766,3.0,2.5,4.0,3.17
58107,2.1,1.8,4.5,2.8
40626,3.2,2.5,4.1,3.27
56871,2.1,2.4,3.8,2.77
24066,3.2,2.8,3.5,3.17
39151,4.2,4.5,2.1,3.6
62636,3.2,2.8,4.1,3.37
29502,2.1,1.8,4.5,2.8
64885,3.5,3.0,2.5,3.0
55898,2.5,3.0,4.0,3.17
14610,3.5,3.0,4.0,3.5
64069,3.2,2.5,4.1,3.27
65948,3.5,3.0,4.2,3.57
62512,3.2,2.1,4.5,3.27
62476,4.2,3.5,3.8,3.83
3721,3.2,2.5,4.1,3.27
54538,2.1,1.8,4.5,2.8
71025,3.5,2.8,4.2,3.5
19297,3.5,2.0,4.5,3.33
51817,3.2,2.5,4.1,3.27
30217,3.2,2.8,4.1,3.37
26209,2.1,1.8,4.5,2.8
26889,2.4,2.1,4.2,2.9
53594,3.5,2.8,4.2,3.5
20422,3.2,2.5,4.1,3.27
57331,4.5,4.0,2.0,3.5
9700,2.5,1.8,4.2,2.83
62101,3.2,2.5,4.1,3.27
35125,4.2,3.1,2.5,3.27
14953,3.2,2.1,4.5,3.27
39825,4.2,3.5,2.1,3.27
4945,3.5,4.0,2.0,3.17
41777,3.2,2.5,4.1,3.27
48475,3.2,2.5,4.1,3.27
36667,2.1,1.8,4.5,2.8
45407,3.5,3.0,4.2,3.57
43587,3.5,4.0,3.0,3.5
67337,4.2,3.8,2.1,3.37
55801,3.2,2.8,4.1,3.37
37811,2.5,2.0,4.0,2.83
46015,3.5,2.8,4.2,3.5
12439,3.2,2.8,4.1,3.37
62201,3.2,2.8,4.1,3.37
34032,3.5,3.0,4.2,3.57
56450,2.4,2.1,4.2,2.9
69071,2.5,2.0,4.5,3.0
63601,2.5,2.0,4.5,3.0
45590,3.2,2.5,4.1,3.27
8658,2.5,2.0,4.5,3.0
52138,2.5,1.8,4.2,2.83
70249,3.2,2.5,4.1,3.27
15673,3.2,2.8,3.5,3.17
17354,3.5,3.0,2.5,3.0
7961,3.5,2.8,4.2,3.5
26605,3.2,2.8,4.1,3.37
53500,3.2,2.1,4.5,3.27
54021,3.5,3.0,4.2,3.57
33731,2.1,1.8,4.5,2.8
21231,3.2,2.5,4.1,3.27
52811,2.1,1.5,4.2,2.6
50443,2.1,1.5,4.8,2.8
12949,2.5,1.8,4.2,2.83
47264,2.5,1.8,4.2,2.83
52665,3.2,2.8,4.1,3.37
54809,3.2,2.8,4.1,3.37
52796,4.2,3.8,2.1,3.37
59756,3.2,2.5,4.1,3.27
32244,2.5,2.0,4.5,3.0
8924,3.2,2.8,4.1,3.37
38616,2.5,3.0,4.0,3.17
17121,2.1,1.8,4.5,2.8
10708,3.5,3.0,4.2,3.57
71066,3.2,2.8,3.5,3.17
27331,3.5,2.8,4.2,3.5
24896,3.5,3.0,4.0,3.5
43856,3.5,3.0,4.2,3.57
59382,2.5,2.0,4.5,3.0
44369,3.2,2.5,4.1,3.27
46920,3.2,2.5,4.1,3.27
48354,3.2,2.5,4.1,3.27
55524,3.2,2.8,3.5,3.17
48003,4.2,3.5,2.8,3.5
24835,3.5,3.0,4.2,3.57
39619,2.1,1.8,4.5,2.8
34942,2.1,1.8,4.5,2.8
36053,3.5,3.0,4.2,3.57
40713,3.2,2.8,4.1,3.37
61021,3.2,2.8,4.1,3.37
54935,2.1,1.8,4.5,2.8
48871,3.2,2.5,4.1,3.27
557,3.5,2.0,4.0,3.17
8605,3.2,2.8,4.1,3.37
20137,3.5,3.0,2.0,2.83
33109,2.1,1.5,4.2,2.6
11622,3.2,2.8,4.1,3.37
42015,3.2,3.5,2.8,3.17
17022,4.2,3.8,2.1,3.37
29756,4.2,3.8,2.1,3.37
37647,2.5,2.0,4.0,2.83
15748,3.0,2.5,4.0,3.17
17776,3.5,2.8,4.2,3.5
64888,2.5,2.0,4.5,3.0
58293,3.5,3.0,4.0,3.5
19496,2.1,1.8,4.5,2.8
33312,3.2,3.5,4.1,3.6
30803,3.2,2.8,4.1,3.37
32970,3.5,3.0,4.0,3.5
40237,3.2,2.5,3.8,3.17
61802,3.5,3.0,4.2,3.57
23896,3.2,2.5,4.1,3.27
70756,2.1,1.8,4.5,2.8
42026,3.2,2.8,4.1,3.37
33310,2.1,1.8,4.5,2.8
41586,3.5,2.8,4.2,3.5
16537,3.2,2.5,4.1,3.27
39134,4.5,4.0,2.0,3.5
57753,3.2,2.5,4.1,3.27
56145,2.1,1.8,4.5,2.8
4005,2.5,2.0,4.0,2.83
31273,3.2,2.5,4.1,3.27
14486,2.5,1.8,4.2,2.83
30053,2.1,1.5,4.8,2.8
12972,4.2,4.5,2.1,3.6
63467,2.1,1.5,4.8,2.8
57024,3.5,3.0,4.2,3.57
17712,2.1,1.8,4.5,2.8
11481,2.1,1.8,4.5,2.8
66039,2.1,1.8,4.5,2.8
70563,3.2,2.8,4.1,3.37
52870,3.2,2.5,4.1,3.27
71502,3.2,2.8,4.1,3.37
54790,2.5,2.0,4.5,3.0
62790,3.2,2.5,3.8,3.17
21094,3.2,2.5,4.1,3.27
58977,3.5,3.0,4.2,3.57
26331,2.5,2.0,4.5,3.0
44202,2.1,1.8,4.5,2.8
21781,3.2,2.5,4.1,3.27
46539,4.5,4.0,2.0,3.5
20796,2.5,2.0,4.0,2.83
32207,3.2,2.5,4.1,3.27
47033,3.2,2.5,4.1,3.27
38334,2.5,2.0,4.5,3.0
40652,3.2,2.8,4.1,3.37
25549,2.5,1.8,4.2,2.83
6264,3.5,2.8,3.2,3.17
36952,2.1,1.8,4.5,2.8
51578,3.5,2.8,4.2,3.5
22475,3.5,3.0,4.2,3.57
22591,3.2,2.5,4.1,3.27
52297,3.2,2.1,4.5,3.27
53482,2.5,1.8,4.2,2.83
38726,3.2,2.5,4.1,3.27
36331,3.2,2.8,4.1,3.37
11933,4.0,3.5,2.0,3.17
58771,3.0,2.5,4.0,3.17
50533,3.0,2.5,4.0,3.17
68263,2.5,1.8,4.2,2.83
23267,4.5,4.0,2.0,3.5
39868,3.2,2.5,4.1,3.27
49092,3.0,2.5,4.0,3.17
38563,4.2,3.8,2.5,3.5
35904,2.5,1.8,4.2,2.83
10267,3.5,3.0,4.2,3.57
56642,2.1,1.8,4.5,2.8
24406,2.1,1.8,4.2,2.7
23820,4.2,3.8,3.1,3.7
28667,2.1,1.8,4.5,2.8
59734,4.2,3.5,3.1,3.6
56585,4.2,3.8,2.1,3.37
63364,3.2,2.8,4.1,3.37
62533,3.2,2.1,4.5,3.27
1417,2.1,1.8,4.5,2.8
9927,3.0,2.0,4.0,3.0
16825,3.2,2.5,4.1,3.27
62755,4.2,3.8,3.1,3.7
67484,3.5,2.0,4.0,3.17
4559,3.5,3.0,4.2,3.57
22627,2.1,1.5,4.8,2.8
34427,3.2,2.5,4.1,3.27
31849,2.1,1.5,4.8,2.8
23252,3.5,4.0,2.5,3.33
40369,3.5,2.0,4.0,3.17
17641,3.2,2.5,4.1,3.27
27591,3.2,2.5,4.1,3.27
54390,2.1,1.8,4.5,2.8
66909,3.2,2.8,4.1,3.37
42503,2.5,2.0,4.5,3.0
44931,2.1,1.8,4.5,2.8
52196,3.2,2.5,4.1,3.27
309,4.2,3.8,3.1,3.7
49391,3.0,2.5,4.0,3.17
35893,3.2,2.5,4.1,3.27
50361,4.2,3.8,2.1,3.37
36140,2.4,1.8,4.1,2.77
48773,2.1,1.8,4.5,2.8
17658,3.5,2.8,4.2,3.5
33289,2.5,2.0,4.5,3.0
3355,2.1,1.8,4.5,2.8
65803,2.1,1.8,4.5,2.8
70726,3.2,2.8,3.5,3.17
5073,4.2,3.8,2.5,3.5
21654,3.5,2.8,4.2,3.5
63717,3.5,3.0,2.0,2.83
54576,3.5,3.0,4.2,3.57
56716,3.2,2.5,4.1,3.27
62839,3.5,3.0,4.2,3.57
29881,3.0,2.5,4.0,3.17
50556,3.2,2.8,4.1,3.37
48967,3.2,2.8,4.1,3.37
1566,2.5,2.0,4.5,3.0
54475,2.5,2.0,4.5,3.0
18944,3.5,3.0,4.2,3.57
30880,3.5,3.0,4.0,3.5
17885,3.2,2.5,4.1,3.27
26001,3.2,2.5,4.1,3.27
8691,2.1,1.8,4.5,2.8
17829,3.2,2.5,4.1,3.27
22386,3.2,2.5,4.1,3.27
7338,3.5,2.8,3.2,3.17
55933,3.2,2.8,4.1,3.37
19446,3.2,2.5,4.1,3.27
43865,3.2,2.5,4.1,3.27
35882,3.2,2.1,4.5,3.27
37808,3.2,2.5,4.1,3.27
49357,3.5,4.0,2.0,3.17
19216,3.2,2.5,4.1,3.27
8282,2.5,2.0,4.0,2.83
3555,3.2,2.5,3.8,3.17
38108,3.2,2.8,4.1,3.37
22552,3.2,2.5,4.1,3.27
9569,3.5,3.0,4.0,3.5
51972,2.5,2.0,4.5,3.0
45619,3.2,2.5,4.1,3.27
55932,3.2,2.8,3.5,3.17
52702,3.2,2.8,4.1,3.37
21697,4.2,3.5,2.1,3.27
46728,2.5,3.0,4.0,3.17
21263,3.2,2.8,4.1,3.37
8447,3.2,2.8,4.1,3.37
29348,3.2,2.8,4.1,3.37
19368,2.5,2.0,4.5,3.0
22635,2.1,1.8,4.5,2.8
30993,3.5,2.8,3.2,3.17
65577,3.2,2.5,4.1,3.27
39958,2.1,1.5,4.8,2.8
50886,2.15,1.8,4.65,2.87
8724,2.5,2.0,4.2,2.9
67083,3.5,3.0,4.2,3.57
34002,3.2,2.5,3.8,3.17
10642,4.2,3.8,3.1,3.7
42154,2.1,1.5,4.8,2.8
19116,2.5,2.0,4.0,2.83
23128,3.2,2.8,4.1,3.37
70939,2.1,1.8,4.5,2.8
35564,3.2,2.8,4.1,3.37
47163,2.1,1.8,4.5,2.8
71860,4.2,3.5,2.1,3.27
53175,3.2,2.8,4.1,3.37
42856,3.2,2.5,4.1,3.27
70657,3.2,2.8,4.1,3.37
553,2.1,1.8,4.5,2.8
8564,2.1,1.8,4.2,2.7
71921,3.5,3.0,4.2,3.57
56987,2.5,2.0,4.5,3.0
65447,3.5,2.8,3.2,3.17
395,3.2,2.8,4.1,3.37
42446,3.2,2.8,4.1,3.37
21287,3.0,2.5,4.0,3.17
15517,4.2,3.5,2.1,3.27
47398,2.1,1.8,4.2,2.7
12038,2.5,2.0,4.0,2.83
62525,2.5,1.8,4.2,2.83
60284,3.2,2.8,4.1,3.37
24798,2.5,2.0,4.0,2.83
29553,3.5,2.8,4.2,3.5
1216,3.5,2.1,4.2,3.27
28427,3.2,2.5,4.1,3.27
25070,3.2,2.1,4.5,3.27
45632,2.5,3.0,4.0,3.17
29338,3.2,2.8,3.5,3.17
21345,2.5,1.8,4.2,2.83
61590,3.2,2.5,4.1,3.27
40355,3.2,2.8,4.1,3.37
47413,3.2,2.5,3.8,3.17
59108,3.2,2.8,4.1,3.37
71202,2.1,1.8,4.5,2.8
60601,2.1,1.8,4.5,2.8
42876,3.2,2.5,4.1,3.27
46389,2.1,1.5,4.8,2.8
43864,3.5,3.0,4.2,3.57
17598,2.1,1.5,4.8,2.8
47850,3.2,2.5,4.1,3.27
17656,3.2,2.5,4.1,3.27
27935,3.2,2.5,4.1,3.27
61228,2.5,1.8,4.2,2.83
4598,3.5,3.0,4.2,3.57
64353,2.1,1.8,4.5,2.8
34503,2.1,1.8,4.5,2.8
45914,2.5,1.8,4.2,2.83
64313,2.1,1.8,4.5,2.8
60023,3.2,2.8,3.5,3.17
60220,3.5,3.0,4.2,3.57
57567,4.2,3.5,2.1,3.27
39344,2.1,1.8,4.5,2.8
46184,2.5,2.0,4.5,3.0
24670,2.5,2.0,4.5,3.0
9156,2.1,1.8,4.5,2.8
16865,2.5,2.0,4.0,2.83
58684,3.5,2.0,4.0,3.17
64805,3.2,2.8,4.1,3.37
71416,3.2,2.5,4.1,3.27
59671,3.2,2.5,3.8,3.17
26564,2.1,1.8,4.5,2.8
29897,3.2,2.5,4.1,3.27
67663,2.1,1.8,4.5,2.8
12132,3.2,2.8,4.1,3.37
7643,3.2,2.8,4.1,3.37
27618,3.5,2.2,4.1,3.27
33328,2.1,1.8,4.5,2.8
70714,2.5,2.0,4.0,2.83
63921,3.5,3.0,4.2,3.57
15818,2.1,1.8,4.5,2.8
39188,3.2,2.5,4.1,3.27
67069,3.2,2.5,4.1,3.27
17855,3.5,2.0,4.5,3.33
61261,3.2,2.8,4.1,3.37
63578,4.5,4.0,4.8,4.43
25894,3.2,2.5,4.1,3.27
2408,3.2,2.5,4.1,3.27
63506,4.2,3.5,3.8,3.83
58786,2.1,1.8,4.5,2.8
48829,3.5,2.8,4.2,3.5
5562,2.1,1.8,4.5,2.8
33456,3.5,3.0,4.2,3.57
66787,3.2,2.5,4.1,3.27
57021,2.1,1.8,4.5,2.8
503,4.5,3.0,2.0,3.17
51784,3.2,2.8,4.1,3.37
38449,3.2,2.5,4.1,3.27
21192,4.5,3.0,2.0,3.17
50658,4.5,4.0,2.0,3.5
193,3.2,2.1,4.5,3.27
61840,3.5,3.0,4.0,3.5
23873,3.5,3.0,4.2,3.57
63701,3.5,3.0,4.0,3.5
2390,4.5,4.0,1.5,3.33
63147,3.2,2.8,4.1,3.37
13960,3.2,2.5,4.1,3.27
47694,3.2,2.8,3.5,3.17
33468,2.1,1.8,4.2,2.7
45269,2.1,1.8,4.5,2.8
28859,2.1,1.5,4.8,2.8
49384,3.5,2.8,4.2,3.5
45707,2.1,1.8,4.5,2.8
21385,2.1,1.8,4.5,2.8
31681,3.5,2.8,4.2,3.5
56601,3.2,2.5,3.8,3.17
29586,3.2,2.5,4.1,3.27
29377,3.2,2.5,4.1,3.27
47851,3.2,2.8,4.1,3.37
27902,2.1,1.5,4.8,2.8
66598,3.5,2.8,3.2,3.17
44104,3.5,3.0,4.2,3.57
69367,3.2,2.5,4.1,3.27
54919,2.5,2.0,4.5,3.0
63824,2.5,1.8,4.2,2.83
16378,2.5,2.0,4.5,3.0
1906,2.5,2.0,4.5,3.0
59583,3.2,2.8,3.5,3.17
61894,3.2,2.8,3.5,3.17
37375,4.2,3.5,2.1,3.27
13956,2.5,2.0,4.2,2.9
2860,3.5,2.8,4.2,3.5
67174,2.1,1.5,4.8,2.8
53383,2.1,1.5,4.8,2.8
1849,3.2,2.5,4.1,3.27
56438,4.2,3.1,2.5,3.27
67117,3.2,2.8,4.1,3.37
18867,3.2,2.5,4.1,3.27
26691,3.5,2.8,4.2,3.5
19807,3.5,2.0,4.0,3.17
57064,3.2,2.5,4.1,3.27
31546,3.2,2.8,3.5,3.17
64706,4.2,3.5,3.1,3.6
26565,3.5,3.0,4.2,3.57
60314,2.5,2.0,4.5,3.0
65673,4.2,3.5,3.8,3.83
54733,3.2,2.5,4.1,3.27
36151,3.5,3.0,4.2,3.57
42502,3.2,2.5,4.1,3.27
19528,3.2,2.5,4.1,3.27
48135,2.1,1.5,4.8,2.8
51762,3.2,2.5,4.1,3.27
280,2.1,1.8,4.5,2.8
51459,2.5,2.0,4.5,3.0
37539,2.5,1.8,4.2,2.83
35007,3.2,2.5,4.1,3.27
40020,3.2,2.8,3.5,3.17
15059,2.5,3.0,4.0,3.17
51835,3.2,2.8,4.1,3.37
62448,3.2,2.1,4.5,3.27
68062,3.5,3.0,4.2,3.57
60805,3.5,3.0,4.2,3.57
16249,2.1,1.5,4.8,2.8
36792,2.1,1.5,4.8,2.8
44177,3.2,2.5,4.1,3.27
59565,3.2,2.8,3.5,3.17
28657,2.1,1.8,4.5,2.8
56011,3.2,2.5,4.1,3.27
6786,2.1,1.8,4.2,2.7
34636,3.2,2.5,4.1,3.27
40199,3.2,2.5,4.1,3.27
42406,3.5,3.0,4.2,3.57
31926,3.5,3.0,4.0,3.5
48459,3.2,2.5,4.1,3.27
10149,3.2,2.5,4.1,3.27
67293,2.5,2.0,4.5,3.0
61167,2.5,2.0,4.5,3.0
6591,4.2,3.8,2.5,3.5
58452,3.2,2.8,4.1,3.37
16251,2.1,1.5,4.8,2.8
58344,2.1,1.8,4.5,2.8
40421,3.5,3.0,2.0,2.83
51931,3.5,3.0,4.2,3.57
53956,2.5,3.0,4.0,3.17
56177,3.2,2.8,4.1,3.37
33955,3.2,2.5,4.1,3.27
66110,4.5,4.0,1.5,3.33
14242,3.2,2.8,4.1,3.37
62513,2.5,1.8,4.2,2.83
45410,2.5,2.0,4.0,2.83
3648,3.5,4.0,3.2,3.57
24628,4.2,3.8,3.1,3.7
38569,4.5,4.0,2.0,3.5
64469,3.2,2.5,4.1,3.27
24206,3.2,2.5,4.1,3.27
42840,3.5,3.0,4.2,3.57
2799,4.2,3.8,2.1,3.37
31608,3.5,3.0,4.2,3.57
64699,3.5,2.8,4.2,3.5
29011,3.2,2.8,4.1,3.37
32624,2.1,1.8,4.5,2.8
46242,2.1,1.5,4.2,2.6
48169,4.2,3.5,2.1,3.27
18720,2.5,2.0,4.5,3.0
47443,3.2,3.5,3.8,3.5
66250,3.2,2.5,4.1,3.27
42205,3.2,2.8,4.1,3.37
62056,3.5,3.0,4.2,3.57
33015,3.2,2.5,4.1,3.27
68989,3.5,3.0,4.0,3.5
55145,2.1,1.8,4.2,2.7
60362,3.5,3.0,4.0,3.5
13207,3.2,2.8,4.1,3.37
13055,3.5,4.0,3.2,3.57
16656,2.1,1.8,4.2,2.7
51356,3.0,2.0,4.0,3.0
61778,3.2,2.8,4.1,3.37
65230,3.5,3.0,4.2,3.57
40493,3.2,2.5,4.1,3.27
11074,3.5,4.0,3.0,3.5
18321,2.1,1.8,4.5,2.8
66576,3.2,2.8,4.1,3.37
8303,3.5,3.0,4.2,3.57
3934,3.2,2.8,4.1,3.37
40307,3.2,2.5,4.1,3.27
1004,3.2,2.8,3.5,3.17
38427,3.5,2.8,4.2,3.5
23597,4.2,3.5,2.1,3.27
55581,3.2,2.8,4.1,3.37
69926,3.5,3.0,4.2,3.57
18813,3.2,2.8,4.1,3.37
68199,3.2,2.8,4.1,3.37
52991,4.2,3.5,2.1,3.27
30151,3.5,3.0,4.2,3.57
20726,3.0,2.5,4.0,3.17
67639,3.5,3.0,2.5,3.0
67783,3.2,2.1,4.5,3.27
28359,2.5,2.0,4.0,2.83
16264,3.5,2.8,4.2,3.5
53273,3.5,2.0,4.0,3.17
3410,3.2,2.5,4.1,3.27
2674,2.1,1.8,4.5,2.8
15501,3.2,3.5,3.8,3.5
34806,2.5,2.0,4.0,2.83
54008,3.2,2.8,3.5,3.17
6959,3.2,2.8,4.1,3.37
52926,3.2,2.8,4.1,3.37
21163,2.1,1.5,4.8,2.8
13447,2.1,1.8,4.5,2.8
3638,4.2,3.8,2.5,3.5
51320,3.5,3.0,4.2,3.57
3039,3.2,2.8,4.1,3.37
58022,2.4,2.1,4.2,2.9
56309,3.2,2.5,4.1,3.27
59912,3.5,3.0,4.2,3.57
25705,3.2,2.8,3.5,3.17
7365,2.1,1.8,4.5,2.8
53350,2.0,1.5,4.5,2.67
16122,1.5,2.0,4.5,2.67
56581,2.1,2.4,1.8,2.1
16375,3.2,2.5,4.1,3.27
10065,3.0,2.5,4.0,3.17
24309,2.1,1.8,4.5,2.8
41632,3.2,2.1,4.5,3.27
15211,3.2,2.8,4.1,3.37
70278,2.1,1.8,4.5,2.8
49186,3.5,2.8,4.2,3.5
25151,3.2,2.8,3.5,3.17
44409,3.2,2.8,4.1,3.37
54960,2.1,1.5,4.8,2.8
39570,3.5,3.0,4.2,3.57
10618,3.2,2.8,3.5,3.17
10546,2.1,1.8,4.5,2.8
56073,3.2,2.8,4.1,3.37
33005,3.2,2.8,4.1,3.37
63945,2.5,3.0,4.0,3.17
18080,3.2,2.5,4.1,3.27
66740,3.5,3.0,4.0,3.5
38060,3.5,2.8,4.2,3.5
55969,2.5,1.8,4.2,2.83
1883,3.5,2.8,3.2,3.17
41685,2.1,1.8,4.5,2.8
14752,3.5,3.0,4.2,3.57
25327,4.2,3.5,2.1,3.27
3551,4.2,3.5,3.8,3.83
15996,3.2,2.5,4.1,3.27
58334,3.2,2.8,4.1,3.37
6318,4.2,3.8,3.1,3.7
16866,3.2,2.5,4.1,3.27
16914,3.2,3.5,4.1,3.6
30895,3.2,2.5,4.1,3.27
789,2.1,1.8,4.5,2.8
68119,2.1,1.8,4.5,2.8
29994,3.2,2.5,4.1,3.27
1917,3.2,2.5,4.1,3.27
3549,3.2,2.5,4.1,3.27
61116,2.1,1.8,4.5,2.8
63692,4.2,3.5,2.1,3.27
59786,2.5,2.0,3.5,2.67
67643,3.2,2.5,4.1,3.27
18893,2.5,3.0,4.0,3.17
52361,4.2,3.5,3.8,3.83
5479,3.2,2.8,4.1,3.37
19588,3.2,2.1,4.5,3.27
14566,3.2,2.5,4.1,3.27
45135,3.5,2.2,4.1,3.27
47268,3.2,2.8,3.5,3.17
10570,3.5,3.0,4.2,3.57
50301,3.2,2.1,4.5,3.27
52992,2.1,1.8,4.5,2.8
21067,3.2,2.8,4.1,3.37
3925,3.5,3.0,4.2,3.57
3349,2.5,1.8,4.2,2.83
5778,2.1,1.5,4.8,2.8
24282,3.2,2.5,1.8,2.5
51474,3.2,2.5,3.8,3.17
59471,2.5,2.0,4.5,3.0
20174,4.2,3.8,3.1,3.7
37381,2.1,1.5,4.8,2.8
50653,2.5,2.0,4.2,2.9
55459,3.2,2.5,4.1,3.27
39409,3.5,3.0,4.2,3.57
66718,2.1,1.8,4.5,2.8
24592,3.5,3.0,4.2,3.57
1580,3.2,2.8,4.1,3.37
6915,3.2,2.5,4.1,3.27
1672,3.2,2.8,3.5,3.17
1935,3.1,2.4,4.2,3.23
59742,4.5,4.0,2.0,3.5
18240,3.2,2.8,4.1,3.37
48931,3.2,2.5,4.1,3.27
58280,3.2,2.5,4.1,3.27
35569,3.5,3.0,4.2,3.57
7227,3.5,2.8,4.2,3.5
38553,2.5,2.0,4.0,2.83
30989,3.5,2.8,4.2,3.5
62223,2.1,1.8,4.5,2.8
19339,2.1,1.5,4.8,2.8
26579,2.1,1.8,4.5,2.8
2858,3.2,2.1,4.5,3.27
52618,2.5,2.0,4.0,2.83
15613,3.5,2.8,4.2,3.5
9351,2.5,2.0,4.0,2.83
4663,3.5,3.0,4.2,3.57
4965,3.2,2.5,4.1,3.27
49585,2.1,1.5,4.8,2.8
71713,3.2,2.8,4.1,3.37
50091,3.2,2.8,4.1,3.37
29093,2.5,2.0,4.5,3.0
61480,4.2,3.5,2.1,3.27
55702,4.0,3.5,2.0,3.17
1176,3.2,2.5,4.1,3.27
65954,2.5,2.0,4.0,2.83
65904,2.5,1.8,4.2,2.83
53558,3.2,2.1,4.5,3.27
67726,3.5,3.0,4.2,3.57
30136,3.2,2.1,4.5,3.27
23800,2.1,1.5,4.8,2.8
44306,3.2,2.5,4.1,3.27
5005,3.2,2.8,3.5,3.17
9809,3.2,2.8,4.1,3.37
8432,3.2,2.5,4.1,3.27
59446,3.2,2.5,4.1,3.27
36090,3.2,2.5,4.1,3.27
29762,3.5,2.0,4.5,3.33
52761,2.5,2.0,4.0,2.83
13642,3.2,2.5,4.1,3.27
75,3.5,3.0,4.2,3.57
69231,3.5,2.0,4.0,3.17
62393,3.2,2.8,4.1,3.37
26047,3.2,2.1,4.5,3.27
42850,2.5,2.0,4.5,3.0
35689,3.2,2.5,4.1,3.27
17569,3.5,3.0,4.2,3.57
26153,2.1,1.8,4.5,2.8
43134,3.2,2.8,4.1,3.37
52132,3.2,2.5,4.1,3.27
4920,2.5,2.0,4.5,3.0
14765,3.5,3.0,4.2,3.57
44965,2.1,1.8,4.5,2.8
68621,3.2,2.5,3.8,3.17
10805,3.2,2.5,4.1,3.27
34142,2.1,1.5,4.8,2.8
31114,3.5,3.0,2.0,2.83
18817,3.5,3.0,4.2,3.57
35772,3.5,2.8,4.2,3.5
66770,2.5,2.0,4.0,2.83
65380,4.2,3.8,3.1,3.7
47584,4.2,3.5,3.1,3.6
37969,2.1,1.8,4.5,2.8
34404,3.2,2.1,4.5,3.27
46185,2.5,1.8,4.2,2.83
55179,3.2,2.5,4.1,3.27
21669,3.5,3.0,4.2,3.57
8673,3.2,3.5,4.1,3.6
41250,3.2,2.1,4.5,3.27
60896,4.2,3.5,3.8,3.83
14888,3.2,2.8,4.1,3.37
111,3.2,2.8,4.1,3.37
48795,3.5,2.8,4.2,3.5
14506,3.2,2.5,4.1,3.27
10912,2.5,1.8,4.2,2.83
27579,3.5,3.0,4.2,3.57
24491,1.5,2.0,4.5,2.67
12672,3.5,2.8,4.2,3.5
14032,2.1,1.8,4.5,2.8
62114,2.45,2.1,4.8,3.12
36495,2.1,1.5,4.8,2.8
70637,2.5,1.8,4.2,2.83
292,4.2,3.1,3.8,3.7
51507,2.1,1.5,4.8,2.8
57145,3.5,3.0,4.2,3.57
43222,2.1,1.8,4.5,2.8
60680,4.5,4.0,2.0,3.5
71328,3.5,3.0,4.2,3.57
9430,3.5,2.8,4.2,3.5
56460,3.5,3.0,4.0,3.5
36755,3.2,2.5,3.8,3.17
70152,2.1,1.8,4.5,2.8
5230,3.2,2.5,4.1,3.27
8183,2.1,1.8,4.5,2.8
45635,3.5,3.0,4.2,3.57
50651,3.2,2.5,4.1,3.27
20304,2.5,2.0,4.0,2.83
28609,3.0,2.5,4.0,3.17
15574,3.2,2.8,4.1,3.37
3068,2.5,2.0,4.5,3.0
70934,2.5,1.8,4.2,2.83
43893,3.2,2.5,4.1,3.27
23648,3.2,2.5,4.1,3.27
63325,3.5,3.0,4.0,3.5
205,3.2,2.5,4.1,3.27
45559,3.5,2.0,4.0,3.17
31894,3.2,2.8,4.1,3.37
36027,3.2,2.5,3.8,3.17
48739,3.2,2.5,4.1,3.27
5189,2.5,2.0,4.0,2.83
60422,3.2,2.8,4.1,3.37
65093,2.5,2.0,4.0,2.83
8383,3.5,3.0,4.2,3.57
55028,4.2,3.5,2.1,3.27
52517,2.5,1.8,4.2,2.83
14421,3.2,2.5,4.1,3.27
3070,3.5,3.0,4.2,3.57
56263,3.2,2.5,4.1,3.27
39092,3.2,2.8,4.1,3.37
58278,3.5,3.0,4.2,3.57
65867,3.5,2.8,4.2,3.5
26005,3.2,2.5,4.1,3.27
1387,3.2,2.8,4.1,3.37
26365,2.1,1.8,4.5,2.8
72059,3.5,3.0,4.0,3.5
389,3.5,3.0,4.2,3.57
17771,4.2,3.5,3.8,3.83
40116,3.2,2.5,4.1,3.27
5042,2.1,1.5,4.8,2.8
50200,3.2,2.8,4.1,3.37
13670,4.2,3.5,2.1,3.27
72057,3.5,3.0,4.2,3.57
54109,2.1,1.5,4.8,2.8
5905,4.2,3.8,3.1,3.7
53534,3.2,2.5,4.1,3.27
58987,2.5,2.0,4.5,3.0
21869,2.1,1.8,4.5,2.8
1800,2.1,1.8,4.5,2.8
10842,3.2,2.8,4.1,3.37
56830,3.2,2.8,4.1,3.37
19175,3.2,2.8,3.5,3.17
56442,2.5,2.0,4.5,3.0
10758,3.5,3.0,4.2,3.57
2105,2.1,1.8,4.5,2.8
42941,3.5,3.0,4.2,3.57
33214,3.5,2.0,4.5,3.33
44639,2.5,2.0,4.5,3.0
44275,4.2,3.8,3.5,3.83
61722,3.2,2.5,4.1,3.27
64307,2.1,1.5,4.8,2.8
5768,2.5,2.0,4.5,3.0
27362,3.5,3.0,4.2,3.57
2127,3.5,3.0,4.0,3.5
34807,3.2,2.5,4.1,3.27
18492,2.1,1.8,4.5,2.8
59563,3.2,2.8,4.1,3.37
61612,3.2,2.8,4.1,3.37
67577,3.5,2.8,4.2,3.5
28001,3.2,2.1,4.5,3.27
58465,3.2,2.8,4.1,3.37
68468,3.0,2.5,4.0,3.17
17898,2.5,2.0,4.5,3.0
60960,3.5,3.0,4.0,3.5
69351,1.5,1.2,4.8,2.5
11942,2.1,1.8,4.2,2.7
3246,2.1,1.5,4.8,2.8
9469,3.5,3.2,4.1,3.6
3855,3.5,3.0,4.2,3.57
28235,3.2,2.5,4.1,3.27
44697,2.4,2.1,4.6,3.03
14275,3.5,3.0,4.2,3.57
27626,3.2,2.1,4.5,3.27
57125,3.5,2.0,4.5,3.33
48089,3.5,3.0,4.0,3.5
51441,3.2,2.8,4.1,3.37
15158,2.5,2.0,4.5,3.0
42926,4.2,3.5,2.1,3.27
40229,3.2,2.5,4.1,3.27
43862,3.2,2.5,4.1,3.27
34082,2.1,1.8,4.5,2.8
1370,2.5,2.0,4.5,3.0
43136,2.4,2.1,4.2,2.9
66680,2.5,2.0,4.5,3.0
47493,2.1,1.8,4.5,2.8
21264,3.2,2.5,4.1,3.27
34552,2.5,2.0,4.5,3.0
20618,3.5,2.8,4.2,3.5
27081,2.5,1.8,4.2,2.83
9322,3.5,3.0,2.5,3.0
16894,4.0,3.5,2.0,3.17
68996,2.5,2.0,4.0,2.83
47923,3.2,2.8,3.5,3.17
54608,4.2,3.8,3.1,3.7
5780,3.2,2.8,4.1,3.37
17727,3.2,2.8,4.1,3.37
25295,3.2,2.8,4.1,3.37
58995,2.1,1.8,4.5,2.8
43737,3.2,2.8,3.5,3.17
8454,2.1,1.8,4.5,2.8
12933,3.2,2.8,4.1,3.37
66638,2.1,2.4,4.2,2.9
66926,2.5,2.0,4.5,3.0
10819,3.5,2.8,4.2,3.5
26369,3.1,2.4,4.2,3.23
13058,3.5,3.0,4.2,3.57
41296,3.2,2.5,4.1,3.27
34317,2.1,1.8,4.5,2.8
8429,3.2,2.1,4.5,3.27
20097,2.1,1.8,4.5,2.8
22082,4.2,3.5,2.1,3.27
66566,2.5,2.0,4.5,3.0
1233,3.2,2.1,4.5,3.27
46597,3.2,2.8,4.1,3.37
63003,2.1,1.8,4.5,2.8
57255,2.1,1.8,4.5,2.8
9988,3.2,2.8,4.1,3.37
53372,3.2,2.8,4.1,3.37
37879,3.2,2.8,4.1,3.37
2505,3.2,3.5,4.1,3.6
31528,4.2,3.1,2.5,3.27
71881,3.2,2.5,4.1,3.27
37663,3.2,2.5,4.1,3.27
57647,2.1,1.8,4.5,2.8
31371,2.5,2.0,4.5,3.0
2819,2.5,2.0,4.5,3.0
64538,3.2,2.8,4.1,3.37
15209,3.5,3.0,4.2,3.57
47780,3.2,2.8,3.5,3.17
34865,2.5,2.0,4.0,2.83
18,2.1,1.8,4.5,2.8
43287,3.5,2.8,4.2,3.5
5456,2.5,3.0,4.2,3.23
69474,2.1,1.8,4.5,2.8
13501,2.5,2.0,4.5,3.0
22113,2.1,1.8,4.5,2.8
2497,2.1,1.8,4.5,2.8
6308,3.5,3.0,4.2,3.57
44188,4.2,3.5,3.8,3.83
13054,3.5,3.0,4.2,3.57
36674,4.2,3.8,2.5,3.5
14597,3.2,2.5,3.8,3.17
67813,3.5,2.1,4.2,3.27
40859,2.5,2.0,3.5,2.67
67114,2.1,1.5,4.8,2.8
28934,3.2,2.8,4.1,3.37
61124,3.2,3.5,2.8,3.17
65760,3.5,3.0,4.0,3.5
30731,3.2,2.5,4.1,3.27
70225,2.5,2.0,4.0,2.83
15782,4.5,4.0,2.0,3.5
46611,3.2,3.5,4.1,3.6
40320,3.2,2.5,4.1,3.27
10540,3.2,2.8,4.1,3.37
34626,4.2,3.1,2.5,3.27
23478,3.2,2.1,4.5,3.27
29518,2.5,2.0,4.2,2.9
47299,4.2,3.5,3.8,3.83
61818,3.2,2.5,4.1,3.27
30283,2.5,2.0,4.5,3.0
58913,3.5,4.0,2.0,3.17
51116,3.5,3.0,4.2,3.57
26248,3.2,2.5,4.1,3.27
40775,2.1,1.8,4.5,2.8
34588,2.1,1.5,4.8,2.8
49062,3.2,2.8,4.1,3.37
42754,3.5,3.0,4.2,3.57
61037,3.2,2.5,4.1,3.27
61278,3.5,3.0,4.2,3.57
23146,3.5,3.0,4.0,3.5
58436,3.5,3.0,4.2,3.57
69384,3.2,2.8,4.1,3.37
46197,3.0,2.5,4.0,3.17
6025,3.2,2.5,4.1,3.27
62530,2.1,1.8,4.5,2.8
26404,3.5,2.8,4.2,3.5
20126,2.1,1.8,4.5,2.8
10410,2.5,1.8,4.2,2.83
37264,3.0,2.5,4.0,3.17
11582,3.5,3.0,4.2,3.57
806,3.2,2.5,4.1,3.27
45882,3.5,2.8,4.2,3.5
33198,2.5,2.0,4.5,3.0
52,4.2,3.5,2.1,3.27
65418,2.5,2.0,4.0,2.83
55934,3.1,2.4,4.2,3.23
67843,3.2,2.1,4.5,3.27
70429,2.1,1.8,4.5,2.8
69914,2.5,2.0,4.5,3.0
10088,3.2,2.5,4.1,3.27
60158,3.0,2.0,4.0,3.0
70519,3.2,2.8,4.1,3.37
35073,3.2,2.8,4.1,3.37
66029,3.5,3.0,4.2,3.57
58813,3.2,2.8,4.1,3.37
7067,3.2,2.5,4.1,3.27
9727,3.5,3.0,4.0,3.5
16981,4.2,3.8,2.1,3.37
23786,2.1,1.8,4.5,2.8
45094,3.5,2.0,4.0,3.17
25979,3.5,3.0,2.5,3.0
7384,3.5,3.0,4.2,3.57
42673,3.2,2.8,4.1,3.37
13993,2.1,1.8,4.5,2.8
19540,3.2,3.5,2.8,3.17
57083,2.1,1.5,4.8,2.8
28775,3.2,2.8,4.1,3.37
16244,2.1,1.8,4.5,2.8
12924,3.2,2.1,4.5,3.27
25525,3.5,3.0,4.2,3.57
69195,3.2,2.8,4.1,3.37
65802,2.1,1.8,4.5,2.8
44428,3.2,2.5,4.1,3.27
37469,3.5,3.0,4.2,3.57
56403,3.5,3.0,4.0,3.5
69077,3.5,3.0,4.2,3.57
34845,3.2,2.5,4.1,3.27
40422,2.5,2.0,4.5,3.0
5945,3.5,2.0,4.0,3.17
15669,3.5,2.0,4.0,3.17
48370,2.1,1.5,4.8,2.8
16399,2.5,2.0,4.5,3.0
18916,3.0,2.5,4.0,3.17
52076,3.2,2.5,4.1,3.27
64130,3.5,2.0,4.0,3.17
36257,3.2,2.8,4.1,3.37
15011,3.2,2.8,4.1,3.37
9026,3.5,3.0,4.2,3.57
4755,3.2,2.8,4.1,3.37
71682,4.2,3.5,2.1,3.27
38929,2.1,1.8,4.2,2.7
53829,4.2,3.5,2.1,3.27
18728,3.2,2.8,4.1,3.37
25884,2.5,2.0,4.5,3.0
29524,3.2,2.5,4.1,3.27
27507,3.5,3.0,4.2,3.57
6616,3.0,2.5,4.0,3.17
31024,3.2,2.5,4.1,3.27
62851,2.5,2.0,4.5,3.0
71758,2.1,1.5,4.2,2.6
56396,2.5,1.8,4.2,2.83
64921,3.5,2.8,4.2,3.5
58644,3.2,2.5,4.1,3.27
31865,2.1,1.5,4.8,2.8
31220,4.2,3.8,3.5,3.83
4007,2.1,1.8,4.5,2.8
2823,3.5,3.0,4.2,3.57
25674,3.2,2.1,4.5,3.27
15001,3.2,2.8,4.1,3.37
23619,2.1,1.8,4.5,2.8
19092,2.1,1.8,4.5,2.8
61540,2.5,2.0,4.5,3.0
60883,3.2,2.5,4.1,3.27
48635,2.1,1.5,4.8,2.8
1733,2.1,1.8,4.2,2.7
20500,3.5,3.0,4.0,3.5
17102,3.5,3.0,4.2,3.57
21095,3.2,2.8,4.1,3.37
39867,3.2,2.5,4.1,3.27
40924,2.1,1.8,4.2,2.7
30941,3.5,3.0,4.2,3.57
37043,3.2,2.8,4.1,3.37
18089,3.2,2.8,3.5,3.17
45531,3.2,2.5,4.1,3.27
33959,2.5,2.0,4.5,3.0
60894,3.5,3.0,2.5,3.0
23940,3.5,2.8,4.2,3.5
7663,2.1,1.8,4.5,2.8
30576,3.2,2.8,4.1,3.37
40732,3.2,2.1,4.5,3.27
27755,4.2,3.5,3.8,3.83
66257,3.5,3.0,4.2,3.57
18028,3.5,4.0,2.0,3.17
16072,3.2,2.5,4.1,3.27
20636,2.5,3.0,4.2,3.23
63282,2.1,1.8,4.5,2.8
55424,2.1,1.8,4.5,2.8
30301,3.2,2.8,4.1,3.37
64579,2.5,2.0,4.5,3.0
56640,2.1,1.5,4.8,2.8
56151,3.2,2.5,4.1,3.27
49808,2.1,1.8,4.2,2.7
12701,2.5,2.0,4.5,3.0
7957,3.2,2.1,4.5,3.27
65182,2.5,2.0,4.0,2.83
66511,2.1,2.4,4.2,2.9
31956,2.5,2.0,4.5,3.0
19964,3.5,3.0,4.2,3.57
16123,3.2,2.1,4.5,3.27
57050,2.1,1.5,4.8,2.8
26604,3.2,2.5,4.1,3.27
33781,3.2,2.5,4.1,3.27
36374,2.1,1.8,4.5,2.8
44038,4.5,3.8,2.1,3.47
13242,3.2,2.1,4.5,3.27
54792,3.2,2.8,4.1,3.37
2997,3.2,2.5,4.1,3.27
2743,3.2,2.8,3.5,3.17
64138,2.5,2.0,4.5,3.0
21745,2.5,2.0,4.0,2.83
12050,4.5,3.8,2.1,3.47
8817,3.2,2.8,4.1,3.37
66393,3.2,2.5,4.1,3.27
40035,3.5,3.0,4.2,3.57
46794,2.1,1.8,4.5,2.8
59460,3.2,2.5,4.1,3.27
46426,3.5,3.0,4.2,3.57
26701,2.5,2.0,4.2,2.9
16347,3.2,2.8,4.1,3.37
40651,3.5,2.8,4.2,3.5
8932,3.2,2.8,4.1,3.37
8636,3.2,2.1,4.5,3.27
62395,3.5,3.0,4.2,3.57
19337,2.1,1.8,4.5,2.8
18134,3.2,2.1,1.8,2.37
10794,2.1,1.8,4.5,2.8
14108,3.5,3.0,4.2,3.57
64826,3.2,2.1,4.5,3.27
61602,2.1,1.8,4.5,2.8
24914,3.5,4.0,2.0,3.17
6976,2.1,1.8,4.5,2.8
23316,3.2,2.5,4.1,3.27
64393,2.5,2.0,4.0,2.83
71826,3.5,2.8,4.2,3.5
34830,2.5,2.0,4.5,3.0
55442,3.5,3.0,4.2,3.57
51611,2.4,2.1,4.2,2.9
52622,3.2,2.5,4.1,3.27
15600,3.5,3.0,4.2,3.57
48480,2.5,2.0,4.0,2.83
4872,2.5,2.0,4.5,3.0
27337,3.5,2.8,4.2,3.5
63629,2.5,2.0,4.5,3.0
15020,2.5,2.0,4.5,3.0
11433,4.2,3.5,2.8,3.5
14312,2.5,3.0,4.0,3.17
23294,3.2,2.8,4.1,3.37
69506,3.2,2.8,3.5,3.17
52750,3.2,2.8,4.1,3.37
39473,3.5,2.8,4.2,3.5
6341,2.1,1.8,4.5,2.8
18601,1.5,1.2,4.8,2.5
16173,2.5,2.0,4.5,3.0
7894,3.2,2.8,3.5,3.17
943,3.2,2.5,4.1,3.27
63375,4.5,4.0,2.0,3.5
32241,3.5,2.2,4.1,3.27
71892,3.2,2.8,3.5,3.17
12850,3.2,2.1,4.5,3.27
40588,3.2,2.8,4.1,3.37
13361,2.5,2.0,4.0,2.83
21332,3.5,3.0,2.5,3.0
47922,3.2,2.8,3.5,3.17
38788,3.5,3.0,4.0,3.5
64249,3.2,2.8,4.1,3.37
57919,3.5,3.0,4.0,3.5
36298,4.0,3.0,2.0,3.0
42925,3.2,2.5,4.1,3.27
11950,4.2,3.5,2.1,3.27
70101,2.1,1.8,4.2,2.7
55196,3.2,2.1,4.5,3.27
38351,4.5,4.0,2.0,3.5
21671,4.2,3.5,3.8,3.83
33666,2.5,2.0,4.5,3.0
2440,3.0,2.5,4.0,3.17
22639,2.1,1.8,4.5,2.8
28436,3.2,2.5,4.1,3.27
28777,3.5,3.0,4.2,3.57
39633,,,,
68283,2.0,1.5,4.0,2.5
19984,4.2,3.8,3.1,3.7
12285,2.1,1.8,4.5,2.8
70513,3.5,4.0,2.0,3.17
50871,3.2,2.8,4.1,3.37
50706,2.1,1.5,4.8,2.8
26448,3.2,2.5,4.1,3.27
52829,3.2,3.5,4.1,3.6
8229,4.2,3.1,2.8,3.37
43093,3.2,2.5,4.1,3.27
37399,3.5,2.8,4.2,3.5
68244,3.2,2.8,3.5,3.17
46463,4.2,3.8,3.1,3.7
41764,3.2,2.8,4.1,3.37
14065,2.1,1.8,4.5,2.8
15887,3.5,3.0,4.0,3.5
28772,3.5,2.8,4.2,3.5
35507,2.1,1.8,4.5,2.8
7792,2.5,2.0,4.0,2.83
9523,3.5,3.0,4.2,3.57
71526,2.1,1.8,4.5,2.8
52469,3.2,2.5,4.1,3.27
68356,3.5,3.0,4.2,3.57
62605,3.2,2.5,4.1,3.27
44818,3.2,2.1,4.5,3.27
2666,2.4,2.1,4.2,2.9
51647,3.5,2.8,4.2,3.5
62948,2.5,1.8,4.2,2.83
46016,2.5,2.0,4.0,2.83
62464,3.5,3.0,4.2,3.57
11289,3.5,2.8,3.2,3.17
35472,2.5,2.0,4.0,2.83
6166,4.2,3.8,3.1,3.7
72139,2.1,1.8,4.5,2.8
34007,3.2,3.5,4.1,3.6
41805,4.2,3.5,2.1,3.27
46072,2.1,1.8,4.5,2.8
61631,3.2,2.5,4.1,3.27
42158,2.1,1.5,4.8,2.8
33033,4.2,3.8,2.1,3.37
70397,4.5,3.0,2.0,3.17
43308,4.2,3.5,3.8,3.83
31516,3.2,2.8,4.1,3.37
35877,2.5,2.0,4.0,2.83
28136,3.5,2.8,4.2,3.5
22141,2.1,1.8,4.5,2.8
11714,3.2,2.8,3.5,3.17
31270,3.5,3.0,4.2,3.57
494,3.2,2.8,4.1,3.37
24706,2.1,1.8,4.5,2.8
1194,2.5,1.8,4.2,2.83
7161,3.0,2.5,4.0,3.17
63505,3.2,2.5,4.1,3.27
6145,3.2,2.8,3.5,3.17
2885,3.5,2.0,4.0,3.17
1391,4.0,3.5,2.0,3.17
6336,3.2,2.5,4.1,3.27
41291,3.5,2.8,4.2,3.5
45033,2.5,2.0,4.0,2.83
33907,2.1,1.8,4.5,2.8
60660,3.5,3.0,4.0,3.5
48583,3.2,2.5,4.1,3.27
25607,3.2,2.1,4.5,3.27
20765,3.2,2.5,4.1,3.27
16695,2.1,1.8,4.5,2.8
26583,2.5,2.0,4.5,3.0
53453,2.1,1.8,4.5,2.8
26158,3.5,3.0,4.0,3.5
27854,2.5,3.0,4.0,3.17
45364,3.5,4.0,2.5,3.33
63895,3.2,2.1,4.5,3.27
62234,2.5,1.8,4.2,2.83
58749,3.2,2.8,4.1,3.37
13728,4.2,3.8,3.1,3.7
60477,2.1,1.8,4.5,2.8
24730,2.1,1.8,4.5,2.8
9068,3.2,2.8,4.1,3.37
65869,3.2,2.5,4.1,3.27
62616,3.5,3.0,4.0,3.5
71136,3.5,3.0,4.2,3.57
33719,2.5,2.0,4.0,2.83
8982,2.5,1.8,4.2,2.83
65783,3.2,2.5,4.1,3.27
21736,3.2,2.5,4.1,3.27
21897,3.0,2.5,4.0,3.17
25870,3.5,3.0,4.2,3.57
49110,2.5,2.0,4.2,2.9
31217,3.2,2.8,4.1,3.37
7774,3.2,3.5,3.8,3.5
58815,3.0,2.5,4.0,3.17
56198,2.1,1.5,4.8,2.8
3399,3.2,2.8,4.1,3.37
49053,2.5,2.0,4.5,3.0
11870,3.5,4.0,4.5,4.0
56566,4.2,3.5,2.1,3.27
56386,3.2,2.5,4.1,3.27
33531,3.5,2.0,4.0,3.17
4754,3.2,2.5,4.1,3.27
47287,3.5,3.0,4.2,3.57
19523,3.5,3.0,4.0,3.5
47257,3.2,2.8,4.1,3.37
7639,3.5,3.0,4.2,3.57
7378,2.5,2.0,4.0,2.83
63486,3.2,2.1,4.5,3.27
8876,3.2,2.5,4.1,3.27
42685,3.5,2.0,4.0,3.17
45919,3.5,3.0,4.0,3.5
30622,2.1,1.8,4.2,2.7
2186,4.2,3.5,2.8,3.5
42563,3.0,2.5,4.0,3.17
12531,2.1,2.4,4.2,2.9
16055,3.5,3.0,4.0,3.5
7669,3.5,2.0,4.0,3.17
25599,2.5,2.0,4.0,2.83
49699,2.1,1.5,4.8,2.8
24694,3.2,2.8,4.1,3.37
11315,2.1,1.8,4.2,2.7
70941,2.1,1.5,4.8,2.8
41701,3.2,2.5,4.1,3.27
70175,3.5,2.8,4.2,3.5
70852,2.1,1.8,4.5,2.8
50534,3.0,2.0,4.0,3.0
23534,3.2,2.1,4.5,3.27
63210,2.1,1.8,4.2,2.7
18714,3.5,2.8,4.2,3.5
32828,4.2,3.5,2.1,3.27
57442,2.5,2.0,4.5,3.0
2199,3.2,2.5,4.1,3.27
62963,3.2,2.5,3.8,3.17
65727,3.2,2.5,4.1,3.27
9241,3.5,3.0,4.2,3.57
31678,2.1,1.5,4.8,2.8
13973,3.2,2.5,4.1,3.27
11440,4.2,3.8,2.5,3.5
19924,2.1,1.5,4.2,2.6
4875,2.1,1.5,4.8,2.8
5664,2.1,1.8,4.5,2.8
1948,2.1,1.8,4.5,2.8
61180,3.2,2.5,4.1,3.27
17449,2.5,1.8,4.2,2.83
69958,3.0,2.5,4.0,3.17
44847,2.5,2.0,4.5,3.0
66761,3.2,2.5,4.1,3.27
34371,3.2,2.1,4.5,3.27
14860,4.2,3.8,3.1,3.7
34910,2.1,1.5,4.8,2.8
56630,3.5,3.0,4.0,3.5
7577,3.5,3.0,4.0,3.5
36332,3.2,2.8,4.1,3.37
48714,3.2,2.5,4.1,3.27
1677,1.5,1.2,4.8,2.5
32552,3.2,2.5,4.1,3.27
71199,4.2,3.5,3.8,3.83
31579,2.1,1.5,4.8,2.8
19111,2.1,1.5,4.8,2.8
7211,2.1,1.5,4.8,2.8
8232,2.1,1.8,4.5,2.8
39055,3.2,2.5,4.1,3.27
62271,3.2,2.8,4.1,3.37
52204,3.5,3.0,4.2,3.57
42336,4.2,3.8,3.1,3.7
52941,3.5,3.0,4.2,3.57
31174,3.2,2.5,4.1,3.27
21767,4.5,4.0,2.0,3.5
70986,3.2,2.8,4.1,3.37
47188,2.1,1.8,4.5,2.8
55940,2.1,1.8,4.5,2.8
68684,3.0,2.5,4.0,3.17
5051,3.2,2.8,4.1,3.37
61977,3.2,2.8,3.5,3.17
3385,3.2,2.8,4.1,3.37
24975,4.5,3.8,4.2,4.17
54076,2.1,1.8,4.5,2.8
48894,3.2,2.5,3.8,3.17
6377,3.5,3.0,4.0,3.5
21847,3.2,2.5,4.1,3.27
35211,3.2,2.5,3.8,3.17
30470,2.5,2.0,4.5,3.0
58532,3.2,2.1,4.5,3.27
55576,3.2,2.5,4.1,3.27
2970,3.5,3.0,4.2,3.57
7127,3.5,3.0,4.2,3.57
22007,3.2,2.5,4.1,3.27
58204,2.1,2.4,4.2,2.9
10108,3.2,3.5,2.8,3.17
56472,3.2,2.5,4.1,3.27
47858,3.2,2.8,4.1,3.37
36080,4.2,3.1,2.5,3.27
66150,2.5,1.8,4.2,2.83
60923,3.5,2.8,4.2,3.5
4753,2.1,1.5,4.2,2.6
72182,3.2,2.5,3.8,3.17
22304,3.2,2.5,4.1,3.27
7702,2.5,2.0,4.5,3.0
3123,3.2,2.1,4.5,3.27
6337,3.2,2.8,4.1,3.37
50366,2.1,1.8,4.5,2.8
24826,3.5,3.0,4.0,3.5
5224,3.2,2.8,3.5,3.17
47406,2.5,2.0,4.2,2.9
16991,2.1,1.8,4.2,2.7
42928,3.0,2.5,4.0,3.17
19389,3.5,2.8,4.2,3.5
32218,3.5,3.0,4.2,3.57
59290,4.5,3.0,2.0,3.17
15204,3.2,2.1,4.5,3.27
9662,3.5,3.0,4.2,3.57
33220,3.5,2.8,4.2,3.5
31343,3.2,2.5,4.1,3.27
21325,3.5,3.0,4.2,3.57
52015,3.2,2.8,4.1,3.37
6840,3.5,3.0,4.2,3.57
15958,2.1,1.8,4.5,2.8
71706,2.1,1.5,4.2,2.6
5691,2.1,1.8,4.5,2.8
54347,2.5,2.0,4.5,3.0
70484,3.2,2.8,3.5,3.17
71294,2.1,1.8,4.5,2.8
6849,3.5,3.0,4.2,3.57
32503,3.5,3.0,4.2,3.57
39673,2.5,2.0,4.5,3.0
10760,3.5,3.0,4.2,3.57
9487,3.5,3.0,4.2,3.57
24068,3.2,2.8,4.1,3.37
9388,3.2,2.5,4.1,3.27
55917,3.2,2.8,4.1,3.37
14525,2.1,1.8,4.5,2.8
33447,2.1,1.8,4.5,2.8
27174,3.2,2.5,4.1,3.27
61979,3.5,2.8,3.2,3.17
17273,4.2,3.5,4.8,4.17
57655,3.5,3.0,4.0,3.5
10077,3.2,2.8,4.1,3.37
13192,3.2,2.8,4.1,3.37
35691,3.0,2.0,4.0,3.0
39138,3.5,3.0,4.0,3.5
58444,2.5,2.0,4.5,3.0
37896,3.5,2.8,4.2,3.5
9033,3.2,2.8,4.1,3.37
6835,4.2,3.8,3.1,3.7
37527,3.5,3.0,4.0,3.5
42736,2.5,1.8,4.2,2.83
68166,1.5,1.2,4.8,2.5
35232,3.5,3.0,2.5,3.0
33492,2.1,1.8,4.5,2.8
46164,2.1,2.4,4.2,2.9
35017,3.5,3.0,4.2,3.57
16805,2.1,1.8,4.5,2.8
64725,3.2,2.5,4.1,3.27
41793,3.2,2.5,4.1,3.27
62081,2.1,1.8,4.5,2.8
66993,2.5,2.0,4.5,3.0
48176,3.2,2.8,4.1,3.37
5305,3.2,2.8,4.1,3.37
60113,4.2,3.5,2.1,3.27
55494,2.5,1.8,4.2,2.83
25115,3.2,2.5,4.1,3.27
9907,3.2,2.5,4.1,3.27
39976,2.4,1.8,4.2,2.8
14935,2.5,2.0,4.2,2.9
62732,2.1,1.8,4.5,2.8
65818,3.5,2.8,4.2,3.5
1221,2.1,1.5,4.8,2.8
29723,2.5,2.0,4.0,2.83
11323,2.1,1.8,3.5,2.47
31261,3.5,2.8,4.2,3.5
27515,2.1,1.8,4.5,2.8
17034,2.15,1.8,4.65,2.87
7666,2.1,1.8,4.5,2.8
32892,3.5,3.0,2.5,3.0
21494,3.2,2.8,3.5,3.17
68571,2.1,1.5,4.8,2.8
35024,3.2,2.1,4.5,3.27
20856,2.1,1.5,4.8,2.8
58406,3.2,2.8,4.1,3.37
15021,3.2,2.8,4.1,3.37
46226,3.2,2.5,4.1,3.27
69245,3.2,2.5,4.1,3.27
70236,3.2,2.5,4.1,3.27
32637,3.5,2.2,4.1,3.27
49206,3.2,2.5,4.1,3.27
50505,3.5,2.8,4.2,3.5
68933,3.2,2.5,4.1,3.27
42013,3.2,2.8,3.5,3.17
56629,3.2,2.8,4.1,3.37
12046,3.2,2.5,4.1,3.27
38669,3.5,3.0,4.0,3.5
53208,2.1,1.5,4.8,2.8
21132,3.2,2.5,4.1,3.27
50075,3.5,3.0,4.2,3.57
68693,2.5,2.0,4.0,2.83
38850,3.2,2.8,4.1,3.37
20605,3.5,2.8,4.2,3.5
1358,3.5,3.0,4.2,3.57
16796,3.2,3.5,4.1,3.6
32213,3.5,3.0,4.0,3.5
23806,3.5,2.0,4.0,3.17
22815,2.5,1.8,4.2,2.83
37218,3.2,2.8,4.1,3.37
8931,3.5,3.0,4.2,3.57
46672,4.5,4.0,2.5,3.67
57756,3.5,4.0,2.0,3.17
58279,3.2,2.5,4.1,3.27
45795,2.5,1.8,4.2,2.83
27770,3.2,2.8,3.5,3.17
53711,2.5,2.0,4.5,3.0
28886,2.1,1.8,4.5,2.8
29879,3.2,2.8,4.1,3.37
25932,3.2,2.5,4.1,3.27
16432,3.5,2.8,4.2,3.5
13297,3.2,2.5,4.1,3.27
36169,4.5,4.0,2.0,3.5
47795,3.2,2.1,4.5,3.27
46385,3.2,2.5,4.1,3.27
65444,3.2,2.5,4.1,3.27
42598,2.5,2.0,4.5,3.0
20364,3.5,3.0,4.2,3.57
13639,3.5,3.0,4.2,3.57
34127,3.5,2.8,4.2,3.5
10228,3.5,3.0,4.2,3.57
38415,3.2,2.8,4.1,3.37
15880,3.2,2.5,4.1,3.27
29701,3.2,2.5,4.1,3.27
64406,2.1,1.8,4.5,2.8
53803,1.5,1.2,4.8,2.5
51280,3.5,4.0,3.0,3.5
49598,4.2,3.1,2.5,3.27
41846,3.2,2.8,4.1,3.37
23408,3.5,3.0,4.0,3.5
1650,2.1,1.8,4.5,2.8
11695,3.5,3.0,4.2,3.57
71082,2.5,2.0,4.0,2.83
21543,3.2,2.8,4.1,3.37
52139,2.1,1.8,4.5,2.8
15472,3.2,2.1,4.5,3.27
8977,2.1,1.8,4.5,2.8
65689,2.1,1.5,4.8,2.8
17740,2.5,2.0,4.0,2.83
30579,3.0,2.5,4.0,3.17
61842,3.2,3.5,2.8,3.17
36465,3.5,3.0,4.0,3.5
41246,3.5,3.0,2.0,2.83
42470,3.5,3.0,4.2,3.57
69033,2.5,2.0,4.0,2.83
53744,2.1,1.5,4.8,2.8
69724,3.2,2.5,4.1,3.27
16118,3.0,2.5,4.0,3.17
5238,2.5,2.0,4.5,3.0
46046,3.2,2.8,4.1,3.37
35814,3.2,2.5,4.1,3.27
2250,2.5,2.0,4.0,2.83
34758,3.2,2.5,4.1,3.27
68410,2.5,2.0,4.0,2.83
35400,3.2,2.8,4.1,3.37
3466,4.2,3.8,3.1,3.7
22601,2.5,2.0,4.0,2.83
70894,1.5,1.0,4.5,2.33
12969,3.2,2.1,4.5,3.27
27648,3.2,2.5,4.1,3.27
7262,3.2,2.5,4.1,3.27
40857,3.2,2.1,4.5,3.27
27654,2.5,2.0,4.5,3.0
25155,3.2,2.8,4.1,3.37
65262,3.2,2.5,4.1,3.27
27991,3.2,2.5,4.1,3.27
47324,3.0,2.0,4.0,3.0
14106,3.5,3.0,2.0,2.83
2016,3.5,3.0,4.2,3.57
59729,3.0,2.5,4.0,3.17
56127,3.2,2.8,4.1,3.37
54194,3.2,2.1,4.5,3.27
1648,2.5,2.0,4.5,3.0
70811,4.5,4.0,2.0,3.5
54233,3.2,2.8,3.5,3.17
33018,3.5,3.0,4.2,3.57
63331,2.5,1.8,4.2,2.83
45877,3.5,3.0,4.2,3.57
37525,3.2,2.5,4.1,3.27
60004,3.2,2.5,4.1,3.27
48940,3.0,2.5,4.0,3.17
25236,2.1,1.8,4.5,2.8
46641,4.0,3.5,2.0,3.17
69621,3.2,2.1,4.5,3.27
65505,1.85,2.1,4.65,2.87
35789,3.2,2.5,4.1,3.27
64029,2.1,1.8,4.5,2.8
8703,2.1,1.8,4.5,2.8
37834,2.1,1.5,4.8,2.8
45507,3.2,2.8,4.1,3.37
55489,3.2,2.1,4.5,3.27
67165,3.2,2.8,3.5,3.17
41491,2.1,1.8,4.2,2.7
7039,3.2,2.8,4.1,3.37
6816,3.2,2.5,4.1,3.27
25816,3.2,2.8,4.1,3.37
41592,2.15,1.8,4.65,2.87
29970,3.5,3.0,4.2,3.57
15290,3.5,2.8,4.2,3.5
36285,2.5,1.8,4.2,2.83
66345,3.2,2.5,4.1,3.27
57273,2.1,1.8,4.5,2.8
1229,4.5,4.0,2.0,3.5
43291,3.5,3.0,4.2,3.57
47761,3.5,3.0,4.0,3.5
44251,3.2,3.5,4.1,3.6
62828,3.5,2.8,4.2,3.5
47777,3.5,3.0,4.0,3.5
54812,3.2,2.8,4.1,3.37
50963,2.5,1.8,4.2,2.83
19908,3.5,3.0,4.2,3.57
1805,3.5,2.8,3.2,3.17
60048,2.1,1.8,4.5,2.8
39822,3.2,2.8,4.1,3.37
21675,3.2,2.8,4.1,3.37
21281,3.2,2.8,4.1,3.37
24209,3.2,2.8,4.1,3.37
63349,2.1,1.8,4.5,2.8
22981,2.1,1.8,4.2,2.7
18442,3.2,2.8,4.1,3.37
12849,3.2,2.5,4.1,3.27
38146,3.5,3.0,4.2,3.57
15253,2.1,1.8,4.5,2.8
8323,2.1,1.8,4.5,2.8
38958,3.2,2.1,4.5,3.27
23560,2.5,1.8,4.2,2.83
64310,2.1,1.5,4.8,2.8
768,4.2,3.5,2.1,3.27
19935,3.2,2.8,4.1,3.37
9909,3.0,2.5,4.0,3.17
49274,3.2,3.5,2.8,3.17
27247,3.2,2.5,4.1,3.27
31358,3.5,3.0,4.0,3.5
58100,3.5,2.8,4.2,3.5
9312,2.1,1.5,4.8,2.8
14476,3.2,2.8,4.1,3.37
15820,3.5,3.0,4.2,3.57
35852,2.1,1.8,4.5,2.8
46818,3.0,2.5,4.0,3.17
36459,3.2,2.8,4.1,3.37
46548,3.2,2.8,4.1,3.37
31858,3.2,2.8,4.1,3.37
66514,3.5,2.8,4.2,3.5
28522,2.5,2.0,4.0,2.83
44424,3.0,2.5,4.0,3.17
40403,3.2,2.8,4.1,3.37
69921,2.1,1.8,4.5,2.8
10823,3.5,3.0,4.2,3.57
61950,3.2,2.8,4.1,3.37
56378,3.2,2.8,4.1,3.37
51136,2.45,2.1,4.3,2.95
71107,2.1,1.8,4.5,2.8
44609,3.2,2.5,4.1,3.27
61646,3.2,2.5,4.1,3.27
37892,3.2,2.8,4.1,3.37
17554,3.2,2.5,4.1,3.27
9176,3.2,2.5,4.1,3.27
20049,3.2,2.8,4.1,3.37
19956,3.2,2.8,4.1,3.37
47474,3.2,2.5,3.8,3.17
70342,4.2,3.8,2.1,3.37
48500,3.2,2.8,4.1,3.37
60121,3.5,3.0,4.0,3.5
71557,3.5,3.0,4.2,3.57
17100,3.5,3.0,4.2,3.57
47232,3.0,2.5,4.0,3.17
61517,3.2,2.5,4.1,3.27
16752,2.5,2.0,4.0,2.83
61897,3.2,2.8,4.1,3.37
29175,2.5,3.0,4.2,3.23
6720,3.2,2.5,4.1,3.27
71123,2.5,2.0,4.0,2.83
68063,3.5,3.0,4.0,3.5
33022,3.2,2.8,4.1,3.37
67899,3.5,2.8,4.2,3.5
37317,3.2,2.5,4.1,3.27
27703,2.5,2.0,3.0,2.5
35509,2.5,2.0,4.5,3.0
53285,3.2,2.5,3.8,3.17
4222,2.5,2.0,4.5,3.0
4781,3.2,2.8,4.1,3.37
50208,2.1,1.8,4.5,2.8
41383,2.1,1.5,4.8,2.8
71491,2.1,1.5,4.8,2.8
21634,4.2,3.8,2.1,3.37
2847,3.5,2.8,4.2,3.5
36806,3.2,2.8,4.1,3.37
19651,3.2,2.5,4.1,3.27
50784,2.1,1.5,4.2,2.6
5018,3.2,2.5,4.1,3.27
55012,3.2,2.5,4.1,3.27
55946,2.1,1.8,4.5,2.8
36720,3.5,3.0,4.0,3.5
12609,2.5,2.0,4.0,2.83
951,3.0,2.5,4.0,3.17
68683,3.2,2.8,4.1,3.37
67993,3.5,2.0,4.0,3.17
32238,3.2,2.1,4.5,3.27
55704,3.2,2.8,4.1,3.37
25934,2.1,1.8,4.5,2.8
13275,3.2,2.1,4.5,3.27
59315,3.2,2.5,4.1,3.27
41529,3.2,2.5,4.1,3.27
27992,2.5,2.0,4.5,3.0
34842,2.1,1.8,4.5,2.8
11333,3.5,4.0,3.0,3.5
32632,3.0,2.5,4.0,3.17
63962,3.5,2.8,3.2,3.17
62385,2.1,1.8,4.5,2.8
30230,3.2,2.8,4.1,3.37
30748,3.2,2.8,4.1,3.37
28806,3.0,2.5,4.0,3.17
7572,3.2,2.5,4.1,3.27
42645,3.2,2.1,4.5,3.27
66610,2.1,1.8,4.5,2.8
5611,2.1,1.8,4.5,2.8
71022,3.5,3.0,4.2,3.57
16573,2.5,2.0,4.0,2.83
70222,3.2,2.5,4.1,3.27
25268,3.5,3.0,4.0,3.5
18971,2.1,1.8,4.5,2.8
30066,2.5,2.0,4.0,2.83
59185,3.2,2.8,4.1,3.37
7822,3.2,2.5,4.1,3.27
61160,2.5,2.0,4.5,3.0
64528,3.2,2.5,4.1,3.27
31434,2.5,2.0,4.0,2.83
28041,3.2,2.5,4.1,3.27
58202,2.1,1.8,4.2,2.7
37694,3.2,2.8,4.1,3.37
71115,3.0,2.5,4.0,3.17
52723,4.2,3.5,3.8,3.83
15992,2.5,2.0,4.0,2.83
22687,2.1,1.8,4.5,2.8
3937,3.2,2.8,4.1,3.37
24178,2.1,1.5,4.8,2.8
64411,2.1,1.8,4.5,2.8
37082,3.5,3.0,4.2,3.57
59004,3.2,2.8,4.1,3.37
4214,3.5,3.0,4.0,3.5
60191,2.1,1.5,4.8,2.8
44232,3.2,2.8,4.1,3.37
67183,2.1,1.8,4.5,2.8
9745,3.2,2.8,4.1,3.37
6420,3.5,3.0,4.2,3.57
13755,2.1,1.8,4.5,2.8
44155,2.5,2.0,4.5,3.0
6225,3.8,3.2,4.1,3.7
9837,2.1,1.5,4.8,2.8
14388,3.5,3.0,4.0,3.5
30758,3.2,2.5,4.1,3.27
56953,2.5,2.0,4.0,2.83
43598,3.2,2.5,4.1,3.27
36831,4.2,3.8,3.1,3.7
19063,3.5,2.8,3.2,3.17
61577,2.1,1.8,4.5,2.8
66183,3.2,2.8,4.1,3.37
44721,3.2,2.8,3.5,3.17
8468,3.5,4.0,2.0,3.17
47600,2.1,1.5,4.8,2.8
9058,3.2,2.1,4.5,3.27
21738,4.2,3.8,4.5,4.17
22983,2.1,1.8,4.5,2.8
67686,2.5,3.0,4.0,3.17
64987,3.2,2.1,4.5,3.27
23480,4.2,3.8,2.1,3.37
65256,3.5,2.8,4.2,3.5
71142,3.2,2.8,4.1,3.37
26680,2.1,1.5,4.8,2.8
12182,3.2,2.8,4.1,3.37
40302,3.2,2.5,4.1,3.27
13356,3.2,2.5,4.1,3.27
34097,3.2,2.8,4.1,3.37
56636,3.2,2.8,4.1,3.37
23375,4.1,3.2,2.5,3.27
28356,3.2,2.8,4.1,3.37
71740,2.1,1.8,4.2,2.7
64371,3.2,2.5,4.1,3.27
40796,4.2,3.8,4.5,4.17
43498,3.2,2.8,4.1,3.37
36433,2.1,1.8,4.5,2.8
51967,3.2,2.8,4.1,3.37
18284,3.2,2.8,3.5,3.17
55035,2.1,1.8,4.2,2.7
12019,3.0,2.0,4.0,3.0
8548,3.2,2.8,3.5,3.17
34843,3.2,2.8,4.1,3.37
42451,3.2,2.8,4.1,3.37
49207,3.2,2.5,4.1,3.27
39639,2.1,1.8,4.5,2.8
22,2.1,1.8,4.5,2.8
67391,2.1,1.8,4.5,2.8
71727,3.2,3.5,4.1,3.6
48765,3.2,2.8,4.1,3.37
7960,2.5,2.0,4.5,3.0
33401,2.5,2.0,4.0,2.83
33046,2.5,2.0,4.5,3.0
21020,2.1,1.8,3.5,2.47
65297,3.2,2.5,4.1,3.27
69010,3.5,3.0,4.0,3.5
27327,3.0,2.5,4.0,3.17
8618,2.5,2.0,4.5,3.0
64856,3.2,3.5,2.8,3.17
55601,4.0,3.5,2.0,3.17
8357,3.2,2.8,4.1,3.37
29112,3.0,2.5,4.0,3.17
11824,3.2,2.5,4.1,3.27
7595,2.5,2.0,4.5,3.0
13298,2.5,2.0,4.5,3.0
20983,3.5,3.0,4.2,3.57
66339,3.5,2.8,4.2,3.5
47823,3.5,2.8,3.2,3.17
61534,3.2,2.5,4.1,3.27
24364,2.5,1.8,4.2,2.83
66543,4.5,4.0,1.5,3.33
24855,3.2,2.8,4.1,3.37
52834,3.5,3.0,4.2,3.57
25087,3.2,2.8,4.1,3.37
54822,3.2,2.5,4.1,3.27
23887,3.2,2.1,4.5,3.27
28021,2.1,1.8,4.5,2.8
53087,3.2,2.5,4.1,3.27
37231,3.5,3.0,4.2,3.57
44027,2.5,2.0,4.0,2.83
11322,2.5,2.0,4.0,2.83
67029,3.2,2.5,4.1,3.27
61563,2.1,1.5,4.8,2.8
60712,3.0,2.5,4.0,3.17
55123,3.2,2.5,4.1,3.27
10596,3.5,2.8,4.2,3.5
41448,3.2,2.8,4.1,3.37
9657,3.2,2.5,4.1,3.27
69051,3.2,2.5,4.1,3.27
21694,3.2,2.8,3.5,3.17
49666,3.2,2.8,3.5,3.17
62854,2.1,1.8,4.5,2.8
1057,2.1,1.8,4.5,2.8
25005,3.2,2.5,4.1,3.27
26869,2.1,1.8,4.5,2.8
50161,3.2,2.5,4.1,3.27
63123,3.5,3.0,4.2,3.57
30387,2.1,1.8,4.5,2.8
57153,3.2,2.8,3.5,3.17
56940,2.1,1.5,4.8,2.8
52488,3.5,4.0,3.2,3.57
28461,4.5,3.8,2.1,3.47
38171,3.5,3.0,4.2,3.57
35085,2.1,1.8,4.5,2.8
66200,3.2,2.5,4.1,3.27
33336,3.2,2.5,4.1,3.27
70931,2.1,1.8,4.5,2.8
7593,2.4,2.1,4.8,3.1
24650,3.2,2.5,4.1,3.27
40962,2.1,1.8,4.5,2.8
30169,3.5,3.0,4.0,3.5
54793,3.2,2.8,4.1,3.37
44486,2.5,2.0,4.5,3.0
64435,2.5,2.0,4.5,3.0
51171,3.2,2.5,4.1,3.27
36446,3.2,2.8,4.1,3.37
4862,2.5,2.0,4.5,3.0
1686,3.2,2.8,4.1,3.37
10497,2.1,1.5,4.8,2.8
43906,3.5,2.8,4.2,3.5
53824,3.2,2.5,4.1,3.27
65654,3.2,2.8,4.1,3.37
65405,3.2,2.5,4.1,3.27
34949,2.1,1.8,4.5,2.8
47156,2.1,1.5,4.8,2.8
52832,3.2,2.5,4.1,3.27
49191,3.5,2.0,4.0,3.17
50213,3.2,2.8,4.1,3.37
28958,3.2,2.5,4.1,3.27
29948,3.2,2.5,4.1,3.27
55282,3.5,3.0,4.2,3.57
8950,4.5,4.0,3.2,3.9
41939,4.5,3.2,2.1,3.27
14273,4.2,3.8,2.5,3.5
32535,3.2,2.8,4.1,3.37
28539,2.1,1.8,4.5,2.8
52303,3.2,2.5,4.1,3.27
31791,3.2,2.8,4.1,3.37
71913,2.5,2.0,4.0,2.83
28574,3.2,2.5,4.1,3.27
27516,4.2,3.8,3.1,3.7
53397,3.5,2.8,4.2,3.5
57047,2.1,1.5,4.8,2.8
6888,3.2,2.5,4.1,3.27
5308,3.0,2.0,4.0,3.0
29967,2.5,2.0,4.0,2.83
22718,2.1,1.5,4.8,2.8
20070,3.5,3.0,4.2,3.57
4428,2.5,2.0,4.5,3.0
60576,2.1,1.8,4.5,2.8
26105,3.5,2.8,4.2,3.5
13801,4.5,4.0,2.0,3.5
63146,3.2,2.8,4.1,3.37
66556,2.1,1.8,4.5,2.8
6296,3.2,2.8,4.1,3.37
63457,3.0,2.5,4.0,3.17
49586,2.1,1.5,4.8,2.8
36877,3.5,2.0,4.0,3.17
53707,2.1,1.8,4.5,2.8
72133,3.5,2.8,3.2,3.17
5501,2.5,1.8,4.2,2.83
19345,4.2,3.8,3.1,3.7
8795,2.5,1.8,4.2,2.83
11676,2.1,1.8,4.5,2.8
53345,4.2,3.5,2.1,3.27
71864,3.2,2.5,4.1,3.27
29766,3.2,2.5,4.1,3.27
27372,2.1,1.8,4.5,2.8
37828,3.2,2.5,4.1,3.27
36923,3.2,2.5,4.1,3.27
35862,3.5,3.0,4.0,3.5
58729,3.5,2.0,4.0,3.17
12327,3.2,2.1,4.5,3.27
48521,3.2,2.8,4.1,3.37
56841,3.5,3.0,4.0,3.5
47810,3.5,2.8,4.2,3.5
9717,2.1,1.8,4.5,2.8
22811,3.2,2.8,4.1,3.37
32980,2.5,2.0,4.5,3.0
58058,3.2,2.5,4.1,3.27
69604,2.1,1.8,4.5,2.8
24919,3.2,2.5,4.1,3.27
55444,4.2,3.8,3.1,3.7
45426,2.5,2.0,4.5,3.0
52147,4.2,3.5,2.1,3.27
61844,3.5,3.0,2.5,3.0
4156,2.5,2.0,3.5,2.67
54460,2.5,2.0,4.0,2.83
33972,3.2,2.1,4.5,3.27
71750,4.5,4.0,1.5,3.33
30049,3.5,2.8,4.2,3.5
65799,2.1,1.8,4.5,2.8
833,2.1,1.5,4.8,2.8
65497,3.2,2.5,4.1,3.27
53501,4.2,3.8,3.1,3.7
67771,3.2,2.5,4.1,3.27
46936,3.5,2.0,4.0,3.17
22237,3.2,2.8,4.1,3.37
29656,2.1,1.8,4.5,2.8
16536,3.2,2.5,4.1,3.27
41236,3.5,3.0,4.0,3.5
18551,3.2,2.5,4.1,3.27
59002,3.2,2.5,4.1,3.27
69066,2.5,2.0,4.0,2.83
57969,2.5,2.0,4.5,3.0
63341,2.1,1.8,4.2,2.7
46985,2.1,1.8,4.5,2.8
60404,3.2,2.5,4.1,3.27
22388,3.5,3.0,4.2,3.57
54944,3.2,2.5,4.1,3.27
32498,3.2,2.5,4.1,3.27
53264,3.2,2.5,4.1,3.27
15993,3.2,2.8,4.1,3.37
24910,3.2,2.5,3.8,3.17
9918,2.1,1.5,4.8,2.8
24980,3.5,3.0,4.2,3.57
59220,2.1,1.8,4.5,2.8
6745,3.2,2.5,4.1,3.27
30489,3.5,3.0,4.2,3.57
37946,4.2,3.8,3.1,3.7
62043,3.2,2.8,3.5,3.17
68501,3.2,2.8,3.5,3.17
32228,3.2,2.8,4.1,3.37
34797,3.5,3.0,2.5,3.0
27480,2.5,2.0,4.2,2.9
48687,3.0,2.5,4.0,3.17
29671,3.5,2.0,4.0,3.17
40765,3.2,2.8,3.5,3.17
66179,3.2,2.5,4.1,3.27
1788,3.2,2.8,4.1,3.37
41221,3.0,2.5,4.0,3.17
13587,3.2,2.8,4.1,3.37
67135,3.2,2.8,4.1,3.37
51895,3.2,2.5,4.1,3.27
48556,2.1,1.8,4.2,2.7
4834,3.5,3.0,4.2,3.57
9379,3.5,3.0,2.5,3.0
14779,3.5,2.8,4.2,3.5
8478,4.5,3.8,2.1,3.47
86,3.5,3.0,4.2,3.57
23094,3.2,2.5,4.1,3.27
4319,3.5,3.0,4.2,3.57
18022,3.5,3.0,4.0,3.5
67201,4.2,3.5,2.1,3.27
55006,3.5,2.8,4.2,3.5
35414,2.1,1.8,4.5,2.8
45096,2.0,1.5,4.0,2.5
71263,2.1,1.8,4.2,2.7
37471,3.5,2.8,4.2,3.5
13611,2.1,1.8,4.5,2.8
8326,2.1,1.5,4.8,2.8
6637,2.1,1.8,4.5,2.8
20139,3.2,2.5,4.1,3.27
19184,3.2,2.8,3.5,3.17
23448,3.5,3.0,2.0,2.83
32943,2.5,2.0,4.0,2.83
37212,3.2,2.8,4.1,3.37
47651,3.5,3.0,4.2,3.57
4037,3.2,2.1,4.5,3.27
19609,3.2,2.1,4.5,3.27
31108,3.2,2.5,3.8,3.17
66895,3.5,3.0,2.5,3.0
57360,2.5,2.0,4.5,3.0
22174,2.5,2.0,4.0,2.83
61478,3.2,2.8,4.1,3.37
15402,3.5,3.0,4.0,3.5
4237,3.5,2.0,4.0,3.17
32306,4.2,3.5,3.8,3.83
51679,2.1,1.8,4.5,2.8
21949,3.2,2.5,4.1,3.27
70483,3.5,3.0,4.2,3.57
51900,2.1,1.8,4.5,2.8
13876,3.5,3.0,4.2,3.57
10282,3.5,2.8,4.2,3.5
72141,2.5,2.0,4.5,3.0
28328,2.1,1.8,4.5,2.8
24050,3.2,2.8,3.5,3.17
60297,2.5,2.0,4.5,3.0
61125,3.2,2.5,4.1,3.27
2140,3.2,2.8,4.1,3.37
48067,3.2,2.8,4.1,3.37
60502,3.2,3.5,4.1,3.6
20695,3.0,2.5,4.0,3.17
42509,2.5,1.8,4.2,2.83
61863,4.2,3.8,3.1,3.7
60449,3.2,2.1,4.5,3.27
61529,3.5,3.0,2.0,2.83
15906,3.5,3.0,4.0,3.5
1865,4.5,3.8,2.1,3.47
71357,3.2,2.8,4.1,3.37
38821,3.2,2.5,4.1,3.27
51827,3.2,2.1,4.5,3.27
38554,2.1,1.8,4.5,2.8
69120,2.1,1.5,4.2,2.6
38529,3.2,2.8,4.1,3.37
41667,4.2,3.8,2.1,3.37
35525,4.5,4.0,2.0,3.5
1028,2.1,1.5,4.8,2.8
12516,3.2,2.8,4.1,3.37
4537,2.1,1.8,4.5,2.8
23393,2.1,1.8,4.5,2.8
58328,3.2,2.8,4.1,3.37
34882,2.1,1.8,4.5,2.8
1093,2.4,2.1,4.2,2.9
31555,3.2,2.5,4.1,3.27
60027,3.5,2.8,4.2,3.5
65003,3.2,2.8,4.1,3.37
45191,2.1,1.8,4.5,2.8
22851,2.4,2.1,4.2,2.9
11173,3.2,2.5,4.1,3.27
54767,3.2,2.8,3.5,3.17
10246,4.2,3.5,2.1,3.27
51389,1.5,1.2,4.8,2.5
58505,3.0,2.5,4.0,3.17
2664,3.2,2.8,4.1,3.37
25156,3.2,2.5,4.1,3.27
55938,2.1,1.8,4.5,2.8
69845,3.5,2.8,4.2,3.5
33052,3.2,2.5,4.1,3.27
30815,3.2,2.8,4.1,3.37
1861,2.1,1.8,4.5,2.8
16883,3.5,2.8,4.2,3.5
35540,2.5,3.0,4.0,3.17
43369,3.2,2.5,4.1,3.27
48877,3.2,2.5,4.1,3.27
30427,3.2,2.5,4.1,3.27
21272,3.5,3.0,4.2,3.57
14367,2.1,1.8,4.2,2.7
64403,2.1,1.8,4.5,2.8
71046,2.5,2.0,4.5,3.0
29925,3.0,2.5,4.0,3.17
2947,3.5,3.0,4.2,3.57
40272,3.5,2.0,4.5,3.33
58145,2.5,2.0,4.5,3.0
44460,3.2,2.5,4.1,3.27
49353,4.2,3.8,2.1,3.37
44711,3.5,3.0,4.2,3.57
3263,2.1,1.8,4.5,2.8
38819,3.2,2.8,4.1,3.37
68574,3.2,2.8,4.1,3.37
55471,3.5,3.0,4.2,3.57
18934,3.5,2.8,3.2,3.17
32948,3.0,2.5,4.0,3.17
42548,2.1,1.5,4.8,2.8
34015,3.5,2.8,4.2,3.5
59584,2.5,2.0,3.5,2.67
22721,3.2,2.5,4.1,3.27
21124,3.5,2.8,4.2,3.5
63585,3.2,2.8,4.1,3.37
68845,2.5,2.0,4.0,2.83
11265,2.5,2.0,4.5,3.0
25296,2.1,1.85,4.2,2.72
25039,2.1,1.8,4.5,2.8
58104,3.2,2.8,3.5,3.17
18768,3.2,2.8,4.1,3.37
24160,3.2,2.1,4.5,3.27
58537,2.4,1.8,4.1,2.77
69509,3.2,2.5,4.1,3.27
48939,3.2,2.8,3.5,3.17
43454,3.2,2.5,4.1,3.27
21422,3.5,3.0,4.2,3.57
7007,3.5,3.0,4.0,3.5
34488,3.2,2.1,4.5,3.27
57048,2.1,1.5,4.8,2.8
71530,2.1,1.8,4.5,2.8
62288,4.2,3.8,2.5,3.5
12491,2.5,2.0,4.5,3.0
35008,3.2,2.5,4.1,3.27
67780,2.5,2.0,4.0,2.83
52286,3.2,2.5,4.1,3.27
27121,3.2,2.8,4.1,3.37
6095,3.5,3.0,2.5,3.0
45433,3.2,2.8,4.1,3.37
51140,2.5,2.0,4.5,3.0
13218,3.2,3.5,4.1,3.6
70024,2.5,2.0,4.5,3.0
13180,3.5,2.8,4.2,3.5
5380,3.2,2.5,4.1,3.27
17278,2.5,2.0,4.0,2.83
53204,2.1,1.8,4.5,2.8
65194,3.5,3.0,4.2,3.57
11301,3.2,2.5,4.1,3.27
13198,3.2,2.8,4.1,3.37
55657,2.5,2.0,4.5,3.0
17758,3.5,3.0,4.2,3.57
69143,2.5,2.0,4.0,2.83
39526,3.5,3.0,4.2,3.57
35328,3.5,3.0,4.2,3.57
8182,3.2,2.5,4.1,3.27
46240,2.0,1.5,4.0,2.5
26893,2.5,2.0,4.0,2.83
41466,2.1,1.8,4.2,2.7
56464,3.2,2.5,4.1,3.27
20333,3.5,2.8,3.2,3.17
23803,3.5,2.0,4.5,3.33
56041,3.5,3.0,4.0,3.5
55393,2.1,1.8,4.5,2.8
51612,2.1,1.8,4.5,2.8
10619,3.2,2.5,4.1,3.27
30104,3.2,2.5,4.1,3.27
3797,2.1,1.8,4.2,2.7
53782,2.1,1.8,4.5,2.8
16751,3.2,2.8,3.5,3.17
53831,3.2,2.5,4.1,3.27
44461,3.2,2.5,4.1,3.27
28109,3.2,2.5,4.1,3.27
51120,3.2,2.8,4.1,3.37
49972,3.2,2.1,4.5,3.27
69752,3.2,2.1,4.5,3.27
19172,3.2,2.8,4.1,3.37
37846,3.2,2.1,4.5,3.27
64843,3.5,4.0,2.0,3.17
17053,3.5,3.0,4.2,3.57
43910,2.4,2.1,4.2,2.9
57554,3.5,2.8,4.2,3.5
5075,3.2,2.8,3.5,3.17
17876,2.1,1.8,4.5,2.8
2896,3.5,2.0,4.0,3.17
17644,2.5,2.0,4.5,3.0
61835,3.2,2.5,4.1,3.27
17143,3.2,2.5,4.1,3.27
43021,3.5,4.0,2.0,3.17
23347,2.1,1.8,4.5,2.8
7873,3.5,4.0,2.0,3.17
23413,3.5,2.8,4.2,3.5
61407,3.2,2.5,4.1,3.27
27629,3.2,2.5,4.1,3.27
64899,3.5,3.0,4.2,3.57
44647,2.1,2.4,3.8,2.77
23546,3.2,2.5,4.1,3.27
33937,3.2,2.8,3.5,3.17
56565,3.2,2.5,4.1,3.27
37246,3.2,2.1,4.5,3.27
29751,4.2,3.8,3.1,3.7
2081,3.2,2.8,4.1,3.37
12647,3.2,2.8,4.1,3.37
46291,2.1,1.5,4.8,2.8
42939,4.5,4.0,2.0,3.5
23944,4.2,3.5,3.8,3.83
55558,3.5,2.8,4.2,3.5
41866,3.2,2.8,4.1,3.37
3218,3.2,2.5,4.1,3.27
25730,3.2,2.5,4.1,3.27
10164,3.2,2.5,4.1,3.27
10847,3.5,3.0,4.0,3.5
54446,2.5,2.0,4.5,3.0
15975,2.5,2.0,4.5,3.0
17419,3.5,3.0,4.2,3.57
65138,3.2,2.8,3.5,3.17
47938,2.1,1.8,4.5,2.8
54287,3.5,3.0,2.5,3.0
4280,2.1,1.8,4.5,2.8
20015,4.2,3.8,3.5,3.83
16043,2.5,2.0,4.5,3.0
61516,3.2,2.5,4.1,3.27
43918,2.1,1.8,4.5,2.8
15024,2.5,2.0,4.5,3.0
71017,3.0,2.5,4.0,3.17
5785,3.2,2.1,4.5,3.27
16798,2.5,2.0,4.5,3.0
27128,3.5,3.0,4.2,3.57
52600,3.5,3.0,4.2,3.57
25505,2.1,1.8,4.5,2.8
69836,3.2,2.8,3.5,3.17
29791,3.5,3.0,4.2,3.57
27702,3.5,3.0,4.0,3.5
8149,3.2,2.1,4.5,3.27
13326,3.2,2.5,4.1,3.27
16673,3.2,2.8,4.1,3.37
7565,3.5,3.0,4.2,3.57
21797,2.1,1.5,4.8,2.8
67621,3.2,2.5,4.1,3.27
1265,4.5,3.2,2.1,3.27
6624,2.5,2.0,4.5,3.0
29452,2.5,2.0,4.5,3.0
34088,2.1,1.8,4.5,2.8
62904,3.5,3.0,4.2,3.57
54768,3.5,3.0,4.0,3.5
30851,2.1,1.8,4.5,2.8
38310,2.5,3.0,4.0,3.17
58845,2.5,2.0,4.5,3.0
17766,3.2,2.5,4.1,3.27
16364,2.5,2.0,4.5,3.0
66180,3.0,2.0,4.0,3.0
60110,2.5,2.0,4.0,2.83
13052,3.5,3.0,4.2,3.57
9414,3.2,2.5,4.1,3.27
66225,3.2,2.5,4.1,3.27
19247,3.2,2.8,4.1,3.37
53903,3.2,2.5,4.1,3.27
52823,3.2,2.8,3.5,3.17
71716,3.2,2.8,4.1,3.37
32017,3.2,2.5,4.1,3.27
33912,3.5,3.0,2.5,3.0
39105,3.5,2.0,4.0,3.17
5106,3.2,2.8,3.5,3.17
27973,2.5,1.8,4.2,2.83
67964,3.5,2.0,4.0,3.17
58473,3.2,3.5,4.1,3.6
1624,3.5,2.0,4.0,3.17
34853,3.2,2.5,3.8,3.17
638,3.0,2.5,4.0,3.17
32946,3.2,2.5,4.1,3.27
22354,2.1,1.5,4.8,2.8
17634,3.5,2.8,4.2,3.5
7853,2.5,2.0,4.0,2.83
36633,3.2,2.8,4.1,3.37
40308,3.2,2.1,4.5,3.27
28222,3.5,2.8,4.2,3.5
65167,3.2,2.5,4.1,3.27
35674,3.2,2.5,4.1,3.27
55666,3.2,2.8,4.1,3.37
66145,2.1,1.5,4.8,2.8
41717,2.1,1.8,4.5,2.8
62781,2.5,2.0,4.0,2.83
38022,3.5,3.0,4.2,3.57
52921,3.2,2.8,4.1,3.37
9175,2.1,1.8,4.5,2.8
21259,4.2,3.5,3.8,3.83
17589,2.1,1.5,4.8,2.8
18856,3.0,2.5,4.0,3.17
71582,3.2,2.5,4.1,3.27
58048,3.5,3.0,4.0,3.5
13913,2.1,1.8,4.5,2.8
65730,3.2,2.8,4.1,3.37
20751,2.5,2.0,4.5,3.0
16965,2.1,1.8,4.5,2.8
3765,2.1,1.8,4.5,2.8
49000,2.1,1.8,4.5,2.8
4201,1.5,2.0,4.5,2.67
62954,2.5,2.0,4.0,2.83
47621,3.2,2.5,4.1,3.27
54864,3.2,2.5,4.1,3.27
70554,3.1,2.4,4.2,3.23
22255,3.5,3.0,4.0,3.5
50362,3.2,2.5,4.1,3.27
35298,2.5,3.0,4.0,3.17
70763,2.1,1.8,4.5,2.8
33979,4.2,3.5,2.1,3.27
50364,2.1,1.8,4.5,2.8
11910,2.5,2.0,4.5,3.0
66905,3.5,2.2,4.1,3.27
55286,3.5,2.8,4.2,3.5
68052,3.2,2.5,4.1,3.27
65352,2.1,1.8,4.5,2.8
58110,3.2,2.5,4.1,3.27
18724,2.1,1.8,4.5,2.8
42036,3.5,3.0,4.2,3.57
42410,3.0,2.5,4.0,3.17
17581,3.0,2.5,4.0,3.17
68551,2.5,1.8,4.2,2.83
37352,4.2,3.5,3.8,3.83
39287,3.5,2.8,4.2,3.5
13057,3.5,3.0,4.2,3.57
70211,3.2,2.8,4.1,3.37
27545,3.2,2.8,3.5,3.17
533,3.5,3.0,4.2,3.57
30953,2.5,2.0,4.0,2.83
69221,3.2,2.8,3.5,3.17
9924,3.5,2.8,4.2,3.5
67259,3.2,2.1,4.5,3.27
54836,2.1,1.8,4.5,2.8
44754,3.5,3.0,4.2,3.57
60704,3.0,2.5,4.5,3.33
59178,4.5,4.0,1.5,3.33
69907,3.5,3.0,4.2,3.57
57878,3.2,2.8,4.1,3.37
47371,2.1,1.5,4.8,2.8
25019,3.2,2.5,4.1,3.27
71572,3.2,2.5,4.1,3.27
67557,3.5,2.8,4.2,3.5
32659,3.2,2.5,4.1,3.27
44388,3.2,2.5,4.1,3.27
44645,2.5,2.0,4.0,2.83
5556,4.5,3.0,2.0,3.17
56388,3.5,2.0,4.5,3.33
50783,2.5,2.0,4.0,2.83
16379,3.2,2.8,4.1,3.37
3877,2.5,1.8,4.2,2.83
53786,4.5,4.0,2.0,3.5
58068,2.1,1.5,4.8,2.8
26625,3.2,3.5,4.1,3.6
4195,2.5,2.0,4.5,3.0
33156,2.1,1.5,4.8,2.8
53927,3.2,2.8,4.1,3.37
54737,2.5,2.0,4.5,3.0
52351,4.2,3.1,2.8,3.37
35622,3.2,2.8,4.1,3.37
19986,3.5,3.0,4.2,3.57
65384,2.5,2.0,4.5,3.0
64581,3.2,2.5,4.1,3.27
46941,3.5,3.0,4.0,3.5
50457,2.5,2.0,4.0,2.83
70035,3.2,2.1,4.5,3.27
10776,3.2,2.5,4.1,3.27
52531,3.5,3.0,4.2,3.57
20596,3.5,3.0,4.0,3.5
43523,2.1,1.8,4.5,2.8
66014,3.5,2.8,4.2,3.5
41144,3.2,2.1,4.5,3.27
66218,3.2,2.8,3.5,3.17
42908,3.5,3.0,4.0,3.5
67324,3.2,2.8,4.1,3.37
21156,2.1,1.8,4.5,2.8
15013,2.5,2.0,4.5,3.0
59676,4.5,4.0,1.5,3.33
42647,2.1,1.8,4.5,2.8
31420,2.1,1.8,4.5,2.8
26140,2.5,2.0,4.5,3.0
32201,4.2,3.5,2.1,3.27
857,3.5,3.0,4.0,3.5
13342,4.2,3.8,2.1,3.37
43606,2.1,1.8,4.5,2.8
24941,3.2,2.8,4.1,3.37
46451,2.5,2.0,4.0,2.83
71176,3.2,2.8,4.1,3.37
35228,3.5,2.8,4.2,3.5
36825,1.5,2.0,4.5,2.67
9464,3.5,3.0,4.2,3.57
25767,3.5,2.8,4.2,3.5
15283,3.2,2.8,4.1,3.37
40461,3.5,3.0,4.2,3.57
39519,3.0,2.5,4.0,3.17
7473,3.2,2.8,4.1,3.37
47870,3.0,2.5,4.0,3.17
39760,3.2,2.5,4.1,3.27
15904,4.2,3.8,2.5,3.5
66512,2.5,2.0,4.0,2.83
43066,2.5,2.0,4.2,2.9
397,4.2,3.8,2.5,3.5
3109,3.2,2.5,4.1,3.27
17936,4.2,3.8,4.5,4.17
68964,4.2,3.8,2.5,3.5
59284,2.1,1.5,4.8,2.8
53193,3.2,2.8,4.1,3.37
11164,4.0,3.5,2.0,3.17
16879,3.2,2.8,4.1,3.37
36834,3.5,2.8,4.2,3.5
37419,3.2,2.8,4.1,3.37
12378,3.2,2.5,4.1,3.27
46869,3.5,2.8,4.2,3.5
46348,2.1,1.8,4.5,2.8
1001,3.2,2.8,3.5,3.17
64532,2.5,2.0,4.5,3.0
16101,3.5,2.8,4.2,3.5
62268,3.5,2.0,4.0,3.17
49875,3.2,2.5,4.1,3.27
50864,2.1,1.8,4.5,2.8
52096,2.5,2.0,4.5,3.0
30325,3.2,2.8,4.1,3.37
43708,3.2,2.8,4.1,3.37
47211,3.2,2.8,4.1,3.37
23895,3.2,2.5,4.1,3.27
70155,2.1,1.8,4.5,2.8
54436,3.0,2.5,4.0,3.17
4029,2.5,1.8,4.2,2.83
32834,2.1,1.8,4.5,2.8
34279,3.5,2.8,4.2,3.5
71810,2.5,1.8,4.2,2.83
13624,2.5,1.8,4.2,2.83
934,2.5,2.0,3.5,2.67
9331,2.5,2.0,4.5,3.0
65729,2.1,1.8,4.5,2.8
40185,3.2,2.8,4.1,3.37
32267,2.5,2.0,4.2,2.9
47052,4.2,3.8,2.1,3.37
60699,2.1,1.5,4.8,2.8
50912,3.0,2.5,4.0,3.17
49581,2.1,1.5,4.8,2.8
41389,3.2,2.1,4.5,3.27
57424,2.1,1.8,4.5,2.8
53473,3.2,2.5,4.1,3.27
34275,3.5,3.0,4.2,3.57
57375,2.1,1.8,4.5,2.8
40057,3.5,3.0,4.0,3.5
7720,4.2,3.5,2.8,3.5
16526,3.2,2.5,4.1,3.27
60180,3.2,2.1,4.5,3.27
53608,3.5,3.0,4.2,3.57
24879,4.2,3.5,3.8,3.83
10131,2.1,1.8,4.5,2.8
32864,2.5,2.0,4.5,3.0
33741,3.2,2.5,4.1,3.27
64794,3.2,2.5,4.1,3.27
51837,3.0,2.5,4.0,3.17
62782,4.2,3.5,2.1,3.27
29547,3.2,2.5,4.1,3.27
46265,2.1,1.8,4.2,2.7
44575,3.2,2.5,4.1,3.27
34929,3.2,2.5,4.1,3.27
56484,3.2,2.5,4.1,3.27
17146,3.2,2.8,4.1,3.37
13046,3.5,4.0,3.0,3.5
2107,3.5,3.0,4.2,3.57
42697,3.5,3.0,4.0,3.5
19377,2.5,2.0,4.0,2.83
64259,2.5,2.0,4.5,3.0
57437,3.2,2.5,4.1,3.27
8570,2.1,1.8,4.5,2.8
57728,2.1,1.8,4.5,2.8
37214,3.5,3.0,4.2,3.57
17191,4.2,3.1,2.5,3.27
2699,3.2,2.8,3.5,3.17
50334,3.2,2.8,4.1,3.37
23176,2.1,1.5,4.8,2.8
22662,3.2,2.8,4.1,3.37
1809,4.2,3.5,2.1,3.27
66237,2.1,1.8,4.2,2.7
36168,3.2,2.8,4.1,3.37
24482,4.2,3.5,3.8,3.83
40338,2.1,1.8,4.5,2.8
64449,3.2,2.8,4.1,3.37
61630,3.2,2.5,4.1,3.27
68831,3.5,2.0,4.0,3.17
57433,4.2,3.8,2.5,3.5
32636,2.5,1.8,4.2,2.83
17254,3.5,2.8,4.2,3.5
60045,3.2,2.5,4.1,3.27
37554,2.1,1.8,4.5,2.8
13090,3.2,2.8,3.5,3.17
51811,2.1,1.5,4.8,2.8
8450,3.5,3.0,4.0,3.5
54477,2.1,1.8,4.5,2.8
48886,3.2,2.5,4.1,3.27
18244,2.5,2.0,4.5,3.0
61008,3.2,2.5,4.1,3.27
866,3.5,3.0,4.2,3.57
40359,3.2,2.5,4.1,3.27
53561,3.2,2.8,4.1,3.37
48916,2.5,2.0,4.2,2.9
43428,3.2,2.8,4.1,3.37
18986,2.5,2.0,4.5,3.0
4309,4.2,3.5,2.1,3.27
10260,3.5,2.8,4.2,3.5
9739,3.2,2.5,4.1,3.27
58699,2.5,2.0,4.5,3.0
13217,3.2,3.5,2.8,3.17
71820,2.5,2.0,4.0,2.83
38767,3.2,2.8,4.1,3.37
65369,3.5,3.0,4.0,3.5
4866,3.2,2.5,4.1,3.27
70558,3.2,2.8,4.1,3.37
68462,2.1,1.8,4.5,2.8
6161,4.2,3.8,2.1,3.37
21973,3.2,2.8,4.1,3.37
55808,3.5,3.0,4.0,3.5
48226,2.5,1.8,4.2,2.83
21732,2.1,1.8,4.5,2.8
58312,3.2,2.5,4.1,3.27
63828,3.2,2.5,3.8,3.17
18578,3.2,2.5,4.1,3.27
16956,3.5,3.0,4.2,3.57
7609,3.2,2.1,4.5,3.27
53496,2.5,1.8,4.2,2.83
49617,3.5,3.0,4.2,3.57
50004,3.2,2.5,4.1,3.27
6824,4.2,3.8,3.1,3.7
31530,3.5,2.8,4.2,3.5
43422,4.5,3.2,2.1,3.27
68143,2.5,2.0,4.5,3.0
35609,3.2,2.8,4.1,3.37
9721,3.2,2.8,4.1,3.37
687,3.5,3.0,4.2,3.57
55878,2.1,1.8,4.5,2.8
60370,2.1,1.8,4.5,2.8
70620,3.5,2.8,4.2,3.5
28332,3.2,2.5,4.1,3.27
36489,4.2,3.5,2.1,3.27
32958,3.2,2.8,4.1,3.37
29679,3.0,2.0,4.0,3.0
40075,3.2,2.8,4.1,3.37
63106,3.2,2.5,4.1,3.27
18908,3.2,2.5,4.1,3.27
19234,2.1,1.5,4.8,2.8
37449,3.5,2.8,4.2,3.5
49759,4.2,3.5,2.8,3.5
56352,2.5,2.0,3.5,2.67
59481,3.5,2.0,4.5,3.33
43955,4.2,3.5,3.1,3.6
29974,3.2,2.5,4.1,3.27
65640,4.5,4.0,2.0,3.5
69936,2.5,2.0,4.0,2.83
46272,3.2,2.5,4.1,3.27
9393,3.2,2.5,4.1,3.27
9263,2.5,2.0,4.0,2.83
57098,2.1,1.8,4.5,2.8
58734,2.5,2.0,4.5,3.0
46640,3.5,3.0,4.2,3.57
51772,4.2,3.5,3.8,3.83
24598,4.2,3.8,2.1,3.37
23490,3.2,2.5,4.1,3.27
2407,3.2,2.5,4.1,3.27
51210,4.0,3.5,2.0,3.17
57278,2.5,3.0,4.0,3.17
29453,3.2,2.8,3.5,3.17
55461,3.2,2.1,4.5,3.27
33129,4.5,4.0,2.0,3.5
54500,3.5,3.0,4.2,3.57
18865,3.2,2.5,4.1,3.27
57000,3.2,2.5,4.1,3.27
52997,3.2,2.5,4.1,3.27
22013,2.1,1.8,4.5,2.8
71211,2.1,1.8,4.5,2.8
45941,2.5,2.0,4.2,2.9
5599,3.0,2.5,4.0,3.17
52056,3.2,2.5,4.1,3.27
31565,3.2,2.5,4.1,3.27
57,3.5,3.0,4.0,3.5
17732,2.1,1.8,4.2,2.7
60268,3.2,2.8,4.1,3.37
33565,2.5,2.0,4.5,3.0
47208,3.5,3.0,4.0,3.5
41849,2.5,2.0,4.5,3.0
48508,3.5,3.0,4.2,3.57
47727,2.1,1.5,4.8,2.8
54175,2.5,1.8,4.2,2.83
56986,3.2,2.5,4.1,3.27
37736,3.2,2.1,4.5,3.27
54615,2.1,1.5,4.8,2.8
59448,4.5,4.0,2.0,3.5
65540,3.2,2.8,3.5,3.17
45377,3.2,3.5,4.1,3.6
29165,2.1,1.8,4.5,2.8
67870,3.2,2.8,4.1,3.37
800,3.5,2.8,4.2,3.5
38065,3.2,2.8,4.1,3.37
6334,2.1,1.8,4.2,2.7
10848,3.2,2.8,4.1,3.37
44621,3.2,2.1,4.5,3.27
17156,2.5,2.0,4.5,3.0
11665,2.5,2.0,4.0,2.83
35366,4.2,3.5,2.8,3.5
19743,3.2,2.8,4.1,3.37
13550,3.2,2.1,4.5,3.27
54362,4.2,3.5,2.1,3.27
13780,3.2,2.5,4.1,3.27
23424,2.1,1.8,4.5,2.8
9902,3.5,2.8,4.2,3.5
59589,2.5,3.0,4.0,3.17
61882,3.5,4.0,3.2,3.57
20858,2.1,1.5,4.8,2.8
29214,3.2,2.8,4.1,3.37
55205,3.2,2.8,4.1,3.37
26751,2.5,2.0,4.5,3.0
19819,3.5,3.0,4.0,3.5
69003,2.1,1.5,4.8,2.8
14130,2.5,1.8,4.2,2.83
55709,3.2,2.5,4.1,3.27
61808,3.2,2.8,3.5,3.17
8206,3.5,3.0,4.0,3.5
23697,2.1,1.8,4.5,2.8
59812,3.2,2.1,4.5,3.27
45860,4.5,4.0,2.0,3.5
12137,3.5,3.0,4.2,3.57
8094,3.2,2.5,3.8,3.17
63742,2.1,1.8,4.5,2.8
40060,2.1,1.5,4.8,2.8
1687,4.5,3.8,2.1,3.47
50655,2.5,2.0,4.5,3.0
67233,2.1,1.8,4.5,2.8
54692,2.5,2.0,4.5,3.0
58909,2.1,1.8,4.5,2.8
47182,2.1,1.8,4.5,2.8
67041,2.5,1.8,4.2,2.83
25038,2.1,1.8,4.5,2.8
59101,4.2,3.8,3.1,3.7
52819,3.5,3.0,4.2,3.57
47142,2.5,2.0,4.5,3.0
35908,4.2,3.8,2.5,3.5
25941,3.5,3.0,4.0,3.5
43870,2.1,1.5,4.8,2.8
61805,3.2,2.5,4.1,3.27
62584,3.5,2.0,4.0,3.17
62707,2.1,1.8,4.5,2.8
56106,3.5,3.0,4.2,3.57
71600,2.1,1.8,4.5,2.8
55903,4.2,3.5,2.1,3.27
54007,4.2,3.8,3.1,3.7
1312,3.0,2.5,4.0,3.17
35409,3.2,3.5,2.8,3.17
35816,3.2,2.5,4.1,3.27
9411,2.1,1.8,4.5,2.8
62044,3.2,2.8,4.1,3.37
55354,3.2,2.5,4.1,3.27
30849,3.2,2.8,4.1,3.37
46552,3.2,2.8,4.1,3.37
13594,3.2,2.5,4.1,3.27
1086,3.2,2.5,4.1,3.27
59182,3.2,2.8,4.1,3.37
26802,3.2,2.5,4.1,3.27
23641,2.1,1.8,4.5,2.8
50983,3.5,3.0,4.2,3.57
67289,2.5,2.0,4.0,2.83
61600,2.1,1.8,4.5,2.8
66747,3.2,2.8,3.5,3.17
6737,3.5,2.8,4.2,3.5
3945,3.2,2.8,4.1,3.37
648,2.5,2.0,4.5,3.0
25113,3.2,2.1,1.8,2.37
51849,2.5,1.8,4.2,2.83
69102,3.2,2.1,4.5,3.27
8940,3.2,2.8,3.5,3.17
863,3.2,2.8,4.1,3.37
34556,2.5,2.0,4.5,3.0
59902,3.5,2.2,4.1,3.27
48859,3.5,3.0,4.2,3.57
462,3.5,2.8,4.2,3.5
58839,4.2,3.8,3.1,3.7
49812,2.1,1.8,4.5,2.8
23213,2.1,1.8,4.5,2.8
61293,2.5,2.0,4.5,3.0
57949,3.2,2.8,4.1,3.37
23028,2.5,2.0,3.5,2.67
2968,2.5,2.0,4.0,2.83
39805,3.2,2.5,4.1,3.27
21987,2.1,1.8,4.5,2.8
55152,2.5,1.8,4.2,2.83
14989,3.2,2.8,3.5,3.17
22628,2.1,1.8,4.5,2.8
21740,2.1,1.8,4.5,2.8
58617,2.1,1.8,4.5,2.8
44062,3.5,3.0,4.2,3.57
17974,2.1,1.5,4.8,2.8
8437,3.2,2.5,4.1,3.27
1272,3.5,2.8,4.2,3.5
3847,3.5,2.8,4.2,3.5
28728,2.4,2.1,4.2,2.9
46836,2.1,1.8,4.5,2.8
2771,3.2,2.8,3.5,3.17
1869,3.2,2.5,4.1,3.27
20857,2.5,2.0,4.5,3.0
6958,2.15,1.8,4.65,2.87
65833,3.5,3.0,4.0,3.5
27075,3.2,2.8,3.5,3.17
10356,2.1,1.8,4.5,2.8
32170,4.2,3.8,2.5,3.5
40940,4.2,3.5,2.8,3.5
56960,3.2,2.5,4.1,3.27
20466,2.1,1.8,4.5,2.8
12679,3.5,3.0,4.2,3.57
20371,3.2,2.8,3.5,3.17
3158,3.2,2.5,4.1,3.27
49386,3.5,2.8,4.2,3.5
13375,2.5,2.0,4.5,3.0
61134,2.5,2.0,4.5,3.0
51305,2.1,1.8,4.5,2.8
50625,3.2,2.5,4.1,3.27
65645,3.5,3.0,4.2,3.57
53796,3.2,2.5,4.1,3.27
7388,3.5,2.8,4.2,3.5
42572,3.2,2.5,4.1,3.27
62153,2.1,1.8,4.2,2.7
47848,3.2,2.8,4.1,3.37
46429,3.5,3.0,4.2,3.57
33947,2.5,2.0,4.5,3.0
14881,4.5,4.0,1.5,3.33
61789,3.5,3.0,4.2,3.57
56818,3.5,2.8,4.2,3.5
31209,3.5,3.0,4.0,3.5
44792,3.5,2.8,4.2,3.5
24763,3.5,3.0,4.2,3.57
71155,2.4,1.8,4.1,2.77
44484,4.2,3.5,2.8,3.5
14552,3.5,2.8,4.2,3.5
61928,2.1,1.8,4.5,2.8
43499,4.5,4.0,1.0,3.17
2075,3.2,2.8,4.1,3.37
37644,3.5,3.0,4.2,3.57
45978,4.5,4.0,1.5,3.33
456,3.5,3.0,4.2,3.57
36833,2.5,2.0,4.0,2.83
16171,2.1,1.8,4.5,2.8
33381,2.1,1.5,4.8,2.8
24845,3.0,2.5,4.0,3.17
24305,2.1,1.5,4.8,2.8
53902,4.2,3.1,3.5,3.6
32261,2.1,1.8,4.2,2.7
32211,3.5,2.8,3.2,3.17
34125,3.2,2.1,4.5,3.27
29641,2.1,1.5,4.8,2.8
24665,2.1,1.8,4.5,2.8
59755,3.2,2.5,4.1,3.27
50792,1.5,1.0,4.5,2.33
45134,3.2,2.8,4.1,3.37
41493,2.5,1.8,4.2,2.83
47147,3.5,2.8,4.2,3.5
64395,2.1,1.8,4.5,2.8
59722,3.5,2.8,4.2,3.5
52949,3.5,2.8,4.2,3.5
1059,3.2,2.1,4.5,3.27
17691,2.5,2.0,4.5,3.0
54281,4.2,3.5,3.1,3.6
33170,2.1,1.8,4.5,2.8
39606,3.2,2.1,4.5,3.27
26108,3.5,3.0,4.2,3.57
52433,3.2,2.8,4.1,3.37
50509,2.15,1.8,4.65,2.87
51019,3.2,2.1,4.5,3.27
26326,2.5,2.0,4.5,3.0
12675,3.5,2.8,4.2,3.5
7019,3.5,2.8,4.2,3.5
31438,3.5,2.8,4.2,3.5
8285,2.5,2.0,4.5,3.0
62545,4.2,3.5,2.1,3.27
17607,2.5,2.0,4.5,3.0
35688,2.5,2.0,4.2,2.9
2717,3.2,2.1,4.5,3.27
45800,2.1,1.5,4.8,2.8
57892,3.2,2.8,4.1,3.37
28967,3.2,2.5,4.1,3.27
11631,4.2,3.8,2.5,3.5
44254,2.1,1.5,4.8,2.8
64275,3.5,2.0,4.0,3.17
60903,4.2,3.8,3.1,3.7
34995,3.5,3.0,4.2,3.57
44098,3.2,2.5,4.1,3.27
71064,3.5,2.8,4.2,3.5
43731,3.5,3.0,4.2,3.57
3960,3.2,2.8,4.1,3.37
42294,3.2,2.8,4.1,3.37
12920,3.2,2.1,4.5,3.27
29815,3.5,2.8,4.2,3.5
53083,2.1,1.8,4.5,2.8
22968,2.1,1.5,4.8,2.8
31397,4.2,3.8,3.1,3.7
44067,2.1,1.8,4.5,2.8
15497,3.5,3.0,3.2,3.23
16435,3.2,2.5,4.1,3.27
21295,4.2,3.8,2.5,3.5
69893,3.2,2.8,3.5,3.17
45655,3.5,3.0,4.0,3.5
45325,3.5,2.8,4.2,3.5
10495,2.1,1.5,4.8,2.8
51404,2.1,1.8,4.5,2.8
14379,3.5,2.0,4.0,3.17
24136,3.5,3.0,2.5,3.0
54369,3.5,3.0,4.2,3.57
51563,2.1,1.8,4.5,2.8
61129,2.5,2.0,4.5,3.0
24295,3.5,3.0,4.2,3.57
67049,3.2,2.1,4.5,3.27
5537,3.2,2.5,4.1,3.27
38195,2.5,2.0,4.5,3.0
65165,2.5,2.0,4.2,2.9
16979,2.5,2.0,4.0,2.83
23808,3.5,2.0,4.0,3.17
45642,2.1,1.8,4.5,2.8
64721,3.2,2.5,4.1,3.27
56522,3.5,2.8,3.2,3.17
67974,3.2,2.8,3.5,3.17
59030,3.5,3.0,4.2,3.57
61233,2.5,2.0,4.5,3.0
38943,3.5,3.0,4.2,3.57
52786,3.5,2.8,4.2,3.5
63922,3.2,2.8,4.1,3.37
14836,3.2,2.5,4.1,3.27
59385,3.2,2.1,4.5,3.27
55423,4.5,3.0,2.0,3.17
20374,3.2,2.8,3.5,3.17
11573,3.5,3.0,4.2,3.57
4047,2.5,2.0,4.5,3.0
57438,4.2,3.5,2.1,3.27
32251,3.2,2.5,4.1,3.27
12526,3.5,3.0,2.5,3.0
15874,3.2,2.5,4.1,3.27
14904,2.1,1.8,4.5,2.8
68454,2.1,1.5,4.8,2.8
22024,2.5,2.0,4.5,3.0
62421,3.2,3.5,4.1,3.6
26838,3.2,2.5,4.1,3.27
71640,3.5,3.0,4.2,3.57
14729,2.5,1.8,4.2,2.83
47988,2.1,1.8,4.5,2.8
64245,3.2,2.8,4.1,3.37
25248,3.2,2.8,4.1,3.37
27326,3.5,3.0,4.2,3.57
37111,3.2,2.5,4.1,3.27
35849,3.2,2.8,4.1,3.37
39965,3.2,2.5,4.1,3.27
51606,2.1,1.8,4.5,2.8
36914,2.1,1.8,4.5,2.8
3878,2.1,1.5,4.8,2.8
31109,3.2,2.8,4.1,3.37
11111,3.2,2.5,4.1,3.27
35953,3.2,2.5,3.8,3.17
54558,3.2,2.5,4.1,3.27
17912,2.5,2.0,4.5,3.0
4544,2.5,2.0,4.5,3.0
9065,3.5,3.0,4.2,3.57
52352,3.2,2.5,4.1,3.27
69862,3.5,3.0,4.0,3.5
50815,3.5,3.0,4.0,3.5
14237,3.2,2.5,3.8,3.17
59958,3.5,3.0,4.2,3.57
59327,2.1,1.8,4.5,2.8
4869,3.2,2.5,4.1,3.27
8762,3.5,3.0,4.0,3.5
56406,3.5,3.0,4.2,3.57
65975,3.2,2.5,4.1,3.27
14864,2.5,2.0,4.5,3.0
33924,3.5,2.8,4.2,3.5
43336,2.5,2.0,4.5,3.0
17134,3.2,2.5,4.1,3.27
29408,3.2,2.8,4.1,3.37
61970,3.2,2.8,4.1,3.37
55413,3.2,2.1,4.5,3.27
30119,2.5,1.8,4.2,2.83
50028,3.2,2.5,4.1,3.27
1579,3.2,2.5,4.1,3.27
69916,3.5,3.0,4.2,3.57
60563,3.2,2.5,4.1,3.27
751,3.2,2.5,4.1,3.27
354,2.1,1.8,4.5,2.8
36304,3.5,3.0,4.2,3.57
8733,3.5,3.0,2.0,2.83
53721,2.1,1.8,4.5,2.8
12035,3.5,4.0,2.5,3.33
41441,4.2,3.8,2.5,3.5
20559,3.5,3.0,4.0,3.5
4535,3.5,2.8,4.2,3.5
24758,3.5,3.0,4.2,3.57
19107,2.1,1.8,4.5,2.8
59377,2.1,1.8,4.5,2.8
36045,2.4,2.1,4.8,3.1
62580,3.5,2.8,4.2,3.5
62621,3.5,3.0,4.0,3.5
66057,3.5,2.8,4.2,3.5
46145,2.5,2.0,4.5,3.0
29727,2.5,2.0,4.0,2.83
51871,3.5,3.0,2.5,3.0
19665,3.2,2.5,4.1,3.27
29917,3.5,2.8,4.2,3.5
54799,3.2,2.8,4.1,3.37
62474,2.1,1.8,4.2,2.7
6718,3.2,2.5,4.1,3.27
58235,3.2,2.5,4.1,3.27
52869,2.1,1.8,4.5,2.8
34884,3.2,2.5,4.1,3.27
10746,2.1,1.8,4.5,2.8
46637,3.2,2.5,4.1,3.27
67660,3.5,2.8,4.2,3.5
46738,3.5,2.0,4.5,3.33
19447,3.2,2.5,4.1,3.27
18245,2.1,1.8,4.5,2.8
12794,3.2,2.5,4.1,3.27
10300,3.5,3.0,4.2,3.57
69271,3.5,2.8,4.2,3.5
49372,2.1,1.8,4.5,2.8
36240,3.5,3.0,4.2,3.57
45605,3.5,2.0,4.0,3.17
46255,3.2,2.5,4.1,3.27
15681,3.5,3.0,4.2,3.57
30330,3.2,2.8,4.1,3.37
24091,3.2,2.1,4.5,3.27
59473,2.5,2.0,4.0,2.83
59034,3.2,2.5,4.1,3.27
58019,2.1,1.8,4.5,2.8
33021,3.5,2.0,4.0,3.17
2420,2.5,2.0,4.5,3.0
37443,2.1,1.8,4.2,2.7
52747,4.2,3.8,3.1,3.7
66193,2.5,2.0,4.5,3.0
4398,3.5,2.8,4.2,3.5
19560,2.5,2.0,4.5,3.0
20859,2.1,1.5,4.2,2.6
22446,4.0,3.5,2.0,3.17
24816,3.0,2.5,4.0,3.17
50700,2.1,1.5,4.8,2.8
65106,2.1,1.8,4.5,2.8
68741,3.5,3.0,4.2,3.57
23081,3.5,3.0,4.2,3.57
17685,3.2,2.8,3.5,3.17
22261,3.2,2.8,4.1,3.37
54406,2.5,2.0,4.5,3.0
62765,4.5,4.0,2.0,3.5
47518,3.2,2.5,4.1,3.27
66240,2.1,2.4,4.2,2.9
13631,3.5,3.0,4.2,3.57
66189,2.5,2.0,4.5,3.0
59653,3.5,3.0,2.5,3.0
46333,3.5,2.8,4.2,3.5
40605,3.5,3.0,4.2,3.57
52621,4.0,3.5,2.0,3.17
69344,3.2,2.8,4.1,3.37
14898,2.1,1.8,4.5,2.8
29459,3.2,2.5,4.1,3.27
9508,3.5,3.0,4.2,3.57
14497,2.5,2.0,3.5,2.67
2676,3.2,2.5,4.1,3.27
16572,3.2,2.8,4.1,3.37
23273,3.2,2.8,4.1,3.37
58,2.1,1.8,4.5,2.8
9306,3.2,2.8,3.5,3.17
4233,3.2,2.5,4.1,3.27
322,2.5,1.8,4.2,2.83
3389,3.8,3.2,4.1,3.7
18568,3.0,2.5,4.0,3.17
54426,3.2,2.5,4.1,3.27
70139,2.4,1.8,4.2,2.8
25732,3.2,2.8,4.1,3.37
16689,2.5,2.0,4.5,3.0
29116,3.2,2.8,3.5,3.17
50893,3.2,2.1,4.5,3.27
1468,3.2,2.8,4.1,3.37
71847,3.2,2.8,4.1,3.37
31204,3.2,2.8,4.1,3.37
42238,3.2,2.8,4.1,3.37
39937,3.2,3.5,4.1,3.6
31992,2.1,1.8,4.5,2.8
50669,2.1,1.5,4.2,2.6
5364,3.2,2.5,4.1,3.27
30400,2.1,1.8,4.5,2.8
69806,2.1,1.5,4.8,2.8
9551,3.0,2.5,4.0,3.17
20282,3.2,2.8,3.5,3.17
47407,2.1,1.5,4.8,2.8
47491,2.1,1.8,4.5,2.8
34348,3.5,3.0,4.2,3.57
63289,3.5,3.0,4.2,3.57
31105,3.2,2.5,4.1,3.27
38457,4.2,3.8,3.1,3.7
7197,3.2,2.5,4.1,3.27
1029,2.1,1.5,4.8,2.8
30882,3.2,2.5,4.1,3.27
26471,3.2,2.8,3.5,3.17
61892,3.2,2.5,4.1,3.27
24865,3.2,2.5,4.1,3.27
57117,3.2,2.5,4.1,3.27
58928,3.2,2.8,4.1,3.37
52317,3.2,2.8,4.1,3.37
39002,2.5,3.0,4.2,3.23
9429,3.2,2.5,4.1,3.27
65460,3.2,2.1,4.5,3.27
3403,2.5,2.0,4.5,3.0
18966,3.2,3.5,4.1,3.6
54936,4.2,3.5,2.1,3.27
58468,3.2,2.8,4.1,3.37
32242,3.5,3.0,2.0,2.83
41824,2.1,1.5,4.8,2.8
4070,3.2,2.5,4.1,3.27
39588,3.5,3.0,4.0,3.5
33987,3.2,2.5,4.1,3.27
61204,3.2,2.8,4.1,3.37
30388,3.5,3.0,4.0,3.5
42311,3.2,2.8,3.5,3.17
9715,3.5,3.0,4.2,3.57
17321,4.2,3.5,2.8,3.5
21876,2.5,2.0,4.0,2.83
52722,3.5,3.0,4.2,3.57
50031,3.2,2.5,4.1,3.27
9524,3.5,3.0,4.2,3.57
65565,3.5,4.0,2.0,3.17
2883,2.5,2.0,4.2,2.9
66639,3.5,3.0,4.2,3.57
68526,3.5,3.2,4.1,3.6
70071,3.5,2.8,4.2,3.5
45699,2.1,1.8,4.5,2.8
23211,2.1,1.8,4.5,2.8
27644,3.0,2.5,4.0,3.17
58501,3.5,3.0,4.0,3.5
51382,2.1,1.8,4.5,2.8
15121,2.5,2.0,4.0,2.83
5812,2.5,3.0,3.5,3.0
15050,4.2,3.5,2.8,3.5
11221,3.2,2.8,4.1,3.37
66064,4.2,3.8,3.1,3.7
43620,3.2,2.5,4.1,3.27
51714,2.1,1.8,4.5,2.8
12058,3.2,2.8,4.1,3.37
63622,3.2,2.5,4.1,3.27
48452,3.2,2.1,1.8,2.37
48246,3.2,2.8,4.1,3.37
36959,2.1,1.8,4.5,2.8
60827,3.2,2.5,4.1,3.27
48959,3.2,2.8,3.5,3.17
24261,2.1,1.5,4.8,2.8
1243,3.2,2.8,4.1,3.37
4652,3.5,3.0,4.2,3.57
27483,3.2,2.5,4.1,3.27
46003,2.1,1.5,4.8,2.8
45762,3.2,2.8,4.1,3.37
41319,4.5,4.0,2.0,3.5
5323,2.5,2.0,3.5,2.67
68068,3.2,3.5,4.1,3.6
69633,3.2,2.5,4.1,3.27
34429,4.2,3.5,3.8,3.83
36137,3.2,2.8,4.1,3.37
24979,3.5,2.0,4.0,3.17
68392,2.1,1.85,4.6,2.85
48933,3.2,2.8,4.1,3.37
58483,3.2,2.5,4.1,3.27
66547,2.1,1.5,4.8,2.8
29483,3.2,2.8,3.5,3.17
18940,2.5,1.8,4.2,2.83
40834,3.2,2.8,4.1,3.37
43232,3.5,2.8,4.2,3.5
4384,3.15,2.8,4.2,3.38
16080,3.5,2.0,4.5,3.33
36423,3.2,2.8,4.1,3.37
34310,3.2,2.5,4.1,3.27
43296,3.2,2.5,4.1,3.27
10712,3.2,2.8,4.1,3.37
53843,2.1,1.8,4.5,2.8
2602,3.2,2.8,4.1,3.37
6596,4.5,4.0,2.0,3.5
63216,2.1,1.8,4.5,2.8
50529,2.5,2.0,4.0,2.83
55268,2.1,1.8,4.2,2.7
21184,3.2,2.5,4.1,3.27
60049,3.5,3.0,4.0,3.5
44088,3.2,2.8,4.1,3.37
19372,3.5,2.0,4.0,3.17
39646,3.2,2.5,4.1,3.27
20740,2.1,1.5,4.8,2.8
22101,3.2,2.5,4.1,3.27
47456,3.5,3.0,2.5,3.0
47423,3.2,2.5,4.1,3.27
67892,3.1,2.4,4.2,3.23
67499,2.1,1.8,4.5,2.8
19804,3.5,3.0,4.2,3.57
58680,2.1,2.4,4.2,2.9
58407,3.2,2.5,4.1,3.27
8889,4.2,3.8,1.5,3.17
33990,3.15,2.4,4.85,3.47
12706,4.2,3.5,2.8,3.5
24695,3.2,2.5,4.1,3.27
70268,3.5,2.0,4.0,3.17
42373,3.2,2.8,4.1,3.37
25542,2.5,1.8,4.2,2.83
14214,3.2,2.8,4.1,3.37
27716,2.45,2.1,4.3,2.95
34661,2.5,2.0,4.5,3.0
25699,3.5,2.8,3.2,3.17
12857,2.1,1.8,4.5,2.8
5426,3.2,2.8,4.1,3.37
2389,3.2,2.8,3.5,3.17
44314,2.5,2.0,4.5,3.0
62248,3.1,2.4,4.2,3.23
34152,3.5,2.8,4.2,3.5
69230,3.2,2.5,4.1,3.27
41168,2.1,1.5,4.8,2.8
40196,3.2,2.8,3.5,3.17
13087,3.2,2.8,4.1,3.37
12677,3.5,2.8,4.2,3.5
52902,3.2,2.8,4.1,3.37
3171,2.1,1.8,4.5,2.8
16915,3.2,2.5,4.1,3.27
56584,2.1,1.8,4.5,2.8
44529,3.2,2.1,4.5,3.27
51831,2.1,1.8,4.5,2.8
6478,2.1,1.8,4.5,2.8
28326,3.2,2.1,4.5,3.27
65113,3.2,2.5,4.1,3.27
59062,4.5,4.0,2.0,3.5
27649,3.1,2.4,4.2,3.23
48230,3.2,3.5,4.1,3.6
4606,2.4,1.8,4.2,2.8
477,4.2,3.8,3.1,3.7
21744,2.5,3.0,4.0,3.17
3510,2.1,1.8,4.5,2.8
70361,3.2,3.5,4.1,3.6
3522,3.5,3.0,4.0,3.5
34399,2.5,2.0,4.0,2.83
48813,3.0,2.5,4.0,3.17
53191,4.2,3.5,2.1,3.27
65152,3.5,2.0,4.0,3.17
15206,3.2,2.8,4.1,3.37
44242,3.2,2.8,4.1,3.37
26818,2.1,1.8,4.5,2.8
35077,2.5,2.0,4.5,3.0
24952,2.4,2.1,4.2,2.9
44224,3.5,3.0,4.2,3.57
37002,2.1,1.8,4.5,2.8
71854,3.2,2.8,4.1,3.37
63952,3.5,3.0,4.2,3.57
67214,4.5,3.8,2.1,3.47
33113,2.1,1.8,4.5,2.8
4230,3.2,2.1,4.5,3.27
62320,3.5,3.0,4.2,3.57
41960,3.2,2.5,4.1,3.27
68466,2.5,2.0,4.0,2.83
10425,2.4,2.1,3.8,2.77
43275,3.2,2.5,4.1,3.27
19284,3.2,2.8,4.1,3.37
39237,2.5,3.0,4.2,3.23
21169,2.5,2.0,4.2,2.9
25396,2.1,1.5,4.2,2.6
1516,2.5,2.0,4.2,2.9
44111,2.1,1.8,4.5,2.8
52537,3.5,3.0,4.2,3.57
28841,2.1,1.8,4.5,2.8
24185,2.1,1.8,4.5,2.8
20106,2.5,2.0,4.5,3.0
22624,2.1,1.5,4.8,2.8
20620,3.2,2.8,4.1,3.37
3421,3.2,2.5,4.1,3.27
49720,3.2,2.8,4.1,3.37
57464,2.1,1.8,4.5,2.8
63934,3.2,3.5,4.1,3.6
17913,3.2,2.5,4.1,3.27
53749,2.1,1.5,4.8,2.8
25417,3.5,4.0,2.0,3.17
37563,3.5,3.0,4.2,3.57
63534,3.5,3.0,4.2,3.57
32146,4.5,4.0,2.0,3.5
57645,2.1,1.8,4.5,2.8
17604,3.2,2.5,4.1,3.27
41920,3.5,3.0,4.0,3.5
54673,2.1,1.8,4.5,2.8
41750,2.1,1.8,4.5,2.8
69622,2.4,2.1,4.2,2.9
24131,3.2,2.5,4.1,3.27
49003,2.5,2.0,4.5,3.0
20876,2.5,2.0,4.5,3.0
52827,3.5,3.0,4.2,3.57
71027,2.1,1.5,4.8,2.8
69197,3.2,2.8,4.1,3.37
11473,4.2,3.1,2.5,3.27
26316,3.2,2.5,4.1,3.27
12877,3.5,2.8,4.2,3.5
18549,4.2,3.1,2.5,3.27
47899,3.5,4.0,3.0,3.5
49100,4.2,3.8,3.1,3.7
20869,3.2,2.5,4.1,3.27
18991,3.5,3.0,4.2,3.57
51565,3.1,2.4,4.2,3.23
43985,2.45,2.1,4.3,2.95
12633,3.2,2.8,4.1,3.37
72066,3.2,2.8,4.1,3.37
19862,3.2,2.8,4.1,3.37
69569,2.1,1.8,4.5,2.8
69412,4.2,3.5,2.1,3.27
27277,3.1,2.4,4.2,3.23
22154,3.5,3.0,4.2,3.57
44240,3.2,2.8,3.5,3.17
36979,3.2,2.5,4.1,3.27
4954,3.1,2.4,4.2,3.23
69540,3.5,2.8,4.2,3.5
52101,4.0,3.5,2.0,3.17
67808,3.2,2.5,4.1,3.27
57600,3.2,2.8,4.1,3.37
58153,2.5,2.0,4.5,3.0
53788,3.2,2.5,4.1,3.27
64216,3.0,2.5,4.0,3.17
29003,3.2,2.5,4.1,3.27
15741,3.2,3.5,2.8,3.17
24548,3.5,3.0,4.2,3.57
39833,2.1,1.8,4.2,2.7
50026,3.2,2.5,4.1,3.27
41275,3.2,2.8,4.1,3.37
6719,3.2,2.1,4.5,3.27
41934,3.2,2.5,4.1,3.27
21520,2.5,2.0,4.5,3.0
24728,2.1,1.8,4.5,2.8
64825,2.4,1.8,4.1,2.77
8424,3.2,2.5,4.1,3.27
49639,3.2,2.8,4.1,3.37
19579,3.2,2.5,4.1,3.27
62449,3.2,2.5,4.1,3.27
485,2.4,2.1,4.2,2.9
6416,3.5,3.0,4.0,3.5
60702,3.2,2.5,4.1,3.27
22292,2.1,1.8,4.5,2.8
51145,2.1,1.8,4.5,2.8
53653,3.5,3.0,4.2,3.57
70391,3.1,2.4,4.2,3.23
9944,3.2,2.8,4.1,3.37
21313,3.2,2.5,4.1,3.27
57904,2.1,1.8,4.5,2.8
55380,3.2,2.5,4.1,3.27
68984,3.2,2.8,4.1,3.37
40121,3.2,2.5,4.1,3.27
49364,2.5,2.0,4.2,2.9
48993,2.1,1.8,4.5,2.8
14591,3.5,3.0,2.0,2.83
25386,2.1,1.8,4.5,2.8
35200,3.5,3.0,2.0,2.83
35658,4.2,3.5,1.5,3.07
18831,3.5,3.0,4.2,3.57
17306,2.1,1.8,4.5,2.8
11092,3.2,2.5,4.1,3.27
23599,3.5,2.8,4.2,3.5
44620,3.2,2.5,4.1,3.27
66697,3.5,3.0,4.2,3.57
43438,3.2,2.8,4.1,3.37
5528,3.5,3.0,4.2,3.57
37905,3.2,2.8,4.1,3.37
64586,3.5,3.2,4.1,3.6
20043,3.5,3.0,4.2,3.57
49965,3.1,2.4,1.8,2.43
16456,3.2,2.5,4.1,3.27
6821,3.5,3.0,4.2,3.57
41569,3.5,3.0,4.2,3.57
50573,2.1,1.8,4.5,2.8
49573,4.2,3.8,2.5,3.5
12624,3.2,2.5,4.1,3.27
61777,2.1,1.8,4.2,2.7
45215,3.2,2.5,4.1,3.27
71290,3.2,2.4,4.1,3.23
7500,4.2,3.5,2.1,3.27
17862,2.1,2.4,4.8,3.1
16254,2.1,1.8,4.5,2.8
41969,2.1,1.8,4.5,2.8
53638,3.5,3.0,4.2,3.57
18705,3.5,3.0,4.2,3.57
49818,4.2,3.8,3.1,3.7
45738,3.2,2.5,4.1,3.27
64645,3.2,2.8,4.1,3.37
10072,3.2,2.8,4.1,3.37
61212,3.2,2.5,4.1,3.27
54875,3.2,2.8,4.1,3.37
8145,2.5,1.8,4.2,2.83
3868,3.2,2.5,4.1,3.27
44579,3.5,3.0,4.2,3.57
37958,3.2,3.5,4.1,3.6
34718,3.5,3.0,4.2,3.57
12895,4.2,3.8,3.1,3.7
56199,2.1,1.8,4.5,2.8
45095,3.2,2.8,4.1,3.37
38525,2.1,1.5,4.8,2.8
25365,3.5,3.0,4.0,3.5
62956,3.5,2.0,4.0,3.17
41961,2.5,2.0,4.5,3.0
62130,3.2,2.5,4.1,3.27
60789,4.2,3.5,2.1,3.27
8417,2.1,1.8,4.5,2.8
33449,2.1,1.8,4.5,2.8
489,2.1,1.8,4.5,2.8
71605,2.4,1.8,4.1,2.77
59031,2.1,1.8,4.2,2.7
60319,2.5,3.0,4.2,3.23
6527,2.5,2.0,4.0,2.83
56141,3.2,2.8,4.1,3.37
48057,3.5,2.8,4.2,3.5
16542,3.2,2.8,4.1,3.37
38279,2.1,1.5,4.8,2.8
67779,2.5,2.0,4.0,2.83
27046,3.5,2.8,4.2,3.5
41651,2.5,3.0,4.2,3.23
60599,3.5,3.0,4.0,3.5
25591,2.1,1.8,4.5,2.8
66659,2.1,1.8,4.5,2.8
15589,3.2,2.5,4.1,3.27
28993,3.2,2.5,4.1,3.27
49477,3.2,2.1,4.5,3.27
4602,3.2,2.5,4.1,3.27
37180,4.2,3.8,2.5,3.5
27242,3.2,2.8,4.1,3.37
22758,3.2,2.5,4.1,3.27
10346,3.2,2.8,4.1,3.37
56927,2.5,1.8,4.2,2.83
5918,4.2,3.8,2.5,3.5
62122,3.2,2.5,4.1,3.27
10480,3.5,2.8,4.2,3.5
48171,3.2,2.8,4.1,3.37
44608,3.2,2.8,4.1,3.37
17883,3.5,2.8,4.2,3.5
44429,3.2,2.8,4.1,3.37
9674,3.5,3.0,4.2,3.57
34999,3.2,2.8,4.1,3.37
53270,3.5,2.8,4.2,3.5
238,3.2,2.5,4.1,3.27
55531,4.2,3.5,3.1,3.6
63076,3.0,2.5,4.0,3.17
3108,3.2,2.5,4.1,3.27
37193,3.2,2.8,4.1,3.37
34212,3.5,3.0,4.2,3.57
9158,3.2,2.8,4.1,3.37
20464,2.1,1.5,4.8,2.8
38316,3.2,2.1,4.5,3.27
53086,3.2,2.5,4.1,3.27
7980,3.5,4.0,2.0,3.17
26946,2.1,1.5,4.8,2.8
27525,3.2,2.8,4.1,3.37
66415,3.0,2.0,4.0,3.0
45542,3.5,3.0,4.2,3.57
38157,3.5,3.0,4.2,3.57
47350,3.2,2.8,4.1,3.37
34418,3.5,2.8,4.2,3.5
50396,3.2,2.8,4.1,3.37
28482,3.5,2.8,4.2,3.5
55000,2.1,1.5,4.8,2.8
36464,3.2,2.8,4.1,3.37
71799,2.1,1.5,4.8,2.8
23678,3.2,2.5,4.1,3.27
37479,3.2,2.5,4.1,3.27
46550,3.2,2.8,3.5,3.17
61772,1.5,2.0,4.5,2.67
46894,3.2,2.5,4.1,3.27
41982,2.5,2.0,4.5,3.0
22068,3.2,2.5,4.1,3.27
34708,3.2,2.5,4.1,3.27
46989,3.1,2.4,4.2,3.23
70440,2.1,1.8,4.5,2.8
42098,2.5,2.0,4.5,3.0
26954,3.1,2.4,4.2,3.23
30459,2.5,2.0,4.0,2.83
4815,3.2,2.5,4.1,3.27
68822,3.2,2.5,4.1,3.27
61170,2.5,2.0,4.5,3.0
56688,2.1,1.5,4.8,2.8
36503,2.1,1.8,4.5,2.8
58671,3.2,3.5,4.1,3.6
19228,2.1,1.5,4.8,2.8
66417,2.5,2.0,4.5,3.0
6698,3.2,2.5,4.1,3.27
70972,3.2,2.1,4.5,3.27
17959,2.5,2.0,4.2,2.9
59444,3.2,2.8,3.5,3.17
25383,2.5,3.0,4.0,3.17
39670,4.2,3.5,2.1,3.27
61730,3.2,2.1,4.5,3.27
56300,2.5,2.0,4.5,3.0
2091,3.2,2.8,4.1,3.37
16702,3.5,3.0,4.0,3.5
24372,3.5,3.0,4.2,3.57
68376,4.2,3.8,3.5,3.83
36652,3.2,2.8,4.1,3.37
61916,2.1,1.8,4.5,2.8
32667,3.2,2.5,4.1,3.27
62853,4.2,3.8,2.1,3.37
46457,2.1,2.4,3.8,2.77
50528,2.1,1.8,4.5,2.8
56162,2.45,2.1,4.3,2.95
55291,2.5,2.0,4.0,2.83
56764,2.1,1.5,4.8,2.8
13463,4.2,3.8,3.1,3.7
20846,3.2,2.5,4.1,3.27
35924,2.1,1.8,4.5,2.8
51995,3.5,2.0,4.0,3.17
10317,4.2,3.5,2.1,3.27
63081,3.2,2.8,3.5,3.17
16114,3.5,3.0,4.2,3.57
64351,3.5,2.2,4.1,3.27
68290,2.5,1.8,4.2,2.83
41290,3.5,3.0,4.0,3.5
496,4.2,3.8,3.1,3.7
38957,3.0,2.5,4.0,3.17
15912,3.5,3.0,4.0,3.5
1429,2.45,2.1,4.3,2.95
27634,3.5,3.0,4.2,3.57
24880,3.5,3.0,4.2,3.57
34747,2.5,2.0,4.5,3.0
15356,4.5,3.8,2.1,3.47
50212,2.1,1.8,4.5,2.8
12518,3.8,3.2,4.1,3.7
57922,4.0,3.5,2.0,3.17
3559,3.2,2.5,4.1,3.27
36657,2.5,2.0,4.0,2.83
50524,3.2,2.5,4.1,3.27
5340,2.1,1.8,4.5,2.8
44507,2.5,2.0,4.5,3.0
29198,2.1,1.5,4.8,2.8
57080,2.1,1.8,4.5,2.8
49421,2.1,1.8,4.5,2.8
13842,3.5,2.0,4.0,3.17
61131,2.5,2.0,4.5,3.0
64146,2.1,1.85,4.6,2.85
21834,2.5,2.0,3.5,2.67
52284,4.2,3.8,3.1,3.7
42817,4.2,3.5,2.1,3.27
39182,3.1,2.4,4.2,3.23
10719,3.2,2.5,4.1,3.27
23549,3.2,3.5,4.1,3.6
66139,3.2,2.1,4.5,3.27
53454,2.1,1.8,4.5,2.8
63054,3.2,2.8,4.1,3.37
44330,4.2,3.8,2.1,3.37
2917,3.2,2.8,4.1,3.37
23105,3.5,3.0,4.2,3.57
12221,3.5,2.8,3.2,3.17
61784,3.2,2.8,4.1,3.37
49555,2.5,3.0,4.0,3.17
43849,2.5,2.0,4.5,3.0
44190,2.5,2.0,4.5,3.0
5625,3.2,2.8,3.5,3.17
25538,2.1,1.8,4.5,2.8
50600,3.5,3.0,4.2,3.57
21452,3.5,3.0,4.2,3.57
54600,2.1,1.5,4.8,2.8
12392,2.1,1.8,4.5,2.8
34044,3.5,3.0,4.0,3.5
9106,2.5,2.0,4.0,2.83
5332,3.2,2.8,4.1,3.37
10016,3.5,3.0,2.0,2.83
20626,2.4,2.1,4.2,2.9
1581,4.2,3.5,2.8,3.5
28504,3.2,2.8,4.1,3.37
61524,2.5,2.0,4.5,3.0
36586,2.1,1.8,4.5,2.8
33617,3.5,3.0,4.2,3.57
54323,2.5,2.0,4.5,3.0
36306,3.2,2.8,3.5,3.17
67634,4.2,3.5,2.1,3.27
48718,3.2,2.8,4.1,3.37
23449,3.5,3.0,3.2,3.23
72160,3.2,2.5,4.1,3.27
11011,3.2,2.8,4.1,3.37
58741,3.5,3.0,4.2,3.57
56576,3.2,2.8,4.1,3.37
807,3.2,3.5,4.1,3.6
16049,4.2,3.5,2.1,3.27
46381,3.2,2.5,4.1,3.27
29068,3.2,2.8,4.1,3.37
58031,4.2,2.1,3.5,3.27
7414,3.0,2.5,4.0,3.17
46990,3.2,3.5,4.1,3.6
48516,3.2,2.8,3.5,3.17
33299,4.2,3.8,2.5,3.5
33261,2.5,2.0,4.5,3.0
63844,3.2,2.8,4.1,3.37
28540,2.1,1.8,4.5,2.8
25158,2.1,1.8,4.5,2.8
50016,3.5,3.0,4.2,3.57
23093,2.4,2.1,4.2,2.9
40203,3.2,2.5,4.1,3.27
36867,3.2,3.5,2.8,3.17
47985,2.45,2.1,4.8,3.12
10279,3.5,3.0,4.0,3.5
27513,2.1,1.8,4.5,2.8
2182,3.2,2.5,4.1,3.27
3708,3.5,2.8,4.2,3.5
43564,4.2,3.5,2.8,3.5
68293,2.45,1.8,4.1,2.78
46960,3.2,2.5,4.1,3.27
14851,2.5,2.0,4.5,3.0
43359,4.2,3.5,2.1,3.27
29685,3.2,2.5,3.8,3.17
32782,2.1,1.8,4.5,2.8
17832,3.5,2.0,4.0,3.17
62995,3.0,2.5,4.0,3.17
69045,3.2,2.5,4.1,3.27
27236,3.1,2.4,1.8,2.43
45651,3.2,2.8,3.5,3.17
63655,2.1,1.8,4.2,2.7
62367,3.5,3.0,4.2,3.57
72048,2.1,1.8,4.5,2.8
2672,4.2,3.5,2.8,3.5
55978,3.2,2.1,4.5,3.27
39431,3.0,2.0,4.0,3.0
35130,2.1,1.85,4.2,2.72
47260,2.1,1.8,4.2,2.7
42083,3.2,2.8,4.1,3.37
60872,3.2,2.8,4.1,3.37
26291,4.5,4.0,1.0,3.17
60066,3.2,2.8,4.1,3.37
32764,3.5,3.0,4.2,3.57
61259,3.5,3.0,4.2,3.57
9825,3.5,3.0,4.2,3.57
5506,3.2,2.1,4.5,3.27
40571,4.2,3.8,3.1,3.7
71576,3.0,2.5,4.0,3.17
66865,3.2,2.5,4.1,3.27
11819,3.0,2.0,4.0,3.0
41952,2.1,1.8,4.5,2.8
17788,3.5,2.8,4.2,3.5
27243,4.2,3.5,2.1,3.27
7332,2.45,2.1,4.8,3.12
35482,2.1,1.8,4.5,2.8
68431,2.1,1.5,4.8,2.8
62077,3.2,2.8,4.1,3.37
24788,3.2,2.8,3.5,3.17
54777,2.1,1.8,4.5,2.8
8854,4.2,3.8,3.1,3.7
25392,2.5,2.0,4.0,2.83
62797,2.1,1.8,4.5,2.8
3107,3.5,3.0,4.2,3.57
37427,2.5,2.0,4.5,3.0
33615,4.5,3.8,2.1,3.47
69132,4.5,3.0,2.0,3.17
45515,3.2,2.5,4.1,3.27
10650,2.1,1.5,4.8,2.8
56401,3.2,2.8,4.1,3.37
64939,3.5,3.0,4.0,3.5
27650,3.2,2.5,4.1,3.27
26606,3.2,3.5,4.1,3.6
29256,3.5,3.0,4.2,3.57
16243,2.1,1.8,4.5,2.8
36554,2.1,1.8,4.2,2.7
54582,2.5,2.0,4.0,2.83
59502,3.5,3.0,4.2,3.57
64202,2.5,2.0,4.0,2.83
32902,2.5,2.0,4.0,2.83
15095,2.5,2.0,4.5,3.0
46706,3.2,2.8,4.1,3.37
22054,3.5,3.0,4.2,3.57
41617,3.0,2.5,4.0,3.17
30931,2.1,1.8,4.5,2.8
33641,3.5,3.0,4.0,3.5
24671,3.5,3.0,4.0,3.5
47910,3.2,2.8,3.5,3.17
69048,3.5,2.8,4.2,3.5
22349,3.2,2.8,3.5,3.17
59340,3.2,2.5,4.1,3.27
55189,3.2,2.8,4.1,3.37
22826,2.1,1.8,4.5,2.8
431,3.2,2.5,4.1,3.27
58753,2.1,2.4,4.2,2.9
6933,3.2,3.5,4.1,3.6
25759,3.5,3.0,4.2,3.57
58649,2.1,1.8,4.5,2.8
26211,3.5,2.2,4.1,3.27
27779,2.1,1.5,4.8,2.8
67729,1.5,1.2,4.8,2.5
25343,3.5,2.8,4.2,3.5
23622,2.1,1.8,4.5,2.8
65119,3.5,2.8,4.2,3.5
26693,2.5,2.0,4.5,3.0
65207,3.2,2.5,4.1,3.27
50830,2.5,2.0,3.5,2.67
33799,4.2,3.8,3.1,3.7
2054,2.1,1.8,4.5,2.8
68871,3.2,2.5,4.1,3.27
17170,3.0,2.5,4.0,3.17
9532,3.5,3.0,4.2,3.57
15260,2.1,1.8,4.5,2.8
54709,3.5,2.8,4.2,3.5
53908,3.5,2.0,4.0,3.17
42710,3.2,2.8,3.5,3.17
50516,2.1,1.8,4.5,2.8
10427,4.2,3.8,2.1,3.37
60489,3.2,2.8,4.1,3.37
66542,3.5,3.0,4.2,3.57
45879,4.0,3.5,2.0,3.17
12822,4.2,3.5,3.8,3.83
9261,3.2,2.1,4.5,3.27
41971,2.1,1.8,4.5,2.8
34768,3.2,2.5,4.1,3.27
50990,3.2,2.5,4.1,3.27
31051,4.2,3.8,3.1,3.7
42692,2.5,2.0,4.5,3.0
4796,3.2,2.8,4.1,3.37
2842,3.5,3.0,4.2,3.57
4259,2.5,2.0,4.0,2.83
68613,3.5,3.0,4.2,3.57
6049,3.2,2.8,4.1,3.37
43883,2.1,1.8,4.5,2.8
28801,2.5,2.0,4.5,3.0
3649,4.2,3.8,3.1,3.7
24900,3.2,2.1,4.5,3.27
59588,3.0,2.5,4.0,3.17
4809,2.5,2.0,4.2,2.9
1857,3.5,3.0,4.2,3.57
13616,3.2,2.5,4.1,3.27
44811,3.2,2.5,4.1,3.27
62736,3.5,2.0,4.0,3.17
38116,2.1,1.8,4.5,2.8
41721,2.5,2.0,4.0,2.83
45834,3.5,3.0,4.2,3.57
12152,3.5,2.8,4.2,3.5
43314,4.0,3.0,2.0,3.0
33249,3.5,3.0,4.2,3.57
36218,2.1,1.8,4.5,2.8
66744,3.2,2.8,4.1,3.37
55445,3.5,3.0,4.2,3.57
61279,3.2,2.1,4.5,3.27
21801,2.1,1.8,4.5,2.8
40347,3.5,3.0,4.2,3.57
18055,3.0,2.5,4.0,3.17
851,3.5,3.0,4.0,3.5
44334,2.5,3.0,4.0,3.17
40533,3.2,2.5,4.1,3.27
31065,2.5,1.8,4.2,2.83
55624,3.2,2.8,4.1,3.37
10567,3.5,3.0,4.2,3.57
10786,2.1,1.5,4.2,2.6
54607,3.2,2.5,4.1,3.27
24134,4.2,3.5,2.1,3.27
35279,3.5,2.8,4.2,3.5
48384,3.2,2.8,3.5,3.17
16738,3.2,2.8,4.1,3.37
31814,3.2,2.8,3.5,3.17
34173,3.2,2.5,4.1,3.27
5045,2.5,1.8,4.2,2.83
66854,2.5,2.0,4.2,2.9
2739,3.2,3.5,3.8,3.5
69638,2.1,1.5,4.8,2.8
46316,4.2,3.8,2.5,3.5
27620,3.5,3.0,4.2,3.57
25906,3.2,2.8,4.1,3.37
28040,3.5,4.0,2.0,3.17
41271,3.5,3.0,4.2,3.57
50473,3.2,2.5,4.1,3.27
32972,3.0,2.5,4.0,3.17
34435,3.2,2.5,4.1,3.27
2244,3.5,3.0,4.2,3.57
43086,3.2,2.5,4.1,3.27
3818,3.2,2.8,4.1,3.37
24121,2.45,1.8,4.12,2.79
37861,3.2,2.5,4.1,3.27
56395,3.2,2.1,4.5,3.27
59726,3.2,2.5,4.1,3.27
34834,2.45,2.1,4.3,2.95
34382,2.1,1.8,4.5,2.8
66375,4.2,3.1,2.5,3.27
36654,3.5,3.0,4.2,3.57
28763,3.2,2.8,4.1,3.37
39941,3.5,3.0,4.0,3.5
22146,3.2,2.8,4.1,3.37
47772,3.2,2.8,4.1,3.37
18764,3.2,2.8,4.1,3.37
48043,3.2,2.8,3.5,3.17
55421,3.2,2.5,4.1,3.27
25304,3.2,2.5,4.1,3.27
63753,3.5,3.0,4.2,3.57
16677,3.2,2.5,4.1,3.27
57682,3.2,2.5,4.1,3.27
9889,3.0,2.5,4.0,3.17
63064,3.2,2.8,3.5,3.17
25825,3.2,2.8,3.5,3.17
46754,2.5,2.0,4.0,2.83
38730,3.2,2.5,4.1,3.27
66497,3.2,2.8,3.5,3.17
35367,2.1,1.5,4.8,2.8
23185,2.5,2.0,4.5,3.0
19781,3.5,3.0,4.0,3.5
6279,4.2,3.5,2.1,3.27
58846,2.5,2.0,4.5,3.0
20042,3.2,2.8,4.1,3.37
41377,3.5,2.0,4.0,3.17
63162,3.0,2.5,4.0,3.17
10651,3.2,2.8,4.1,3.37
21936,2.1,1.8,4.5,2.8
38009,4.2,3.8,2.5,3.5
43135,3.2,2.5,4.1,3.27
18976,3.2,2.8,4.1,3.37
66052,3.2,2.5,4.1,3.27
51640,3.0,2.5,4.0,3.17
44262,2.45,2.1,4.65,3.07
45382,2.1,1.8,4.5,2.8
57663,3.5,3.0,4.2,3.57
9964,3.2,2.8,4.1,3.37
61870,3.5,4.0,3.0,3.5
7805,2.1,1.8,4.2,2.7
3004,3.2,2.1,4.5,3.27
26780,3.5,2.8,3.2,3.17
472,2.0,1.5,4.0,2.5
66626,3.2,2.8,3.5,3.17
47550,2.5,2.0,4.5,3.0
13165,3.2,2.5,4.1,3.27
36520,3.0,2.5,4.0,3.17
16618,2.1,1.8,4.5,2.8
55706,3.2,2.1,4.5,3.27
21009,3.5,3.0,4.2,3.57
1400,3.8,3.2,4.1,3.7
24475,2.1,1.8,4.5,2.8
63721,3.2,2.8,3.5,3.17
68414,2.5,3.0,4.0,3.17
41616,2.1,1.8,4.5,2.8
70015,2.5,2.0,4.0,2.83
51585,2.1,1.5,4.8,2.8
6758,3.5,3.0,4.0,3.5
39890,2.5,2.0,4.0,2.83
7928,3.2,2.8,4.1,3.37
32437,3.2,2.8,4.1,3.37
27394,3.5,2.8,4.2,3.5
34135,3.2,2.8,4.1,3.37
34093,3.2,2.5,4.1,3.27
47072,3.2,2.8,4.1,3.37
4689,3.2,2.5,4.1,3.27
63456,4.5,4.0,1.5,3.33
27237,3.2,2.5,4.1,3.27
3304,2.1,1.8,3.5,2.47
11307,3.2,2.8,4.1,3.37
37385,2.1,1.5,4.8,2.8
18120,3.2,2.8,4.1,3.37
7714,3.5,4.0,2.0,3.17
54937,3.5,2.0,4.0,3.17
4997,3.5,2.8,4.2,3.5
23366,2.1,1.8,4.5,2.8
48100,2.1,1.5,4.8,2.8
67186,2.5,1.8,4.2,2.83
52983,4.2,3.5,2.1,3.27
52939,3.2,2.5,4.1,3.27
9281,3.5,3.0,4.2,3.57
21787,2.1,1.5,4.8,2.8
61564,2.1,1.5,4.8,2.8
29075,3.8,3.2,4.1,3.7
3374,2.1,1.8,4.5,2.8
31788,3.2,2.5,3.8,3.17
54551,3.2,2.8,4.1,3.37
43841,3.5,3.0,4.0,3.5
42364,3.2,2.8,4.1,3.37
61202,3.5,3.0,4.0,3.5
58716,3.2,2.8,4.1,3.37
39691,2.1,1.8,4.5,2.8
15256,3.2,2.1,4.5,3.27
35379,3.2,2.5,4.1,3.27
50507,3.5,3.0,4.2,3.57
29209,2.1,1.8,4.5,2.8
40764,3.5,3.0,4.2,3.57
51719,3.2,2.8,4.1,3.37
19711,3.5,2.0,4.0,3.17
21305,2.1,1.8,4.5,2.8
52302,3.2,2.8,4.1,3.37
6329,2.1,1.8,4.5,2.8
32601,2.1,1.8,4.5,2.8
3803,3.2,2.1,4.5,3.27
51693,2.4,1.8,4.1,2.77
50420,3.5,2.0,4.0,3.17
47786,3.5,3.0,2.5,3.0
36934,3.2,2.1,4.5,3.27
66022,3.5,3.0,4.0,3.5
14786,4.5,3.2,2.8,3.5
153,2.1,1.8,4.5,2.8
20929,2.5,2.0,4.5,3.0
33008,3.5,2.8,4.2,3.5
25284,3.2,2.5,4.1,3.27
30905,3.2,2.8,4.1,3.37
31139,2.1,1.8,4.5,2.8
53171,3.5,3.0,4.0,3.5
29504,3.2,2.5,4.1,3.27
57002,3.2,2.5,4.1,3.27
71891,3.2,2.8,3.5,3.17
49958,2.1,1.8,4.5,2.8
5262,3.5,3.0,4.2,3.57
36324,3.2,2.5,4.1,3.27
28189,2.1,1.5,4.8,2.8
39560,2.1,1.8,4.5,2.8
61603,3.5,3.0,4.2,3.57
66919,3.5,3.0,4.2,3.57
34268,3.2,2.8,4.1,3.37
69773,3.0,2.5,4.0,3.17
48768,3.5,2.0,4.0,3.17
44503,2.1,1.8,4.2,2.7
39916,2.1,1.8,4.5,2.8
69285,3.0,2.5,4.0,3.17
21290,3.2,2.5,4.1,3.27
22439,3.5,3.0,4.2,3.57
66368,3.2,2.8,4.1,3.37
11511,2.4,2.1,4.2,2.9
18374,3.0,2.0,1.0,2.0
58141,2.1,1.8,4.5,2.8
25738,2.5,2.0,4.0,2.83
9687,3.2,2.8,4.1,3.37
26821,2.1,1.8,4.5,2.8
59199,4.2,3.5,3.1,3.6
56394,2.1,1.5,4.8,2.8
59560,3.2,2.8,4.1,3.37
7238,4.2,3.5,3.1,3.6
24124,2.4,1.8,4.2,2.8
21266,3.5,3.0,4.2,3.57
3644,3.5,3.0,4.0,3.5
1690,3.0,2.0,4.0,3.0
16398,3.2,2.8,4.1,3.37
14270,3.0,2.5,4.0,3.17
9216,2.1,1.5,4.2,2.6
46309,3.2,2.8,3.5,3.17
13596,3.2,2.5,4.1,3.27
11731,3.2,2.5,4.1,3.27
60929,3.5,2.8,4.2,3.5
36438,3.2,3.5,3.8,3.5
44703,3.2,2.1,4.5,3.27
60546,2.5,1.8,4.2,2.83
15552,2.1,1.8,4.5,2.8
16980,2.5,2.0,4.2,2.9
27598,3.2,2.8,4.1,3.37
50775,2.5,3.0,4.0,3.17
20494,2.4,2.1,4.2,2.9
15617,4.5,3.8,2.1,3.47
53288,2.5,2.0,4.2,2.9
35973,2.5,2.0,4.0,2.83
30643,3.2,2.8,4.1,3.37
25353,3.5,2.0,4.0,3.17
26556,3.2,2.5,4.1,3.27
58784,3.5,3.0,4.2,3.57
29048,3.5,3.0,4.2,3.57
39455,2.1,1.8,4.5,2.8
51374,2.1,1.8,4.5,2.8
18456,1.5,1.2,4.8,2.5
18772,3.2,2.8,4.1,3.37
44873,3.2,2.5,4.1,3.27
65351,3.5,2.8,4.2,3.5
21522,4.0,3.0,2.0,3.0
11892,3.2,2.8,3.5,3.17
12315,3.2,2.5,4.1,3.27
53917,3.2,2.8,4.1,3.37
33856,3.5,3.0,2.5,3.0
66742,3.2,3.5,4.1,3.6
31796,2.1,1.5,4.2,2.6
67002,3.2,2.5,4.1,3.27
70556,3.2,2.5,4.1,3.27
40991,3.2,2.8,4.1,3.37
9604,4.2,3.8,3.1,3.7
28262,2.1,1.8,4.5,2.8
46315,2.1,1.8,4.5,2.8
39558,3.2,2.5,4.1,3.27
19023,3.2,2.5,4.1,3.27
69552,3.5,3.0,4.2,3.57
67564,3.2,3.5,4.1,3.6
21963,3.2,2.8,4.1,3.37
49005,3.2,2.5,4.1,3.27
49429,3.2,2.5,4.1,3.27
40309,3.2,2.5,4.1,3.27
5168,3.15,2.8,4.1,3.35
5951,3.5,3.0,4.2,3.57
51994,2.1,1.8,4.5,2.8
47309,3.2,2.5,4.1,3.27
38928,3.0,2.5,4.0,3.17
44667,2.1,1.8,4.5,2.8
72027,2.5,2.0,4.0,2.83
52220,2.1,1.8,4.5,2.8
45370,3.5,3.0,4.2,3.57
30661,2.5,2.0,4.0,2.83
33242,4.5,3.8,2.1,3.47
41933,2.1,1.8,4.5,2.8
45761,3.0,2.5,4.0,3.17
25207,4.2,3.5,2.1,3.27
63100,3.5,3.0,4.2,3.57
16009,2.1,1.5,4.8,2.8
39378,3.2,2.1,4.5,3.27
30547,3.0,2.5,4.0,3.17
71831,3.2,2.8,3.5,3.17
37410,2.1,1.8,4.5,2.8
27396,3.2,2.8,3.5,3.17
20520,3.2,2.5,4.1,3.27
30262,3.5,3.0,4.2,3.57
70604,2.1,1.5,4.8,2.8
10002,3.5,3.0,4.0,3.5
44659,3.2,2.8,4.1,3.37
63836,3.5,2.0,4.0,3.17
60116,3.2,2.8,4.1,3.37
65958,3.5,3.0,4.2,3.57
19102,2.4,1.8,4.1,2.77
33023,3.2,2.5,4.1,3.27
29223,3.5,2.8,4.2,3.5
41139,3.1,2.4,4.2,3.23
45480,3.5,3.2,4.1,3.6
10561,4.2,3.5,2.8,3.5
67510,3.2,2.8,4.1,3.37
42667,3.2,2.8,3.5,3.17
59927,3.5,3.0,4.2,3.57
41648,3.5,4.0,3.2,3.57
30013,3.2,2.8,4.1,3.37
10609,2.5,1.8,4.2,2.83
606,3.2,2.8,4.1,3.37
38615,3.2,2.8,3.5,3.17
62655,3.0,2.0,4.0,3.0
29601,3.2,2.8,4.1,3.37
49393,3.2,2.5,4.1,3.27
25508,2.1,1.85,4.2,2.72
71734,3.2,2.8,4.1,3.37
10487,3.2,2.5,3.8,3.17
46296,2.5,2.0,4.0,2.83
34914,3.2,2.5,3.8,3.17
22730,2.1,1.8,4.5,2.8
37383,2.1,1.45,4.8,2.78
47089,3.2,2.5,4.1,3.27
3907,3.2,2.5,4.1,3.27
36282,3.0,2.5,4.0,3.17
26705,3.2,2.8,4.1,3.37
21005,2.1,1.5,4.8,2.8
57312,2.5,2.0,4.0,2.83
67288,3.2,2.5,4.1,3.27
69662,3.2,2.8,3.5,3.17
35966,2.5,2.0,3.5,2.67
64702,3.5,3.0,4.2,3.57
35210,3.2,2.5,4.1,3.27
24800,2.5,2.0,4.0,2.83
27628,3.2,2.8,3.5,3.17
15305,3.5,2.8,4.2,3.5
38056,3.2,2.8,4.1,3.37
51295,4.2,3.5,2.1,3.27
2606,3.2,2.5,4.1,3.27
44239,3.2,2.8,4.1,3.37
60505,3.5,3.0,4.2,3.57
62785,3.2,2.5,3.8,3.17
50480,3.2,2.5,4.1,3.27
63281,3.5,3.0,4.2,3.57
55962,3.2,2.5,4.1,3.27
55296,3.5,2.8,4.2,3.5
28224,3.2,2.1,4.5,3.27
29079,3.0,2.5,4.0,3.17
529,3.5,2.8,4.2,3.5
59133,3.5,2.8,4.2,3.5
45247,3.2,2.8,4.1,3.37
71470,2.1,1.8,4.2,2.7
28006,3.2,2.5,4.1,3.27
37459,2.1,1.8,4.5,2.8
22690,3.2,2.5,4.1,3.27
66317,3.2,2.8,4.1,3.37
14569,3.2,2.8,4.1,3.37
22324,3.5,3.0,4.2,3.57
19133,2.1,1.8,4.5,2.8
29394,3.5,3.0,4.2,3.57
17414,3.5,3.0,4.2,3.57
52057,3.2,2.8,4.1,3.37
8436,3.2,2.8,4.1,3.37
50751,3.2,2.5,4.1,3.27
40070,3.2,2.8,3.5,3.17
28244,2.1,1.5,4.8,2.8
56381,3.2,2.8,4.1,3.37
51118,3.5,3.0,4.2,3.57
42671,3.2,2.8,4.1,3.37
22678,3.2,2.5,4.1,3.27
6851,3.2,2.5,4.1,3.27
11281,4.5,4.0,3.2,3.9
20267,2.1,1.8,4.5,2.8
69348,3.2,2.8,4.1,3.37
45457,3.2,2.5,4.1,3.27
11454,3.5,3.0,4.2,3.57
22564,3.5,2.8,4.2,3.5
16857,3.0,2.0,4.0,3.0
28921,3.2,2.1,4.5,3.27
28028,2.5,2.0,4.5,3.0
8446,3.2,2.8,4.1,3.37
57329,3.5,3.0,4.2,3.57
3915,2.5,2.0,4.5,3.0
69234,3.5,3.0,4.0,3.5
10554,3.2,2.8,4.1,3.37
2561,3.2,2.8,4.1,3.37
16051,4.2,3.5,3.1,3.6
20133,3.2,2.8,3.5,3.17
10974,2.5,2.0,4.0,2.83
42768,3.2,2.5,4.1,3.27
24589,3.5,3.0,4.2,3.57
32899,2.1,1.5,4.8,2.8
37932,3.5,3.0,4.2,3.57
30785,3.2,2.8,4.1,3.37
61896,3.5,3.0,4.2,3.57
62752,2.1,1.8,4.5,2.8
43062,3.5,3.0,4.2,3.57
3478,3.2,2.8,4.1,3.37
40760,3.2,2.1,4.5,3.27
56155,2.4,1.8,4.1,2.77
62245,3.2,2.5,4.1,3.27
71301,3.2,2.5,4.1,3.27
32148,3.2,2.5,4.1,3.27
15367,4.2,3.5,3.1,3.6
65672,3.5,3.0,4.2,3.57
59615,2.5,2.0,4.0,2.83
19798,3.2,2.8,3.5,3.17
13745,3.5,2.8,4.2,3.5
27851,2.5,2.0,4.5,3.0
61264,3.5,3.0,4.0,3.5
36132,3.5,3.0,4.2,3.57
1479,3.5,3.0,4.2,3.57
71611,2.1,1.8,4.5,2.8
41198,4.5,4.0,2.0,3.5
22276,2.1,2.4,1.8,2.1
22949,3.2,2.5,4.1,3.27
26716,2.1,1.8,4.5,2.8
63953,3.2,3.5,4.1,3.6
68248,2.5,2.0,3.5,2.67
64693,2.5,2.0,4.0,2.83
10839,3.5,3.0,4.0,3.5
18167,3.2,2.8,3.5,3.17
6075,3.0,2.0,4.0,3.0
57296,2.1,1.8,4.5,2.8
26648,3.5,2.8,3.2,3.17
35618,3.2,2.8,4.1,3.37
60949,3.0,2.5,4.0,3.17
39443,3.2,2.5,4.1,3.27
26541,3.5,3.0,4.0,3.5
70343,3.2,2.5,4.1,3.27
12216,3.2,2.1,4.5,3.27
2338,3.2,2.5,3.8,3.17
40579,3.5,3.0,4.2,3.57
58642,2.1,1.8,4.5,2.8
60933,2.15,1.8,4.65,2.87
16300,3.2,2.5,4.1,3.27
44515,3.2,2.8,4.1,3.37
54104,2.5,2.0,4.5,3.0
23996,3.5,3.0,2.5,3.0
41366,3.2,2.8,4.1,3.37
35925,2.1,1.8,4.5,2.8
55051,3.2,2.5,4.1,3.27
30816,3.2,2.8,4.1,3.37
3162,3.2,2.8,4.1,3.37
20704,4.2,3.5,2.1,3.27
51542,3.5,3.0,4.2,3.57
58169,2.1,1.8,4.5,2.8
12818,2.1,1.5,4.8,2.8
59253,3.0,2.5,4.0,3.17
46380,3.2,2.1,4.5,3.27
44502,2.1,1.8,4.2,2.7
18178,3.2,2.8,4.1,3.37
7282,3.5,3.0,4.2,3.57
41901,3.2,2.5,4.1,3.27
5216,2.1,1.5,4.2,2.6
29969,2.4,2.1,4.2,2.9
23352,3.2,2.8,4.1,3.37
341,3.2,2.8,4.1,3.37
8996,3.2,2.5,4.1,3.27
54146,2.1,1.8,4.5,2.8
24625,2.1,1.8,4.5,2.8
17580,2.1,1.5,4.8,2.8
25835,4.2,3.5,2.1,3.27
51792,2.5,2.0,4.5,3.0
38849,2.5,3.0,4.0,3.17
31747,3.1,2.8,4.2,3.37
10994,2.1,1.8,4.5,2.8
21293,3.2,2.8,4.1,3.37
62432,3.5,3.0,2.5,3.0
28514,3.2,2.8,4.1,3.37
48634,3.2,2.8,4.1,3.37
18012,2.1,1.8,4.5,2.8
8276,2.1,1.8,4.5,2.8
62106,2.1,1.5,4.8,2.8
26280,4.2,3.8,3.1,3.7
10598,4.2,3.8,2.1,3.37
12807,2.5,2.0,4.5,3.0
48389,3.2,2.5,4.1,3.27
61752,3.5,2.8,4.2,3.5
5572,3.5,2.8,3.2,3.17
41532,3.2,2.1,4.5,3.27
55570,3.2,2.5,4.1,3.27
49344,3.5,3.0,4.0,3.5
20477,3.5,3.0,2.0,2.83
66892,2.0,1.5,4.0,2.5
60920,4.2,3.5,3.1,3.6
16004,3.0,2.5,4.0,3.17
26634,3.5,2.8,4.2,3.5
20640,3.2,2.8,4.1,3.37
43154,3.5,3.0,4.2,3.57
16136,3.2,2.5,4.1,3.27
55418,3.5,2.8,3.2,3.17
50833,2.5,1.2,4.8,2.83
32666,2.5,1.8,4.2,2.83
60195,3.2,2.8,3.5,3.17
51283,3.2,3.5,4.1,3.6
14000,3.5,3.0,4.2,3.57
13986,3.2,2.8,3.5,3.17
33768,3.2,2.5,4.1,3.27
52615,3.2,2.5,4.1,3.27
20384,3.2,2.8,4.1,3.37
9971,3.0,2.5,4.0,3.17
45557,3.5,2.8,3.2,3.17
9762,3.5,2.8,4.2,3.5
17228,3.2,2.5,4.1,3.27
18421,3.2,2.8,4.1,3.37
42395,3.5,2.0,4.0,3.17
25600,3.0,2.5,4.0,3.17
3113,3.2,2.5,4.1,3.27
46942,2.1,1.8,4.5,2.8
62071,3.2,2.8,4.1,3.37
67082,3.2,2.8,4.1,3.37
60018,2.5,3.0,4.0,3.17
33250,3.5,3.0,4.0,3.5
63151,2.1,1.8,4.5,2.8
39167,3.2,2.8,4.1,3.37
58481,2.1,1.8,4.2,2.7
22997,2.1,1.5,4.8,2.8
8079,3.2,2.8,4.1,3.37
55626,3.2,2.5,4.1,3.27
35175,3.5,3.0,4.2,3.57
33951,3.2,2.5,4.1,3.27
57917,2.1,1.8,4.5,2.8
67644,3.0,2.5,4.0,3.17
9458,3.2,3.5,4.1,3.6
12651,3.2,2.8,3.5,3.17
42202,3.2,2.5,4.1,3.27
56754,2.1,1.8,4.5,2.8
39093,2.5,2.0,4.2,2.9
68927,3.2,2.5,4.1,3.27
29711,3.0,2.5,4.0,3.17
45956,2.1,2.4,4.2,2.9
56161,3.2,2.5,4.1,3.27
42542,3.2,2.8,4.1,3.37
22803,3.2,2.5,4.1,3.27
47481,3.5,3.0,4.2,3.57
22607,3.2,2.8,4.1,3.37
46013,3.5,3.0,4.2,3.57
33273,,,,
31683,4.2,3.8,3.1,3.7
58432,3.2,2.8,4.1,3.37
4109,3.2,2.5,4.1,3.27
28458,2.1,1.8,4.5,2.8
7748,3.5,2.8,4.2,3.5
4950,2.1,1.8,4.5,2.8
46704,3.2,2.8,4.1,3.37
20808,2.5,2.0,3.5,2.67
14593,3.2,2.5,4.1,3.27
9139,3.2,2.5,4.1,3.27
20479,3.2,2.8,4.1,3.37
39856,3.5,2.8,4.2,3.5
29770,2.1,1.8,4.5,2.8
64097,3.5,3.0,4.2,3.57
6731,3.5,3.0,4.2,3.57
45886,3.2,2.5,4.1,3.27
34519,3.5,3.0,4.0,3.5
40162,3.2,2.8,4.1,3.37
10042,2.1,1.8,4.5,2.8
6128,2.5,2.0,4.0,2.83
52129,3.2,2.8,4.1,3.37
8915,2.1,1.8,4.2,2.7
35253,3.2,2.5,4.1,3.27
58509,,,,
2254,3.5,3.0,4.2,3.57
11227,4.2,3.5,2.1,3.27
50907,2.5,2.0,4.0,2.83
66527,3.2,2.8,3.5,3.17
34323,2.4,1.8,4.1,2.77
61286,3.0,2.5,4.0,3.17
50958,2.1,1.8,4.5,2.8
26014,3.0,2.5,4.0,3.17
31424,1.2,1.5,4.8,2.5
57693,2.1,1.8,4.2,2.7
14243,3.5,3.0,4.0,3.5
53549,3.5,2.8,4.2,3.5
45719,3.2,2.8,4.1,3.37
64074,2.1,1.8,4.5,2.8
35812,3.5,3.0,4.2,3.57
22809,,,,
7616,,,,
69642,3.5,2.8,4.2,3.5
43010,,,,
60591,3.2,2.1,4.5,3.27
46511,3.5,2.0,4.0,3.17
70648,3.2,2.8,3.5,3.17
50470,3.2,2.5,4.1,3.27
28985,2.5,2.0,4.0,2.83
31578,3.5,3.0,4.2,3.57
37249,3.5,2.8,4.2,3.5
52321,3.2,2.8,4.1,3.37
31541,3.2,2.8,3.5,3.17
17420,3.2,2.5,4.1,3.27
16453,3.5,3.0,4.2,3.57
44650,2.5,2.0,4.5,3.0
8007,2.1,1.8,4.5,2.8
14456,2.5,1.8,4.2,2.83
12916,3.2,2.8,4.1,3.37
65136,,,,
72061,3.2,2.8,4.1,3.37
22063,3.2,2.5,4.1,3.27
12062,3.2,3.5,2.8,3.17
23582,3.2,2.5,4.1,3.27
17199,3.8,3.2,4.1,3.7
42207,3.5,3.0,4.2,3.57
22913,4.2,3.8,3.5,3.83
16604,3.5,3.0,4.2,3.57
12108,4.2,3.5,2.8,3.5
47749,2.1,1.8,4.2,2.7
52371,4.2,3.8,3.1,3.7
65204,2.1,1.8,4.5,2.8
35891,3.2,2.5,4.1,3.27
53525,3.2,2.8,4.1,3.37
42531,2.5,1.8,4.2,2.83
44819,3.1,2.4,4.2,3.23
512,3.5,3.0,4.0,3.5
56431,3.5,3.0,4.0,3.5
48974,2.1,1.8,4.5,2.8
27130,3.5,3.0,4.2,3.57
13250,3.2,2.8,4.1,3.37
34474,3.5,3.0,4.2,3.57
2481,3.5,2.8,3.2,3.17
49991,3.2,3.5,4.1,3.6
57496,3.2,2.1,4.5,3.27
14755,2.1,1.8,4.5,2.8
10867,3.5,3.0,4.2,3.57
24011,2.1,1.8,4.2,2.7
53375,3.2,2.8,3.5,3.17
42632,3.2,2.8,4.1,3.37
64933,3.2,2.8,3.5,3.17
15350,3.2,2.8,4.1,3.37
9789,2.1,2.4,4.8,3.1
62870,3.2,2.8,4.1,3.37
52185,3.0,2.5,4.0,3.17
14049,2.1,2.4,4.2,2.9
34132,4.2,3.8,3.5,3.83
46922,4.2,3.8,2.5,3.5
59168,2.1,1.8,4.5,2.8
37645,3.2,3.5,4.1,3.6
6427,2.4,2.1,4.2,2.9
7023,4.2,3.8,3.1,3.7
62423,3.5,2.0,1.5,2.33
56875,3.5,3.0,4.2,3.57
13893,2.1,1.8,4.5,2.8
6439,3.2,2.8,4.1,3.37
50703,2.1,1.8,4.5,2.8
2781,3.5,3.0,4.2,3.57
45008,3.2,2.8,4.1,3.37
12720,3.5,2.0,4.0,3.17
58550,3.5,2.8,3.2,3.17
14725,3.2,2.5,4.1,3.27
65089,3.5,3.0,4.2,3.57
30282,3.0,2.5,4.0,3.17
70132,3.2,2.5,4.1,3.27
24501,3.2,2.5,4.1,3.27
44410,2.5,2.0,4.0,2.83
16507,3.2,2.8,4.1,3.37
16793,3.5,3.2,4.1,3.6
57968,2.5,2.0,4.5,3.0
25495,3.5,3.0,4.0,3.5
45229,3.2,2.8,4.1,3.37
35650,3.5,3.0,4.2,3.57
22784,2.5,2.0,4.0,2.83
9329,4.5,4.0,2.0,3.5
44840,3.8,3.2,4.1,3.7
68884,3.2,2.5,4.1,3.27
26636,4.2,3.5,3.8,3.83
47691,4.2,3.8,3.1,3.7
66946,4.2,3.5,3.1,3.6
22079,3.5,4.0,4.5,4.0
46947,4.2,3.5,2.1,3.27
59527,2.5,1.8,4.2,2.83
4693,3.5,3.0,4.2,3.57
37597,2.1,1.8,4.2,2.7
59336,2.5,2.0,4.5,3.0
17093,3.5,3.0,4.2,3.57
60623,2.5,2.0,4.0,2.83
52165,3.5,3.0,4.2,3.57
48083,3.2,2.8,4.1,3.37
3394,2.5,2.0,4.2,2.9
5463,3.2,2.5,4.1,3.27
40438,2.5,2.0,4.5,3.0
56511,3.2,2.5,4.1,3.27
54058,3.5,3.0,4.2,3.57
38380,3.2,2.8,4.1,3.37
69449,3.2,2.8,3.5,3.17
21260,3.2,2.8,4.1,3.37
62308,3.5,4.0,4.5,4.0
22177,3.2,2.5,4.1,3.27
46406,3.2,2.8,4.1,3.37
36710,2.1,1.5,4.8,2.8
4346,3.2,2.5,4.1,3.27
32609,3.2,2.5,4.1,3.27
53497,2.4,1.8,4.2,2.8
2068,3.2,2.8,4.1,3.37
6830,3.5,3.0,4.2,3.57
4958,3.5,2.0,4.0,3.17
39447,3.2,2.8,4.1,3.37
8256,3.2,3.5,4.1,3.6
31033,3.2,2.8,3.5,3.17
46424,3.5,3.0,4.2,3.57
31758,3.2,2.5,4.1,3.27
65761,3.5,2.8,4.2,3.5
348,2.0,1.5,4.5,2.67
68473,2.1,1.8,4.5,2.8
60485,3.2,2.8,4.1,3.37
68397,3.2,2.8,4.1,3.37
38624,3.2,2.8,4.1,3.37
64547,3.2,2.5,4.1,3.27
58014,3.2,2.8,4.1,3.37
3167,2.5,1.8,4.2,2.83
50165,3.2,3.5,3.8,3.5
2613,3.5,3.0,4.2,3.57
4726,4.2,3.8,4.5,4.17
70675,4.2,3.8,3.1,3.7
2434,2.1,1.8,4.2,2.7
3500,2.1,1.8,4.5,2.8
6059,3.5,3.0,4.2,3.57
46433,4.2,3.5,2.1,3.27
59244,3.5,3.0,4.2,3.57
26972,3.2,3.5,2.8,3.17
34074,3.2,2.5,4.1,3.27
40047,3.2,2.8,4.1,3.37
39724,4.2,3.8,2.5,3.5
36442,3.2,2.5,4.1,3.27
10010,3.5,2.8,4.2,3.5
58041,3.2,2.8,4.1,3.37
12286,3.2,2.8,4.1,3.37
29067,2.1,1.8,4.2,2.7
49316,2.5,2.0,4.0,2.83
11075,2.5,2.0,4.5,3.0
44299,3.2,2.8,4.1,3.37
19021,3.2,2.5,4.1,3.27
30149,3.2,2.5,4.1,3.27
10423,2.4,2.1,4.2,2.9
30057,3.0,2.5,4.0,3.17
24888,3.2,2.5,4.1,3.27
24408,4.5,4.0,1.5,3.33
6646,2.1,1.8,4.5,2.8
31016,2.5,2.0,4.5,3.0
11427,3.2,2.5,4.1,3.27
60967,3.2,2.5,4.1,3.27
64264,2.1,1.8,4.5,2.8
55655,4.2,3.5,3.8,3.83
7243,3.2,2.8,4.1,3.37
70740,3.2,2.5,4.1,3.27
46645,3.2,2.5,4.1,3.27
43891,2.1,1.8,4.5,2.8
46816,2.1,1.5,4.8,2.8
7359,2.1,2.4,1.8,2.1
47785,3.2,2.8,3.5,3.17
20460,3.2,2.1,1.8,2.37
16320,3.2,2.5,4.1,3.27
7528,2.1,1.8,4.5,2.8
40550,3.2,2.5,4.1,3.27
33776,3.5,4.0,2.0,3.17
20546,2.5,2.0,4.5,3.0
7471,3.2,2.8,4.1,3.37
27754,4.2,3.5,2.8,3.5
34517,2.1,1.8,4.5,2.8
48470,4.5,4.0,2.0,3.5
69691,3.5,3.0,4.2,3.57
69810,3.0,2.5,4.0,3.17
897,2.1,1.8,4.2,2.7
63528,2.1,1.8,4.5,2.8
30055,3.2,2.1,4.5,3.27
1617,2.1,1.8,4.5,2.8
47718,3.0,2.5,4.0,3.17
36607,2.1,1.8,4.5,2.8
47629,2.1,1.8,4.5,2.8
24604,3.5,2.8,4.2,3.5
58548,3.2,2.5,4.1,3.27
15166,3.2,3.5,4.1,3.6
68665,2.1,1.5,4.8,2.8
31761,3.5,3.0,4.0,3.5
62335,3.2,2.8,4.1,3.37
41986,3.5,2.0,4.0,3.17
21677,3.2,2.8,4.1,3.37
4242,3.2,2.5,4.1,3.27
64520,3.2,2.1,4.5,3.27
55648,3.2,2.8,4.1,3.37
70906,3.5,2.8,4.2,3.5
48063,3.2,2.5,4.1,3.27
64101,,,,
70897,3.5,3.0,4.0,3.5
49285,2.1,1.8,4.5,2.8
52432,2.1,1.5,4.8,2.8
30060,3.5,2.0,4.0,3.17
12492,2.5,2.0,4.0,2.83
58336,3.2,2.8,4.1,3.37
71765,3.2,2.8,4.1,3.37
68857,4.2,3.8,3.1,3.7
35407,3.5,2.8,4.2,3.5
67271,3.2,2.5,4.1,3.27
61553,2.1,1.8,4.5,2.8
70166,3.2,2.5,4.1,3.27
60927,4.2,3.5,3.8,3.83
32420,3.5,3.0,4.2,3.57
70477,3.5,3.0,4.2,3.57
63947,2.5,2.0,4.5,3.0
38858,3.2,2.1,4.5,3.27
3768,2.5,2.0,4.0,2.83
18077,3.2,2.5,4.1,3.27
60898,3.5,2.8,4.2,3.5
25183,3.2,2.8,4.1,3.37
59436,3.5,3.0,2.5,3.0
53158,3.2,2.5,4.1,3.27
66058,4.2,3.5,3.8,3.83
49744,3.2,2.5,4.1,3.27
71418,3.0,2.5,4.0,3.17
51861,3.2,2.8,3.5,3.17
61370,3.5,2.8,4.2,3.5
5175,4.2,3.5,2.8,3.5
7129,3.2,2.1,4.5,3.27
13615,3.2,2.5,4.1,3.27
30336,2.0,1.5,4.5,2.67
44727,3.5,3.0,4.0,3.5
12752,3.5,3.0,4.2,3.57
9459,3.5,3.0,4.2,3.57
45777,3.5,3.0,4.2,3.57
47366,2.5,2.0,4.0,2.83
20044,3.2,3.5,4.1,3.6
319,3.2,2.5,4.1,3.27
43309,2.5,1.8,4.2,2.83
56206,2.1,1.5,4.8,2.8
24818,2.5,2.0,4.0,2.83
71389,3.0,2.0,4.0,3.0
13353,4.5,4.0,2.0,3.5
54579,2.5,2.0,4.0,2.83
58382,3.2,2.5,4.1,3.27
36167,4.5,4.0,2.0,3.5
39602,2.5,2.0,4.5,3.0
59767,3.2,2.5,4.1,3.27
49279,3.2,2.5,4.1,3.27
48004,3.5,3.0,4.2,3.57
43461,3.2,2.5,4.1,3.27
6867,3.2,2.8,4.1,3.37
2490,2.5,1.8,4.2,2.83
38713,2.1,1.8,4.5,2.8
29405,3.5,2.8,4.2,3.5
61934,2.1,1.8,4.5,2.8
36255,2.5,2.0,4.0,2.83
19944,4.5,4.0,2.0,3.5
18830,3.5,3.0,4.0,3.5
32529,3.2,2.1,4.5,3.27
1551,2.5,2.0,4.0,2.83
41568,3.5,3.0,4.2,3.57
47774,3.5,3.0,2.5,3.0
59289,3.2,2.5,4.1,3.27
13276,2.5,2.0,4.5,3.0
46292,2.1,1.5,4.8,2.8
36570,2.5,2.0,4.0,2.83
27602,3.2,2.8,4.1,3.37
15679,3.2,2.5,4.1,3.27
36528,3.5,2.0,4.0,3.17
71690,2.1,1.8,4.5,2.8
69952,3.5,2.8,3.2,3.17
61145,3.2,2.5,4.1,3.27
56212,2.5,2.0,4.0,2.83
18708,3.2,2.5,4.1,3.27
60348,2.5,2.0,4.0,2.83
19002,3.2,2.5,4.1,3.27
41882,3.2,3.5,4.1,3.6
47000,3.5,3.0,4.2,3.57
23315,3.0,2.5,4.0,3.17
70971,3.5,4.0,2.0,3.17
36316,3.2,2.1,4.5,3.27
53126,2.1,1.8,4.5,2.8
47768,2.5,2.0,4.5,3.0
23187,2.5,1.8,4.2,2.83
47125,3.5,2.8,4.2,3.5
50648,3.5,2.0,4.0,3.17
58663,3.2,2.8,4.1,3.37
4472,3.5,3.0,4.2,3.57
26475,3.5,3.0,4.0,3.5
26231,2.1,1.8,4.5,2.8
14805,3.2,2.5,4.1,3.27
27836,3.5,3.0,4.2,3.57
61331,3.2,2.8,3.5,3.17
38593,3.2,2.5,4.1,3.27
31668,2.5,2.0,4.5,3.0
55300,2.1,1.8,4.5,2.8
48050,4.5,3.0,1.0,2.83
16010,2.5,2.0,4.5,3.0
69214,3.0,2.5,4.0,3.17
54452,2.5,2.0,4.5,3.0
3750,3.2,2.5,4.1,3.27
38156,3.2,2.5,4.1,3.27
34397,3.5,3.0,4.2,3.57
70557,3.2,2.5,4.1,3.27
71120,1.5,1.0,4.5,2.33
31426,2.1,2.4,4.2,2.9
72032,2.1,1.8,4.5,2.8
49198,3.5,3.0,4.2,3.57
68965,2.1,1.8,4.5,2.8
11600,2.1,1.8,4.5,2.8
60855,3.5,3.0,4.2,3.57
3034,3.2,2.8,4.1,3.37
71009,3.2,2.5,4.1,3.27
3340,2.5,2.0,4.5,3.0
50661,2.1,1.8,4.5,2.8
71019,2.5,2.0,4.0,2.83
62987,4.0,2.0,1.0,2.33
7674,3.0,2.0,4.0,3.0
51143,3.2,2.8,4.1,3.37
1978,3.2,2.1,4.5,3.27
8745,3.2,2.8,4.1,3.37
12984,3.2,2.5,4.1,3.27
64011,3.0,2.5,4.0,3.17
25667,2.5,2.0,4.5,3.0
23409,3.2,2.8,3.5,3.17
55367,3.2,2.5,4.1,3.27
34924,2.1,1.8,4.5,2.8
67275,3.2,2.5,4.1,3.27
60081,3.2,3.5,4.1,3.6
58184,3.2,2.8,4.1,3.37
66274,3.0,2.5,4.0,3.17
15745,3.0,2.5,4.0,3.17
17544,4.2,3.8,2.5,3.5
58914,3.5,3.0,4.0,3.5
13640,2.1,1.8,4.5,2.8
26277,3.2,2.5,4.1,3.27
51011,3.2,2.1,4.5,3.27
19922,2.1,1.5,4.8,2.8
64956,2.1,1.8,4.5,2.8
64140,3.2,3.5,4.1,3.6
2928,3.2,2.5,4.1,3.27
1091,2.5,2.0,4.5,3.0
32988,2.5,2.0,4.0,2.83
55954,3.5,3.0,4.2,3.57
6751,3.2,2.5,4.1,3.27
17472,2.1,1.8,4.5,2.8
30366,3.2,2.8,4.1,3.37
9118,3.2,2.8,4.1,3.37
41260,3.5,3.0,4.2,3.57
11490,3.5,2.8,4.2,3.5
32260,2.1,2.4,4.2,2.9
24028,3.5,3.0,4.2,3.57
58940,4.2,3.5,2.1,3.27
45657,2.1,1.5,4.8,2.8
24208,4.5,4.0,2.0,3.5
23684,3.5,2.8,4.2,3.5
46189,3.2,2.5,4.1,3.27
44654,3.2,2.8,4.1,3.37
59602,2.5,2.0,4.5,3.0
6893,3.2,2.5,4.1,3.27
7397,3.2,2.8,4.1,3.37
42032,3.5,3.0,2.5,3.0
51135,3.5,3.2,4.1,3.6
9696,4.5,4.0,2.0,3.5
19445,3.5,3.0,4.2,3.57
56034,2.1,1.8,4.5,2.8
56268,2.1,1.8,4.5,2.8
54240,2.5,2.0,4.0,2.83
11200,3.5,3.0,4.2,3.57
35093,3.5,3.0,4.2,3.57
4852,2.5,2.0,4.5,3.0
53915,3.2,2.8,4.1,3.37
44877,2.1,1.8,4.5,2.8
12898,4.5,4.0,2.0,3.5
27100,2.5,1.8,4.2,2.83
21506,3.2,2.8,4.1,3.37
14004,3.5,4.0,3.2,3.57
29039,3.2,2.5,4.1,3.27
23479,3.2,2.5,4.1,3.27
62109,3.2,2.5,4.1,3.27
56130,3.2,2.8,4.1,3.37
50766,4.2,3.8,2.1,3.37
28190,2.1,1.8,4.5,2.8
13551,3.5,2.8,4.2,3.5
40850,3.2,2.8,4.1,3.37
53283,2.1,1.8,4.5,2.8
10562,3.5,3.0,4.2,3.57
14451,3.2,2.8,4.1,3.37
8131,3.2,2.8,4.1,3.37
53699,2.5,2.0,4.0,2.83
28192,3.0,2.5,4.0,3.17
53880,3.2,2.1,1.8,2.37
66230,3.5,3.0,4.0,3.5
53680,4.2,3.5,2.1,3.27
68640,3.2,2.5,4.1,3.27
17262,3.2,2.5,4.1,3.27
11262,2.45,2.1,4.8,3.12
29577,3.2,2.8,4.1,3.37
52955,3.2,2.8,4.1,3.37
35727,3.2,2.8,4.1,3.37
68661,2.1,2.4,4.2,2.9
35356,2.5,1.8,4.2,2.83
4372,4.2,3.8,2.5,3.5
68186,3.2,2.8,4.1,3.37
16658,3.5,2.8,4.2,3.5
9841,3.2,2.8,3.5,3.17
42157,3.2,2.1,4.5,3.27
49399,3.2,2.5,4.1,3.27
45223,3.2,2.8,4.1,3.37
68493,3.2,2.5,4.1,3.27
22593,2.5,2.0,4.5,3.0
23361,2.45,2.1,4.8,3.12
432,3.5,2.0,4.0,3.17
40394,3.1,2.4,4.2,3.23
47097,3.2,2.8,4.1,3.37
57135,2.1,1.5,4.8,2.8
11414,3.2,2.8,3.5,3.17
12668,3.2,2.5,4.1,3.27
67036,3.2,2.5,4.1,3.27
70963,3.5,2.8,3.2,3.17
30354,3.2,2.8,4.1,3.37
32363,3.5,3.0,4.2,3.57
42533,4.2,3.8,3.1,3.7
362,3.2,2.8,4.1,3.37
59232,2.5,2.0,4.2,2.9
2060,2.1,1.8,4.5,2.8
1120,4.2,3.5,2.8,3.5
33219,3.0,2.5,4.0,3.17
55277,3.2,2.1,4.5,3.27
33545,2.5,2.0,4.2,2.9
33756,3.2,2.5,4.1,3.27
5129,3.2,2.5,4.1,3.27
30188,3.5,3.0,4.2,3.57
25849,3.2,2.5,4.1,3.27
43240,3.2,2.8,4.1,3.37
28500,3.5,2.8,4.2,3.5
63579,3.2,2.8,4.1,3.37
14129,2.45,1.8,4.12,2.79
51331,3.2,2.5,4.1,3.27
27235,3.5,3.0,4.2,3.57
35792,3.2,2.1,4.5,3.27
63793,3.5,2.8,4.2,3.5
1195,2.1,1.5,4.8,2.8
4673,3.5,4.0,3.2,3.57
28798,4.2,3.8,3.1,3.7
69397,3.5,3.0,4.2,3.57
20240,2.4,2.1,4.8,3.1
32891,2.1,1.8,4.5,2.8
36164,3.5,2.8,4.2,3.5
53457,3.2,2.5,4.1,3.27
19178,4.2,3.8,3.1,3.7
72137,2.1,1.8,4.5,2.8
58274,3.5,2.8,4.2,3.5
3545,3.5,3.0,4.2,3.57
44490,3.2,3.5,4.1,3.6
54840,2.1,1.8,4.5,2.8
5043,2.1,1.8,4.5,2.8
51316,3.2,2.8,4.1,3.37
55456,3.5,2.8,4.2,3.5
25225,4.2,3.8,3.5,3.83
37728,3.2,2.8,4.1,3.37
26109,3.5,2.8,4.2,3.5
47861,4.2,3.1,2.5,3.27
20308,2.5,3.0,4.2,3.23
3834,3.2,2.8,4.1,3.37
30832,3.5,2.8,4.2,3.5
49957,2.5,2.0,4.0,2.83
32087,3.5,2.8,4.2,3.5
39831,3.2,2.8,3.5,3.17
45925,3.5,2.0,4.5,3.33
18803,3.0,2.5,4.0,3.17
23889,3.2,2.5,4.1,3.27
5314,3.2,2.5,4.1,3.27
19258,3.5,3.0,4.0,3.5
48386,3.2,2.5,4.1,3.27
45871,3.5,2.0,4.5,3.33
70925,2.1,1.8,4.5,2.8
62793,2.1,1.8,4.5,2.8
23596,3.2,2.8,4.1,3.37
19230,,,,
30619,2.4,2.1,4.8,3.1
55578,4.2,3.5,3.8,3.83
56666,2.5,2.0,4.5,3.0
44689,3.5,2.0,4.0,3.17
19032,3.5,2.8,4.2,3.5
66416,2.1,1.5,4.8,2.8
916,3.2,2.8,4.1,3.37
19730,2.1,1.5,4.8,2.8
53402,3.2,2.1,4.5,3.27
47360,3.2,2.5,4.1,3.27
20671,3.2,2.5,4.1,3.27
31187,3.5,3.0,4.0,3.5
1453,3.2,2.8,4.1,3.37
46880,3.5,2.8,4.2,3.5
4531,3.5,3.0,4.0,3.5
57595,3.5,2.8,4.2,3.5
17917,2.1,1.8,4.2,2.7
22454,3.2,2.8,4.1,3.37
31194,2.1,1.5,4.8,2.8
65414,2.5,2.0,4.5,3.0
19755,3.2,2.8,4.1,3.37
581,3.5,3.0,4.2,3.57
69644,3.2,2.5,4.1,3.27
60573,3.2,2.5,4.1,3.27
7427,3.2,2.8,3.5,3.17
37528,3.5,2.8,4.2,3.5
37350,2.1,1.8,4.5,2.8
3025,4.2,3.8,2.1,3.37
39446,4.2,3.8,2.1,3.37
59307,3.5,3.0,2.0,2.83
6425,3.2,2.8,3.5,3.17
52054,2.1,1.8,4.5,2.8
58831,2.1,1.8,4.5,2.8
28345,2.1,2.4,4.2,2.9
20255,3.2,2.5,4.1,3.27
61489,4.2,3.8,2.1,3.37
6914,2.15,1.8,4.65,2.87
17177,3.2,2.8,4.1,3.37
18790,2.1,1.8,4.2,2.7
22492,3.5,3.0,4.2,3.57
11721,3.2,2.8,4.1,3.37
60375,3.5,3.0,4.2,3.57
50400,3.2,2.8,4.1,3.37
50704,2.1,1.8,4.5,2.8
27874,3.2,3.5,2.8,3.17
49970,3.2,2.8,4.1,3.37
47502,4.2,3.1,2.5,3.27
50423,2.4,2.1,4.2,2.9
25489,2.4,2.1,4.2,2.9
68807,2.1,1.8,4.5,2.8
8318,2.1,1.8,4.5,2.8
6619,3.2,2.5,4.1,3.27
55507,2.1,1.5,4.8,2.8
11715,3.2,2.8,4.1,3.37
71073,3.2,2.8,4.1,3.37
15321,2.1,1.5,4.8,2.8
55554,3.5,2.8,4.2,3.5
69055,3.2,2.5,4.1,3.27
4162,4.2,3.1,2.8,3.37
71137,3.2,2.8,4.1,3.37
43304,3.2,2.1,4.5,3.27
65840,3.5,3.0,4.2,3.57
49906,4.2,3.8,3.1,3.7
41111,2.1,1.8,4.2,2.7
57106,3.2,2.5,4.1,3.27
52965,3.2,2.5,4.1,3.27
7433,3.2,2.5,4.1,3.27
22444,3.5,2.0,4.0,3.17
35810,2.5,2.0,4.5,3.0
42635,3.2,2.5,4.1,3.27
41433,3.5,2.8,4.2,3.5
19194,2.1,1.5,4.8,2.8
21047,3.2,2.5,4.1,3.27
23013,4.2,3.8,3.1,3.7
25157,3.2,2.8,4.1,3.37
70357,2.0,1.5,4.5,2.67
37175,2.5,2.0,4.0,2.83
66943,3.2,2.5,4.1,3.27
10990,3.2,2.8,4.1,3.37
281,2.1,1.8,4.5,2.8
37468,3.5,3.0,2.5,3.0
24931,3.2,3.5,3.8,3.5
59097,3.5,3.0,4.0,3.5
54428,3.5,2.8,4.2,3.5
23626,2.1,1.8,4.5,2.8
60084,3.2,2.8,4.1,3.37
23730,3.5,2.0,4.0,3.17
14423,3.2,2.5,4.1,3.27
21965,3.5,3.0,4.0,3.5
3920,2.5,2.0,4.5,3.0
50710,2.1,1.8,4.5,2.8
6629,3.0,2.5,4.0,3.17
55537,4.5,4.0,1.5,3.33
31774,3.2,2.8,4.1,3.37
40368,3.1,2.8,4.2,3.37
26507,3.2,2.8,4.1,3.37
38412,2.5,2.0,4.5,3.0
36940,3.2,2.8,4.1,3.37
7716,3.5,3.0,4.2,3.57
94,2.1,1.8,4.5,2.8
50136,3.2,2.8,4.1,3.37
66850,3.2,2.5,4.1,3.27
64436,2.1,1.5,4.8,2.8
8702,3.2,2.5,4.1,3.27
57642,3.2,2.1,4.5,3.27
30863,2.5,1.8,4.2,2.83
36245,3.5,4.0,3.2,3.57
50373,3.2,2.8,4.1,3.37
59105,3.2,2.8,3.5,3.17
47804,3.2,2.8,4.1,3.37
70729,3.2,2.5,4.1,3.27
45545,3.5,3.0,2.5,3.0
44781,2.1,1.8,4.5,2.8
52350,3.5,2.8,4.2,3.5
56605,4.5,3.0,1.0,2.83
61972,3.2,2.5,4.1,3.27
12593,3.2,2.8,4.1,3.37
44487,4.2,3.5,2.1,3.27
17351,3.2,2.8,3.5,3.17
39997,3.2,2.5,4.1,3.27
4033,2.1,1.8,4.5,2.8
64614,2.1,1.8,4.5,2.8
12831,2.5,2.0,4.5,3.0
26443,2.1,1.5,4.8,2.8
44363,2.5,2.0,4.5,3.0
45649,2.5,2.0,4.0,2.83
36333,2.45,2.1,4.8,3.12
58633,2.1,1.8,4.5,2.8
12638,3.2,2.5,4.1,3.27
46903,3.2,2.8,3.5,3.17
35807,2.1,1.8,4.5,2.8
4421,2.1,1.8,4.5,2.8
8068,3.5,4.0,2.0,3.17
9019,3.2,2.8,3.5,3.17
69174,2.5,2.0,4.0,2.83
22808,3.2,2.5,4.1,3.27
29494,2.5,1.8,4.2,2.83
39216,2.1,1.8,4.5,2.8
7217,3.5,3.0,4.0,3.5
30322,3.0,2.5,4.0,3.17
61135,2.5,2.0,4.0,2.83
64650,3.5,3.0,4.0,3.5
29162,3.2,2.1,4.5,3.27
4061,2.1,1.5,4.8,2.8
2124,3.2,2.5,4.1,3.27
38070,2.5,2.0,4.5,3.0
29695,3.2,2.1,4.5,3.27
50476,3.2,2.5,4.1,3.27
66377,3.2,2.8,4.1,3.37
55669,3.2,2.8,4.1,3.37
44260,3.2,2.8,4.1,3.37
8625,2.5,2.0,4.0,2.83
40753,3.5,2.8,4.2,3.5
68432,2.1,1.5,4.8,2.8
52757,3.2,2.4,4.1,3.23
40000,3.5,3.0,2.0,2.83
16074,3.2,2.5,4.1,3.27
57792,3.2,2.5,4.1,3.27
4320,3.5,3.0,4.2,3.57
17595,3.2,2.5,4.1,3.27
22139,2.5,2.0,4.0,2.83
61465,3.5,3.0,4.2,3.57
4868,3.2,2.5,4.1,3.27
56105,3.5,3.0,4.2,3.57
46188,2.1,1.8,4.2,2.7
19036,2.5,3.0,4.0,3.17
36179,3.5,2.8,3.2,3.17
71193,3.5,3.0,4.2,3.57
31670,2.5,2.0,4.2,2.9
39951,2.5,1.8,4.2,2.83
11643,3.1,2.4,4.2,3.23
22077,3.2,2.5,4.1,3.27
40134,3.5,3.0,4.2,3.57
48975,2.1,1.5,4.8,2.8
57146,3.2,2.8,3.5,3.17
23566,4.2,3.5,3.1,3.6
70227,2.5,3.0,4.0,3.17
16050,3.5,3.0,4.2,3.57
66866,3.2,2.8,3.5,3.17
6772,3.2,2.8,4.1,3.37
55802,3.2,2.8,4.1,3.37
52906,3.1,2.4,4.2,3.23
57069,2.1,1.8,4.5,2.8
62562,2.1,1.8,4.2,2.7
2106,3.2,2.5,4.1,3.27
57528,3.5,4.0,2.0,3.17
58486,2.5,2.0,4.5,3.0
18264,2.5,1.8,4.2,2.83
70138,2.5,2.0,4.5,3.0
17653,3.5,2.0,4.0,3.17
56730,3.2,2.5,4.1,3.27
39857,3.5,3.0,2.0,2.83
51873,2.1,1.8,4.5,2.8
34254,4.2,3.5,2.8,3.5
15692,3.2,2.5,4.1,3.27
6693,2.5,2.0,4.0,2.83
56793,3.5,2.8,3.2,3.17
35572,3.2,2.8,4.1,3.37
58086,3.2,2.8,4.1,3.37
62222,2.45,2.1,4.8,3.12
43915,2.5,1.8,4.2,2.83
50406,3.2,2.8,4.1,3.37
20782,3.5,3.0,4.2,3.57
35230,3.5,4.0,2.0,3.17
71548,3.2,2.1,4.5,3.27
35350,3.5,2.8,4.2,3.5
711,2.1,1.8,4.5,2.8
60762,1.5,1.0,4.5,2.33
21547,3.2,2.8,4.1,3.37
32471,3.2,2.8,4.1,3.37
47403,2.1,1.5,4.8,2.8
53646,3.2,2.8,4.1,3.37
20098,3.5,3.0,4.0,3.5
20936,2.45,2.1,4.8,3.12
19696,3.2,2.5,4.1,3.27
66060,3.5,3.0,4.2,3.57
72050,2.1,1.5,4.8,2.8
57108,3.2,2.5,4.1,3.27
13413,3.5,3.0,4.2,3.57
37891,3.5,3.0,4.2,3.57
3056,3.2,2.8,4.1,3.37
30653,3.5,3.0,4.2,3.57
7057,2.1,1.8,4.2,2.7
60785,4.2,3.5,2.1,3.27
39648,2.1,1.5,4.8,2.8
29344,3.5,3.0,4.2,3.57
51372,2.1,1.8,4.2,2.7
22209,3.2,2.5,3.8,3.17
17865,3.2,2.8,4.1,3.37
18792,4.5,3.0,2.0,3.17
23628,2.1,1.8,4.5,2.8
10210,3.2,2.5,4.1,3.27
51107,3.5,3.0,4.0,3.5
6057,3.5,3.0,4.2,3.57
26914,2.1,1.8,4.5,2.8
10814,3.2,2.1,4.5,3.27
40433,3.2,2.8,4.1,3.37
43015,2.1,1.8,4.5,2.8
43078,2.5,2.0,4.0,2.83
46006,3.5,2.8,4.2,3.5
63274,3.5,3.0,4.2,3.57
10362,3.2,2.5,4.1,3.27
50139,3.2,2.8,4.1,3.37
42760,4.5,4.0,1.5,3.33
25960,3.2,2.8,4.1,3.37
24566,3.2,2.8,3.5,3.17
8035,3.2,2.5,4.1,3.27
53643,3.5,3.0,4.2,3.57
41559,2.1,2.4,4.2,2.9
8801,2.5,2.0,4.0,2.83
37270,3.2,2.8,4.1,3.37
39379,3.2,2.1,4.5,3.27
15316,3.2,2.5,4.1,3.27
49670,2.5,2.0,4.2,2.9
49590,3.2,2.5,4.1,3.27
66549,2.1,1.5,4.8,2.8
2638,3.5,2.8,4.2,3.5
46244,3.2,2.5,4.1,3.27
28650,3.2,2.1,4.5,3.27
68447,3.2,2.8,4.1,3.37
9931,3.2,2.8,3.5,3.17
46893,3.5,3.0,4.2,3.57
6414,4.2,3.5,2.1,3.27
64492,3.5,3.2,4.1,3.6
69728,3.2,2.5,4.1,3.27
1324,3.1,2.4,4.2,3.23
22498,3.2,2.8,4.1,3.37
19960,3.2,3.5,2.8,3.17
13672,2.5,1.8,4.2,2.83
53188,2.1,1.8,4.5,2.8
33354,3.2,3.5,4.1,3.6
12436,3.5,3.0,4.2,3.57
19746,4.2,3.5,2.1,3.27
12144,2.4,2.1,4.8,3.1
54165,3.2,2.8,4.1,3.37
48178,3.1,2.4,4.2,3.23
65321,3.5,2.8,3.2,3.17
49806,3.2,2.5,4.1,3.27
9751,1.5,1.2,4.8,2.5
32214,3.2,2.8,4.1,3.37
15886,3.2,2.8,4.1,3.37
13248,3.2,3.5,4.1,3.6
17325,2.45,2.1,4.8,3.12
37704,3.5,3.2,4.1,3.6
2204,3.2,2.5,4.1,3.27
20881,3.2,2.8,3.5,3.17
54474,4.2,3.5,2.8,3.5
29061,3.2,2.8,4.1,3.37
50349,2.1,1.8,4.5,2.8
7236,3.2,2.8,4.1,3.37
55790,3.2,2.5,3.8,3.17
56333,2.1,1.5,4.8,2.8
49267,3.2,2.8,4.1,3.37
47825,2.1,1.8,4.5,2.8
61997,3.5,2.8,4.2,3.5
47201,2.1,1.85,4.6,2.85
67579,3.1,2.4,4.2,3.23
66923,3.5,3.0,4.2,3.57
59535,3.5,2.1,4.2,3.27
48250,3.2,2.5,4.1,3.27
34086,2.1,1.5,4.8,2.8
68472,3.5,3.0,2.0,2.83
16250,2.1,1.5,4.8,2.8
60779,2.1,1.8,4.5,2.8
29997,2.1,1.8,4.2,2.7
31605,2.1,1.8,4.2,2.7
34604,3.2,2.5,4.1,3.27
35247,3.5,2.8,4.2,3.5
64148,2.1,1.8,4.5,2.8
14514,3.2,2.8,4.1,3.37
60125,4.5,4.0,2.0,3.5
38396,3.2,2.8,4.1,3.37
65656,3.2,2.8,3.5,3.17
4645,4.2,3.8,3.1,3.7
14339,3.2,2.8,4.1,3.37
29598,2.5,2.0,4.5,3.0
41238,3.2,2.8,3.5,3.17
18980,3.2,2.5,4.1,3.27
18170,3.5,3.0,4.2,3.57
56006,2.1,1.8,4.5,2.8
2840,3.2,2.8,4.1,3.37
32080,2.5,3.0,4.5,3.33
44892,4.2,3.5,2.8,3.5
37511,3.2,2.5,4.1,3.27
44743,3.0,2.5,4.0,3.17
24078,3.2,2.8,3.5,3.17
56087,3.2,2.5,4.1,3.27
24030,3.5,3.0,4.2,3.57
50405,4.5,4.0,2.0,3.5
13887,4.5,4.0,2.0,3.5
17350,3.2,2.8,3.5,3.17
47770,3.2,3.5,3.8,3.5
9941,3.2,2.8,4.1,3.37
51530,4.2,3.5,3.8,3.83
45004,3.2,2.1,4.5,3.27
15883,3.5,2.0,4.0,3.17
42088,3.2,2.8,4.1,3.37
57898,3.2,2.5,4.1,3.27
55588,3.5,2.8,4.2,3.5
4991,2.1,1.8,4.2,2.7
62049,3.2,2.8,3.5,3.17
56765,2.1,1.5,4.8,2.8
29250,3.2,2.5,4.1,3.27
3838,3.2,2.1,4.5,3.27
50201,3.0,2.5,4.0,3.17
31115,2.5,2.0,4.5,3.0
27387,2.5,2.0,4.5,3.0
68157,2.5,2.0,4.5,3.0
48,2.5,2.0,4.5,3.0
7181,2.1,1.5,4.8,2.8
33660,3.2,2.8,4.1,3.37
18668,3.2,2.8,4.1,3.37
50545,2.5,2.0,4.2,2.9
47229,3.1,2.8,4.2,3.37
42940,4.5,4.0,1.5,3.33
44425,2.1,1.8,4.5,2.8
58226,2.1,1.8,4.5,2.8
51729,3.2,2.8,3.5,3.17
68700,3.2,2.8,4.1,3.37
42700,3.2,2.1,4.5,3.27
63312,3.2,2.8,3.5,3.17
22147,3.1,2.4,4.2,3.23
50236,3.5,3.0,4.2,3.57
25604,2.1,1.5,4.8,2.8
56884,3.0,2.5,4.0,3.17
29448,2.5,2.0,4.2,2.9
23030,3.0,2.5,4.0,3.17
10095,4.5,4.0,1.5,3.33
17906,3.2,2.8,4.1,3.37
11587,3.5,3.0,4.2,3.57
40846,3.5,2.8,4.2,3.5
51312,3.2,2.5,4.1,3.27
62578,3.2,2.5,4.1,3.27
17889,2.5,2.0,4.0,2.83
58776,4.5,4.0,2.0,3.5
23922,3.2,2.8,4.1,3.37
62759,3.2,2.8,4.1,3.37
50607,4.2,3.8,3.1,3.7
37564,3.2,2.8,4.1,3.37
66210,2.1,1.5,4.8,2.8
13029,3.2,2.8,4.1,3.37
32378,3.2,2.5,4.1,3.27
33396,3.5,2.8,4.2,3.5
47080,4.2,3.5,3.8,3.83
63184,2.45,2.1,4.3,2.95
52094,2.1,1.8,4.2,2.7
24235,2.5,2.0,4.2,2.9
10755,3.2,2.8,4.1,3.37
52304,3.2,2.8,3.5,3.17
23518,3.2,2.5,4.1,3.27
55672,3.2,2.1,1.8,2.37
28892,3.5,3.0,4.2,3.57
2704,3.2,2.8,3.5,3.17
62170,2.1,1.8,4.5,2.8
14531,2.5,2.0,4.2,2.9
30541,2.5,2.0,4.0,2.83
30054,2.1,1.5,4.8,2.8
43591,3.5,3.0,4.2,3.57
72129,3.5,3.0,4.2,3.57
317,2.4,2.1,4.2,2.9
60675,3.2,2.5,4.1,3.27
10385,2.1,1.8,4.5,2.8
68612,3.2,2.8,4.1,3.37
55410,3.2,2.8,4.1,3.37
32347,2.5,2.0,4.5,3.0
68434,2.1,1.8,4.5,2.8
36362,4.2,3.8,3.1,3.7
66745,3.2,2.5,4.1,3.27
4762,3.2,2.5,4.1,3.27
66423,3.2,2.5,4.1,3.27
11929,3.5,2.2,4.1,3.27
64930,3.2,2.5,4.1,3.27
8225,3.2,2.5,4.1,3.27
749,2.5,2.0,4.5,3.0
32164,4.5,4.0,2.0,3.5
6504,2.1,1.8,4.5,2.8
