screen_id,usability,layout_quality,visual_complexity,screen_mean
52214,2.5,2.0,3.5,2.67
17476,2.1,2.5,3.8,2.8
1165,3.2,3.5,3.8,3.5
59041,3.2,2.8,3.5,3.17
2844,3.1,3.4,3.8,3.43
26390,2.5,2.0,3.5,2.67
24971,3.5,3.0,4.0,3.5
19321,3.5,3.2,3.8,3.5
58713,4.5,4.0,4.8,4.43
16870,3.5,4.0,2.0,3.17
54764,2.1,2.4,3.8,2.77
58988,3.5,3.2,3.8,3.5
68868,3.5,3.2,3.8,3.5
46124,4.2,3.8,4.5,4.17
15815,3.2,3.5,3.8,3.5
48987,3.2,2.5,4.1,3.27
38037,2.5,2.0,3.5,2.67
12105,4.2,3.8,4.5,4.17
1197,3.2,2.5,4.1,3.27
16286,2.5,2.0,3.0,2.5
24676,2.1,2.4,3.8,2.77
2560,2.5,2.0,3.0,2.5
43510,3.5,3.0,2.5,3.0
4972,1.5,2.0,4.5,2.67
11742,4.2,3.8,4.5,4.17
47138,3.2,3.0,4.5,3.57
2336,3.5,3.0,4.5,3.67
57382,3.5,3.0,4.0,3.5
52984,4.2,3.5,1.1,2.93
56432,4.2,3.5,4.8,4.17
46098,4.2,3.8,4.5,4.17
37888,3.2,3.5,3.8,3.5
24791,2.1,2.4,3.8,2.77
39834,2.5,2.0,3.0,2.5
48913,3.2,3.5,3.8,3.5
28655,4.2,3.8,4.5,4.17
63417,3.5,3.0,3.2,3.23
67317,2.5,2.0,3.0,2.5
10418,2.5,2.0,3.0,2.5
60148,3.5,3.0,4.0,3.5
63171,4.5,4.0,1.5,3.33
20767,2.1,2.5,3.8,2.8
56231,2.1,2.5,4.2,2.93
3808,3.5,3.0,4.0,3.5
32799,3.5,3.0,4.0,3.5
28634,2.1,1.5,4.2,2.6
20505,2.1,2.5,3.8,2.8
24466,4.0,3.5,4.5,4.0
8102,3.5,3.0,3.2,3.23
60444,2.1,2.5,3.8,2.8
32555,3.5,3.0,3.2,3.23
16853,2.5,3.0,2.0,2.5
16226,2.1,2.4,3.8,2.77
35308,3.5,3.0,2.0,2.83
16480,1.5,2.0,1.0,1.5
3400,2.1,2.5,3.8,2.8
65930,2.5,3.0,4.0,3.17
33029,2.5,2.0,3.5,2.67
49832,3.2,3.5,4.1,3.6
27726,1.5,2.0,1.0,1.5
63252,2.0,2.5,1.0,1.83
12896,3.2,3.5,4.1,3.6
58264,4.5,4.0,1.5,3.33
40482,3.2,3.5,3.8,3.5
4555,3.5,3.0,3.2,3.23
18361,3.2,3.0,3.5,3.23
911,4.5,4.0,3.5,4.0
7079,2.5,2.0,3.5,2.67
35220,3.2,3.5,4.8,3.83
15280,3.5,3.0,4.0,3.5
46547,3.5,3.0,3.2,3.23
29617,2.1,2.5,3.8,2.8
64763,2.5,3.0,4.0,3.17
51510,2.1,2.5,3.8,2.8
50826,3.5,3.0,2.0,2.83
68408,4.5,4.0,1.5,3.33
66845,3.5,3.0,2.5,3.0
34176,3.5,3.0,4.5,3.67
48130,3.5,3.2,3.0,3.23
22954,3.2,2.5,3.8,3.17
56632,3.5,3.0,3.2,3.23
14665,3.5,3.0,2.5,3.0
13049,3.5,3.0,3.2,3.23
53758,2.1,2.5,3.8,2.8
25264,3.5,4.0,3.0,3.5
6107,3.5,3.0,2.0,2.83
29381,2.1,2.5,3.8,2.8
9905,4.2,3.5,4.8,4.17
15340,3.5,3.0,4.0,3.5
66436,4.5,4.0,4.8,4.43
25609,3.2,3.5,3.8,3.5
67140,3.5,3.0,4.0,3.5
16753,2.5,3.0,4.5,3.33
3532,3.2,3.5,2.1,2.93
28641,3.2,3.0,3.5,3.23
40118,2.5,2.0,1.5,2.0
51983,2.1,1.5,3.2,2.27
65057,3.2,3.0,4.5,3.57
34368,3.5,3.0,3.2,3.23
20968,2.1,2.4,3.8,2.77
34706,3.2,3.5,2.8,3.17
3375,2.5,3.0,4.0,3.17
24058,2.1,1.8,4.2,2.7
54358,3.5,3.0,4.0,3.5
27880,4.0,4.5,1.0,3.17
56461,3.5,3.0,4.0,3.5
71744,3.5,3.0,4.0,3.5
55214,3.5,3.0,2.0,2.83
52874,4.2,3.8,2.1,3.37
14790,3.5,3.0,4.0,3.5
50219,3.5,3.0,2.0,2.83
5194,3.5,3.8,3.2,3.5
21568,3.2,3.0,4.1,3.43
45392,3.5,3.0,4.0,3.5
58223,2.1,2.5,3.8,2.8
26385,3.5,3.0,2.5,3.0
21012,2.1,2.5,3.8,2.8
40664,3.5,3.0,4.0,3.5
3528,3.5,3.0,3.2,3.23
28107,3.2,2.5,3.8,3.17
70985,3.2,3.5,2.1,2.93
52267,3.5,3.0,2.5,3.0
55555,2.1,2.4,3.8,2.77
46858,4.5,4.0,4.8,4.43
24742,2.1,2.5,3.8,2.8
55294,2.1,2.5,3.8,2.8
31727,3.5,3.0,4.5,3.67
65628,3.2,3.5,2.8,3.17
60766,4.5,4.0,4.8,4.43
61284,3.2,2.8,3.5,3.17
13729,3.5,3.0,2.5,3.0
25333,4.5,3.8,1.5,3.27
64256,4.0,4.5,1.0,3.17
12124,2.1,2.5,3.8,2.8
63120,3.5,3.2,3.8,3.5
31053,3.5,3.0,2.0,2.83
36688,3.5,3.0,4.5,3.67
27926,2.1,2.4,4.2,2.9
14426,4.5,4.0,2.0,3.5
24148,3.2,3.0,4.1,3.43
70167,2.5,2.0,3.0,2.5
7224,2.5,2.0,1.0,1.83
47510,3.2,3.5,2.8,3.17
67764,2.5,2.0,3.5,2.67
5750,3.5,3.0,4.2,3.57
30999,3.5,3.0,1.5,2.67
24252,3.2,3.0,2.5,2.9
53347,3.5,3.2,2.8,3.17
43113,3.2,3.0,2.5,2.9
36338,2.1,2.5,3.8,2.8
6836,3.5,3.0,4.5,3.67
7027,3.5,4.0,4.5,4.0
52498,4.5,4.0,2.0,3.5
40447,3.2,3.5,4.1,3.6
19589,4.0,3.5,4.5,4.0
27748,4.5,4.0,2.0,3.5
19327,2.5,2.0,3.5,2.67
26498,2.1,2.5,3.8,2.8
59269,4.2,3.5,2.1,3.27
47149,3.2,3.0,3.5,3.23
4572,3.5,4.0,1.5,3.0
27614,2.5,2.0,3.0,2.5
59392,2.1,1.8,3.5,2.47
48628,3.2,3.0,4.5,3.57
38465,3.2,3.5,4.1,3.6
69226,3.5,3.0,4.5,3.67
48551,3.2,3.5,3.8,3.5
36583,2.5,2.0,3.5,2.67
34197,3.5,3.0,2.5,3.0
24725,2.1,1.5,1.2,1.6
19243,4.2,3.8,4.5,4.17
43780,4.5,4.0,2.0,3.5
42764,1.5,3.0,2.5,2.33
16102,3.2,3.0,2.5,2.9
59946,3.2,3.5,2.8,3.17
13128,3.5,3.0,3.2,3.23
66790,2.5,2.0,3.0,2.5
17370,3.2,3.1,3.5,3.27
20314,4.2,3.8,2.1,3.37
51437,3.2,2.8,3.5,3.17
20787,2.1,2.5,3.8,2.8
62285,3.5,3.0,4.5,3.67
54995,2.5,3.0,3.5,3.0
38051,2.1,1.5,4.2,2.6
49356,1.5,2.0,4.5,2.67
14255,2.5,3.0,3.5,3.0
35616,3.2,2.8,3.5,3.17
35410,3.5,3.0,4.0,3.5
49325,4.2,3.8,4.5,4.17
41043,3.5,3.0,2.0,2.83
45014,3.2,3.5,3.8,3.5
26807,2.5,3.0,4.5,3.33
8987,3.5,3.0,4.0,3.5
4662,3.5,3.0,4.5,3.67
66769,2.5,3.0,4.5,3.33
72188,3.5,3.0,2.0,2.83
10766,3.2,2.8,3.5,3.17
5498,3.5,3.0,2.5,3.0
57676,1.0,2.0,1.0,1.33
17680,1.0,1.0,1.0,1.0
55067,3.2,3.0,2.5,2.9
68368,4.0,3.5,4.5,4.0
45595,3.5,3.0,3.2,3.23
59643,4.5,4.0,4.8,4.43
27871,3.5,3.0,4.0,3.5
60783,2.5,2.0,3.5,2.67
52325,3.1,3.4,3.8,3.43
32794,3.5,2.8,4.5,3.6
17494,3.5,3.0,2.5,3.0
29637,2.5,3.0,3.5,3.0
38915,4.0,2.0,1.0,2.33
20679,4.5,4.0,2.0,3.5
40137,3.5,2.8,4.2,3.5
10194,2.5,2.0,3.0,2.5
7890,3.2,2.8,3.5,3.17
5776,2.5,2.0,3.5,2.67
67727,3.5,3.0,2.5,3.0
57608,4.2,3.8,3.1,3.7
27653,3.2,3.5,2.8,3.17
9035,3.5,3.0,4.0,3.5
43196,3.0,2.5,1.0,2.17
60343,3.2,3.0,3.5,3.23
22064,2.5,3.0,2.0,2.5
43656,3.5,4.0,4.5,4.0
70129,3.0,3.5,4.5,3.67
17152,3.5,3.0,4.0,3.5
67394,3.5,2.0,4.0,3.17
51293,3.2,3.5,3.8,3.5
29946,2.1,2.5,3.8,2.8
65557,2.1,2.4,3.8,2.77
52187,2.5,2.0,3.5,2.67
43655,4.2,4.0,4.8,4.33
50209,3.5,3.0,2.0,2.83
23363,2.1,2.5,1.8,2.13
9801,3.5,3.0,2.0,2.83
3493,2.5,2.0,3.5,2.67
60380,2.1,2.5,3.2,2.6
20894,3.5,3.0,4.0,3.5
45743,4.5,3.8,2.1,3.47
7871,3.2,3.5,2.8,3.17
6146,3.5,3.0,4.5,3.67
70798,3.5,2.8,2.1,2.8
45126,4.2,3.8,3.5,3.83
70543,3.2,3.5,4.1,3.6
10033,2.1,2.4,3.8,2.77
49515,3.2,3.5,3.8,3.5
31714,3.2,3.5,4.1,3.6
42440,4.2,3.8,3.1,3.7
11286,3.5,3.0,2.5,3.0
17513,2.5,2.1,3.8,2.8
71230,3.2,3.0,2.5,2.9
34257,3.2,2.8,4.1,3.37
67979,3.2,3.0,3.5,3.23
64908,2.1,2.4,3.8,2.77
63230,3.5,3.0,4.5,3.67
30520,3.2,3.5,3.8,3.5
26053,2.1,2.5,1.8,2.13
13871,3.5,3.0,2.5,3.0
26139,4.0,3.5,4.5,4.0
67905,3.2,2.8,3.5,3.17
47521,2.5,2.0,4.5,3.0
7477,3.2,3.5,3.8,3.5
15278,3.5,2.8,4.2,3.5
15712,3.2,2.8,4.1,3.37
58401,3.5,3.0,2.0,2.83
42245,3.5,3.0,2.0,2.83
63879,3.5,3.0,2.0,2.83
14613,3.5,3.0,3.2,3.23
9418,3.2,3.0,2.5,2.9
60257,1.5,2.0,1.0,1.5
45295,3.5,3.0,2.0,2.83
60597,3.5,2.8,3.2,3.17
18417,3.2,3.5,3.8,3.5
18579,3.5,3.0,4.5,3.67
5366,2.1,2.5,3.8,2.8
41533,3.5,3.0,2.0,2.83
7470,4.5,4.0,2.0,3.5
46393,2.0,1.5,1.0,1.5
2114,3.5,3.0,2.0,2.83
27758,2.1,2.4,3.8,2.77
44929,3.2,2.5,4.1,3.27
67512,3.2,3.0,2.5,2.9
5003,3.5,3.0,2.5,3.0
38113,3.5,3.0,4.0,3.5
8539,4.0,3.5,4.5,4.0
24203,4.0,3.5,4.5,4.0
7122,3.5,3.0,4.0,3.5
45739,2.5,2.0,3.0,2.5
59915,3.5,3.2,3.8,3.5
58276,4.5,4.0,1.5,3.33
55664,3.5,3.0,4.0,3.5
23515,3.2,3.5,2.8,3.17
57165,2.1,2.5,3.8,2.8
30793,3.5,3.0,2.0,2.83
36558,4.2,4.5,3.8,4.17
54449,2.5,3.0,3.5,3.0
9972,2.5,3.0,3.5,3.0
34900,4.2,3.8,3.5,3.83
3913,3.5,3.0,4.2,3.57
69333,3.2,3.0,3.5,3.23
44296,3.5,3.8,4.2,3.83
39988,2.1,2.5,3.8,2.8
18105,2.1,2.4,3.8,2.77
26586,4.2,3.8,4.5,4.17
25060,2.1,2.5,3.8,2.8
14287,3.5,3.0,2.5,3.0
32645,3.5,3.0,2.0,2.83
11384,2.5,3.0,3.5,3.0
48854,4.5,4.0,2.0,3.5
46660,2.5,3.0,3.5,3.0
25402,3.5,3.0,2.5,3.0
48862,2.0,1.5,1.0,1.5
24779,2.0,3.0,1.0,2.0
10485,3.2,2.8,4.1,3.37
14764,1.5,2.0,4.0,2.5
56828,3.5,3.0,2.0,2.83
51682,2.1,2.4,3.8,2.77
13927,4.2,3.8,4.5,4.17
25326,2.5,2.0,3.0,2.5
145,3.5,3.0,2.0,2.83
69686,4.2,3.5,2.1,3.27
12070,4.2,3.8,4.5,4.17
667,3.5,3.0,4.0,3.5
32158,3.2,2.8,3.5,3.17
14754,3.5,3.0,4.5,3.67
44089,3.5,2.8,4.2,3.5
25968,3.5,3.2,3.8,3.5
28678,3.2,2.5,4.1,3.27
54284,3.5,3.0,4.0,3.5
4221,3.5,3.0,4.2,3.57
2436,2.5,3.0,4.0,3.17
45735,2.5,2.0,3.0,2.5
18838,3.2,3.5,4.5,3.73
57836,1.5,2.0,4.5,2.67
71673,3.2,3.0,4.5,3.57
68220,3.2,2.5,4.8,3.5
47750,3.2,3.0,3.5,3.23
48062,4.2,3.5,4.8,4.17
41356,3.5,3.0,4.5,3.67
26274,3.2,3.5,3.8,3.5
61826,3.5,3.0,2.0,2.83
41374,3.5,3.0,4.0,3.5
63277,2.5,3.0,2.0,2.5
37076,2.5,3.0,3.5,3.0
22840,2.1,2.4,3.8,2.77
16322,2.5,2.0,3.0,2.5
16497,3.5,3.0,2.5,3.0
53612,2.5,3.0,3.5,3.0
38652,2.1,2.4,3.8,2.77
33689,3.2,3.0,2.5,2.9
38158,3.5,3.0,4.0,3.5
37340,2.1,2.4,3.8,2.77
40981,3.2,3.5,3.8,3.5
66980,3.5,3.2,3.8,3.5
5822,3.2,3.5,3.8,3.5
13618,3.5,3.0,2.0,2.83
54561,2.5,3.0,4.0,3.17
53198,2.5,2.0,3.0,2.5
52762,2.5,3.0,3.5,3.0
16585,3.2,3.5,4.1,3.6
14043,4.2,4.5,4.8,4.5
36777,4.2,4.5,4.8,4.5
58168,2.5,2.0,4.5,3.0
32736,4.0,3.0,1.0,2.67
62838,2.1,2.4,3.8,2.77
66843,2.1,2.4,3.8,2.77
17349,2.5,3.0,4.0,3.17
2663,4.5,4.2,4.8,4.5
22912,3.2,3.5,4.1,3.6
22829,2.5,2.0,3.0,2.5
45553,2.1,2.4,3.8,2.77
39792,2.1,2.4,4.2,2.9
1936,2.5,2.0,3.0,2.5
38034,2.1,2.4,3.8,2.77
22412,3.5,3.2,3.0,3.23
28682,2.5,3.0,3.5,3.0
40687,3.2,3.5,3.8,3.5
267,2.5,3.0,3.5,3.0
67642,3.5,3.0,3.2,3.23
70847,3.5,3.0,2.0,2.83
1505,2.1,2.5,3.8,2.8
39454,3.5,3.0,3.2,3.23
63315,4.2,4.0,3.5,3.9
66807,3.2,3.5,3.8,3.5
66476,4.2,4.5,3.1,3.93
46441,3.5,3.0,2.5,3.0
16555,1.5,1.2,3.8,2.17
13358,3.5,3.0,2.0,2.83
5312,3.2,3.5,3.8,3.5
45822,3.5,3.0,4.5,3.67
65189,3.5,3.0,4.5,3.67
10976,2.5,2.0,4.5,3.0
8859,4.5,4.0,2.0,3.5
1626,3.2,3.5,2.8,3.17
71042,3.5,3.0,2.0,2.83
59810,2.5,2.0,3.5,2.67
66006,3.2,3.5,3.8,3.5
2586,4.2,4.5,4.8,4.5
2123,3.2,3.5,4.1,3.6
37037,3.5,3.0,4.5,3.67
42224,3.2,2.8,3.5,3.17
41911,3.2,2.8,3.5,3.17
2433,3.5,3.0,4.0,3.5
6703,3.5,3.2,3.0,3.23
36680,2.5,3.0,4.0,3.17
69503,3.5,3.0,4.0,3.5
13912,3.5,4.0,2.0,3.17
2111,2.5,2.0,1.5,2.0
35249,4.5,4.0,1.0,3.17
1013,3.2,3.5,3.8,3.5
36007,2.1,2.5,3.8,2.8
27767,3.5,3.0,3.2,3.23
7106,3.5,3.0,2.0,2.83
61791,2.5,3.0,3.5,3.0
61859,2.5,3.0,3.5,3.0
40218,2.1,2.5,3.8,2.8
29123,1.5,1.2,4.5,2.4
38106,2.1,2.4,3.8,2.77
56134,3.1,3.4,2.8,3.1
8109,3.5,3.0,4.5,3.67
58313,3.5,3.2,4.1,3.6
61746,2.5,2.0,3.0,2.5
46782,3.5,3.0,4.0,3.5
53795,3.5,3.0,4.5,3.67
5753,3.2,2.8,4.1,3.37
42286,4.0,3.5,2.0,3.17
20465,2.5,2.0,3.5,2.67
22810,3.2,2.8,4.1,3.37
29831,2.1,2.5,3.8,2.8
24620,4.2,3.8,4.5,4.17
883,4.2,3.8,2.1,3.37
13903,4.2,3.8,3.1,3.7
48264,3.5,3.0,4.5,3.67
58669,4.2,3.5,2.1,3.27
45923,2.1,2.4,3.8,2.77
14063,3.5,3.0,2.0,2.83
59454,3.5,3.0,4.0,3.5
30913,2.5,2.0,3.5,2.67
13825,3.2,3.5,3.8,3.5
1333,3.5,3.0,4.0,3.5
48594,2.5,2.0,3.0,2.5
41630,4.2,3.8,3.5,3.83
43337,3.2,3.5,2.8,3.17
70607,3.5,3.0,2.5,3.0
66271,3.5,3.0,4.5,3.67
45197,2.1,2.5,3.8,2.8
20625,2.5,3.0,3.5,3.0
13808,3.5,3.0,2.5,3.0
8324,2.1,2.5,3.8,2.8
43667,4.2,3.8,4.5,4.17
15360,3.2,2.8,4.1,3.37
66186,1.5,2.0,3.0,2.17
22557,4.2,3.8,4.5,4.17
14572,2.1,2.5,3.8,2.8
49273,2.1,2.4,3.8,2.77
14539,4.2,4.5,3.1,3.93
54672,3.5,3.0,4.5,3.67
66853,2.5,2.0,3.5,2.67
25781,2.5,2.0,3.5,2.67
36856,3.5,3.2,3.0,3.23
18026,3.5,3.0,2.0,2.83
72138,3.5,3.0,4.0,3.5
6874,3.5,2.8,4.2,3.5
47668,3.2,3.5,3.8,3.5
26473,3.5,3.0,2.5,3.0
48248,3.5,3.0,2.0,2.83
49238,3.2,2.8,3.5,3.17
12667,3.5,3.0,4.5,3.67
50884,2.1,2.4,3.8,2.77
15475,1.5,1.2,4.5,2.4
3787,3.2,2.8,3.5,3.17
53486,3.5,3.2,3.8,3.5
48562,2.1,2.5,3.8,2.8
47384,3.5,3.0,2.0,2.83
44625,3.2,3.5,2.8,3.17
31107,3.2,2.5,4.1,3.27
71607,4.2,3.8,4.5,4.17
27492,1.2,1.5,4.8,2.5
23711,3.2,3.5,2.8,3.17
54328,3.5,3.0,2.0,2.83
57393,3.5,3.0,2.5,3.0
30950,3.5,3.2,3.0,3.23
26008,3.2,3.5,3.8,3.5
27791,2.1,2.5,4.2,2.93
36347,4.5,4.0,4.8,4.43
18748,3.5,3.0,4.5,3.67
9690,3.2,3.0,2.5,2.9
5272,3.5,3.0,4.5,3.67
30037,3.5,3.0,2.0,2.83
40349,3.5,3.0,4.0,3.5
31096,3.5,3.0,4.0,3.5
71226,2.5,2.0,3.0,2.5
59706,2.5,2.0,3.5,2.67
71688,3.2,2.5,3.8,3.17
14861,3.2,3.5,3.8,3.5
1062,4.5,4.0,4.8,4.43
40412,3.5,3.0,3.2,3.23
51020,4.2,3.8,4.5,4.17
47250,3.5,4.0,4.5,4.0
16683,3.2,3.0,4.1,3.43
14905,4.5,4.0,4.8,4.43
45634,2.5,2.0,3.0,2.5
24294,3.2,2.5,3.8,3.17
43542,2.5,2.0,3.5,2.67
9582,2.1,2.4,3.8,2.77
18846,2.1,2.5,3.8,2.8
71494,2.5,3.0,3.5,3.0
33353,3.2,3.5,3.8,3.5
68106,2.0,1.5,1.0,1.5
14589,3.5,3.0,4.5,3.67
6801,3.5,3.0,4.0,3.5
26353,3.5,3.0,2.5,3.0
34667,3.5,3.0,4.0,3.5
29107,2.1,2.5,3.8,2.8
20644,4.2,4.5,3.1,3.93
39135,3.5,3.0,4.0,3.5
65034,3.5,3.0,4.0,3.5
4599,3.5,4.0,4.5,4.0
56571,2.1,2.5,3.8,2.8
30199,3.5,3.0,2.0,2.83
50383,3.5,3.0,4.5,3.67
63250,3.5,2.0,4.5,3.33
53235,3.5,3.0,3.2,3.23
45003,3.5,2.8,4.2,3.5
1053,3.5,3.0,4.0,3.5
54217,4.5,4.0,1.5,3.33
63944,2.5,2.0,3.0,2.5
46709,3.5,3.0,3.2,3.23
3000,3.5,3.0,3.2,3.23
71396,3.5,3.2,3.8,3.5
53905,4.5,4.0,1.5,3.33
16958,3.5,3.0,4.0,3.5
71911,3.5,3.0,4.0,3.5
67942,1.5,1.2,4.8,2.5
18965,3.2,3.0,4.1,3.43
27723,1.5,1.2,3.8,2.17
17733,2.1,2.5,3.8,2.8
68691,3.5,3.0,4.0,3.5
17198,2.0,3.0,1.0,2.0
59102,3.5,4.0,4.5,4.0
9785,3.2,3.0,3.5,3.23
20503,3.5,3.0,4.5,3.67
28259,2.1,2.4,3.8,2.77
2890,1.5,1.0,2.0,1.5
49913,3.5,2.0,4.5,3.33
24127,2.5,2.0,3.5,2.67
57482,2.1,2.5,3.8,2.8
3296,3.5,3.0,4.0,3.5
23671,3.0,2.5,4.0,3.17
55514,3.2,3.5,4.1,3.6
51885,1.5,2.0,4.0,2.5
66283,2.1,2.4,4.2,2.9
27691,3.5,3.0,4.5,3.67
43514,3.5,3.0,2.5,3.0
42435,4.2,3.8,3.5,3.83
2679,3.0,3.5,2.0,2.83
69681,2.5,2.0,3.5,2.67
69852,2.1,1.5,3.8,2.47
65839,2.1,1.5,4.2,2.6
13372,2.5,3.0,4.0,3.17
16195,4.5,4.0,4.8,4.43
51888,3.2,2.5,3.0,2.9
964,2.1,2.4,3.8,2.77
64760,2.5,3.0,3.5,3.0
28550,2.5,3.0,2.0,2.5
12936,3.5,3.2,3.0,3.23
10211,2.1,2.5,3.8,2.8
32362,2.5,2.0,3.0,2.5
60941,3.5,3.0,2.5,3.0
18744,3.5,3.0,2.5,3.0
5207,3.5,3.0,4.0,3.5
27565,2.5,2.0,4.5,3.0
20896,3.5,3.0,4.0,3.5
59022,4.2,3.8,3.5,3.83
39377,3.5,3.0,4.0,3.5
46524,3.5,3.0,4.0,3.5
56698,3.2,2.8,3.5,3.17
3842,3.5,3.0,4.0,3.5
47109,3.5,3.0,4.0,3.5
10647,2.5,2.0,3.0,2.5
9732,3.2,3.5,3.0,3.23
15037,3.2,2.8,4.1,3.37
7358,4.2,3.8,4.5,4.17
68264,3.0,2.5,4.0,3.17
55736,2.5,3.0,2.0,2.5
69597,3.5,3.0,4.0,3.5
20009,4.0,4.5,1.5,3.33
46137,2.5,2.0,4.0,2.83
12390,1.0,1.5,2.0,1.5
65098,3.2,3.5,2.8,3.17
34645,3.5,3.0,4.0,3.5
48491,3.2,3.5,4.1,3.6
46576,3.5,3.0,4.0,3.5
19949,2.1,2.4,3.8,2.77
38577,3.5,3.0,2.5,3.0
18522,4.0,3.5,4.5,4.0
12798,3.0,2.5,4.5,3.33
30573,3.5,3.0,2.0,2.83
34357,3.2,3.5,3.8,3.5
69296,2.5,2.0,4.5,3.0
71481,2.5,3.0,3.5,3.0
6254,3.5,4.0,1.5,3.0
9053,3.5,3.0,4.0,3.5
66764,2.1,2.5,3.8,2.8
12676,3.5,3.2,3.8,3.5
69292,2.5,3.0,4.5,3.33
33930,4.5,4.0,4.8,4.43
24092,3.2,2.8,3.5,3.17
55114,2.5,2.0,3.0,2.5
26683,2.1,2.4,3.8,2.77
54161,1.0,1.0,1.0,1.0
16888,3.5,3.2,4.1,3.6
3365,3.5,3.0,3.2,3.23
61552,4.0,3.5,4.5,4.0
47035,3.5,3.0,2.0,2.83
68325,3.5,3.0,3.2,3.23
67658,2.5,2.0,3.5,2.67
37035,2.5,3.0,3.5,3.0
9152,2.5,3.0,3.5,3.0
5099,3.2,3.5,2.8,3.17
59545,3.2,3.5,3.8,3.5
20447,4.5,4.0,4.8,4.43
71005,3.2,2.5,4.5,3.4
71278,4.2,4.5,4.8,4.5
25881,3.5,3.0,4.2,3.57
67027,3.5,3.0,4.0,3.5
20959,4.2,3.8,4.5,4.17
9309,3.5,3.0,4.0,3.5
62780,3.2,3.5,2.8,3.17
6351,2.5,3.0,2.0,2.5
21964,2.5,3.0,1.5,2.33
68145,2.5,3.0,3.5,3.0
37416,3.5,3.0,3.2,3.23
11636,3.5,3.0,2.5,3.0
22114,3.5,3.0,4.0,3.5
58719,3.2,3.5,2.1,2.93
70926,3.5,3.0,4.0,3.5
3228,2.5,3.0,2.0,2.5
61688,2.5,2.0,3.0,2.5
71334,3.2,3.5,2.8,3.17
37382,3.5,3.8,3.2,3.5
62952,2.5,2.0,3.0,2.5
54340,3.2,3.0,2.5,2.9
66994,4.2,4.0,3.5,3.9
58615,4.2,3.8,4.5,4.17
63509,4.5,4.0,3.0,3.83
26600,2.1,2.4,3.8,2.77
27870,4.2,3.8,4.5,4.17
2074,3.2,3.0,3.5,3.23
6200,3.5,4.0,4.5,4.0
56429,3.5,3.0,3.2,3.23
17277,2.1,2.4,3.8,2.77
35475,4.0,3.5,4.5,4.0
67497,2.1,2.5,3.8,2.8
12605,4.5,4.0,4.8,4.43
66631,2.1,2.4,3.8,2.77
41230,2.5,2.0,3.0,2.5
24924,4.5,4.0,4.8,4.43
23402,4.0,3.0,4.5,3.83
63912,3.5,4.0,4.5,4.0
70540,2.1,1.5,3.8,2.47
40547,3.5,3.0,3.2,3.23
33397,3.2,3.5,3.8,3.5
30370,2.5,3.0,4.0,3.17
64169,4.2,4.0,3.5,3.9
62493,1.0,1.0,1.0,1.0
67443,3.5,3.0,4.0,3.5
25240,2.5,2.0,3.0,2.5
24954,2.5,2.0,3.0,2.5
11568,2.5,2.0,3.0,2.5
53676,3.5,4.0,3.0,3.5
23005,3.5,3.0,4.0,3.5
36524,2.5,2.0,3.5,2.67
31987,2.5,2.0,3.5,2.67
28686,3.5,3.0,2.5,3.0
67010,1.5,1.0,4.5,2.33
14634,2.5,2.0,3.0,2.5
8710,1.5,2.0,4.5,2.67
61108,1.5,2.0,3.0,2.17
28729,2.5,2.0,3.0,2.5
33487,4.5,3.8,4.8,4.37
52356,4.2,3.8,4.5,4.17
43773,3.5,3.0,3.2,3.23
3660,3.8,3.5,3.2,3.5
54932,2.5,2.0,4.0,2.83
65680,4.0,3.5,4.5,4.0
45549,2.1,2.4,3.8,2.77
32217,3.5,3.8,4.2,3.83
71931,2.1,2.5,3.8,2.8
11833,3.5,3.0,3.2,3.23
17728,3.5,3.0,2.5,3.0
67820,2.1,2.5,4.2,2.93
8941,3.2,3.5,3.8,3.5
2752,3.5,2.8,1.5,2.6
22059,3.2,2.8,3.5,3.17
48359,3.2,3.5,2.1,2.93
8430,3.2,3.5,3.8,3.5
27782,3.2,3.5,3.8,3.5
12579,2.5,2.0,4.0,2.83
17296,3.2,2.8,3.5,3.17
49366,3.2,2.5,3.0,2.9
38903,4.5,4.0,4.8,4.43
33151,3.5,3.0,4.5,3.67
58187,3.5,4.0,4.5,4.0
61943,1.5,2.0,1.0,1.5
30920,2.1,2.4,3.8,2.77
39020,3.0,2.5,1.5,2.33
50007,3.5,3.0,4.5,3.67
43900,2.5,3.0,4.0,3.17
17749,3.1,2.8,3.5,3.13
35642,2.1,2.4,3.8,2.77
69326,3.5,3.0,4.0,3.5
48085,3.2,3.0,4.1,3.43
22821,3.5,3.0,4.2,3.57
27058,3.5,3.0,2.0,2.83
12953,3.2,3.5,4.1,3.6
56896,3.5,3.0,2.0,2.83
390,3.5,3.0,2.0,2.83
10100,3.5,3.0,4.0,3.5
44438,3.5,3.0,4.0,3.5
70996,2.1,2.4,3.8,2.77
63214,1.2,1.5,4.8,2.5
45685,1.5,2.0,3.0,2.17
55476,3.5,3.0,4.5,3.67
57594,4.2,4.5,2.1,3.6
72014,1.5,2.0,4.5,2.67
59065,3.5,3.2,3.0,3.23
58748,3.5,3.0,4.0,3.5
54386,2.5,2.0,1.5,2.0
2325,3.5,3.0,4.5,3.67
34331,3.2,3.0,3.5,3.23
38667,3.2,3.0,3.5,3.23
1469,4.5,4.0,4.8,4.43
7592,3.5,3.0,4.0,3.5
53963,3.5,3.0,4.0,3.5
70690,2.1,1.5,4.2,2.6
32144,2.5,2.0,3.0,2.5
51142,3.2,3.0,4.1,3.43
30934,3.5,3.0,4.5,3.67
9460,3.5,3.0,3.2,3.23
65961,4.2,3.8,4.5,4.17
1835,3.5,4.0,4.5,4.0
57615,4.2,3.8,4.5,4.17
69360,3.2,2.8,3.5,3.17
30056,3.5,3.0,3.2,3.23
43617,1.1,1.2,4.5,2.27
30636,3.2,3.0,3.5,3.23
54158,3.2,3.5,2.1,2.93
3716,3.1,2.8,3.4,3.1
31860,1.0,1.0,1.0,1.0
36762,3.5,3.0,2.5,3.0
56171,2.1,2.4,3.8,2.77
2977,3.2,2.8,3.5,3.17
46698,4.2,3.8,4.5,4.17
18512,3.5,3.0,4.0,3.5
22927,1.5,2.0,4.5,2.67
37944,3.2,3.0,3.5,3.23
54037,2.1,2.4,3.8,2.77
7202,3.2,3.5,3.0,3.23
35261,2.5,2.0,4.0,2.83
5480,3.5,3.0,2.0,2.83
59463,4.5,4.0,2.0,3.5
69525,2.5,2.0,4.0,2.83
21755,3.5,3.0,4.0,3.5
5062,3.5,3.0,4.5,3.67
47630,3.2,3.5,3.0,3.23
30096,2.1,2.4,3.8,2.77
37016,2.5,2.0,4.5,3.0
4628,1.5,2.0,4.5,2.67
65033,4.2,3.8,4.5,4.17
10023,2.5,3.0,3.5,3.0
30280,2.1,2.5,3.8,2.8
29233,1.5,2.0,3.5,2.33
24099,3.2,3.5,4.1,3.6
38583,3.5,3.0,2.5,3.0
61898,3.5,3.0,4.5,3.67
48318,4.2,3.8,3.5,3.83
50034,3.5,3.0,4.0,3.5
5328,3.5,3.0,2.5,3.0
31557,3.2,3.5,4.8,3.83
40852,3.2,3.5,3.8,3.5
39373,2.1,1.8,3.5,2.47
39396,3.5,3.0,2.5,3.0
54698,2.1,2.4,3.8,2.77
24327,3.2,3.0,3.5,3.23
43886,2.0,1.5,5.0,2.83
41391,2.1,2.5,3.8,2.8
62390,4.2,4.0,2.5,3.57
69429,3.2,3.5,3.8,3.5
8267,3.5,3.0,4.5,3.67
62534,1.5,2.0,4.0,2.5
58682,2.5,2.0,3.5,2.67
21465,3.2,3.5,3.8,3.5
53604,2.1,2.4,3.8,2.77
15662,3.5,3.0,2.0,2.83
29024,2.5,3.0,3.5,3.0
44167,3.2,3.0,3.5,3.23
53937,2.5,3.0,3.5,3.0
51794,2.5,2.0,3.5,2.67
50876,3.5,3.2,3.8,3.5
32470,3.5,3.0,4.2,3.57
16267,3.2,3.0,4.5,3.57
6403,3.2,3.5,2.8,3.17
7782,3.5,3.0,4.5,3.67
59659,4.2,3.8,3.5,3.83
2576,4.2,4.0,3.5,3.9
54527,2.5,2.0,3.0,2.5
30715,3.2,3.5,3.8,3.5
25058,2.1,2.5,3.8,2.8
63218,2.1,2.5,3.8,2.8
23377,3.2,3.5,2.1,2.93
19900,2.5,3.0,4.0,3.17
11613,1.5,2.0,4.5,2.67
13071,2.1,2.5,4.2,2.93
26388,2.1,2.5,3.8,2.8
41509,3.5,3.0,2.0,2.83
5036,1.5,2.0,3.0,2.17
66075,3.2,2.8,3.5,3.17
60777,3.2,3.5,2.1,2.93
14878,3.2,2.8,3.5,3.17
40242,3.5,3.0,4.0,3.5
37552,4.2,3.5,4.5,4.07
68450,2.1,2.5,3.8,2.8
51579,2.5,2.0,4.0,2.83
48030,3.2,2.5,4.1,3.27
23088,3.2,3.0,3.5,3.23
57526,3.2,2.8,3.5,3.17
56120,3.2,3.5,3.0,3.23
35566,3.2,2.8,4.5,3.5
42818,3.2,3.5,3.8,3.5
36599,3.2,2.8,4.1,3.37
26335,3.5,3.2,3.8,3.5
19916,1.0,1.0,1.0,1.0
53393,4.2,3.8,4.5,4.17
55522,2.1,2.5,3.8,2.8
10350,3.2,3.5,2.1,2.93
68897,3.0,2.0,1.0,2.0
59649,3.2,3.5,4.1,3.6
66746,3.2,3.5,2.8,3.17
60877,3.5,3.2,2.8,3.17
68409,1.5,2.0,4.0,2.5
17164,3.5,3.0,4.0,3.5
61440,3.5,3.0,4.0,3.5
38250,3.2,2.8,3.5,3.17
24696,2.0,2.5,1.0,1.83
21883,4.0,3.5,4.5,4.0
63066,3.5,4.0,2.0,3.17
8148,2.5,2.0,3.0,2.5
56093,2.5,3.0,4.0,3.17
44318,3.2,3.5,3.0,3.23
40816,3.5,2.0,4.5,3.33
13334,4.2,3.8,4.5,4.17
46885,3.5,2.8,4.2,3.5
26662,3.2,3.5,4.1,3.6
70480,4.0,3.5,5.0,4.17
65980,2.5,3.0,3.5,3.0
18129,2.1,2.5,3.8,2.8
40303,3.2,3.5,2.8,3.17
18906,4.5,4.0,1.5,3.33
62894,3.5,3.0,2.5,3.0
4083,2.5,3.0,3.5,3.0
5420,3.5,3.0,4.0,3.5
45198,3.5,3.0,4.5,3.67
46979,3.5,3.0,4.5,3.67
49299,2.1,2.5,3.8,2.8
31175,3.5,3.2,3.8,3.5
7662,3.5,3.0,2.0,2.83
59914,3.5,3.0,4.0,3.5
68823,3.5,3.0,2.0,2.83
3942,3.5,3.0,4.0,3.5
50441,1.5,1.2,4.5,2.4
63801,3.2,3.5,2.8,3.17
57585,3.5,3.0,4.0,3.5
68859,3.2,3.0,3.5,3.23
43465,3.5,3.0,3.2,3.23
38359,2.5,3.0,1.0,2.17
64839,2.5,3.0,3.5,3.0
69771,3.5,3.0,2.0,2.83
46276,4.5,4.0,4.8,4.43
39628,2.5,3.0,3.5,3.0
69190,3.5,3.0,4.5,3.67
20737,4.2,3.5,4.8,4.17
59181,2.5,2.0,3.0,2.5
66815,3.5,3.0,4.0,3.5
41482,4.0,4.5,2.0,3.5
39902,2.1,2.5,3.2,2.6
27359,3.5,3.0,4.0,3.5
5970,2.1,2.4,3.8,2.77
26546,4.5,4.0,4.8,4.43
65445,4.5,4.0,4.8,4.43
52103,3.5,3.0,4.0,3.5
286,3.5,2.8,3.2,3.17
60596,2.5,2.0,3.5,2.67
61386,2.1,2.5,3.8,2.8
44524,1.5,2.0,3.5,2.33
42153,3.5,3.2,3.8,3.5
51393,3.2,3.5,4.1,3.6
26041,3.2,2.8,3.5,3.17
28411,1.5,2.0,3.0,2.17
39235,4.2,3.8,4.5,4.17
15183,3.2,2.8,4.1,3.37
57200,2.5,3.0,3.5,3.0
29151,4.2,3.8,4.5,4.17
2573,3.2,3.5,3.8,3.5
28216,4.0,3.5,4.5,4.0
3251,3.0,3.5,4.5,3.67
31355,4.2,3.5,2.1,3.27
68921,3.2,3.5,3.8,3.5
45797,3.2,2.8,3.5,3.17
15389,3.5,3.0,4.0,3.5
19246,3.5,3.0,4.5,3.67
20141,4.5,4.0,4.8,4.43
25511,1.5,2.0,4.5,2.67
35508,4.2,3.5,4.8,4.17
55963,3.5,3.0,4.0,3.5
20312,3.2,3.5,3.8,3.5
56741,3.5,3.0,4.0,3.5
24342,2.1,2.4,3.8,2.77
14299,4.5,4.0,2.0,3.5
37578,3.2,2.5,4.8,3.5
3711,3.5,3.0,2.5,3.0
32200,3.2,3.5,4.1,3.6
45949,3.2,3.5,3.8,3.5
40915,3.5,3.0,4.5,3.67
37635,3.5,3.0,3.2,3.23
14144,4.2,3.8,3.5,3.83
23894,3.2,3.5,3.8,3.5
64985,2.5,2.0,3.0,2.5
37926,3.5,3.0,4.5,3.67
35951,3.2,2.5,1.8,2.5
69650,4.0,3.5,1.0,2.83
60862,3.5,3.0,4.2,3.57
48589,2.1,2.4,3.8,2.77
7423,2.5,2.0,3.5,2.67
56069,3.5,3.8,3.2,3.5
1129,3.5,3.0,2.5,3.0
66520,3.5,3.0,4.2,3.57
68094,3.2,3.0,3.5,3.23
60583,1.0,1.0,1.0,1.0
48031,3.5,3.0,2.0,2.83
35335,2.1,2.5,3.8,2.8
41642,2.5,2.0,3.0,2.5
10371,4.2,3.8,3.1,3.7
72210,3.2,3.5,4.8,3.83
33536,3.5,3.0,4.0,3.5
29956,2.5,2.0,3.0,2.5
59805,3.2,3.5,3.8,3.5
35983,2.1,2.5,3.8,2.8
66315,3.2,3.5,4.1,3.6
68836,2.5,3.0,4.0,3.17
7868,2.5,2.0,3.5,2.67
65169,3.2,3.5,2.8,3.17
37857,3.2,3.5,2.1,2.93
45670,2.5,3.0,3.5,3.0
59427,3.2,3.5,3.8,3.5
5857,3.2,2.5,3.8,3.17
46171,3.2,3.5,3.8,3.5
6278,3.2,3.5,3.0,3.23
49804,3.5,3.0,2.0,2.83
69225,3.2,2.8,4.5,3.5
24799,1.5,1.2,4.5,2.4
42417,2.0,2.5,1.0,1.83
24731,3.5,3.0,4.5,3.67
28294,3.2,3.0,3.5,3.23
38986,3.5,3.0,1.5,2.67
42225,3.5,3.0,2.5,3.0
11923,3.5,3.0,4.2,3.57
35906,3.2,3.5,2.1,2.93
32526,4.5,3.8,1.2,3.17
54278,3.5,2.0,4.0,3.17
5491,4.5,4.0,1.5,3.33
62667,2.5,2.0,3.0,2.5
369,3.5,3.0,2.0,2.83
57903,4.0,3.5,4.5,4.0
21135,3.5,3.0,2.5,3.0
65489,3.5,3.0,4.0,3.5
41002,3.5,3.2,3.0,3.23
70617,2.1,2.4,3.8,2.77
18533,2.5,3.0,3.5,3.0
51088,2.5,2.0,3.0,2.5
45391,2.1,2.5,3.8,2.8
1177,3.2,3.5,2.8,3.17
69778,3.5,3.0,2.0,2.83
36237,3.5,3.0,4.5,3.67
49074,3.5,3.2,3.8,3.5
47332,2.4,2.1,3.8,2.77
53881,3.5,3.0,4.0,3.5
11803,3.2,3.5,4.1,3.6
15596,3.2,3.0,2.5,2.9
5249,2.1,2.5,3.8,2.8
38503,4.2,3.8,3.5,3.83
19067,2.1,2.5,3.8,2.8
67162,2.1,2.5,3.8,2.8
40630,4.2,4.0,4.5,4.23
22283,3.5,3.0,2.0,2.83
13338,4.2,3.8,4.5,4.17
27429,3.2,2.5,3.8,3.17
35257,4.2,3.5,4.8,4.17
3193,2.5,2.0,3.0,2.5
24196,4.0,3.5,4.5,4.0
4020,3.5,3.0,2.5,3.0
3190,2.5,2.0,4.0,2.83
32608,3.5,2.0,4.5,3.33
60299,1.0,1.0,5.0,2.33
68034,4.2,3.5,1.5,3.07
35260,2.1,2.5,3.8,2.8
28659,1.0,1.0,1.0,1.0
59714,2.5,3.0,3.5,3.0
7733,3.5,2.0,2.5,2.67
64922,3.5,3.0,2.0,2.83
38011,3.5,3.0,4.5,3.67
26861,3.2,3.5,4.1,3.6
65117,3.5,3.0,4.5,3.67
1547,4.2,4.5,3.1,3.93
41208,3.5,3.0,4.0,3.5
11280,3.5,3.0,2.0,2.83
59517,2.1,2.5,3.8,2.8
45746,3.5,3.0,4.5,3.67
13465,3.2,3.5,3.8,3.5
7778,3.2,3.5,4.1,3.6
33414,3.5,3.0,4.0,3.5
25032,3.5,3.0,2.0,2.83
53,3.5,3.0,4.0,3.5
14578,2.5,3.0,4.0,3.17
61619,3.5,3.0,4.0,3.5
8107,2.1,2.5,3.8,2.8
53098,3.5,3.0,2.5,3.0
12698,1.5,1.0,2.0,1.5
59850,3.5,3.0,2.0,2.83
12048,3.5,3.0,2.0,2.83
7637,2.5,2.0,3.5,2.67
26548,3.5,3.0,2.5,3.0
23390,4.2,3.8,4.5,4.17
65396,4.2,3.8,4.5,4.17
11343,3.5,3.0,2.0,2.83
51030,4.2,3.8,4.5,4.17
20281,3.5,3.0,4.5,3.67
2600,3.2,2.8,3.5,3.17
18445,2.5,2.0,4.0,2.83
41415,2.1,2.5,3.8,2.8
54311,3.5,3.0,4.5,3.67
17670,3.2,2.5,3.8,3.17
47308,3.2,3.5,4.1,3.6
7526,2.1,1.8,3.5,2.47
24636,3.2,3.5,2.1,2.93
40855,3.2,2.8,3.5,3.17
56310,3.5,3.0,4.5,3.67
27149,2.1,2.5,3.8,2.8
60666,3.2,3.5,2.1,2.93
34624,2.1,2.4,3.8,2.77
21318,3.5,3.0,4.5,3.67
49988,3.5,3.0,2.0,2.83
50070,3.5,3.0,2.5,3.0
8501,2.5,2.0,3.0,2.5
59451,4.2,3.8,4.5,4.17
57527,4.5,4.0,1.5,3.33
1768,2.1,2.4,3.8,2.77
61398,1.5,2.0,4.0,2.5
6409,4.5,4.0,4.8,4.43
21046,2.5,3.0,3.5,3.0
8560,4.2,3.8,2.1,3.37
30753,1.5,1.0,2.0,1.5
9347,2.5,3.0,4.5,3.33
48233,1.5,2.0,4.5,2.67
11691,2.1,2.4,3.8,2.77
71218,3.1,2.8,3.5,3.13
30807,3.2,3.5,2.1,2.93
48038,3.5,3.0,2.5,3.0
54801,3.5,3.0,3.2,3.23
69844,3.5,3.0,4.0,3.5
8164,3.2,3.0,3.5,3.23
35015,4.2,3.8,3.5,3.83
36416,3.2,3.5,2.8,3.17
72130,3.5,3.0,4.5,3.67
57317,3.2,3.5,3.8,3.5
23328,3.5,3.0,4.0,3.5
15093,2.5,3.0,4.0,3.17
49086,3.2,3.5,2.8,3.17
55711,1.5,2.0,3.5,2.33
9126,3.2,2.8,4.5,3.5
51424,3.5,3.0,4.5,3.67
26265,3.1,3.4,3.8,3.43
16835,4.2,4.5,4.8,4.5
56170,3.5,3.0,2.0,2.83
6103,3.5,3.0,3.2,3.23
30132,4.2,3.8,4.5,4.17
66121,3.5,3.0,2.0,2.83
55273,3.2,3.5,3.8,3.5
49609,3.5,3.2,3.8,3.5
63152,3.5,3.2,3.8,3.5
18109,4.2,3.5,1.5,3.07
62546,3.5,3.0,2.5,3.0
47430,3.5,3.8,3.2,3.5
61701,2.5,3.0,4.0,3.17
12746,4.5,4.0,4.8,4.43
33244,2.1,2.5,4.2,2.93
45297,2.5,2.0,4.5,3.0
38462,4.5,4.0,1.5,3.33
53773,1.0,1.5,4.0,2.17
3473,3.5,3.0,3.2,3.23
14599,3.2,3.5,2.8,3.17
43547,4.2,3.5,2.1,3.27
52844,3.5,3.0,2.5,3.0
32856,3.5,3.0,4.5,3.67
10841,3.5,3.0,2.0,2.83
66063,3.2,3.5,3.0,3.23
37920,4.5,4.0,4.8,4.43
64298,4.1,3.8,3.2,3.7
42549,4.5,4.0,1.5,3.33
17095,4.5,4.0,1.5,3.33
38810,2.5,2.0,3.0,2.5
8325,3.2,3.5,3.0,3.23
34208,3.5,3.0,4.0,3.5
51977,3.2,3.5,3.0,3.23
68832,3.2,3.5,2.1,2.93
6472,3.2,3.5,3.8,3.5
40502,4.2,3.8,4.5,4.17
56795,2.1,1.8,4.2,2.7
20324,3.2,2.8,3.5,3.17
38965,1.5,1.0,1.0,1.17
219,2.5,3.0,3.5,3.0
5852,4.0,3.5,2.0,3.17
44553,4.5,4.0,1.5,3.33
8607,4.2,3.8,3.5,3.83
53019,4.5,4.0,4.8,4.43
28115,3.2,2.5,4.5,3.4
50643,2.1,2.5,1.8,2.13
63333,4.2,3.8,3.5,3.83
70621,3.2,3.5,3.0,3.23
45668,3.5,3.2,2.8,3.17
61197,3.5,3.0,2.0,2.83
42068,3.5,3.0,4.5,3.67
40845,2.5,3.0,3.5,3.0
3897,1.5,1.2,4.8,2.5
64522,3.5,3.0,4.5,3.67
5835,4.2,4.0,1.5,3.23
49108,3.1,3.4,3.8,3.43
27981,4.2,3.8,3.5,3.83
31560,3.1,3.4,3.8,3.43
66208,4.0,3.5,1.5,3.0
26426,3.5,3.0,4.5,3.67
64848,2.1,2.5,3.8,2.8
71601,4.1,3.8,3.5,3.8
15799,4.2,3.8,4.5,4.17
28706,3.5,3.0,4.0,3.5
68158,3.2,3.5,2.8,3.17
39946,3.2,3.5,3.8,3.5
26328,2.5,3.0,3.5,3.0
5961,3.2,2.8,3.5,3.17
40835,3.5,3.0,3.2,3.23
47679,3.5,3.0,2.5,3.0
50302,3.5,3.0,4.0,3.5
54236,3.2,2.5,4.1,3.27
3525,4.5,4.0,4.8,4.43
32543,3.5,3.0,4.0,3.5
11903,2.1,2.5,3.8,2.8
42813,3.2,3.0,3.5,3.23
66162,2.5,3.0,1.5,2.33
31783,1.5,2.0,4.0,2.5
22290,2.1,2.5,3.8,2.8
42368,2.5,2.0,3.5,2.67
24222,3.2,3.5,2.8,3.17
3372,3.2,2.5,3.8,3.17
62647,2.5,3.0,3.5,3.0
27284,3.5,3.0,3.2,3.23
32803,3.5,3.0,3.2,3.23
28765,2.5,2.0,3.0,2.5
68074,2.1,2.5,4.2,2.93
49340,2.1,2.5,3.8,2.8
56423,2.5,2.0,3.5,2.67
68061,3.2,3.5,2.8,3.17
28526,4.2,3.8,3.1,3.7
46784,3.5,2.0,4.0,3.17
10679,3.5,3.0,2.5,3.0
4424,3.5,3.0,2.5,3.0
7544,3.5,3.0,4.0,3.5
22881,3.5,3.0,4.0,3.5
1571,3.5,3.0,4.0,3.5
2617,4.5,4.0,4.8,4.43
57634,4.2,3.8,4.5,4.17
37038,3.5,3.0,3.2,3.23
42438,3.5,3.0,3.2,3.23
46745,3.5,3.0,2.5,3.0
60109,3.2,3.5,3.0,3.23
26106,4.5,4.0,4.8,4.43
55710,3.5,3.0,4.5,3.67
41582,3.2,2.8,4.5,3.5
52745,3.5,3.0,4.0,3.5
57095,3.2,3.5,3.8,3.5
42590,3.5,3.0,4.0,3.5
39765,2.5,3.0,2.0,2.5
62337,4.2,3.8,3.5,3.83
11133,3.2,3.5,2.1,2.93
16246,3.5,3.0,2.5,3.0
29684,3.5,3.0,2.5,3.0
2487,3.2,3.5,3.8,3.5
36911,1.5,2.0,4.5,2.67
55806,3.2,3.0,4.5,3.57
26293,3.5,3.0,4.5,3.67
30432,2.5,3.0,4.0,3.17
53944,2.5,2.0,4.5,3.0
48425,3.5,3.0,2.5,3.0
34633,3.5,3.0,4.0,3.5
41396,2.1,1.5,3.0,2.2
46634,3.5,3.0,4.5,3.67
4516,3.2,3.0,2.5,2.9
33016,3.0,2.5,1.0,2.17
3828,2.1,2.5,3.8,2.8
59326,3.5,3.0,3.2,3.23
46445,3.5,3.0,2.0,2.83
32195,4.2,4.5,3.1,3.93
3354,3.2,3.5,4.1,3.6
5653,4.5,4.0,5.0,4.5
40138,2.5,2.0,3.0,2.5
28165,2.5,3.0,2.0,2.5
30457,3.5,3.0,2.0,2.83
26806,3.5,3.0,4.5,3.67
2543,3.5,2.0,4.5,3.33
18084,3.0,3.5,5.0,3.83
57711,2.1,2.5,3.8,2.8
22972,2.1,2.5,3.8,2.8
31059,3.2,3.5,3.0,3.23
18007,3.5,3.0,4.0,3.5
59130,3.5,3.0,4.2,3.57
45528,2.1,2.5,4.2,2.93
7713,4.2,3.8,4.5,4.17
60358,3.2,2.8,3.5,3.17
55681,2.5,3.0,3.5,3.0
22516,4.2,3.5,1.5,3.07
22909,3.5,3.0,2.0,2.83
24535,3.5,3.0,4.5,3.67
58850,3.5,3.0,3.2,3.23
42124,3.2,2.8,3.5,3.17
2854,4.5,4.0,4.8,4.43
57929,2.5,2.0,3.0,2.5
48932,2.1,2.5,3.8,2.8
60232,3.5,3.0,4.0,3.5
44742,2.5,3.0,3.5,3.0
49380,4.5,4.0,4.8,4.43
28977,3.5,4.0,4.5,4.0
16725,2.1,2.4,3.8,2.77
64968,3.2,3.5,2.8,3.17
23068,3.2,3.0,3.5,3.23
29803,3.2,3.5,2.1,2.93
25230,4.0,3.5,1.0,2.83
3413,1.5,1.2,4.5,2.4
22119,2.1,1.5,4.2,2.6
3018,2.1,2.5,3.8,2.8
10934,3.2,3.5,3.8,3.5
56838,2.5,2.0,4.0,2.83
9895,1.0,1.5,1.0,1.17
18466,3.5,3.0,4.0,3.5
28394,3.2,3.5,2.8,3.17
1303,3.5,3.0,4.5,3.67
1364,2.5,2.0,3.0,2.5
46627,2.1,2.5,3.8,2.8
29556,2.5,3.0,1.0,2.17
56185,3.0,3.5,2.0,2.83
7297,2.5,3.0,4.5,3.33
18448,1.0,1.0,1.0,1.0
5212,1.5,1.0,1.0,1.17
67266,3.2,3.5,3.8,3.5
59762,3.5,3.0,2.5,3.0
42594,3.2,3.5,3.8,3.5
16876,2.5,2.0,3.0,2.5
6753,3.5,3.0,2.5,3.0
10817,3.5,3.0,4.0,3.5
47932,2.1,2.5,3.8,2.8
29059,3.2,3.5,2.8,3.17
41151,4.2,3.8,3.5,3.83
41745,1.5,2.0,3.0,2.17
39274,3.2,2.8,4.5,3.5
32825,4.5,4.0,1.5,3.33
22468,1.5,2.0,3.5,2.33
8608,4.5,4.0,1.5,3.33
13418,3.2,2.5,3.0,2.9
26876,3.5,3.0,4.5,3.67
72068,3.5,3.0,2.0,2.83
66846,2.1,2.5,3.8,2.8
41687,3.5,3.2,3.8,3.5
17649,3.5,4.0,4.5,4.0
64276,1.2,1.5,4.8,2.5
14370,1.5,2.0,1.0,1.5
36660,1.5,2.0,3.5,2.33
42654,3.5,3.2,3.0,3.23
14961,1.5,2.0,4.5,2.67
48110,2.1,2.4,3.2,2.57
5156,3.5,3.0,4.5,3.67
55452,3.2,3.0,3.5,3.23
13583,3.5,3.0,4.5,3.67
20241,1.5,2.0,4.5,2.67
20018,3.5,3.0,2.5,3.0
63532,2.5,2.0,3.0,2.5
47241,3.5,4.0,4.5,4.0
7606,3.5,3.0,4.0,3.5
30279,4.2,3.8,4.5,4.17
15685,3.2,3.0,3.5,3.23
26602,3.5,3.0,3.2,3.23
17920,3.2,3.5,3.0,3.23
46925,3.2,2.1,3.8,3.03
6050,2.1,2.5,3.8,2.8
37659,3.5,3.0,4.5,3.67
50013,4.2,3.8,2.1,3.37
49339,3.2,2.8,3.5,3.17
62202,3.2,2.8,3.5,3.17
50819,3.2,3.5,3.0,3.23
25121,3.5,3.0,2.5,3.0
61266,3.5,3.0,2.5,3.0
4461,4.2,3.8,4.5,4.17
9067,3.5,3.0,2.5,3.0
39929,3.5,3.0,4.0,3.5
69872,3.5,3.0,2.0,2.83
39429,3.5,3.0,3.2,3.23
29876,3.5,4.0,4.5,4.0
6673,3.5,3.0,2.5,3.0
48867,3.5,3.0,2.5,3.0
38516,4.5,4.0,4.8,4.43
30382,3.2,3.5,3.8,3.5
47599,1.2,1.1,4.8,2.37
51012,1.5,2.0,3.0,2.17
14019,2.1,2.4,1.8,2.1
5025,3.5,3.0,4.0,3.5
8283,3.2,3.5,3.8,3.5
58945,2.1,2.5,3.8,2.8
16634,2.5,2.0,1.5,2.0
7516,3.2,2.5,4.1,3.27
60394,3.2,3.0,4.1,3.43
23950,2.5,2.0,3.5,2.67
51315,2.1,3.2,1.5,2.27
24150,3.5,3.0,1.0,2.5
27733,4.2,3.8,4.5,4.17
53700,3.5,3.0,4.0,3.5
15425,3.5,3.0,4.0,3.5
20602,3.2,2.8,3.5,3.17
2608,2.1,2.4,4.2,2.9
21742,2.1,2.4,3.8,2.77
46544,3.2,3.5,3.8,3.5
15025,3.5,3.0,2.0,2.83
20571,4.5,4.0,1.0,3.17
10160,1.5,2.0,4.5,2.67
3717,4.5,4.0,4.8,4.43
870,3.5,3.0,4.0,3.5
55633,3.5,3.0,2.0,2.83
49194,3.2,2.5,4.1,3.27
41184,2.5,2.0,3.5,2.67
29499,3.5,3.2,3.8,3.5
12157,3.0,2.5,4.5,3.33
25526,3.5,3.0,4.5,3.67
29304,1.5,2.0,3.5,2.33
56774,3.5,3.0,4.5,3.67
28960,4.2,4.5,3.1,3.93
56537,3.5,3.0,2.5,3.0
66698,2.5,2.0,3.0,2.5
40157,4.2,3.8,4.5,4.17
14775,3.2,3.5,3.0,3.23
55508,3.2,2.8,4.5,3.5
25662,3.2,3.5,3.8,3.5
70888,3.5,3.0,2.5,3.0
27728,4.2,3.8,4.5,4.17
62028,3.5,3.0,4.0,3.5
62235,3.5,3.0,4.0,3.5
51279,3.5,3.0,4.5,3.67
48944,3.2,2.8,3.5,3.17
53753,4.5,4.0,1.5,3.33
63053,2.1,2.5,3.8,2.8
71519,3.2,2.8,4.1,3.37
23299,4.2,3.5,4.8,4.17
3825,3.5,3.0,4.0,3.5
17694,2.1,2.5,4.2,2.93
46075,4.2,3.5,4.8,4.17
25069,3.5,3.0,4.0,3.5
5285,3.5,3.0,4.2,3.57
20005,4.5,4.0,2.0,3.5
69867,3.5,3.0,4.0,3.5
27792,2.0,3.0,4.0,3.0
64593,3.2,3.5,2.1,2.93
19531,3.2,3.5,3.8,3.5
9899,3.2,3.0,2.5,2.9
13978,2.5,2.0,3.0,2.5
21189,3.5,3.0,4.5,3.67
62319,3.5,3.0,2.0,2.83
30526,3.5,3.0,4.0,3.5
9538,3.2,3.0,3.5,3.23
59512,3.5,3.0,4.0,3.5
64430,4.5,4.0,1.5,3.33
47637,4.2,3.8,2.1,3.37
70720,3.5,2.8,1.5,2.6
29334,3.5,3.0,2.0,2.83
39193,2.5,2.0,3.0,2.5
18330,3.2,3.5,2.1,2.93
41108,2.5,3.0,4.0,3.17
55590,4.2,3.8,4.5,4.17
30293,3.5,3.0,3.2,3.23
56326,3.2,2.8,3.5,3.17
36769,3.0,2.5,4.5,3.33
72207,3.5,3.0,4.5,3.67
28250,3.5,3.0,2.0,2.83
43189,2.5,2.0,4.0,2.83
45786,3.2,2.8,3.5,3.17
42781,3.5,3.0,4.0,3.5
39107,3.5,3.0,2.0,2.83
15380,2.5,3.0,4.0,3.17
49455,2.5,2.0,3.5,2.67
12674,3.5,3.0,4.0,3.5
68674,2.1,2.4,3.8,2.77
38719,2.5,3.0,3.5,3.0
58564,3.2,3.5,4.1,3.6
31561,3.1,3.4,3.8,3.43
49831,4.2,3.8,4.5,4.17
26739,3.2,3.0,3.5,3.23
11702,3.5,3.0,2.0,2.83
16131,4.5,4.0,4.8,4.43
25325,4.2,3.8,2.1,3.37
8392,3.2,2.8,3.5,3.17
54618,2.1,1.5,3.2,2.27
65184,3.5,3.0,4.5,3.67
66750,3.5,3.0,4.0,3.5
48001,3.5,3.0,4.0,3.5
48780,3.5,3.8,4.2,3.83
7707,3.5,3.0,4.0,3.5
11365,3.5,3.0,4.0,3.5
60530,3.5,3.0,2.5,3.0
54496,4.2,3.5,4.8,4.17
64227,4.2,3.8,3.5,3.83
28073,3.2,2.5,4.8,3.5
48064,1.5,1.2,4.8,2.5
12696,2.1,2.5,1.8,2.13
60416,4.5,4.0,1.5,3.33
5998,4.2,3.5,1.5,3.07
2183,2.1,2.5,1.8,2.13
41219,4.2,4.0,3.5,3.9
4438,2.5,3.0,3.5,3.0
53082,3.2,3.0,4.5,3.57
394,3.2,3.5,4.1,3.6
70396,3.2,2.8,3.5,3.17
28653,2.1,2.5,3.8,2.8
2227,4.2,3.8,3.5,3.83
48673,2.5,2.0,3.5,2.67
3899,1.2,1.1,4.8,2.37
51929,3.5,3.0,2.0,2.83
63757,2.5,2.0,3.0,2.5
42652,3.5,4.0,4.5,4.0
16125,2.1,2.5,3.8,2.8
4119,3.2,3.5,3.8,3.5
33290,2.1,2.4,3.8,2.77
37154,4.2,3.8,4.5,4.17
32348,3.2,2.8,3.5,3.17
31445,4.5,4.0,4.8,4.43
54353,2.5,2.0,3.5,2.67
17026,3.5,3.0,2.0,2.83
66580,3.5,3.0,4.5,3.67
20850,3.5,3.0,3.2,3.23
32120,3.5,3.0,4.5,3.67
37378,2.5,3.0,3.5,3.0
55947,3.2,3.0,3.5,3.23
42886,2.1,2.4,3.8,2.77
29310,3.2,2.5,4.1,3.27
53838,3.5,3.0,2.5,3.0
7369,3.5,3.0,2.0,2.83
36646,2.1,2.5,3.8,2.8
63703,2.5,2.0,3.5,2.67
60251,3.5,2.8,4.2,3.5
46425,4.2,3.8,4.5,4.17
12434,2.5,3.0,3.5,3.0
40207,3.2,3.5,2.1,2.93
15908,2.5,2.0,3.5,2.67
3099,3.2,3.5,2.1,2.93
26871,3.2,2.8,3.5,3.17
31632,3.2,3.5,3.0,3.23
17768,2.5,3.0,3.5,3.0
61033,1.5,2.0,4.5,2.67
36883,2.5,2.0,1.5,2.0
67045,3.2,3.5,3.0,3.23
44115,3.5,3.0,4.0,3.5
64473,3.5,3.2,3.8,3.5
10069,4.2,3.5,2.1,3.27
53504,3.5,3.0,2.0,2.83
67320,3.5,3.0,4.5,3.67
45948,3.2,3.0,3.5,3.23
40648,2.5,2.0,3.5,2.67
3748,2.1,2.4,3.8,2.77
13620,3.2,3.5,2.8,3.17
22665,3.5,3.0,4.0,3.5
44348,2.5,2.0,4.5,3.0
34184,3.5,3.2,3.8,3.5
51110,3.0,3.5,1.0,2.5
60003,2.5,2.0,3.5,2.67
43069,4.5,4.0,4.8,4.43
51308,3.5,3.0,4.0,3.5
39389,4.2,3.8,4.5,4.17
6022,3.2,2.5,4.1,3.27
13433,3.2,2.8,3.5,3.17
2367,3.2,3.5,3.8,3.5
27886,3.5,3.0,4.5,3.67
46357,3.2,3.5,4.8,3.83
18757,2.5,2.0,3.0,2.5
71131,2.5,3.0,3.5,3.0
2930,4.2,3.8,4.5,4.17
39131,2.1,2.5,3.8,2.8
68105,2.1,2.5,4.2,2.93
56238,4.2,3.8,4.5,4.17
42160,5.0,4.5,1.0,3.5
18132,4.5,4.0,4.8,4.43
11913,3.2,3.0,3.5,3.23
51596,2.1,2.5,4.2,2.93
50203,2.5,2.0,3.0,2.5
62739,3.5,3.0,4.5,3.67
26044,2.1,2.5,3.8,2.8
56966,2.5,3.0,3.5,3.0
20691,3.5,3.0,4.5,3.67
30736,3.5,3.2,4.1,3.6
46472,3.2,3.1,3.8,3.37
10906,4.2,4.5,1.5,3.4
4656,3.2,3.5,3.8,3.5
37133,3.5,3.2,2.8,3.17
16255,2.1,2.5,4.2,2.93
9682,3.2,3.5,2.8,3.17
65541,2.1,2.4,3.8,2.77
70147,4.5,4.0,1.5,3.33
17611,3.5,3.0,3.2,3.23
40616,2.1,2.5,3.8,2.8
7483,4.2,3.8,3.1,3.7
1786,3.2,3.5,2.1,2.93
52854,3.8,3.5,3.2,3.5
64937,3.2,2.5,3.8,3.17
20387,1.5,1.2,4.5,2.4
43061,1.5,1.2,4.8,2.5
71453,4.0,3.5,2.0,3.17
57421,2.1,2.4,3.8,2.77
2954,3.5,3.0,2.5,3.0
4374,4.2,3.8,4.5,4.17
56682,1.5,2.0,4.5,2.67
28322,3.5,3.0,2.5,3.0
37615,3.2,3.5,3.8,3.5
65104,2.5,3.0,4.2,3.23
41984,3.2,3.5,2.1,2.93
41328,2.1,2.5,3.8,2.8
26320,2.1,2.5,3.8,2.8
40322,3.5,3.0,4.0,3.5
4650,3.5,3.0,4.5,3.67
197,2.5,2.0,4.0,2.83
35542,3.5,2.8,4.2,3.5
22853,2.5,2.0,3.5,2.67
70764,2.5,3.0,1.0,2.17
49540,3.2,3.5,2.8,3.17
43702,3.5,3.0,2.5,3.0
59349,3.5,3.0,4.5,3.67
68014,2.5,2.0,4.0,2.83
19115,4.2,3.8,3.5,3.83
66991,4.2,3.8,4.5,4.17
14680,4.2,3.8,4.5,4.17
28525,3.5,2.0,1.0,2.17
61041,3.2,3.5,3.8,3.5
62159,3.2,3.5,3.8,3.5
66380,2.1,2.5,3.8,2.8
37582,4.2,3.8,2.1,3.37
32777,2.1,2.5,3.2,2.6
71575,1.5,2.0,4.5,2.67
62020,3.2,3.5,2.1,2.93
43661,3.2,2.5,4.1,3.27
27893,4.2,3.8,3.5,3.83
6417,3.2,3.5,3.8,3.5
10154,3.5,3.0,3.2,3.23
28968,3.5,3.0,2.0,2.83
58026,3.5,2.8,4.2,3.5
29953,3.5,3.0,3.2,3.23
65286,3.5,3.0,2.0,2.83
48769,1.5,2.0,4.5,2.67
48311,4.5,4.0,1.5,3.33
53670,4.2,3.8,4.5,4.17
42514,3.5,3.0,4.2,3.57
67067,4.2,3.8,2.1,3.37
19982,3.5,3.0,4.5,3.67
39667,2.5,3.0,4.0,3.17
45697,3.5,3.0,2.5,3.0
42132,3.5,3.0,3.2,3.23
33119,2.1,2.4,3.8,2.77
32294,2.1,1.8,3.5,2.47
4654,3.5,3.0,2.5,3.0
60401,3.5,3.0,4.5,3.67
46001,4.2,3.8,3.5,3.83
35138,2.5,2.0,3.5,2.67
40238,3.5,3.0,4.5,3.67
71466,3.5,3.0,4.0,3.5
31527,2.5,2.0,3.0,2.5
67335,3.5,3.0,2.5,3.0
22735,3.2,3.5,3.8,3.5
56190,4.2,3.8,4.5,4.17
26015,3.2,3.5,3.8,3.5
47797,4.2,3.5,4.8,4.17
35504,3.2,3.5,2.8,3.17
25671,1.5,2.0,1.0,1.5
66479,3.5,3.0,4.5,3.67
61256,3.2,3.5,2.1,2.93
37309,3.2,2.8,3.5,3.17
12909,3.5,3.0,3.2,3.23
31228,3.5,3.0,4.5,3.67
59251,2.5,2.0,3.0,2.5
9649,4.2,3.8,4.5,4.17
56671,3.5,3.0,4.0,3.5
70184,3.2,2.8,3.5,3.17
63549,4.2,3.8,4.5,4.17
35389,3.5,3.0,4.5,3.67
3570,3.5,3.0,2.5,3.0
53926,2.5,3.0,3.5,3.0
62304,3.2,3.5,2.8,3.17
64184,4.2,3.8,3.5,3.83
53112,3.5,3.0,4.0,3.5
20264,2.1,2.5,3.8,2.8
42877,2.5,2.0,3.5,2.67
12454,3.2,3.5,3.8,3.5
18446,3.5,3.0,4.5,3.67
43302,4.5,4.0,4.8,4.43
48968,2.5,3.0,3.5,3.0
32268,3.5,3.0,3.2,3.23
67340,1.5,1.0,1.0,1.17
16709,4.2,3.8,3.5,3.83
67624,2.1,2.5,3.8,2.8
65772,4.2,3.8,3.1,3.7
39264,2.5,3.0,4.5,3.33
16665,2.5,2.0,3.0,2.5
44826,3.2,3.5,3.8,3.5
69995,1.5,2.0,1.0,1.5
40331,4.2,3.8,4.5,4.17
11009,2.5,3.0,4.0,3.17
57780,4.2,3.8,4.5,4.17
1967,2.5,3.0,3.5,3.0
37260,3.2,3.5,3.8,3.5
67418,3.2,2.8,3.5,3.17
53284,3.5,3.0,2.0,2.83
20436,3.5,3.0,2.5,3.0
15010,3.2,2.8,3.5,3.17
41157,2.5,2.0,3.0,2.5
61637,4.5,4.0,4.8,4.43
27756,4.5,4.0,4.8,4.43
32678,2.5,2.0,3.0,2.5
51148,2.5,2.0,4.5,3.0
55890,3.2,3.5,3.8,3.5
36466,3.5,3.0,4.5,3.67
52981,4.2,4.0,3.5,3.9
15373,2.5,3.0,2.0,2.5
66211,3.5,3.0,2.0,2.83
32006,2.5,3.0,3.5,3.0
66246,2.5,3.0,3.5,3.0
54621,2.1,2.5,3.8,2.8
66679,4.2,3.8,4.5,4.17
45360,3.2,3.5,3.8,3.5
35313,1.5,2.0,1.0,1.5
791,3.5,3.0,3.2,3.23
31125,3.2,3.5,2.8,3.17
51396,2.5,3.0,4.0,3.17
57550,2.5,2.0,3.5,2.67
68541,3.0,2.5,4.0,3.17
60186,3.2,3.5,3.8,3.5
42400,3.5,3.0,4.5,3.67
67509,2.5,3.0,3.5,3.0
45851,4.2,3.8,4.5,4.17
12381,3.5,3.0,2.5,3.0
50735,3.2,3.5,2.8,3.17
14567,3.5,3.0,2.0,2.83
25753,3.2,3.5,3.8,3.5
51686,2.1,2.5,3.8,2.8
55281,4.2,3.8,2.1,3.37
7070,2.5,2.0,3.5,2.67
29261,2.1,2.5,3.8,2.8
8770,2.5,2.0,3.0,2.5
59378,4.2,3.8,2.1,3.37
16070,3.5,3.0,2.5,3.0
38837,2.5,2.0,3.0,2.5
16587,3.2,3.0,3.5,3.23
60242,2.1,1.5,4.8,2.8
51845,2.1,2.5,3.2,2.6
56593,2.1,2.5,3.8,2.8
67521,4.5,4.0,1.5,3.33
16721,4.0,3.5,3.0,3.5
39488,2.5,3.0,4.0,3.17
21232,2.1,2.4,3.8,2.77
55967,3.5,3.0,3.2,3.23
30004,3.2,3.5,3.8,3.5
69567,1.5,2.0,4.0,2.5
11919,2.5,2.0,1.0,1.83
13059,3.5,3.0,4.0,3.5
31739,2.5,2.0,3.0,2.5
62541,3.5,3.0,4.0,3.5
1375,4.2,3.8,4.5,4.17
2963,2.0,2.5,1.5,2.0
33970,3.2,3.5,3.8,3.5
34988,1.5,2.0,3.0,2.17
3863,3.2,3.5,3.8,3.5
19759,2.1,1.5,1.2,1.6
26348,2.5,2.0,3.5,2.67
452,3.2,3.5,2.8,3.17
37401,2.5,3.0,2.0,2.5
8923,3.2,3.5,2.8,3.17
55078,3.5,3.0,4.5,3.67
62311,3.5,3.0,4.5,3.67
22156,1.0,1.0,1.0,1.0
21487,3.2,3.0,3.5,3.23
21821,4.5,4.0,2.0,3.5
15291,3.5,3.2,3.8,3.5
50240,4.2,3.8,2.1,3.37
67412,3.2,2.8,3.5,3.17
9346,3.2,2.5,2.1,2.6
50906,2.1,2.4,3.8,2.77
55190,3.5,3.0,4.0,3.5
26137,3.5,3.0,3.2,3.23
43018,1.5,1.0,4.5,2.33
70141,2.5,2.0,4.5,3.0
48529,3.2,3.5,2.8,3.17
19602,1.5,1.2,4.5,2.4
25572,2.1,1.8,3.5,2.47
40598,2.5,2.0,4.0,2.83
52121,2.1,3.0,4.2,3.1
26966,3.5,3.0,4.0,3.5
40492,1.0,1.0,1.0,1.0
27094,3.2,3.5,3.8,3.5
54155,1.5,2.0,3.5,2.33
10624,4.5,4.2,1.5,3.4
69291,3.2,2.8,4.5,3.5
63097,4.2,3.5,4.8,4.17
4087,2.1,1.5,4.2,2.6
69430,1.0,2.0,4.5,2.5
29277,4.2,3.8,4.5,4.17
54817,3.5,3.2,3.0,3.23
46199,3.2,3.5,2.8,3.17
20658,4.5,4.0,4.8,4.43
14945,3.2,2.8,2.1,2.7
39370,4.2,3.8,3.5,3.83
7371,4.2,3.8,2.1,3.37
33144,2.1,2.4,3.8,2.77
48807,4.5,4.0,4.8,4.43
29989,4.2,3.8,2.1,3.37
52186,1.5,1.2,4.5,2.4
38200,3.5,3.0,2.0,2.83
55692,2.1,2.5,3.8,2.8
26717,3.5,3.0,2.5,3.0
40326,3.5,3.0,2.5,3.0
6579,3.5,2.0,1.5,2.33
30167,4.5,4.0,4.8,4.43
23381,3.2,2.8,3.5,3.17
35610,3.5,3.0,2.5,3.0
66309,2.5,2.0,3.0,2.5
42043,3.5,3.0,2.5,3.0
17168,3.5,3.0,2.0,2.83
2591,2.5,3.0,3.5,3.0
35397,3.2,3.5,2.8,3.17
47803,2.5,2.0,3.5,2.67
34,3.5,3.0,4.0,3.5
47979,3.5,3.0,3.2,3.23
29782,3.5,3.0,4.5,3.67
56299,3.2,3.5,3.8,3.5
29744,4.0,3.5,1.5,3.0
11441,4.5,4.0,1.5,3.33
64803,3.2,3.5,2.1,2.93
53545,3.5,3.0,4.0,3.5
36348,3.5,3.0,4.5,3.67
28403,3.2,3.5,2.1,2.93
10548,3.5,3.2,3.0,3.23
8333,3.2,2.8,4.5,3.5
67056,4.2,3.8,4.5,4.17
55409,3.5,3.2,3.0,3.23
61434,4.2,3.8,4.5,4.17
5925,2.5,3.0,3.5,3.0
13249,2.1,2.5,3.8,2.8
70004,2.1,2.5,1.8,2.13
50019,3.5,3.0,3.2,3.23
5928,2.1,2.5,3.8,2.8
42961,3.5,3.0,2.0,2.83
64980,3.5,3.0,3.2,3.23
6961,3.5,3.0,2.0,2.83
69532,3.2,2.8,4.1,3.37
29181,3.5,2.0,4.5,3.33
61269,3.2,3.5,3.8,3.5
6271,3.2,3.5,2.8,3.17
25403,3.2,3.0,3.5,3.23
50059,4.2,4.0,3.5,3.9
6293,3.5,3.0,2.5,3.0
3357,1.5,2.0,4.0,2.5
24705,3.2,2.8,3.5,3.17
52040,3.5,3.0,2.5,3.0
22824,3.2,3.0,4.1,3.43
51001,2.1,2.5,3.8,2.8
26756,2.5,2.0,3.0,2.5
54826,2.5,2.0,3.0,2.5
59934,2.1,2.5,3.8,2.8
57689,2.1,1.8,3.5,2.47
60700,3.5,3.0,2.0,2.83
53626,2.5,2.0,1.5,2.0
55016,3.5,3.0,2.5,3.0
65340,3.5,3.0,4.0,3.5
19148,2.5,2.0,3.0,2.5
51484,2.5,2.0,3.0,2.5
1651,3.2,2.5,3.8,3.17
69566,3.5,2.0,4.0,3.17
51438,5.0,4.0,1.0,3.33
52771,3.5,3.0,1.5,2.67
12648,1.0,1.0,1.0,1.0
30615,3.2,3.5,2.8,3.17
62074,3.5,3.0,4.2,3.57
3931,4.2,4.5,3.1,3.93
12206,3.5,3.0,4.0,3.5
48289,3.5,3.0,4.0,3.5
3437,4.5,4.0,4.8,4.43
5843,3.5,3.0,4.0,3.5
18783,2.1,2.5,3.8,2.8
16046,3.1,3.4,3.8,3.43
69940,3.5,3.0,2.5,3.0
29736,3.5,3.0,4.0,3.5
31892,2.1,2.5,3.8,2.8
59424,4.0,3.5,4.5,4.0
37616,2.1,2.4,3.8,2.77
21864,2.5,2.0,3.0,2.5
23485,2.1,2.5,3.8,2.8
18829,3.2,3.0,4.5,3.57
61948,1.0,1.0,1.0,1.0
45745,3.2,3.5,3.0,3.23
6777,1.5,2.0,4.0,2.5
34430,4.2,3.8,3.5,3.83
45155,3.5,3.0,2.0,2.83
43272,3.5,3.0,4.0,3.5
70189,3.2,3.5,3.8,3.5
2827,3.2,3.0,4.5,3.57
64831,3.5,3.0,2.0,2.83
21104,1.5,2.0,4.5,2.67
27193,2.5,3.0,4.0,3.17
70223,1.5,1.2,4.5,2.4
64458,3.5,3.0,4.0,3.5
7302,3.5,3.0,4.0,3.5
41945,3.5,3.0,4.0,3.5
63213,1.5,2.0,4.5,2.67
29739,2.1,2.5,3.8,2.8
59364,2.5,1.8,4.2,2.83
67387,2.5,2.0,3.0,2.5
327,4.0,3.5,4.5,4.0
63073,2.1,2.5,3.8,2.8
17717,4.2,3.8,4.5,4.17
41086,3.2,2.8,4.1,3.37
1504,2.1,2.4,3.8,2.77
19395,1.0,1.0,1.0,1.0
59846,3.5,3.0,2.0,2.83
25117,3.5,3.0,3.2,3.23
66729,2.5,2.0,4.0,2.83
54739,2.5,3.0,3.5,3.0
57906,4.2,3.8,4.5,4.17
54624,2.1,2.4,3.8,2.77
36461,4.2,3.5,2.1,3.27
65817,2.1,2.4,3.8,2.77
63094,2.1,2.5,3.8,2.8
4688,3.5,3.0,4.0,3.5
34426,3.5,3.0,2.0,2.83
16064,2.5,2.0,3.5,2.67
6220,3.5,3.0,2.0,2.83
36270,4.5,4.0,1.5,3.33
10920,3.2,3.5,3.8,3.5
27722,2.5,2.0,3.0,2.5
4557,4.1,3.8,3.5,3.8
18267,3.2,3.0,3.5,3.23
40204,3.2,3.0,2.5,2.9
34605,3.0,3.5,2.0,2.83
54529,2.5,2.0,3.5,2.67
59516,2.5,2.0,4.5,3.0
545,3.5,3.0,4.5,3.67
27578,3.5,3.0,4.0,3.5
48625,3.2,3.5,3.8,3.5
35376,3.5,3.0,4.0,3.5
64301,2.5,2.0,4.0,2.83
52160,4.2,3.8,4.5,4.17
72015,3.5,3.0,2.0,2.83
34784,3.5,3.0,2.5,3.0
17292,2.5,3.0,3.5,3.0
54650,3.2,2.8,3.5,3.17
25687,3.5,3.0,2.0,2.83
41279,2.1,2.4,3.8,2.77
11650,3.0,2.0,1.0,2.0
50895,4.2,3.8,4.5,4.17
68331,3.2,3.5,3.8,3.5
724,2.1,2.5,3.8,2.8
47152,4.2,3.8,4.5,4.17
31971,1.5,2.0,4.0,2.5
70338,1.5,2.0,3.0,2.17
50283,3.5,3.0,4.0,3.5
24856,3.5,3.2,3.0,3.23
52850,3.5,3.0,2.0,2.83
14235,3.2,2.8,3.5,3.17
51966,3.5,3.0,4.0,3.5
64404,3.5,3.2,3.8,3.5
40799,4.5,4.0,1.5,3.33
69925,3.2,3.5,4.5,3.73
56417,2.5,2.0,3.0,2.5
30171,3.5,3.0,3.2,3.23
52945,2.1,2.4,3.8,2.77
37151,3.5,3.0,4.0,3.5
17811,3.1,2.8,3.5,3.13
19336,3.5,3.0,4.0,3.5
13011,3.2,2.8,4.1,3.37
7435,4.2,3.8,4.5,4.17
12465,2.1,2.5,3.8,2.8
3031,3.5,3.0,4.0,3.5
42708,4.0,3.5,2.0,3.17
1778,4.2,3.8,4.5,4.17
16511,1.0,1.0,1.0,1.0
25755,4.2,3.8,3.5,3.83
68527,3.2,3.5,2.1,2.93
45629,2.1,2.4,3.8,2.77
19064,3.2,3.5,4.1,3.6
35894,3.2,2.8,4.5,3.5
40131,3.2,3.5,2.1,2.93
34757,3.5,3.0,4.5,3.67
54377,3.5,3.0,2.5,3.0
7622,2.5,2.0,3.0,2.5
59146,3.5,3.0,2.0,2.83
56128,2.5,3.0,4.0,3.17
7417,2.5,2.0,3.0,2.5
458,3.5,3.0,2.0,2.83
37863,4.2,3.5,4.8,4.17
48793,4.2,3.8,4.5,4.17
59085,3.2,3.5,3.8,3.5
58065,2.5,3.0,4.5,3.33
20445,3.5,3.0,4.0,3.5
68406,3.5,3.0,4.5,3.67
37579,4.0,3.5,1.5,3.0
53292,2.1,2.5,3.8,2.8
16620,2.1,2.5,3.2,2.6
65030,3.2,3.5,4.1,3.6
42496,3.5,3.0,4.0,3.5
50628,3.5,3.0,4.5,3.67
37140,3.5,3.0,4.5,3.67
71919,4.5,4.0,4.8,4.43
7752,4.2,4.0,3.5,3.9
28770,3.5,3.0,3.2,3.23
12161,3.5,3.0,4.5,3.67
5569,4.2,3.5,4.8,4.17
34728,3.5,3.0,4.5,3.67
24593,3.5,3.0,4.0,3.5
39470,3.2,2.8,4.1,3.37
39549,3.5,3.2,3.0,3.23
7694,3.5,3.0,4.5,3.67
25843,4.2,3.8,4.5,4.17
66443,2.5,2.0,4.5,3.0
34238,3.5,3.0,4.5,3.67
16642,2.5,2.0,4.0,2.83
55388,3.2,3.5,3.8,3.5
34531,2.5,2.0,3.5,2.67
4607,3.5,3.0,2.5,3.0
6946,2.1,2.4,3.8,2.77
52630,3.5,3.0,4.0,3.5
33983,3.2,3.5,4.1,3.6
14039,4.2,4.5,1.5,3.4
36504,3.5,3.0,4.0,3.5
28501,3.5,3.0,3.2,3.23
22805,3.5,3.0,2.0,2.83
18179,3.5,3.0,4.5,3.67
760,2.1,1.8,3.5,2.47
65962,4.2,3.8,4.5,4.17
64426,3.2,3.5,3.8,3.5
40200,2.5,3.0,4.0,3.17
16155,4.2,3.8,3.5,3.83
53867,3.5,3.0,4.5,3.67
24221,2.5,3.0,3.5,3.0
52369,4.2,3.5,4.8,4.17
52218,4.2,3.5,4.8,4.17
49400,4.5,4.2,1.5,3.4
11402,3.5,3.0,4.0,3.5
13357,3.2,3.0,3.5,3.23
61965,3.2,2.5,3.0,2.9
3236,2.1,2.4,3.8,2.77
2631,4.2,3.5,4.8,4.17
18427,3.5,3.0,2.0,2.83
61976,2.5,3.0,3.5,3.0
47344,3.2,2.8,3.5,3.17
23787,3.5,3.0,4.0,3.5
8991,1.5,2.0,1.0,1.5
6479,2.5,2.0,3.5,2.67
60556,3.5,3.0,4.5,3.67
46686,3.2,3.5,3.8,3.5
23912,3.5,3.0,4.5,3.67
48736,3.2,3.5,3.8,3.5
2451,2.1,1.5,3.8,2.47
6365,3.2,3.5,3.8,3.5
8404,3.2,2.8,4.1,3.37
25620,3.5,3.0,4.5,3.67
8380,3.2,2.5,4.1,3.27
61181,4.5,3.8,2.1,3.47
19915,2.1,2.5,3.2,2.6
62076,2.5,2.0,4.0,2.83
6939,4.5,4.0,4.8,4.43
49330,3.2,2.8,4.5,3.5
1017,3.2,3.5,3.8,3.5
28598,1.5,2.0,3.0,2.17
66620,4.5,4.0,4.8,4.43
19702,1.5,2.0,3.5,2.33
18685,3.2,3.5,2.8,3.17
4580,4.5,4.0,4.2,4.23
26757,3.0,4.0,1.0,2.67
6269,3.2,3.5,3.0,3.23
21784,3.2,3.5,2.8,3.17
17389,3.5,3.0,3.2,3.23
53746,3.5,3.0,4.0,3.5
67139,3.2,3.5,4.1,3.6
11698,2.1,2.5,3.8,2.8
18805,2.1,2.5,3.8,2.8
10981,3.2,3.5,3.8,3.5
33956,3.2,3.5,3.8,3.5
62158,2.1,2.5,3.8,2.8
62063,3.2,3.5,2.8,3.17
25964,3.1,3.4,3.8,3.43
48889,3.2,3.0,3.5,3.23
31689,2.5,2.0,4.0,2.83
11044,3.5,3.0,2.5,3.0
2177,3.2,3.5,3.8,3.5
27777,3.5,3.0,4.0,3.5
13485,3.5,3.0,4.5,3.67
18482,3.2,2.8,3.5,3.17
59051,2.1,2.5,3.8,2.8
37975,2.5,3.0,3.5,3.0
44834,3.5,3.0,4.5,3.67
17623,3.2,2.8,4.5,3.5
5931,3.2,3.0,3.5,3.23
14257,3.5,3.0,4.5,3.67
41591,3.5,2.8,4.2,3.5
39772,2.5,2.0,3.5,2.67
61410,3.5,3.0,4.5,3.67
342,3.2,3.5,2.1,2.93
44024,3.5,2.8,4.5,3.6
49184,3.2,3.0,3.5,3.23
17334,2.1,2.5,3.8,2.8
40022,3.2,3.5,3.8,3.5
43406,3.2,2.5,3.8,3.17
24867,3.5,3.0,2.5,3.0
7382,3.2,2.5,3.8,3.17
50596,3.2,3.5,3.8,3.5
12890,3.5,3.0,4.0,3.5
58109,3.5,3.0,2.0,2.83
61738,2.5,3.0,2.0,2.5
69887,2.1,2.5,3.8,2.8
67170,3.2,3.5,2.8,3.17
53607,3.2,3.5,3.8,3.5
44534,3.5,3.0,3.2,3.23
30135,2.5,3.0,3.5,3.0
40398,4.2,3.8,3.5,3.83
52528,1.5,2.0,4.5,2.67
12055,3.5,3.0,3.2,3.23
14056,2.1,2.4,3.8,2.77
41761,2.5,2.0,3.0,2.5
65919,3.5,3.0,2.5,3.0
36714,3.2,3.5,3.8,3.5
38329,3.2,3.5,3.8,3.5
55427,2.1,1.5,3.8,2.47
17268,3.5,3.0,3.2,3.23
42553,3.5,4.0,1.5,3.0
57130,2.1,2.4,4.2,2.9
69945,3.5,3.0,4.0,3.5
39481,3.2,3.5,3.8,3.5
14920,3.2,3.5,3.8,3.5
69312,3.2,2.5,3.8,3.17
15400,3.5,3.0,4.5,3.67
31547,2.1,2.5,3.8,2.8
50159,3.5,3.0,2.0,2.83
19965,2.1,1.5,4.2,2.6
14392,3.5,3.0,4.0,3.5
18443,3.2,2.8,3.5,3.17
28439,3.5,2.8,4.2,3.5
5122,3.5,3.0,4.0,3.5
51801,3.2,3.0,4.5,3.57
48675,4.2,3.5,4.5,4.07
46304,3.2,3.5,4.1,3.6
57114,4.5,3.8,1.2,3.17
31795,3.5,3.2,3.8,3.5
35368,3.5,4.0,4.5,4.0
49417,3.2,2.8,3.5,3.17
45138,3.5,3.0,4.0,3.5
29722,3.2,3.5,3.8,3.5
40136,3.2,3.5,3.8,3.5
43522,3.5,3.0,4.0,3.5
49960,2.1,2.4,3.8,2.77
38600,2.1,2.5,3.8,2.8
16630,3.5,3.0,4.5,3.67
62347,3.2,3.0,3.5,3.23
56459,3.5,3.0,2.0,2.83
17672,2.5,2.0,3.5,2.67
66276,3.5,3.0,4.5,3.67
53280,2.1,2.5,1.8,2.13
53047,3.2,3.5,3.8,3.5
67888,3.2,2.8,3.5,3.17
60812,4.5,3.8,2.0,3.43
46504,2.5,3.0,4.0,3.17
57683,3.0,2.5,4.5,3.33
67081,4.2,3.8,3.1,3.7
24449,3.5,3.0,4.5,3.67
38594,2.1,2.4,3.8,2.77
39993,2.1,2.4,3.8,2.77
68581,4.5,4.0,2.0,3.5
2530,3.2,2.8,3.5,3.17
37514,3.5,3.0,4.5,3.67
32712,4.5,4.0,4.8,4.43
64639,3.5,3.0,4.0,3.5
40123,4.5,3.8,4.8,4.37
36541,3.5,3.0,2.5,3.0
37648,3.5,3.0,2.0,2.83
58257,3.5,3.0,4.0,3.5
1637,3.5,3.0,2.0,2.83
30842,3.2,2.8,4.1,3.37
38362,2.5,2.0,3.5,2.67
30840,2.1,2.4,3.8,2.77
54049,3.5,3.0,4.0,3.5
27068,2.1,2.5,3.8,2.8
34953,3.2,3.5,3.8,3.5
7877,3.5,3.0,4.0,3.5
20301,4.2,3.8,4.5,4.17
55474,2.5,2.0,4.0,2.83
7083,2.5,3.0,3.5,3.0
41458,1.5,2.0,3.0,2.17
14483,3.5,4.0,4.5,4.0
16124,2.5,3.0,3.5,3.0
64914,3.5,3.0,4.2,3.57
15696,3.2,3.5,3.8,3.5
16257,2.5,3.0,4.0,3.17
3871,3.2,2.8,3.5,3.17
16471,3.5,3.0,4.5,3.67
59245,4.5,4.0,1.5,3.33
58861,1.0,1.0,1.0,1.0
34854,2.1,2.4,3.8,2.77
63571,2.1,1.8,4.2,2.7
18693,3.2,2.8,3.5,3.17
46819,2.1,2.4,3.8,2.77
13998,3.5,3.0,4.0,3.5
48740,3.2,3.5,3.8,3.5
47164,2.1,1.5,3.0,2.2
4717,2.1,2.5,3.2,2.6
32110,2.5,3.0,3.5,3.0
54346,3.2,3.5,4.1,3.6
18183,2.5,2.0,3.0,2.5
37310,3.2,2.8,3.5,3.17
33645,1.0,1.5,4.5,2.33
67585,2.5,2.0,3.5,2.67
54064,3.5,3.2,3.0,3.23
72072,3.2,2.5,4.1,3.27
59596,3.2,3.0,3.5,3.23
38101,2.1,2.5,3.8,2.8
67238,3.2,3.5,3.8,3.5
7038,4.2,3.8,3.5,3.83
57698,2.5,3.0,3.5,3.0
13422,4.5,4.0,4.8,4.43
8306,3.5,3.0,3.2,3.23
8927,3.2,3.5,3.8,3.5
30836,2.1,2.4,3.8,2.77
3353,3.5,3.0,2.5,3.0
16959,3.5,3.2,3.0,3.23
48168,3.5,3.0,3.2,3.23
43634,2.5,2.0,3.0,2.5
24260,3.5,2.0,4.0,3.17
20461,2.1,2.4,3.8,2.77
53444,4.2,3.8,3.5,3.83
41965,3.5,3.0,4.5,3.67
25034,3.2,3.5,3.8,3.5
65918,3.5,3.0,4.5,3.67
17285,2.1,2.4,3.2,2.57
33423,3.5,4.0,4.5,4.0
65796,3.5,4.0,4.5,4.0
46812,3.5,3.8,3.2,3.5
34545,3.5,3.0,4.0,3.5
17700,3.5,3.0,2.0,2.83
60387,3.2,3.0,3.5,3.23
28684,3.5,3.0,4.0,3.5
47935,2.1,2.5,3.8,2.8
2515,3.5,3.0,4.5,3.67
6326,2.1,2.5,3.8,2.8
38535,3.5,3.0,2.0,2.83
6578,3.5,3.0,4.0,3.5
47112,3.2,3.0,4.5,3.57
607,3.2,2.8,3.5,3.17
9193,3.5,3.0,2.0,2.83
51055,3.5,3.0,4.0,3.5
50501,3.5,3.2,3.0,3.23
54659,4.5,4.0,3.0,3.83
52471,3.2,3.5,3.8,3.5
46845,3.5,3.0,3.2,3.23
11725,3.5,4.0,2.0,3.17
50210,3.5,3.0,2.5,3.0
7123,3.5,3.0,2.5,3.0
5352,4.5,4.0,4.8,4.43
64767,2.1,2.5,3.8,2.8
55935,3.5,3.0,2.0,2.83
27909,3.2,3.5,4.1,3.6
8345,3.2,2.5,4.5,3.4
22178,3.5,3.0,4.5,3.67
28313,3.5,3.0,4.0,3.5
56520,4.2,3.8,4.5,4.17
60373,3.5,2.8,4.2,3.5
30618,3.2,2.8,3.5,3.17
70741,2.5,3.0,4.0,3.17
32773,1.5,2.0,3.5,2.33
3348,2.1,2.5,3.8,2.8
10384,2.1,2.5,3.8,2.8
22264,3.5,3.0,2.5,3.0
67350,2.5,2.0,4.0,2.83
19610,3.5,3.0,2.5,3.0
47454,3.2,3.5,3.8,3.5
53484,3.5,3.2,3.0,3.23
36665,3.5,3.0,4.5,3.67
14667,2.0,3.0,1.0,2.0
19509,3.5,3.0,2.0,2.83
59006,4.5,4.0,2.0,3.5
51807,3.2,3.5,2.1,2.93
12025,3.5,3.0,4.0,3.5
16160,3.5,3.2,3.8,3.5
59337,1.0,1.0,1.0,1.0
45133,3.2,3.5,2.8,3.17
24455,3.5,3.0,2.5,3.0
35069,3.2,3.5,3.0,3.23
37908,3.5,3.0,4.0,3.5
40132,3.2,3.0,3.5,3.23
32836,3.5,3.0,2.5,3.0
20623,2.1,2.5,3.8,2.8
34699,2.5,3.0,3.5,3.0
30789,3.2,2.8,3.5,3.17
5773,3.2,3.5,2.8,3.17
8343,2.1,2.4,3.8,2.77
61335,3.2,3.0,3.5,3.23
72127,2.5,2.0,3.0,2.5
47536,1.5,2.0,3.0,2.17
49345,3.5,3.2,3.8,3.5
15671,2.5,3.0,4.0,3.17
68278,3.2,2.8,3.5,3.17
13498,3.5,3.0,4.2,3.57
20512,3.5,3.0,4.0,3.5
20624,2.1,1.5,4.2,2.6
59862,3.5,3.0,4.0,3.5
50758,2.1,1.8,4.2,2.7
13304,1.5,1.2,4.8,2.5
54599,2.1,2.5,3.2,2.6
1545,3.2,2.8,3.5,3.17
28242,2.5,3.0,4.0,3.17
39452,3.2,2.8,3.5,3.17
53799,4.5,3.2,4.8,4.17
38184,3.2,2.8,3.5,3.17
42226,3.5,3.0,4.0,3.5
5006,2.1,2.5,4.2,2.93
852,3.2,3.5,3.8,3.5
37536,4.2,4.0,3.5,3.9
28307,3.2,3.5,2.1,2.93
24481,2.1,2.4,3.8,2.77
59892,4.2,4.0,4.5,4.23
43959,3.2,3.5,2.8,3.17
17633,3.5,3.0,2.5,3.0
33121,3.2,3.5,4.1,3.6
38584,3.5,3.0,3.2,3.23
17446,3.5,3.0,3.2,3.23
28991,2.1,1.5,3.8,2.47
54853,3.2,3.5,2.1,2.93
54870,3.2,3.5,2.8,3.17
49148,3.2,2.5,4.1,3.27
42283,3.2,3.0,4.1,3.43
44886,3.2,3.5,3.8,3.5
54174,3.5,3.8,3.2,3.5
30582,1.5,2.0,4.5,2.67
13017,3.5,3.0,4.0,3.5
24797,3.5,3.0,4.5,3.67
36312,3.5,2.0,1.0,2.17
49538,3.5,3.2,3.8,3.5
13655,3.2,3.5,4.1,3.6
10521,2.5,2.0,3.5,2.67
23722,3.2,3.0,3.5,3.23
30122,4.2,3.8,4.5,4.17
7377,2.1,2.4,3.8,2.77
24163,2.5,3.0,4.0,3.17
60695,2.5,2.0,3.5,2.67
19176,2.5,2.0,3.5,2.67
60484,2.5,3.0,2.0,2.5
27104,4.0,3.0,1.0,2.67
29385,3.2,3.5,3.8,3.5
31979,3.5,3.0,2.5,3.0
18032,2.5,2.0,1.5,2.0
10524,1.5,1.0,4.0,2.17
43000,3.2,3.0,3.5,3.23
9817,3.5,3.0,4.0,3.5
38628,2.0,1.0,1.0,1.33
21871,2.1,2.5,3.8,2.8
18637,3.5,3.0,2.5,3.0
35325,3.5,3.0,2.0,2.83
45288,3.5,3.0,4.5,3.67
56579,3.5,2.8,4.2,3.5
9677,3.2,2.5,4.1,3.27
43176,3.2,3.0,3.5,3.23
46967,2.5,3.0,4.0,3.17
65010,4.2,3.8,3.5,3.83
54228,2.5,2.0,3.0,2.5
63194,2.5,3.0,3.5,3.0
3368,2.5,2.0,3.0,2.5
14833,1.5,1.0,2.0,1.5
36441,2.5,2.0,4.5,3.0
66849,2.5,2.0,3.0,2.5
59070,3.2,3.5,2.8,3.17
12825,3.5,3.0,4.2,3.57
39009,2.5,2.0,3.5,2.67
11229,2.5,2.0,3.5,2.67
40503,3.1,3.4,3.8,3.43
70719,3.5,3.0,4.5,3.67
15207,3.2,3.0,3.5,3.23
66871,2.1,2.5,3.8,2.8
30873,4.5,4.0,4.8,4.43
48035,2.1,2.4,3.8,2.77
38545,3.2,3.5,2.1,2.93
47893,2.5,2.0,4.5,3.0
36913,3.5,3.8,3.2,3.5
56948,2.1,2.5,3.8,2.8
52275,3.5,3.2,3.0,3.23
37758,2.1,2.4,3.8,2.77
29389,3.2,2.8,4.1,3.37
17718,3.5,3.0,2.5,3.0
36951,2.1,2.5,3.8,2.8
11371,3.2,3.5,3.8,3.5
31766,3.5,3.0,4.5,3.67
21611,3.5,3.0,4.0,3.5
62889,3.5,2.0,1.5,2.33
7517,3.5,3.0,4.5,3.67
50777,1.2,1.5,4.8,2.5
40534,3.5,3.0,4.2,3.57
6493,3.5,3.0,4.0,3.5
55649,2.5,3.0,3.5,3.0
70630,2.5,2.0,3.5,2.67
34189,4.2,3.8,3.5,3.83
15911,2.1,2.5,3.8,2.8
3904,2.1,2.5,3.8,2.8
65739,3.5,3.0,2.0,2.83
17115,1.5,1.0,2.0,1.5
8815,4.2,3.8,3.5,3.83
38976,3.2,3.5,3.8,3.5
4889,3.2,3.5,3.8,3.5
36645,2.1,2.5,3.8,2.8
44702,3.5,3.0,4.0,3.5
15270,3.5,3.0,3.2,3.23
36345,3.5,3.0,2.5,3.0
9753,3.5,3.0,4.0,3.5
30706,3.5,3.0,4.0,3.5
59319,3.5,3.0,2.0,2.83
32754,2.1,2.5,3.2,2.6
24868,2.1,2.4,4.2,2.9
32331,3.5,3.0,3.2,3.23
61490,4.0,3.5,2.0,3.17
21340,1.5,2.0,3.0,2.17
15116,3.5,3.0,2.5,3.0
43844,2.5,2.0,3.5,2.67
51810,3.2,3.5,3.8,3.5
17645,3.2,3.5,4.1,3.6
45140,3.5,2.8,4.2,3.5
43807,2.0,3.0,1.0,2.0
23052,2.5,2.0,3.0,2.5
69715,4.5,4.0,2.0,3.5
61298,3.5,3.0,2.0,2.83
3338,3.2,3.0,3.5,3.23
33484,2.1,2.5,3.8,2.8
58117,2.5,3.0,4.0,3.17
64067,2.1,2.5,3.8,2.8
52716,3.5,3.0,2.0,2.83
63803,1.5,2.0,4.0,2.5
19923,3.2,3.0,3.5,3.23
25853,2.5,2.0,3.5,2.67
16889,3.5,3.0,2.0,2.83
19820,3.5,3.0,3.2,3.23
27132,1.5,2.0,4.5,2.67
23264,2.1,2.4,3.8,2.77
21722,4.5,3.8,4.2,4.17
49750,3.5,3.2,4.1,3.6
20316,1.5,2.0,3.0,2.17
60233,2.5,2.0,4.0,2.83
60170,3.0,2.5,4.0,3.17
53352,3.2,2.8,4.1,3.37
15043,3.5,4.0,4.5,4.0
2197,4.5,3.8,4.2,4.17
61051,3.2,3.5,2.8,3.17
51467,3.5,3.0,4.5,3.67
42801,3.2,2.5,4.1,3.27
40777,2.5,2.0,3.0,2.5
59863,2.5,2.0,3.0,2.5
47294,2.5,3.0,4.5,3.33
60213,3.5,3.0,3.2,3.23
48282,4.2,4.0,3.5,3.9
39811,3.5,3.2,4.1,3.6
55032,3.5,3.0,4.5,3.67
70903,4.2,3.8,4.5,4.17
68191,3.5,3.0,4.0,3.5
47339,3.5,3.0,2.0,2.83
52507,2.5,3.0,3.5,3.0
51959,2.5,2.0,4.0,2.83
51231,3.5,3.2,3.8,3.5
31628,4.2,3.8,4.5,4.17
67003,4.2,4.5,1.5,3.4
51423,3.5,3.0,4.5,3.67
31094,3.5,2.0,1.5,2.33
2015,3.5,3.2,2.1,2.93
39229,1.5,2.0,4.0,2.5
14559,3.5,3.0,4.5,3.67
41121,2.1,2.4,3.8,2.77
39399,3.5,3.0,2.5,3.0
5170,3.5,3.0,3.2,3.23
30216,1.5,1.2,4.1,2.27
62552,3.5,2.8,3.2,3.17
28417,2.1,2.5,3.8,2.8
49043,3.2,2.8,3.5,3.17
13753,2.5,2.0,3.0,2.5
33547,2.0,1.5,1.0,1.5
4363,2.5,2.0,3.0,2.5
14968,2.1,2.5,3.8,2.8
30714,1.0,2.0,1.0,1.33
40633,3.5,3.0,3.2,3.23
40016,1.0,1.0,5.0,2.33
12508,3.5,3.0,2.0,2.83
13809,3.5,3.0,2.0,2.83
34614,4.2,3.8,4.5,4.17
6491,3.5,2.8,4.5,3.6
29243,3.5,3.0,2.0,2.83
15138,4.5,3.0,1.5,3.0
52620,4.2,3.8,4.5,4.17
7680,2.5,3.0,4.0,3.17
66434,3.5,3.2,3.8,3.5
16062,3.2,2.8,3.5,3.17
50590,3.2,3.5,3.8,3.5
49209,3.5,3.0,4.5,3.67
43614,2.5,3.0,2.0,2.5
35599,3.5,3.0,4.2,3.57
40692,3.5,3.2,3.0,3.23
48343,4.2,3.8,4.5,4.17
46692,3.2,3.5,3.8,3.5
6227,4.5,4.0,2.0,3.5
5887,4.2,3.8,4.5,4.17
69106,4.2,3.5,1.5,3.07
12743,3.5,3.2,3.8,3.5
39877,3.5,3.0,4.0,3.5
69905,3.5,3.0,4.0,3.5
63443,2.0,2.5,3.0,2.5
47788,3.5,3.0,2.0,2.83
53101,3.2,2.8,4.1,3.37
22705,3.2,2.8,3.5,3.17
31511,3.5,3.0,3.2,3.23
49923,2.5,2.0,3.5,2.67
41553,3.5,3.0,4.5,3.67
43247,3.2,3.5,2.8,3.17
20143,3.5,3.0,4.0,3.5
1412,3.2,3.5,3.8,3.5
3993,3.2,3.0,4.5,3.57
16953,3.5,3.0,4.5,3.67
63521,3.5,3.0,1.5,2.67
69304,2.5,2.0,3.0,2.5
65280,3.2,3.5,2.8,3.17
32998,3.2,3.0,3.5,3.23
57274,3.5,3.2,3.8,3.5
15618,3.5,3.0,4.0,3.5
4345,3.5,3.0,4.0,3.5
52759,3.2,3.0,3.5,3.23
21656,2.1,2.4,3.8,2.77
12630,3.5,3.0,2.5,3.0
26577,3.5,3.0,3.2,3.23
56814,3.2,3.0,4.5,3.57
8602,3.2,3.5,3.8,3.5
39208,3.2,2.8,3.5,3.17
44709,2.5,2.0,3.5,2.67
44622,3.2,2.8,3.5,3.17
50267,3.1,3.4,3.8,3.43
20712,3.5,3.0,3.2,3.23
34312,3.5,3.0,2.0,2.83
34868,3.5,4.0,1.5,3.0
70507,3.5,2.0,1.0,2.17
28970,3.5,3.0,2.5,3.0
35808,3.5,3.2,4.1,3.6
37189,3.5,3.2,3.8,3.5
61187,2.1,2.4,3.8,2.77
32663,1.5,1.2,4.5,2.4
54896,3.2,3.5,2.1,2.93
49447,2.1,2.4,3.8,2.77
13482,3.5,3.0,4.0,3.5
62110,2.5,3.0,3.5,3.0
51654,3.2,3.5,3.8,3.5
5283,2.5,2.0,4.0,2.83
32436,3.5,3.0,4.0,3.5
1441,3.2,3.0,2.5,2.9
32113,2.1,2.4,3.8,2.77
16333,4.5,4.0,1.5,3.33
46919,3.5,3.0,4.5,3.67
54863,3.2,3.5,3.8,3.5
3573,3.5,3.0,2.0,2.83
29046,3.5,3.0,3.2,3.23
26844,2.5,3.0,3.5,3.0
57865,4.2,4.5,3.1,3.93
6620,3.2,3.5,3.8,3.5
53433,3.5,3.0,2.0,2.83
69740,2.5,3.0,2.0,2.5
49769,4.2,3.8,3.5,3.83
67565,2.1,2.5,3.0,2.53
20114,2.5,3.0,3.5,3.0
32351,2.1,2.5,3.8,2.8
15444,3.5,3.0,4.0,3.5
48504,4.5,4.0,2.0,3.5
53921,3.2,3.5,3.8,3.5
1945,2.5,2.0,3.0,2.5
70437,2.5,3.0,3.5,3.0
33405,3.5,3.0,3.2,3.23
30703,3.5,3.0,2.5,3.0
9165,4.2,3.5,2.1,3.27
56251,2.5,2.0,3.5,2.67
5381,4.5,4.0,2.0,3.5
36103,2.1,2.4,3.8,2.77
18615,4.2,4.0,3.5,3.9
8619,3.5,3.0,2.5,3.0
569,3.5,3.0,4.0,3.5
71846,2.1,2.5,3.8,2.8
15658,4.0,3.5,4.5,4.0
30657,2.5,3.0,3.5,3.0
9138,3.1,3.4,3.8,3.43
35104,1.2,1.5,2.1,1.6
52538,2.1,2.4,3.8,2.77
62260,2.1,2.5,3.2,2.6
32001,2.5,3.0,3.5,3.0
63657,3.5,3.2,3.8,3.5
18543,2.1,2.4,3.8,2.77
54352,3.2,2.5,4.1,3.27
56528,3.5,3.0,4.0,3.5
64734,2.1,2.5,3.8,2.8
7488,3.5,3.0,4.0,3.5
58860,3.2,3.5,3.0,3.23
55370,3.5,3.0,4.5,3.67
70119,1.0,1.0,1.0,1.0
44852,3.5,3.0,2.0,2.83
16270,4.5,4.0,4.8,4.43
52752,2.1,2.4,3.8,2.77
54376,2.5,3.0,4.0,3.17
38148,3.5,3.0,3.2,3.23
43717,1.0,1.0,1.0,1.0
34187,4.2,3.8,3.5,3.83
11191,3.5,3.0,4.5,3.67
34233,2.1,2.4,3.8,2.77
30610,2.5,2.0,4.2,2.9
22169,3.5,2.0,4.5,3.33
24357,4.0,3.5,4.5,4.0
32888,1.5,2.0,3.0,2.17
7520,3.5,3.0,4.5,3.67
60615,3.5,3.2,3.8,3.5
42262,3.2,3.0,3.5,3.23
22938,3.2,3.0,2.5,2.9
25172,2.1,2.4,3.8,2.77
19198,3.5,2.0,4.5,3.33
20474,3.5,3.0,4.5,3.67
15164,2.5,2.0,4.0,2.83
29778,4.2,3.8,4.5,4.17
65735,1.5,2.0,4.0,2.5
62045,3.5,3.0,4.0,3.5
16789,4.2,4.5,4.8,4.5
9756,2.5,3.0,4.0,3.17
60926,3.5,3.0,4.5,3.67
45768,3.5,3.0,2.0,2.83
65131,3.5,3.0,4.2,3.57
58852,2.5,3.0,4.0,3.17
68298,4.0,3.5,2.0,3.17
44860,2.5,2.0,3.0,2.5
12517,3.5,3.2,3.0,3.23
7821,4.0,3.5,5.0,4.17
32565,4.2,3.8,4.5,4.17
67766,4.2,3.8,4.5,4.17
60624,1.5,2.0,1.0,1.5
50770,4.2,3.8,3.5,3.83
18759,3.2,2.8,4.1,3.37
49407,4.0,3.5,4.5,4.0
35106,2.1,2.4,3.8,2.77
2043,3.5,3.0,4.5,3.67
20944,3.2,3.0,4.5,3.57
22218,4.2,3.8,4.5,4.17
6489,2.1,2.5,3.8,2.8
55899,1.0,1.0,1.0,1.0
6094,4.5,4.0,4.8,4.43
51259,2.5,3.0,3.5,3.0
63384,3.2,3.0,2.5,2.9
69516,2.5,3.0,3.5,3.0
21164,3.2,3.5,3.8,3.5
57705,3.5,2.8,4.2,3.5
39102,4.5,4.0,2.0,3.5
12911,4.0,4.5,1.5,3.33
37315,3.5,2.0,1.5,2.33
34336,3.2,3.5,3.8,3.5
54741,2.5,2.0,3.5,2.67
57602,3.5,3.0,2.5,3.0
25931,3.5,3.0,4.5,3.67
3952,3.2,2.8,4.1,3.37
50318,3.5,3.0,4.5,3.67
29094,3.2,2.5,4.1,3.27
59738,3.2,3.0,4.5,3.57
59489,3.2,3.5,3.8,3.5
61773,3.2,2.8,3.5,3.17
39813,2.5,3.0,4.0,3.17
25698,3.5,3.0,4.5,3.67
45384,4.0,3.5,4.5,4.0
26037,3.2,3.0,4.5,3.57
30650,3.5,3.2,4.1,3.6
63358,3.2,3.5,3.8,3.5
61809,3.5,3.0,4.0,3.5
41127,4.2,3.8,3.5,3.83
696,3.5,3.0,2.5,3.0
65130,2.1,1.8,3.5,2.47
23061,3.2,3.5,3.0,3.23
34561,2.5,2.0,3.0,2.5
54859,2.0,2.5,4.0,2.83
47714,1.5,2.0,1.0,1.5
39281,3.5,3.0,4.0,3.5
4063,4.2,3.8,4.5,4.17
60840,3.2,3.5,2.8,3.17
28900,4.0,4.5,2.0,3.5
61418,3.5,3.0,3.2,3.23
35426,3.5,3.0,2.0,2.83
43340,4.5,3.8,4.8,4.37
44916,2.1,3.2,2.5,2.6
37836,3.5,3.0,4.5,3.67
20932,3.0,2.5,1.0,2.17
63930,3.5,3.0,4.5,3.67
2341,2.5,2.0,1.5,2.0
62885,3.5,3.0,4.5,3.67
49903,4.2,3.8,4.5,4.17
19248,3.5,3.0,4.5,3.67
67548,3.2,2.8,3.5,3.17
26711,3.5,3.0,4.5,3.67
13470,3.2,3.5,2.1,2.93
52338,3.5,3.0,4.2,3.57
41861,3.5,3.0,3.2,3.23
67620,3.2,3.5,2.8,3.17
34769,3.5,3.0,4.0,3.5
46705,3.2,2.5,4.1,3.27
71578,3.2,3.0,3.5,3.23
8752,2.1,2.5,3.8,2.8
57065,3.2,3.5,2.8,3.17
65826,2.1,2.5,3.8,2.8
44196,2.5,2.0,4.0,2.83
66176,4.5,4.0,2.0,3.5
18352,3.5,3.0,4.5,3.67
29111,2.5,2.0,3.0,2.5
15591,3.5,3.0,4.0,3.5
8577,3.2,3.5,4.1,3.6
20806,4.0,3.0,1.0,2.67
28285,3.5,3.0,2.0,2.83
39852,3.5,3.0,4.5,3.67
6968,1.5,2.0,1.0,1.5
44031,3.5,3.0,4.0,3.5
9185,3.5,3.0,4.5,3.67
64871,3.0,2.5,1.0,2.17
39091,2.5,3.0,3.5,3.0
16158,1.5,2.0,4.5,2.67
7444,4.2,3.8,4.5,4.17
69999,2.1,2.5,1.8,2.13
24898,3.2,3.5,2.8,3.17
6392,2.1,2.5,3.8,2.8
39966,3.2,2.5,4.1,3.27
68355,3.2,2.8,4.1,3.37
33392,4.2,3.8,4.5,4.17
71314,4.2,3.5,4.8,4.17
1175,3.5,3.2,3.8,3.5
3758,3.5,3.0,2.5,3.0
13562,3.2,3.5,2.8,3.17
36404,2.1,2.5,3.8,2.8
43285,1.5,1.2,4.5,2.4
34932,2.5,3.0,4.0,3.17
25823,3.5,3.0,4.5,3.67
35705,3.2,3.5,4.1,3.6
15452,3.2,3.0,3.5,3.23
34992,3.2,2.8,4.1,3.37
25051,2.5,2.0,4.0,2.83
1187,3.5,3.0,3.2,3.23
3126,3.2,2.8,3.5,3.17
71335,3.5,3.0,2.0,2.83
16624,4.5,4.0,4.8,4.43
65393,2.5,2.0,3.5,2.67
57297,3.2,2.5,4.1,3.27
52989,3.2,3.5,2.8,3.17
32477,2.5,2.0,3.0,2.5
62242,4.2,3.8,3.5,3.83
19795,3.5,3.0,4.5,3.67
192,2.1,2.5,4.2,2.93
12581,3.0,2.5,1.0,2.17
29230,2.5,3.0,4.0,3.17
70476,3.5,3.0,4.5,3.67
64787,3.5,3.0,4.0,3.5
41342,3.5,2.0,4.0,3.17
56102,2.5,2.0,3.0,2.5
64875,4.5,4.0,4.8,4.43
19271,2.1,2.4,3.8,2.77
60150,3.5,3.0,4.0,3.5
56690,3.2,2.8,3.5,3.17
41132,4.5,4.0,2.0,3.5
39791,2.5,3.0,4.0,3.17
5061,3.5,3.0,2.0,2.83
10315,3.5,3.0,4.5,3.67
69711,3.2,3.5,3.8,3.5
15306,2.5,3.0,3.5,3.0
11258,2.5,2.0,4.0,2.83
2713,4.5,3.0,4.8,4.1
24487,3.5,4.0,2.0,3.17
65120,3.5,3.0,4.5,3.67
20040,2.1,2.4,3.8,2.77
46330,2.5,2.0,3.0,2.5
72011,3.5,3.0,4.5,3.67
8010,3.5,3.0,4.0,3.5
8505,2.5,2.0,3.0,2.5
44935,2.1,2.4,3.8,2.77
3813,2.5,2.0,4.0,2.83
17467,1.0,2.0,4.0,2.33
61295,3.2,3.5,3.8,3.5
8653,2.5,2.0,3.5,2.67
25944,3.5,2.0,1.0,2.17
30107,2.1,2.4,3.8,2.77
18160,1.2,1.5,4.8,2.5
13168,2.1,2.5,3.8,2.8
25995,3.2,3.5,3.0,3.23
37907,3.5,3.0,2.0,2.83
975,2.1,2.5,3.8,2.8
62402,2.0,3.0,1.0,2.0
51121,2.1,2.5,3.8,2.8
40342,4.2,4.0,3.5,3.9
142,1.5,1.0,2.0,1.5
17444,3.2,3.0,3.5,3.23
6523,3.2,2.8,3.5,3.17
69669,3.5,3.0,4.5,3.67
43149,3.5,3.0,2.0,2.83
49377,3.2,3.0,3.5,3.23
45539,3.5,3.0,4.0,3.5
11083,4.5,4.0,4.8,4.43
51734,4.2,3.8,4.5,4.17
44162,3.5,3.0,2.0,2.83
47994,3.5,3.0,4.0,3.5
26203,3.5,3.0,2.0,2.83
5754,3.2,3.5,3.8,3.5
19632,3.5,2.8,4.2,3.5
295,3.5,3.2,3.0,3.23
38542,4.2,3.8,3.5,3.83
10094,3.5,3.2,3.8,3.5
50579,4.0,3.5,2.0,3.17
336,2.1,1.8,3.5,2.47
26120,3.2,3.5,2.8,3.17
47729,3.5,3.0,3.2,3.23
37682,3.2,3.0,3.5,3.23
22649,3.5,3.0,4.0,3.5
5398,4.2,3.8,4.5,4.17
54238,2.1,2.4,3.8,2.77
8847,2.1,2.4,3.8,2.77
44669,2.5,3.0,3.5,3.0
3411,3.5,2.0,4.0,3.17
14515,3.2,3.0,2.5,2.9
44832,3.5,3.0,2.5,3.0
46043,3.2,3.5,3.8,3.5
7667,3.5,3.0,4.0,3.5
6194,2.5,3.0,3.5,3.0
43651,4.2,3.8,4.5,4.17
46674,2.5,2.0,3.0,2.5
11340,3.5,3.0,3.2,3.23
36009,3.0,2.5,1.0,2.17
67568,2.0,2.5,3.0,2.5
41197,3.2,3.1,3.5,3.27
12901,3.5,3.0,4.0,3.5
51982,3.5,3.0,4.5,3.67
35775,3.2,3.5,2.1,2.93
34894,2.0,3.0,1.5,2.17
26947,2.1,2.4,3.8,2.77
59414,3.5,3.0,2.0,2.83
11071,3.5,3.0,2.5,3.0
33887,3.2,3.5,2.8,3.17
62069,2.1,2.5,3.8,2.8
14508,3.5,3.0,4.5,3.67
3308,2.1,2.4,3.8,2.77
26156,3.5,3.0,2.0,2.83
58466,3.5,3.0,2.5,3.0
53468,3.2,3.5,3.8,3.5
51485,1.5,1.2,4.5,2.4
16962,3.2,3.5,3.8,3.5
60966,3.5,3.0,2.5,3.0
48453,2.1,1.8,4.2,2.7
58634,2.5,2.0,3.5,2.67
60017,3.2,2.8,3.5,3.17
323,3.5,4.0,4.5,4.0
18910,2.5,2.0,3.0,2.5
12950,3.5,3.0,4.0,3.5
33569,1.5,1.0,4.5,2.33
46163,3.2,3.5,3.8,3.5
8387,2.1,2.5,3.8,2.8
63700,4.2,4.0,4.5,4.23
52495,2.1,2.5,3.8,2.8
21822,2.1,2.4,3.8,2.77
64827,2.5,2.0,3.5,2.67
61491,3.2,3.5,3.8,3.5
55299,4.2,3.8,2.1,3.37
40821,3.5,3.0,4.0,3.5
56053,2.1,2.5,3.8,2.8
41734,3.2,3.0,3.5,3.23
51720,3.5,3.0,3.2,3.23
22316,4.2,3.5,4.8,4.17
63555,3.2,3.5,3.8,3.5
19001,2.1,2.5,3.8,2.8
14229,3.5,3.0,2.5,3.0
57383,3.2,3.5,3.8,3.5
61296,1.5,2.0,4.5,2.67
7267,3.5,2.8,4.2,3.5
40376,2.5,2.0,3.5,2.67
12451,3.5,3.2,3.8,3.5
29634,3.2,3.5,4.1,3.6
23541,3.2,3.5,2.1,2.93
12918,3.5,3.0,2.0,2.83
62225,3.5,3.2,4.1,3.6
23397,2.1,2.4,3.8,2.77
68430,2.5,2.0,3.5,2.67
12801,2.1,2.5,3.8,2.8
31061,3.5,3.0,2.0,2.83
71500,3.5,3.0,4.5,3.67
30695,2.5,2.0,3.0,2.5
44163,3.5,3.0,4.0,3.5
3651,2.1,2.5,3.8,2.8
63838,4.2,3.8,4.5,4.17
45975,2.1,2.4,3.8,2.77
41405,1.5,1.2,2.0,1.57
26927,2.5,2.0,4.5,3.0
12427,3.2,2.8,3.5,3.17
59795,3.2,2.8,3.5,3.17
52805,3.5,3.0,2.5,3.0
22884,2.5,2.0,3.5,2.67
29176,1.5,2.0,4.0,2.5
3388,3.2,3.5,2.8,3.17
66873,2.5,3.0,1.5,2.33
61597,3.2,3.0,3.5,3.23
13170,3.2,3.0,3.5,3.23
671,2.5,3.0,3.5,3.0
53374,4.5,4.0,1.5,3.33
32264,3.5,3.0,2.5,3.0
2831,3.2,3.5,3.0,3.23
18338,3.1,3.4,2.8,3.1
62741,2.1,2.5,3.8,2.8
34572,3.2,2.5,1.8,2.5
39060,3.5,3.0,2.5,3.0
68678,3.5,3.0,4.5,3.67
3662,3.2,3.5,3.8,3.5
59157,4.2,3.8,3.5,3.83
39227,3.5,3.0,4.0,3.5
69019,4.2,3.5,4.8,4.17
35738,4.0,3.5,2.0,3.17
3272,4.5,4.0,4.8,4.43
22619,3.5,3.2,3.8,3.5
4293,2.5,3.0,2.0,2.5
5585,2.5,3.0,4.0,3.17
43009,3.2,3.5,2.1,2.93
34532,3.2,3.5,4.1,3.6
70914,3.5,3.0,4.2,3.57
62610,3.2,2.8,3.5,3.17
44399,3.5,3.2,3.8,3.5
27865,1.0,1.0,1.0,1.0
62879,3.5,2.8,4.2,3.5
15514,3.5,3.0,2.0,2.83
5810,2.1,2.4,3.8,2.77
38212,3.2,3.5,3.8,3.5
15289,4.2,3.8,4.5,4.17
38625,1.0,1.0,1.0,1.0
49754,3.5,3.0,2.0,2.83
891,2.5,3.0,3.5,3.0
22180,3.0,4.0,1.0,2.67
46130,1.5,1.2,4.5,2.4
29655,2.5,3.0,3.5,3.0
31454,3.2,3.0,3.5,3.23
7462,3.1,3.4,3.8,3.43
15358,2.5,2.0,3.5,2.67
31964,2.1,2.5,3.0,2.53
53737,3.5,3.0,3.2,3.23
29769,3.5,3.0,3.2,3.23
3045,3.5,3.8,4.2,3.83
9123,2.5,2.0,3.5,2.67
49764,2.1,2.5,3.8,2.8
57485,3.5,3.2,4.1,3.6
38318,3.1,2.8,3.5,3.13
21250,3.0,2.5,1.0,2.17
55658,2.1,2.4,3.8,2.77
39501,2.5,2.0,3.0,2.5
3352,2.1,2.5,3.8,2.8
39702,3.5,3.0,2.5,3.0
12828,4.2,3.8,4.5,4.17
58082,2.5,3.0,4.0,3.17
67360,3.5,3.0,4.0,3.5
70065,2.1,2.4,3.8,2.77
33584,4.2,3.8,4.5,4.17
50580,2.5,3.0,3.5,3.0
38926,3.2,3.5,3.0,3.23
28409,2.5,3.0,4.0,3.17
52217,3.5,3.0,2.0,2.83
62249,4.2,3.8,4.5,4.17
13837,2.5,2.0,1.5,2.0
15023,2.5,3.0,3.5,3.0
54418,4.5,4.0,1.5,3.33
52095,3.2,3.0,3.5,3.23
37024,3.2,3.0,2.5,2.9
34276,3.5,3.0,2.5,3.0
44012,3.2,3.0,2.5,2.9
62875,3.5,3.0,3.2,3.23
59570,3.5,3.0,1.5,2.67
54925,4.5,4.0,1.5,3.33
980,3.2,3.5,3.8,3.5
12054,3.5,3.0,4.0,3.5
19583,2.1,2.5,1.8,2.13
66004,3.5,3.0,4.5,3.67
5009,3.2,2.5,4.1,3.27
54846,3.5,4.0,1.5,3.0
61624,3.5,3.0,4.0,3.5
9475,4.0,3.5,4.5,4.0
12294,3.5,3.2,3.8,3.5
8978,3.5,3.0,4.5,3.67
1449,3.2,3.0,3.5,3.23
25837,4.2,3.8,2.1,3.37
61446,3.2,3.5,3.8,3.5
52673,2.5,2.0,3.0,2.5
34472,4.2,3.8,4.5,4.17
34205,3.5,3.0,2.0,2.83
35497,3.0,2.0,1.0,2.0
47514,3.5,3.0,2.5,3.0
12141,3.2,3.5,2.8,3.17
4994,2.1,2.5,3.8,2.8
20354,3.5,2.0,1.5,2.33
54905,2.5,2.0,3.5,2.67
39895,4.5,4.0,4.8,4.43
34754,2.5,2.0,3.0,2.5
34816,4.2,3.8,4.5,4.17
39504,3.2,3.5,4.1,3.6
60414,2.1,2.5,3.8,2.8
15147,3.5,3.0,2.0,2.83
47924,3.5,3.0,4.5,3.67
19204,3.5,3.0,4.5,3.67
4504,3.5,3.0,3.2,3.23
34509,3.2,2.8,4.1,3.37
36499,3.5,3.0,4.2,3.57
30981,2.5,2.0,3.5,2.67
52964,3.2,2.8,3.5,3.17
28692,2.5,2.0,3.0,2.5
26688,2.1,2.5,3.8,2.8
17610,3.2,3.5,3.8,3.5
11705,3.2,2.8,3.5,3.17
58664,3.2,3.5,2.8,3.17
22570,3.5,3.0,4.5,3.67
43101,3.5,3.0,4.5,3.67
44305,3.2,3.5,3.8,3.5
35781,3.2,3.0,3.5,3.23
70191,4.2,4.5,1.5,3.4
47169,3.5,3.0,3.2,3.23
17879,3.5,3.0,2.5,3.0
27554,3.2,2.8,3.5,3.17
6122,2.5,2.0,3.5,2.67
27437,4.5,3.0,1.5,3.0
56600,3.5,3.0,2.5,3.0
39649,2.5,3.0,1.5,2.33
2438,3.5,2.0,4.5,3.33
50395,4.2,3.8,4.5,4.17
29142,3.5,3.0,2.5,3.0
55965,3.2,3.0,4.1,3.43
70421,3.5,3.0,3.2,3.23
42615,3.5,3.0,4.0,3.5
23440,4.2,3.8,4.5,4.17
18207,2.5,2.0,4.0,2.83
1907,3.5,4.0,4.5,4.0
66278,4.5,4.0,1.5,3.33
14959,2.5,2.0,4.5,3.0
40025,3.5,3.0,2.5,3.0
21662,1.0,1.0,1.0,1.0
69278,3.5,3.0,3.2,3.23
57190,3.5,3.0,4.0,3.5
39573,3.2,2.8,4.1,3.37
15891,3.5,3.0,4.2,3.57
63494,3.2,2.8,3.5,3.17
55104,2.1,2.4,3.8,2.77
65804,3.2,3.0,4.1,3.43
31348,3.2,3.0,3.5,3.23
54215,3.2,3.5,3.0,3.23
33257,3.2,3.5,3.8,3.5
56951,3.2,3.0,3.5,3.23
1434,3.5,3.0,4.2,3.57
46415,3.8,3.5,3.2,3.5
45921,2.1,2.5,4.2,2.93
2944,4.2,3.8,4.5,4.17
68818,2.1,2.4,3.8,2.77
30034,2.5,2.0,3.5,2.67
66187,2.5,2.0,3.0,2.5
2063,3.5,3.0,4.0,3.5
57093,2.5,2.0,3.5,2.67
56952,3.5,3.0,2.5,3.0
71109,4.5,4.0,3.5,4.0
56364,2.0,2.5,1.5,2.0
52106,3.2,3.0,3.5,3.23
2176,2.1,2.4,3.8,2.77
62388,2.1,2.4,3.8,2.77
34167,4.5,4.0,4.8,4.43
43732,2.1,2.5,3.8,2.8
25033,3.2,3.5,4.1,3.6
9144,2.1,2.5,3.8,2.8
23496,3.5,3.0,4.5,3.67
62284,4.2,3.8,4.5,4.17
19278,3.2,3.5,2.1,2.93
9372,3.5,3.0,4.0,3.5
62180,3.5,3.0,4.5,3.67
42795,3.5,2.8,4.2,3.5
11727,2.1,2.5,1.8,2.13
34130,4.5,4.2,3.1,3.93
46667,2.5,3.0,3.5,3.0
47824,2.1,2.5,3.8,2.8
34625,1.5,1.2,3.8,2.17
41003,3.2,3.5,2.1,2.93
63039,3.5,3.0,4.0,3.5
46522,2.1,1.8,4.2,2.7
18671,3.2,3.0,4.5,3.57
504,4.0,3.5,1.0,2.83
8163,4.2,3.8,4.5,4.17
15772,2.5,2.0,3.5,2.67
14399,2.5,3.0,2.0,2.5
9254,3.5,3.0,4.5,3.67
36505,3.2,3.5,4.1,3.6
57441,2.1,2.5,3.8,2.8
5756,2.1,2.4,3.8,2.77
41741,3.2,2.8,3.5,3.17
44809,3.2,3.5,2.8,3.17
3731,3.5,3.2,3.8,3.5
60824,3.5,3.0,2.5,3.0
37227,3.5,4.0,4.5,4.0
6436,2.1,2.5,3.8,2.8
47984,3.2,3.5,3.0,3.23
14938,1.5,2.0,4.0,2.5
18392,2.5,3.0,3.5,3.0
31158,3.2,3.0,3.5,3.23
52438,2.5,2.0,3.0,2.5
14966,2.5,3.0,3.5,3.0
39898,4.5,4.0,4.8,4.43
40909,3.5,3.0,4.0,3.5
54968,3.2,3.0,3.5,3.23
44283,3.5,3.0,3.2,3.23
33063,4.5,4.0,1.5,3.33
18575,2.1,2.4,3.8,2.77
67901,2.1,2.5,3.8,2.8
6474,4.0,3.5,1.0,2.83
61561,3.2,3.5,3.8,3.5
46502,2.1,2.4,3.8,2.77
52254,4.2,4.0,3.5,3.9
48820,1.5,1.2,2.0,1.57
22299,2.1,2.4,3.8,2.77
60726,3.5,3.2,4.1,3.6
18620,4.5,4.0,4.8,4.43
38756,3.5,4.0,2.0,3.17
43338,2.5,3.0,2.0,2.5
7001,3.5,3.0,2.0,2.83
67246,4.2,4.5,2.1,3.6
13699,4.5,4.0,2.0,3.5
64892,3.5,3.0,4.0,3.5
18316,4.0,4.5,1.5,3.33
44327,3.5,3.0,4.0,3.5
20326,3.5,3.0,2.0,2.83
30296,4.0,3.5,1.0,2.83
21110,3.5,2.0,4.0,3.17
20927,2.1,2.4,3.8,2.77
31582,3.5,3.0,2.0,2.83
71609,3.2,3.0,2.5,2.9
56938,2.5,2.0,3.0,2.5
25109,3.5,3.0,4.0,3.5
33171,3.2,3.0,3.5,3.23
44376,4.5,4.0,2.0,3.5
69036,2.5,3.0,3.5,3.0
29040,3.5,3.0,4.5,3.67
65829,2.1,2.4,3.8,2.77
15285,4.2,3.8,4.5,4.17
26754,4.2,3.5,1.5,3.07
23203,3.5,3.2,3.8,3.5
51945,2.5,3.0,4.0,3.17
850,1.5,2.0,4.5,2.67
28401,3.5,4.0,4.5,4.0
18382,3.5,3.0,4.0,3.5
51277,3.2,3.0,3.5,3.23
7672,4.0,3.5,2.0,3.17
50553,3.5,3.0,2.5,3.0
45352,3.5,3.0,4.0,3.5
16269,3.1,2.8,3.5,3.13
43320,4.2,3.8,4.5,4.17
52326,3.5,3.0,2.5,3.0
21401,3.5,3.0,2.0,2.83
49069,3.5,3.0,3.2,3.23
48362,2.5,3.0,3.5,3.0
20426,3.2,3.0,3.5,3.23
21571,2.5,3.0,3.5,3.0
53598,2.5,2.0,3.0,2.5
51229,3.5,3.0,2.0,2.83
5767,3.5,3.0,2.0,2.83
69478,3.2,3.5,4.1,3.6
49943,2.1,2.5,3.8,2.8
32615,4.2,3.8,4.5,4.17
65609,3.2,3.5,2.8,3.17
70889,3.5,3.0,4.0,3.5
47288,3.5,3.0,1.5,2.67
12753,3.5,3.0,3.2,3.23
64491,3.5,3.2,3.8,3.5
66977,2.5,2.0,3.0,2.5
11880,2.5,3.0,3.5,3.0
15428,2.5,3.0,3.5,3.0
1302,3.2,3.0,4.5,3.57
52354,4.2,3.8,4.5,4.17
60935,4.2,3.8,2.1,3.37
48097,3.5,3.2,4.1,3.6
27734,4.2,3.8,4.5,4.17
5306,2.5,3.0,4.5,3.33
24138,3.5,2.0,1.5,2.33
60670,2.1,2.5,3.8,2.8
47816,3.5,4.0,1.5,3.0
37683,3.2,3.5,3.8,3.5
50776,4.2,3.8,4.5,4.17
52189,2.1,2.4,4.2,2.9
12002,4.2,3.5,1.5,3.07
43040,4.2,3.8,4.5,4.17
68639,3.5,3.0,2.0,2.83
5142,3.8,3.5,3.2,3.5
46136,2.1,2.5,3.8,2.8
29399,3.5,3.0,2.0,2.83
52382,2.1,1.8,3.5,2.47
30166,3.5,3.0,4.0,3.5
42027,2.1,2.4,3.8,2.77
2639,3.5,3.0,4.5,3.67
6310,4.2,3.8,3.5,3.83
63268,4.5,4.0,4.8,4.43
5532,2.5,2.0,3.5,2.67
37017,4.2,3.8,4.5,4.17
29880,3.5,3.0,2.0,2.83
40126,4.0,3.0,5.0,4.0
14887,3.5,3.0,3.2,3.23
55582,3.5,4.0,3.0,3.5
13994,4.2,3.5,4.8,4.17
20673,3.2,3.5,2.1,2.93
39219,3.2,3.5,3.8,3.5
37624,4.5,4.0,4.8,4.43
42127,3.2,3.5,3.8,3.5
40809,3.5,3.0,3.2,3.23
23698,3.1,3.4,3.8,3.43
32795,2.5,2.0,4.0,2.83
9224,4.2,3.8,4.5,4.17
19639,2.5,3.0,3.5,3.0
30844,2.1,2.4,3.8,2.77
912,3.5,3.0,2.5,3.0
8961,3.5,3.0,4.0,3.5
31330,3.2,3.5,4.5,3.73
58544,3.5,4.0,4.5,4.0
66768,3.1,2.8,3.5,3.13
33133,3.5,3.0,4.0,3.5
36540,3.5,3.0,2.5,3.0
1874,4.2,3.8,4.5,4.17
60260,3.5,3.0,3.2,3.23
899,2.5,3.0,4.2,3.23
44138,3.2,3.5,3.8,3.5
47168,3.5,4.0,3.0,3.5
17137,3.2,2.5,4.1,3.27
31290,4.2,3.8,3.1,3.7
26192,3.2,2.8,3.5,3.17
40949,2.1,2.5,3.8,2.8
1820,1.0,2.0,3.0,2.0
27910,2.5,3.0,3.5,3.0
39869,3.2,3.5,3.0,3.23
26587,1.1,1.0,4.8,2.3
19401,3.5,3.0,4.5,3.67
16488,3.5,2.8,4.2,3.5
13359,4.2,3.8,4.5,4.17
29430,2.1,2.5,3.8,2.8
35576,3.5,3.0,4.5,3.67
67,3.5,3.0,2.0,2.83
50611,3.5,3.0,2.5,3.0
37800,3.5,3.0,2.0,2.83
26607,3.2,3.5,4.1,3.6
6707,2.5,3.0,4.0,3.17
69496,3.2,3.5,2.8,3.17
20770,3.5,3.0,4.5,3.67
637,3.5,3.0,4.0,3.5
31934,2.5,3.0,4.0,3.17
71524,3.5,3.0,2.0,2.83
48152,3.5,3.0,4.0,3.5
57701,3.5,2.8,4.2,3.5
30852,2.5,2.0,3.5,2.67
22806,2.5,3.0,4.0,3.17
7454,4.2,3.8,4.5,4.17
20748,3.5,3.0,4.5,3.67
43054,3.2,3.0,3.5,3.23
44123,3.5,3.0,4.5,3.67
4097,3.5,3.0,2.0,2.83
43084,2.5,2.0,3.0,2.5
680,3.0,2.5,1.0,2.17
30591,3.5,2.0,1.5,2.33
4300,3.2,2.8,4.5,3.5
11516,2.1,2.4,3.8,2.77
16041,4.2,3.8,4.5,4.17
3619,3.5,3.0,2.5,3.0
43516,3.2,3.5,3.8,3.5
4035,2.1,2.5,3.8,2.8
26130,3.5,3.8,3.2,3.5
24456,2.1,2.4,3.8,2.77
48540,2.1,2.5,3.8,2.8
33603,4.5,4.0,1.5,3.33
13222,3.2,3.5,2.1,2.93
13355,3.5,3.0,4.0,3.5
28876,2.1,1.5,3.0,2.2
42851,3.5,3.0,2.5,3.0
49424,2.1,2.5,4.2,2.93
68217,3.5,3.0,2.0,2.83
65627,2.1,2.5,3.8,2.8
53253,3.2,3.5,3.8,3.5
5451,2.1,2.5,4.8,3.13
41224,2.0,1.5,1.0,1.5
29152,3.2,2.8,3.5,3.17
45577,3.5,3.0,4.0,3.5
10552,3.5,3.2,3.0,3.23
65910,2.1,2.4,3.8,2.77
17235,3.5,3.0,4.0,3.5
38645,3.2,3.0,3.5,3.23
18943,2.5,2.0,1.5,2.0
68225,3.2,3.0,3.5,3.23
9456,3.5,3.0,2.5,3.0
58124,2.1,2.5,3.2,2.6
819,1.5,2.0,3.5,2.33
60466,3.5,2.8,4.2,3.5
36823,3.5,3.0,3.2,3.23
34436,3.5,3.2,3.0,3.23
13006,3.2,3.5,2.1,2.93
36653,2.5,3.0,2.0,2.5
134,3.5,3.0,4.5,3.67
47705,3.0,2.5,1.0,2.17
47179,2.1,1.5,3.8,2.47
2310,3.5,3.0,4.0,3.5
34229,2.5,2.0,3.5,2.67
9451,3.5,3.0,2.5,3.0
29333,2.5,3.0,3.5,3.0
14922,3.2,3.0,3.5,3.23
35716,3.5,3.0,3.2,3.23
43431,3.2,3.5,3.0,3.23
3992,3.2,3.5,2.8,3.17
60498,3.5,3.0,3.2,3.23
46397,2.5,2.0,4.0,2.83
28769,2.5,3.0,4.2,3.23
64496,3.2,3.5,3.8,3.5
51147,3.5,3.2,3.8,3.5
54986,2.1,2.4,3.8,2.77
50346,2.5,2.0,3.5,2.67
17942,3.2,3.5,2.1,2.93
18595,2.1,2.4,3.8,2.77
16479,2.5,2.0,3.0,2.5
36229,3.2,3.5,2.1,2.93
34888,4.5,4.0,1.5,3.33
62467,4.5,4.0,4.8,4.43
32722,3.5,3.0,2.0,2.83
46911,3.2,3.0,3.5,3.23
34416,2.5,3.0,4.0,3.17
59894,3.5,3.0,3.2,3.23
19676,2.1,2.5,3.8,2.8
23372,2.1,2.4,3.8,2.77
49755,3.2,3.0,3.5,3.23
43756,2.5,2.0,1.5,2.0
36700,4.0,3.0,5.0,4.0
43165,2.5,2.0,3.0,2.5
8988,4.2,3.5,4.8,4.17
1301,1.5,2.0,3.5,2.33
12617,3.2,3.5,3.8,3.5
19163,4.5,4.0,4.8,4.43
57204,4.0,3.5,1.5,3.0
32330,3.2,3.5,4.5,3.73
63057,2.5,2.0,4.5,3.0
41427,4.0,3.5,4.5,4.0
44400,2.1,2.4,3.8,2.77
40335,4.2,4.0,3.5,3.9
20001,4.5,4.2,1.5,3.4
5001,3.2,2.8,4.5,3.5
68928,2.1,2.4,3.8,2.77
44170,2.5,2.0,3.5,2.67
8142,4.2,3.8,4.5,4.17
31969,2.1,2.5,4.2,2.93
71369,2.1,2.5,3.0,2.53
50472,3.2,2.5,4.1,3.27
31250,3.5,3.0,2.5,3.0
9370,4.5,4.0,4.8,4.43
36171,3.2,3.5,3.0,3.23
50678,3.5,3.0,2.5,3.0
589,3.2,2.8,3.5,3.17
65612,3.5,3.0,2.0,2.83
29993,3.2,2.8,4.1,3.37
49189,2.1,2.5,3.8,2.8
32541,2.5,2.0,4.0,2.83
43629,3.2,2.5,4.8,3.5
64695,1.5,1.0,4.5,2.33
43791,3.5,3.0,4.0,3.5
45272,2.5,3.0,4.0,3.17
42528,4.2,3.8,4.5,4.17
56893,3.2,3.5,3.8,3.5
47246,2.1,2.5,3.8,2.8
30025,3.5,3.2,3.8,3.5
41495,3.2,3.0,3.5,3.23
63862,2.1,2.4,3.8,2.77
11097,3.5,3.2,4.1,3.6
34592,3.2,3.5,2.8,3.17
32222,3.5,3.0,2.0,2.83
54589,4.2,4.5,4.8,4.5
17369,3.2,3.5,3.8,3.5
37680,3.2,3.5,3.8,3.5
48564,1.5,2.0,3.5,2.33
30530,3.5,3.0,4.5,3.67
6258,2.1,2.4,3.8,2.77
69283,3.2,3.5,3.8,3.5
57978,1.2,1.0,4.5,2.23
67492,2.5,2.0,3.0,2.5
55548,3.2,3.5,3.8,3.5
51549,3.2,2.8,3.5,3.17
11749,3.5,3.0,4.5,3.67
49388,2.1,2.5,3.8,2.8
41477,3.2,3.5,2.1,2.93
27786,2.5,2.0,4.5,3.0
5336,4.5,4.0,3.0,3.83
61718,3.5,3.0,4.5,3.67
61294,1.0,1.0,1.0,1.0
48220,3.2,3.5,2.1,2.93
48149,3.0,3.5,1.5,2.67
25238,3.5,3.0,4.0,3.5
57718,2.5,3.0,4.0,3.17
13416,3.5,3.0,4.5,3.67
48550,4.2,3.8,3.5,3.83
41853,3.2,2.8,3.5,3.17
21517,4.2,3.8,4.5,4.17
44719,3.2,3.5,3.8,3.5
51533,3.2,3.5,3.0,3.23
7510,4.5,4.0,4.8,4.43
50909,2.5,2.0,3.5,2.67
61195,3.5,3.0,3.2,3.23
65527,3.2,3.0,4.1,3.43
35324,1.0,1.0,1.0,1.0
19928,2.5,2.0,3.0,2.5
64248,3.0,3.5,2.0,2.83
55008,3.5,3.0,2.5,3.0
26223,3.2,3.5,3.8,3.5
12094,2.1,1.8,3.5,2.47
47841,3.5,3.0,4.0,3.5
56384,2.1,2.5,3.8,2.8
17387,3.5,3.0,4.0,3.5
22865,3.2,3.0,4.5,3.57
11241,3.2,3.0,4.1,3.43
39322,3.5,3.0,4.5,3.67
30921,2.1,2.4,3.8,2.77
37843,2.5,3.0,4.0,3.17
20178,3.2,3.0,4.5,3.57
37461,3.2,3.5,4.5,3.73
55703,4.5,4.0,3.5,4.0
23690,2.5,3.0,1.5,2.33
37285,2.1,2.4,3.8,2.77
43274,1.5,2.0,4.0,2.5
72155,3.5,3.0,4.0,3.5
50371,3.5,3.2,3.8,3.5
70676,3.2,2.8,3.5,3.17
41287,2.5,2.0,3.0,2.5
67535,3.2,3.5,3.8,3.5
65983,3.5,3.2,3.8,3.5
58674,3.5,3.0,2.0,2.83
58119,4.2,3.8,4.5,4.17
14145,3.2,3.5,3.8,3.5
56703,3.5,3.0,4.5,3.67
19229,3.5,4.0,4.5,4.0
44362,2.5,2.0,3.0,2.5
23923,3.5,3.8,3.2,3.5
47108,3.2,2.8,3.5,3.17
31785,1.0,1.0,1.0,1.0
53816,3.2,2.5,3.8,3.17
41724,2.5,3.0,3.5,3.0
44797,2.5,3.0,4.0,3.17
35115,2.5,2.0,3.5,2.67
30925,2.1,2.4,3.8,2.77
21693,3.1,3.4,2.8,3.1
40498,2.1,2.5,3.2,2.6
70096,2.1,2.4,3.8,2.77
4532,2.5,2.0,3.5,2.67
32922,3.2,2.5,3.8,3.17
4618,3.5,3.0,4.0,3.5
33688,2.5,3.0,2.0,2.5
54711,4.2,4.5,3.1,3.93
60998,3.5,3.0,2.0,2.83
67210,2.1,1.5,3.8,2.47
8249,3.2,3.5,2.1,2.93
55009,4.2,3.8,4.5,4.17
52526,3.2,3.5,3.8,3.5
72063,3.2,3.5,3.8,3.5
55925,3.2,3.0,4.1,3.43
27717,2.5,3.0,4.5,3.33
50282,3.5,3.0,4.5,3.67
42123,3.2,3.0,4.1,3.43
22953,2.5,2.0,3.5,2.67
26491,3.2,2.8,4.5,3.5
28714,2.1,2.4,3.8,2.77
46926,2.1,2.4,3.8,2.77
2995,2.5,2.0,4.0,2.83
25071,3.2,2.8,4.1,3.37
29891,2.1,2.4,1.8,2.1
60944,4.2,4.5,3.1,3.93
29358,2.1,2.5,3.8,2.8
56652,3.2,2.8,4.5,3.5
2392,3.2,3.5,3.8,3.5
55686,4.5,4.0,4.8,4.43
56658,2.1,2.5,3.8,2.8
42464,4.2,3.8,4.5,4.17
31159,3.5,2.8,3.2,3.17
41814,3.5,3.0,2.5,3.0
33341,3.2,3.0,3.5,3.23
47085,3.5,3.0,4.0,3.5
71520,3.2,3.5,3.8,3.5
71593,2.5,3.0,4.5,3.33
62498,2.1,2.4,3.8,2.77
57733,2.5,2.0,4.0,2.83
28324,3.5,3.0,3.2,3.23
29286,2.1,1.8,3.5,2.47
18162,2.1,2.5,3.8,2.8
47898,4.5,4.0,1.5,3.33
54759,4.2,3.8,4.5,4.17
45988,2.1,1.5,3.8,2.47
35294,2.1,2.5,4.2,2.93
691,3.5,3.2,3.8,3.5
36269,4.5,4.0,4.8,4.43
64027,3.2,3.5,3.0,3.23
8441,3.5,3.0,3.2,3.23
992,3.2,3.5,3.8,3.5
63096,4.2,3.8,4.5,4.17
19823,4.5,4.0,1.5,3.33
29445,3.0,3.5,2.0,2.83
12810,3.5,3.0,3.2,3.23
7904,1.5,1.0,2.0,1.5
57262,4.2,3.8,4.5,4.17
15295,1.5,2.0,4.5,2.67
33192,3.5,3.0,2.0,2.83
70895,3.5,2.8,4.2,3.5
39408,3.5,3.0,3.2,3.23
53388,4.2,3.8,4.5,4.17
27161,2.1,2.5,3.8,2.8
59415,2.5,3.0,3.5,3.0
41767,3.2,3.5,3.8,3.5
24344,3.5,3.0,2.0,2.83
2358,3.5,3.0,4.0,3.5
64670,3.5,2.8,4.5,3.6
8443,3.5,3.0,3.2,3.23
28178,3.2,3.5,4.1,3.6
71478,3.2,2.8,3.5,3.17
47190,4.5,4.0,4.8,4.43
56109,3.5,3.0,4.5,3.67
2821,3.5,3.0,3.2,3.23
19179,3.5,2.0,4.0,3.17
17346,3.2,2.8,3.5,3.17
5063,3.5,3.0,2.5,3.0
59001,3.5,3.0,4.0,3.5
48762,3.0,2.0,4.0,3.0
26043,3.5,4.0,1.0,2.83
26240,3.1,3.4,3.8,3.43
13369,3.5,3.8,4.2,3.83
54335,3.5,3.0,4.0,3.5
69671,1.5,2.0,3.5,2.33
45192,4.2,3.8,3.1,3.7
25120,2.5,3.0,4.5,3.33
52124,3.5,3.0,2.0,2.83
25611,3.5,3.0,4.5,3.67
13490,2.5,3.0,2.0,2.5
16699,3.2,3.0,3.5,3.23
37483,2.5,3.0,3.5,3.0
32150,2.5,3.0,3.5,3.0
57467,2.5,3.0,4.0,3.17
4134,3.2,3.0,4.5,3.57
16726,3.2,2.8,4.1,3.37
55036,1.0,1.5,1.0,1.17
60919,4.5,4.0,2.0,3.5
19191,2.1,2.4,3.8,2.77
1031,2.1,2.5,4.2,2.93
46442,3.5,3.0,4.5,3.67
9731,4.2,3.8,4.5,4.17
20655,3.5,3.0,4.5,3.67
37067,2.5,2.0,3.5,2.67
53164,3.2,3.0,3.5,3.23
907,3.5,3.0,4.0,3.5
6796,3.2,3.5,3.8,3.5
41558,3.5,3.0,4.5,3.67
41670,2.1,2.4,3.8,2.77
53024,3.5,3.0,4.5,3.67
23396,3.5,2.8,4.5,3.6
59954,3.5,3.0,4.0,3.5
29253,4.5,4.0,1.5,3.33
31452,3.2,3.5,2.8,3.17
29132,3.5,3.2,2.8,3.17
8826,3.5,3.0,4.0,3.5
13949,2.1,2.5,4.2,2.93
69839,4.5,4.0,4.8,4.43
60797,4.0,3.5,4.5,4.0
16001,2.1,2.5,3.8,2.8
5313,3.2,3.5,3.8,3.5
47937,2.5,3.0,4.0,3.17
25574,3.2,3.5,3.8,3.5
45485,1.5,2.0,3.0,2.17
58855,3.2,2.8,3.5,3.17
57822,2.5,3.0,3.5,3.0
66124,2.5,2.0,3.0,2.5
12488,2.5,2.0,3.5,2.67
70172,3.2,3.0,3.5,3.23
70737,4.2,3.8,4.5,4.17
8329,1.5,2.0,3.0,2.17
37785,2.1,2.4,4.2,2.9
68203,4.2,3.8,3.5,3.83
65294,2.0,1.5,1.0,1.5
21877,2.1,2.4,3.8,2.77
70622,3.5,3.0,3.2,3.23
12409,3.5,3.0,2.0,2.83
652,4.2,3.5,3.8,3.83
36436,1.5,2.0,4.5,2.67
62035,2.5,2.0,1.5,2.0
42880,2.1,2.4,3.8,2.77
22587,2.1,2.5,3.8,2.8
59515,3.5,3.0,4.5,3.67
67503,3.5,3.2,4.0,3.57
71021,1.0,1.0,1.0,1.0
29386,3.5,3.0,4.0,3.5
67792,2.5,3.0,3.5,3.0
125,1.5,2.0,3.5,2.33
10617,3.5,4.0,4.5,4.0
29942,2.1,2.4,3.8,2.77
47559,3.2,2.8,4.1,3.37
49775,3.5,3.0,2.0,2.83
17222,3.5,3.0,2.0,2.83
71191,4.2,3.8,3.5,3.83
32462,3.2,3.5,3.8,3.5
29072,4.2,3.5,4.8,4.17
40179,3.5,3.0,2.0,2.83
52346,2.5,2.0,4.0,2.83
45995,4.2,4.5,1.5,3.4
44723,3.2,3.5,2.8,3.17
42789,2.5,3.0,4.0,3.17
68664,3.5,3.0,4.5,3.67
1896,3.5,3.0,2.0,2.83
66169,3.5,3.0,4.5,3.67
4343,3.5,3.0,3.2,3.23
41041,4.2,4.0,4.5,4.23
28288,4.2,3.8,2.1,3.37
22987,3.2,2.5,4.8,3.5
63370,3.5,3.0,4.2,3.57
17562,3.5,3.0,4.0,3.5
32189,3.2,3.0,4.5,3.57
71759,3.5,3.0,3.2,3.23
58355,3.5,3.0,4.0,3.5
40450,2.1,2.5,4.2,2.93
5289,4.0,3.5,4.5,4.0
27210,2.5,3.0,3.5,3.0
57543,2.5,2.0,3.0,2.5
2258,2.5,3.0,3.5,3.0
10930,3.5,3.0,4.5,3.67
58721,4.5,4.0,2.0,3.5
32585,2.1,2.5,4.2,2.93
62204,4.2,3.5,4.8,4.17
2973,3.2,2.8,4.1,3.37
47548,2.5,3.0,3.5,3.0
8194,3.0,2.5,4.0,3.17
60053,1.5,1.0,1.0,1.17
23008,3.5,4.0,4.5,4.0
21856,2.1,2.5,3.8,2.8
50340,3.2,3.5,3.8,3.5
66487,2.5,2.0,3.0,2.5
52171,4.5,4.0,2.0,3.5
69180,2.1,2.4,3.8,2.77
36982,3.5,3.0,4.0,3.5
64613,1.5,2.0,4.5,2.67
38420,3.5,3.0,3.2,3.23
44156,3.5,3.0,4.0,3.5
31965,4.2,3.8,4.5,4.17
15802,3.5,3.0,4.0,3.5
36669,2.5,3.0,3.5,3.0
5430,4.2,3.8,4.5,4.17
16388,3.2,2.8,3.5,3.17
22494,2.5,2.0,1.5,2.0
19387,3.5,3.0,4.0,3.5
71533,3.5,3.0,2.5,3.0
31679,3.5,3.0,4.5,3.67
26595,3.5,3.0,4.5,3.67
10454,1.5,2.0,3.0,2.17
27493,3.2,3.5,2.8,3.17
35541,3.5,3.0,4.5,3.67
25809,2.5,3.0,3.5,3.0
3968,4.5,4.0,4.8,4.43
59822,3.5,3.0,3.2,3.23
27881,3.2,3.0,3.5,3.23
3211,4.2,4.5,1.5,3.4
30156,2.1,2.5,4.2,2.93
48489,4.2,3.8,4.5,4.17
57805,3.5,3.0,4.0,3.5
47860,4.5,4.0,4.8,4.43
10763,4.2,3.8,2.1,3.37
27541,2.1,2.5,3.2,2.6
53210,4.2,3.8,4.5,4.17
34033,3.5,3.0,4.5,3.67
55894,3.5,3.0,2.5,3.0
25855,3.2,3.5,3.0,3.23
14136,3.2,3.5,2.8,3.17
54212,3.2,3.5,3.8,3.5
17907,3.5,3.0,4.0,3.5
40884,3.5,3.0,4.0,3.5
30469,2.1,2.5,3.8,2.8
20771,1.5,2.0,4.5,2.67
36977,4.2,3.5,2.1,3.27
55425,2.1,2.4,3.8,2.77
43318,4.2,3.5,4.8,4.17
70837,2.1,1.8,4.5,2.8
69049,3.5,3.0,4.0,3.5
68563,3.5,3.0,2.5,3.0
56572,3.5,3.0,4.5,3.67
60865,3.5,3.0,4.5,3.67
3075,2.5,3.0,4.0,3.17
8108,3.5,3.2,2.8,3.17
17856,3.5,3.0,2.0,2.83
52170,4.5,4.0,2.0,3.5
7040,3.2,2.8,3.5,3.17
29730,3.5,3.0,4.0,3.5
34544,3.2,3.5,3.8,3.5
50565,4.5,4.0,4.8,4.43
24822,3.2,3.5,2.1,2.93
24713,4.0,3.5,1.5,3.0
1892,3.5,3.0,3.2,3.23
41713,4.5,3.8,4.2,4.17
20337,3.5,3.0,2.0,2.83
40216,3.5,3.0,3.2,3.23
5944,3.5,3.0,4.5,3.67
49979,4.5,4.0,4.8,4.43
34912,4.5,4.0,4.8,4.43
37639,3.5,3.0,4.5,3.67
56469,3.5,2.8,3.2,3.17
46358,3.2,3.5,4.1,3.6
7014,3.5,3.2,3.8,3.5
4124,2.5,2.0,3.0,2.5
60059,2.5,3.0,4.0,3.17
45627,3.2,3.5,3.8,3.5
62938,3.2,3.5,3.8,3.5
53953,1.5,1.0,4.0,2.17
64513,4.2,4.5,4.8,4.5
24662,1.5,2.0,3.5,2.33
60338,4.2,3.8,4.5,4.17
2656,2.1,2.4,3.8,2.77
54982,3.5,2.8,3.2,3.17
59880,4.0,3.5,1.0,2.83
4932,3.5,3.0,4.5,3.67
67555,3.5,4.0,4.5,4.0
9349,2.1,2.4,3.8,2.77
15468,2.5,3.0,3.5,3.0
44799,3.5,3.0,4.5,3.67
39680,3.2,3.0,3.5,3.23
44959,2.5,2.0,3.0,2.5
56586,2.5,2.0,3.5,2.67
8524,3.5,3.0,2.0,2.83
15237,2.5,2.0,4.0,2.83
70467,3.5,3.0,4.0,3.5
4732,2.1,2.4,3.8,2.77
17534,2.1,2.5,3.8,2.8
14113,4.0,3.5,4.5,4.0
64723,3.5,3.0,2.5,3.0
46262,3.5,3.0,4.5,3.67
6953,2.1,2.4,3.8,2.77
43519,3.5,3.0,2.0,2.83
23587,1.0,1.0,1.0,1.0
4785,3.2,3.5,3.8,3.5
45575,3.5,3.0,4.0,3.5
20063,3.5,3.0,2.0,2.83
8212,3.5,3.0,2.0,2.83
7789,2.1,2.4,3.8,2.77
66385,2.5,3.0,3.5,3.0
44465,2.5,3.0,3.5,3.0
9419,3.2,3.0,2.1,2.77
17786,3.5,3.0,2.5,3.0
9781,3.2,3.5,3.8,3.5
23799,3.5,3.0,4.5,3.67
57440,3.5,3.0,3.2,3.23
832,2.5,2.2,3.1,2.6
42453,2.1,2.5,3.0,2.53
16104,3.2,3.5,2.8,3.17
69290,3.5,3.0,4.5,3.67
43837,3.5,3.0,4.5,3.67
39596,3.2,2.8,3.5,3.17
63362,3.2,2.8,3.5,3.17
13711,3.2,3.5,4.1,3.6
4012,4.2,3.8,2.1,3.37
18815,4.2,3.8,4.5,4.17
44025,2.1,2.5,3.8,2.8
37610,3.0,2.5,1.0,2.17
40323,3.2,3.5,3.8,3.5
47304,3.5,3.0,2.5,3.0
1386,3.2,3.5,2.8,3.17
46971,2.5,2.0,3.5,2.67
40672,3.5,3.0,2.0,2.83
54525,3.2,2.8,3.5,3.17
6324,2.1,2.5,3.8,2.8
30566,1.5,2.0,4.5,2.67
57831,3.5,3.0,2.0,2.83
11431,3.5,3.0,4.5,3.67
36356,3.5,3.0,2.0,2.83
27042,4.2,3.8,2.1,3.37
63904,1.5,1.2,4.8,2.5
10180,3.2,3.0,4.1,3.43
7729,3.0,3.5,2.0,2.83
24632,3.5,3.0,4.5,3.67
48211,3.5,2.0,4.5,3.33
14891,3.5,3.0,2.5,3.0
13009,3.5,3.0,4.5,3.67
38165,4.2,3.8,3.5,3.83
33064,3.5,3.0,4.0,3.5
56376,4.2,3.8,3.5,3.83
14269,3.5,3.2,3.8,3.5
4586,2.5,2.0,3.5,2.67
1402,2.1,2.4,3.8,2.77
68992,3.5,2.0,4.0,3.17
14601,3.2,2.8,3.5,3.17
41317,2.5,3.0,3.5,3.0
12102,4.2,3.8,4.5,4.17
29244,2.1,1.5,3.8,2.47
37194,3.2,3.5,3.8,3.5
22151,3.2,3.5,3.8,3.5
60813,2.0,2.5,1.0,1.83
19043,2.5,2.0,3.5,2.67
9712,4.2,3.8,4.5,4.17
52358,3.5,3.2,4.1,3.6
58232,3.5,3.0,4.5,3.67
52744,4.2,3.8,4.5,4.17
37939,3.2,3.5,4.1,3.6
34962,2.1,1.8,3.5,2.47
72126,3.5,3.0,4.0,3.5
35471,1.5,1.2,3.8,2.17
39788,3.2,3.5,3.8,3.5
67336,1.0,1.0,1.0,1.0
7046,3.5,3.0,3.2,3.23
69766,3.2,2.8,4.1,3.37
35155,3.2,3.0,3.5,3.23
35035,4.5,4.0,1.5,3.33
1537,3.2,3.5,2.1,2.93
55157,3.5,3.0,4.0,3.5
53790,2.5,3.0,4.0,3.17
67646,3.5,3.0,2.5,3.0
9698,2.1,2.5,3.8,2.8
18884,4.2,3.8,3.5,3.83
53202,2.1,2.4,3.8,2.77
66737,3.5,3.0,4.0,3.5
3328,3.2,3.5,3.8,3.5
17931,2.5,3.0,3.5,3.0
22053,4.2,3.8,3.1,3.7
45611,3.2,3.5,2.1,2.93
36178,2.0,1.5,1.0,1.5
45,2.1,1.5,1.2,1.6
18516,2.1,2.4,3.8,2.77
58146,3.1,2.8,3.5,3.13
24940,2.1,2.5,3.8,2.8
6511,1.5,2.0,3.0,2.17
10207,3.5,2.0,1.5,2.33
59972,3.5,3.2,4.1,3.6
1149,4.2,3.8,3.1,3.7
29935,3.2,3.0,3.5,3.23
40709,2.5,3.0,3.5,3.0
54570,1.5,2.0,3.5,2.33
57574,2.5,2.0,4.0,2.83
46067,2.1,2.5,3.8,2.8
38190,3.2,3.5,2.1,2.93
45246,3.5,3.0,2.0,2.83
3527,3.5,3.2,3.8,3.5
64360,3.2,3.5,2.8,3.17
25376,2.5,3.0,3.5,3.0
26562,3.5,3.0,4.0,3.5
40566,3.2,3.5,2.1,2.93
3318,3.2,3.0,3.5,3.23
20485,3.2,2.8,4.1,3.37
28487,2.5,3.0,3.5,3.0
22725,3.5,3.0,4.0,3.5
67688,1.5,2.0,3.5,2.33
57958,3.5,3.2,3.8,3.5
60577,2.5,3.0,3.5,3.0
17576,3.2,2.5,4.1,3.27
12131,3.5,3.0,4.5,3.67
63420,2.5,3.0,2.0,2.5
53687,3.5,3.0,4.0,3.5
37870,,,,
50585,3.2,3.5,2.1,2.93
6061,3.5,3.0,4.5,3.67
68301,1.5,2.0,4.0,2.5
68642,3.2,3.5,4.1,3.6
11035,3.2,3.5,3.8,3.5
26127,3.5,3.2,3.0,3.23
23838,2.5,3.0,3.5,3.0
14492,3.2,3.5,2.8,3.17
16747,4.2,3.8,4.5,4.17
49200,3.2,3.5,3.8,3.5
1222,3.5,3.0,3.2,3.23
39660,2.5,2.0,3.0,2.5
49440,3.5,2.0,1.5,2.33
5447,3.2,2.8,3.5,3.17
56555,3.5,3.0,3.2,3.23
675,3.2,3.5,3.0,3.23
13224,3.5,3.0,4.5,3.67
26380,2.1,2.4,3.8,2.77
58980,2.5,2.0,4.0,2.83
12945,4.2,3.8,3.5,3.83
36754,3.0,2.5,4.0,3.17
39181,3.5,2.8,4.2,3.5
2572,4.5,4.2,3.1,3.93
45767,3.2,3.0,2.5,2.9
8106,3.2,3.5,3.0,3.23
5986,2.1,2.4,3.8,2.77
66974,3.2,2.8,4.1,3.37
61289,3.2,2.8,3.5,3.17
13771,2.5,3.0,1.5,2.33
19357,3.5,3.2,3.0,3.23
4341,3.2,3.5,3.8,3.5
29373,4.2,3.8,4.5,4.17
25707,2.5,2.0,3.0,2.5
63865,3.5,2.8,4.2,3.5
70416,3.2,3.5,2.1,2.93
58379,3.5,3.0,2.5,3.0
48056,3.5,3.0,2.5,3.0
31272,1.0,1.0,1.0,1.0
48139,3.2,3.5,2.1,2.93
49449,3.2,3.0,4.1,3.43
8537,4.5,4.0,2.0,3.5
54510,2.1,2.5,3.8,2.8
71608,2.5,2.0,3.0,2.5
31422,4.2,3.8,4.5,4.17
25891,3.2,3.0,3.5,3.23
30144,3.5,3.0,3.2,3.23
67757,1.5,1.2,4.5,2.4
7856,2.1,1.5,3.2,2.27
53688,3.2,3.5,3.8,3.5
44521,3.5,3.2,3.8,3.5
24836,3.2,3.5,3.8,3.5
375,3.2,3.5,3.8,3.5
30067,3.5,3.0,4.0,3.5
28448,2.5,2.0,3.0,2.5
9556,4.5,4.0,4.8,4.43
46844,3.2,2.8,3.5,3.17
4906,3.5,3.2,3.0,3.23
68038,3.2,3.5,3.8,3.5
58635,2.1,2.5,3.8,2.8
70063,3.5,3.0,2.0,2.83
21825,3.2,2.5,4.1,3.27
51344,2.5,2.0,4.0,2.83
54886,3.2,2.8,3.5,3.17
38389,3.2,2.5,3.8,3.17
46789,2.5,2.0,4.5,3.0
42895,2.1,2.4,3.8,2.77
13114,4.2,3.8,4.5,4.17
33056,3.5,3.0,3.2,3.23
52527,3.5,3.0,4.2,3.57
54429,2.1,2.5,1.8,2.13
35384,3.5,3.0,2.5,3.0
6190,2.5,3.0,3.5,3.0
44732,4.5,4.0,1.5,3.33
31262,4.2,3.5,1.5,3.07
56117,2.1,2.5,3.8,2.8
37668,3.2,3.5,2.8,3.17
37149,3.5,3.0,2.5,3.0
20020,2.1,2.5,3.8,2.8
30030,3.5,3.0,4.5,3.67
35084,1.5,2.0,4.0,2.5
22438,3.5,3.0,4.0,3.5
59861,3.5,3.0,2.5,3.0
45652,2.0,1.5,1.0,1.5
41412,3.5,3.0,2.0,2.83
26145,2.1,2.4,3.8,2.77
6605,2.5,3.0,3.5,3.0
25101,3.5,3.0,2.0,2.83
30082,4.2,3.5,4.8,4.17
66569,3.2,3.0,3.5,3.23
56811,2.5,3.0,3.5,3.0
19681,2.5,2.0,3.5,2.67
63169,3.5,3.0,2.0,2.83
40710,2.5,3.0,2.0,2.5
70285,2.5,3.0,4.0,3.17
13853,4.2,3.5,4.8,4.17
47214,3.2,3.5,3.8,3.5
37445,3.5,3.0,2.0,2.83
37679,3.2,3.5,3.8,3.5
46878,4.5,4.0,4.8,4.43
45104,3.5,3.0,4.0,3.5
18953,3.2,3.5,2.8,3.17
3588,2.5,3.0,4.0,3.17
8933,4.2,3.8,4.5,4.17
27074,3.2,3.5,3.8,3.5
23656,4.2,3.8,4.5,4.17
32149,4.0,3.5,4.5,4.0
52794,3.2,2.5,4.1,3.27
15297,3.5,3.0,3.2,3.23
70786,3.2,2.5,4.1,3.27
39885,1.0,1.5,1.0,1.17
65908,3.2,3.5,2.1,2.93
34760,4.2,3.5,1.5,3.07
16204,2.5,2.0,4.0,2.83
45514,3.2,3.5,4.1,3.6
8780,3.2,2.5,4.1,3.27
9932,3.5,3.2,3.0,3.23
22845,4.5,3.8,4.8,4.37
13428,1.5,2.0,3.5,2.33
27985,4.2,4.5,4.8,4.5
35136,3.5,3.0,2.5,3.0
54580,2.5,3.0,4.0,3.17
49921,2.1,2.5,3.8,2.8
49785,2.1,2.4,3.8,2.77
12655,3.2,3.0,2.5,2.9
67586,2.5,3.0,3.5,3.0
14875,3.5,3.0,2.5,3.0
22700,3.5,4.0,4.5,4.0
63098,4.2,3.8,4.5,4.17
60328,3.5,3.0,4.0,3.5
83,2.1,2.5,3.8,2.8
57911,4.2,3.5,1.5,3.07
54435,4.5,4.0,4.8,4.43
46974,3.5,3.0,3.2,3.23
24574,3.5,3.0,2.0,2.83
41788,2.1,2.5,4.2,2.93
24020,4.2,3.8,3.5,3.83
67327,3.5,2.8,4.2,3.5
69785,2.5,3.0,1.5,2.33
32326,3.5,3.2,3.0,3.23
30239,2.5,2.0,4.0,2.83
69901,3.2,2.5,4.1,3.27
11008,4.0,2.5,1.5,2.67
24204,3.5,3.0,4.5,3.67
22818,2.1,2.5,1.8,2.13
59037,3.5,3.0,4.0,3.5
17850,2.5,2.0,4.5,3.0
59384,3.5,3.0,2.5,3.0
59856,4.2,3.5,4.5,4.07
41758,2.1,2.5,3.8,2.8
70250,2.1,2.5,3.8,2.8
26249,4.5,4.0,1.5,3.33
56075,2.1,2.4,3.8,2.77
49888,4.0,3.5,4.5,4.0
7136,3.5,3.0,2.0,2.83
23727,3.2,3.0,4.5,3.57
36414,4.0,3.5,4.5,4.0
7033,4.5,4.0,4.8,4.43
26046,1.5,1.2,2.0,1.57
4655,3.5,3.0,3.2,3.23
31517,3.2,3.0,3.5,3.23
61253,4.5,4.0,3.5,4.0
28980,1.5,2.0,3.0,2.17
35354,3.2,2.8,3.5,3.17
40936,2.5,2.0,3.0,2.5
45362,3.5,3.0,3.2,3.23
52914,4.5,4.0,4.8,4.43
34016,2.5,2.0,3.0,2.5
7802,3.2,3.5,3.8,3.5
71417,2.1,2.4,3.8,2.77
34039,4.0,3.5,4.5,4.0
43995,3.2,3.5,3.8,3.5
68246,2.5,3.0,3.5,3.0
42996,2.1,2.5,3.8,2.8
40921,2.5,3.0,3.5,3.0
16597,3.5,3.0,4.0,3.5
62988,3.0,2.0,1.5,2.17
57779,3.5,3.2,3.8,3.5
839,2.5,3.0,4.0,3.17
60324,2.5,2.0,3.0,2.5
65436,3.5,2.0,4.5,3.33
31389,2.0,1.5,1.0,1.5
70244,2.1,2.5,3.8,2.8
23644,3.2,3.5,2.8,3.17
34739,3.5,3.2,3.8,3.5
30864,4.2,3.8,2.1,3.37
37521,3.5,3.0,2.5,3.0
13042,4.2,4.5,4.8,4.5
47222,3.0,2.5,1.0,2.17
66995,4.2,4.0,2.5,3.57
24850,4.5,4.0,4.8,4.43
59023,2.1,2.4,3.8,2.77
19787,3.5,3.0,4.5,3.67
1107,4.2,3.8,4.5,4.17
71428,2.5,3.0,3.5,3.0
46624,3.2,3.5,2.1,2.93
48586,2.1,2.4,3.8,2.77
48261,4.2,3.8,1.5,3.17
57630,4.2,3.8,4.5,4.17
37742,1.5,2.0,3.0,2.17
29741,2.5,3.0,3.5,3.0
20283,2.5,3.0,4.0,3.17
23198,3.5,3.0,2.5,3.0
32124,3.5,3.2,4.1,3.6
25398,2.5,2.0,3.5,2.67
35303,3.5,3.0,4.0,3.5
47674,3.5,3.0,3.2,3.23
65011,3.5,3.2,3.0,3.23
26444,3.5,3.0,3.2,3.23
43118,3.2,3.5,3.0,3.23
46460,3.5,3.0,2.0,2.83
53274,3.2,3.5,4.1,3.6
5531,3.2,3.0,3.5,3.23
32611,3.5,3.0,2.0,2.83
27214,2.1,2.5,3.8,2.8
60435,2.1,2.5,3.2,2.6
64243,3.5,3.0,2.0,2.83
42441,4.2,4.0,4.5,4.23
57849,3.2,3.5,3.8,3.5
8082,3.0,3.5,4.5,3.67
58915,3.2,2.8,3.5,3.17
42575,3.5,3.0,4.5,3.67
40578,4.5,4.0,4.8,4.43
21347,4.2,4.0,3.5,3.9
58455,3.5,3.0,2.0,2.83
62471,2.1,2.5,4.2,2.93
33561,4.2,4.5,3.1,3.93
21439,3.5,3.0,4.0,3.5
19347,3.5,3.0,4.0,3.5
57649,2.1,2.4,3.8,2.77
46196,2.1,2.4,3.8,2.77
42422,3.2,2.8,3.5,3.17
22449,1.0,1.5,2.0,1.5
70446,4.5,4.0,1.5,3.33
68670,4.2,3.8,3.5,3.83
4592,3.2,3.0,3.5,3.23
52376,3.5,3.2,3.8,3.5
13919,3.5,3.0,3.2,3.23
44701,4.2,4.0,3.5,3.9
12234,2.1,2.5,3.8,2.8
65387,4.2,3.8,4.5,4.17
65880,4.2,3.8,4.5,4.17
14979,2.1,2.4,4.2,2.9
64001,2.1,2.4,3.8,2.77
7355,4.2,3.5,4.8,4.17
13213,1.5,2.0,3.5,2.33
60494,3.1,2.8,3.5,3.13
10411,2.5,3.0,3.5,3.0
37422,2.5,3.0,3.5,3.0
19192,2.5,2.0,3.5,2.67
6561,2.1,3.4,3.8,3.1
51643,2.1,2.5,3.8,2.8
25523,3.2,3.5,4.1,3.6
1454,2.5,3.0,3.5,3.0
56787,3.5,3.0,4.0,3.5
20153,3.5,3.0,2.0,2.83
1061,3.5,3.0,4.5,3.67
2469,4.5,4.0,1.5,3.33
43533,3.5,3.0,2.5,3.0
40278,3.5,3.0,3.2,3.23
34889,4.5,4.0,4.8,4.43
14031,2.5,3.0,2.0,2.5
7827,3.5,3.2,2.8,3.17
52108,3.5,2.8,4.2,3.5
5415,3.5,3.0,4.0,3.5
5068,3.2,3.0,3.5,3.23
70137,3.2,3.0,3.5,3.23
8288,3.5,3.0,2.0,2.83
53631,3.0,3.5,2.0,2.83
42396,3.5,3.0,4.5,3.67
11040,3.5,3.0,3.2,3.23
10426,3.5,3.0,4.5,3.67
45264,3.5,3.0,2.5,3.0
72062,3.5,3.0,2.0,2.83
37356,3.2,2.5,4.1,3.27
10788,2.5,3.0,4.5,3.33
11101,3.2,3.5,2.1,2.93
45032,2.5,2.0,4.0,2.83
57765,3.5,3.2,3.8,3.5
28420,3.5,3.0,3.2,3.23
45520,3.5,3.0,4.0,3.5
29219,2.1,2.5,3.8,2.8
11127,4.2,3.5,4.8,4.17
43299,2.5,3.0,3.5,3.0
63656,3.5,4.0,2.0,3.17
56211,2.5,3.0,4.5,3.33
54601,2.5,2.0,3.0,2.5
38623,2.5,2.0,3.5,2.67
63192,3.2,3.5,3.8,3.5
69949,2.1,2.4,3.8,2.77
22109,3.5,3.0,4.5,3.67
17197,3.5,3.2,3.8,3.5
70514,3.5,3.0,4.5,3.67
16457,2.1,1.5,4.2,2.6
44728,4.2,4.5,2.1,3.6
200,3.2,3.0,2.5,2.9
71151,3.5,3.0,2.5,3.0
22933,2.5,2.0,4.0,2.83
50915,2.1,2.5,4.2,2.93
44856,2.1,2.5,3.8,2.8
26872,1.0,1.0,5.0,2.33
63826,3.5,2.0,4.5,3.33
33697,3.5,3.0,4.2,3.57
27901,3.5,4.0,3.0,3.5
62469,4.0,3.5,2.0,3.17
36430,3.2,3.5,4.1,3.6
15294,3.5,3.0,4.5,3.67
3488,4.2,3.8,2.1,3.37
37013,3.2,3.5,2.8,3.17
40455,3.5,3.2,3.8,3.5
47370,3.2,3.5,3.8,3.5
26287,3.5,3.0,4.5,3.67
56173,4.5,4.0,4.8,4.43
25131,3.2,3.5,2.8,3.17
30036,2.1,2.5,3.8,2.8
5526,3.2,2.8,3.5,3.17
64677,3.5,3.0,3.2,3.23
65952,3.5,3.2,3.0,3.23
15391,3.2,2.8,4.1,3.37
53215,2.5,2.0,4.0,2.83
6661,1.5,1.0,1.0,1.17
52985,3.5,3.0,4.5,3.67
60197,3.5,3.0,4.0,3.5
1210,4.2,4.0,3.5,3.9
16273,2.5,2.0,3.5,2.67
36969,2.1,2.5,3.2,2.6
35269,4.2,4.0,3.5,3.9
71117,2.5,2.0,4.0,2.83
46586,3.2,3.5,2.8,3.17
41577,2.5,2.0,3.0,2.5
8341,2.5,2.0,3.5,2.67
52048,2.5,2.0,4.0,2.83
10634,3.5,3.0,4.5,3.67
56529,3.5,3.0,2.5,3.0
21582,1.1,1.2,4.8,2.37
15518,2.5,2.0,4.0,2.83
43150,3.2,3.0,3.5,3.23
65791,4.2,3.8,4.5,4.17
38833,3.5,3.0,4.0,3.5
52635,3.5,3.0,3.2,3.23
7493,4.2,3.8,4.5,4.17
32225,4.2,3.8,4.5,4.17
47426,3.5,3.0,4.5,3.67
66594,3.2,2.8,3.5,3.17
16386,4.5,4.0,4.8,4.43
69029,3.5,3.0,4.5,3.67
44958,3.5,3.0,2.0,2.83
70594,3.5,3.0,4.0,3.5
12840,3.2,3.5,3.8,3.5
25382,3.5,3.0,4.5,3.67
2418,3.8,4.1,3.5,3.8
69434,3.5,3.0,4.5,3.67
67239,3.5,3.0,2.5,3.0
55863,4.2,3.8,4.5,4.17
68549,4.2,4.5,3.1,3.93
47487,4.5,4.0,1.5,3.33
41546,3.5,3.0,4.0,3.5
28176,2.5,3.0,2.0,2.5
13094,3.2,2.8,4.1,3.37
14980,2.1,2.4,3.8,2.77
55283,3.5,3.0,2.5,3.0
28808,2.5,2.0,4.0,2.83
69315,3.5,3.0,4.5,3.67
7284,3.5,3.0,4.0,3.5
47281,2.1,2.4,3.8,2.77
53538,3.5,3.0,2.5,3.0
12172,3.5,3.0,4.0,3.5
9362,2.1,2.5,3.8,2.8
66130,3.5,3.0,4.0,3.5
30988,3.2,3.5,3.8,3.5
11036,2.5,2.0,3.0,2.5
8065,3.5,3.0,2.5,3.0
48775,1.5,1.2,4.5,2.4
19671,2.5,2.0,3.5,2.67
5973,3.5,3.0,4.0,3.5
64180,4.2,3.8,3.5,3.83
57151,3.5,3.0,4.5,3.67
64193,2.1,2.5,4.2,2.93
36513,1.5,2.0,3.0,2.17
15150,3.5,3.0,4.5,3.67
29996,3.2,2.8,3.5,3.17
20956,4.0,4.0,3.0,3.67
47307,2.1,2.5,3.8,2.8
26115,3.5,3.0,4.0,3.5
4748,3.5,3.0,4.0,3.5
6510,3.5,2.8,4.2,3.5
66056,2.1,2.4,3.8,2.77
35927,4.5,4.0,1.5,3.33
54784,4.2,3.8,4.5,4.17
69145,3.5,3.0,2.5,3.0
45821,3.5,3.0,2.5,3.0
32252,2.1,2.4,3.8,2.77
35558,2.1,2.4,3.8,2.77
59936,3.5,3.0,2.5,3.0
58923,4.5,4.0,4.8,4.43
19346,3.5,3.0,4.5,3.67
62189,4.2,3.8,4.5,4.17
5563,4.5,3.8,4.2,4.17
57902,4.0,3.5,4.5,4.0
15257,4.2,3.8,4.5,4.17
43207,2.5,3.0,3.5,3.0
59298,3.5,3.0,4.0,3.5
33162,4.5,4.0,4.8,4.43
13589,3.5,3.0,2.0,2.83
16540,2.1,2.4,3.8,2.77
39069,2.5,3.0,3.5,3.0
2557,3.5,2.0,1.5,2.33
65360,3.0,3.5,4.0,3.5
15094,4.0,3.5,4.5,4.0
32819,3.5,3.0,2.0,2.83
49945,3.5,3.0,4.2,3.57
60815,2.0,2.5,1.5,2.0
50519,3.2,3.5,2.1,2.93
49307,2.1,2.4,3.8,2.77
36419,3.5,3.0,2.5,3.0
61127,2.5,2.0,3.0,2.5
31872,3.5,3.0,4.2,3.57
1196,1.5,1.2,4.8,2.5
51878,3.5,3.0,4.0,3.5
28316,2.5,2.0,3.5,2.67
61757,3.2,3.0,3.5,3.23
39931,3.2,2.8,3.5,3.17
42577,3.5,3.0,4.5,3.67
25279,2.5,3.0,4.0,3.17
33786,3.2,3.5,2.8,3.17
46608,3.5,3.0,4.5,3.67
35021,3.5,3.0,2.0,2.83
38708,3.5,3.0,2.5,3.0
22551,2.1,2.4,3.8,2.77
54943,4.5,4.0,2.0,3.5
48704,3.5,3.0,4.5,3.67
53718,2.1,2.4,3.8,2.77
35317,3.5,3.0,4.0,3.5
15739,2.5,2.0,4.0,2.83
6101,3.5,2.8,4.2,3.5
50831,3.5,3.0,4.0,3.5
29752,2.5,3.0,3.5,3.0
62661,2.5,2.0,3.0,2.5
26488,2.1,2.5,3.0,2.53
57175,3.2,3.0,3.5,3.23
14921,3.5,3.0,3.2,3.23
15479,2.1,2.5,3.8,2.8
27952,3.2,3.5,2.8,3.17
20428,2.1,2.4,3.2,2.57
35312,3.5,3.0,2.5,3.0
57085,3.5,3.0,4.0,3.5
6178,4.2,3.8,4.5,4.17
51862,2.5,3.0,3.5,3.0
20430,3.5,3.0,4.5,3.67
58919,3.5,2.0,4.5,3.33
35960,2.5,2.0,3.0,2.5
31126,3.2,3.0,2.5,2.9
34116,3.2,3.0,3.5,3.23
17161,3.2,3.5,2.1,2.93
16142,3.5,3.0,3.2,3.23
10311,4.2,3.5,2.1,3.27
9399,2.5,2.0,3.0,2.5
39551,3.2,3.5,3.8,3.5
34069,3.5,4.0,2.0,3.17
60305,3.5,3.0,4.0,3.5
28089,3.5,3.0,4.0,3.5
16854,3.5,3.0,2.5,3.0
1885,4.2,4.5,2.1,3.6
15860,4.5,4.0,1.5,3.33
22653,3.2,3.5,3.8,3.5
38648,2.5,3.0,4.5,3.33
39807,2.5,2.0,3.0,2.5
4686,3.5,3.0,4.0,3.5
46717,2.5,2.0,3.0,2.5
43973,4.5,4.0,3.5,4.0
37136,3.2,3.5,2.1,2.93
1692,3.2,3.5,3.8,3.5
11726,4.5,3.8,4.8,4.37
16012,3.5,3.0,1.0,2.5
33664,2.1,2.5,3.8,2.8
46687,4.5,4.0,4.8,4.43
16247,3.5,3.0,2.5,3.0
49389,3.2,3.5,2.8,3.17
49456,2.5,3.0,3.5,3.0
61812,2.5,2.0,3.5,2.67
31741,2.5,2.0,3.0,2.5
66973,2.5,3.0,3.5,3.0
35644,2.5,2.0,3.0,2.5
10821,3.2,3.5,2.8,3.17
29538,3.5,3.0,4.5,3.67
7952,4.2,3.8,4.5,4.17
35831,3.2,3.5,3.8,3.5
61493,2.1,2.5,3.2,2.6
15656,3.5,3.0,2.5,3.0
57945,2.5,2.0,1.5,2.0
69426,3.2,3.5,3.0,3.23
47014,3.2,3.5,3.8,3.5
69672,3.2,3.5,4.1,3.6
26259,4.2,3.8,3.5,3.83
47805,3.5,3.0,2.0,2.83
44513,4.5,3.0,1.0,2.83
21458,4.0,4.5,1.5,3.33
55364,3.5,3.0,4.0,3.5
35358,2.5,2.0,3.0,2.5
21453,2.5,3.0,2.0,2.5
19275,2.5,3.0,4.0,3.17
28011,2.0,2.5,1.0,1.83
30105,3.5,3.0,4.0,3.5
27982,4.5,4.0,4.8,4.43
42739,3.5,3.0,3.2,3.23
71041,4.2,3.5,2.1,3.27
14239,4.5,3.0,1.5,3.0
21284,3.2,3.0,4.5,3.57
3891,3.2,3.0,3.5,3.23
28506,3.5,3.0,4.0,3.5
37983,3.2,3.5,4.1,3.6
30022,3.5,3.0,2.0,2.83
42126,3.5,3.0,4.0,3.5
61703,4.2,3.8,3.1,3.7
1515,3.2,2.5,4.1,3.27
34144,3.5,3.0,2.0,2.83
26825,3.2,3.0,3.5,3.23
26496,2.1,2.5,3.8,2.8
57687,4.2,3.5,4.8,4.17
51278,4.5,4.0,1.5,3.33
42905,4.5,4.0,4.8,4.43
49193,3.2,3.5,2.8,3.17
50689,2.1,2.5,4.2,2.93
23153,2.5,2.0,3.5,2.67
40387,3.5,3.0,4.5,3.67
17193,1.5,2.0,4.5,2.67
19047,3.2,3.0,3.5,3.23
30329,2.1,2.5,3.8,2.8
10436,3.2,2.5,4.1,3.27
36341,3.5,3.0,2.5,3.0
32281,3.1,2.8,3.5,3.13
65553,3.5,3.0,3.2,3.23
50957,3.2,3.5,3.8,3.5
35306,3.2,3.5,2.8,3.17
63063,3.2,2.5,4.1,3.27
66878,1.5,1.0,1.0,1.17
32100,4.5,3.8,4.8,4.37
39259,3.5,3.0,3.2,3.23
32441,2.5,3.0,4.0,3.17
7245,2.5,3.0,3.5,3.0
63842,3.2,2.8,3.5,3.17
64373,2.5,2.0,3.5,2.67
66690,2.5,2.0,1.5,2.0
53054,3.2,3.5,3.0,3.23
4923,3.5,3.0,2.0,2.83
19093,4.2,4.5,3.8,4.17
30063,3.5,3.0,4.0,3.5
7120,3.5,3.0,3.2,3.23
49802,3.2,2.8,4.1,3.37
56047,1.5,2.0,3.5,2.33
23489,4.5,4.0,4.8,4.43
41763,2.1,2.5,3.8,2.8
9512,4.5,4.0,1.5,3.33
22000,1.5,2.0,1.0,1.5
36510,2.1,1.5,3.2,2.27
31292,3.5,3.0,2.0,2.83
2951,3.5,3.0,3.2,3.23
58604,3.5,3.0,4.5,3.67
56027,3.5,3.0,4.5,3.67
51791,3.0,3.5,4.0,3.5
42601,2.1,2.5,3.8,2.8
48042,4.2,3.8,4.5,4.17
61663,3.2,2.5,4.1,3.27
26238,4.2,4.0,3.5,3.9
31843,3.5,3.2,3.0,3.23
35060,1.5,2.0,3.5,2.33
28803,3.5,3.0,2.0,2.83
63906,3.5,4.0,3.0,3.5
61903,3.5,3.0,2.0,2.83
36170,2.5,2.0,3.0,2.5
34379,4.2,4.0,4.5,4.23
17637,3.5,3.2,3.0,3.23
47300,2.1,2.4,3.8,2.77
23418,2.1,2.5,3.8,2.8
49094,3.2,3.5,3.8,3.5
4614,2.5,2.0,3.5,2.67
22148,3.5,3.0,4.5,3.67
9779,3.5,3.0,4.0,3.5
60715,3.2,3.0,3.5,3.23
8544,3.5,3.0,4.5,3.67
11766,3.2,3.0,3.5,3.23
58107,3.5,3.0,4.0,3.5
40626,4.2,3.8,4.5,4.17
56871,2.5,3.0,4.0,3.17
24066,3.5,3.0,4.0,3.5
39151,2.1,2.4,3.8,2.77
62636,3.5,3.0,4.0,3.5
29502,2.5,2.0,3.5,2.67
64885,1.5,2.0,4.0,2.5
55898,4.5,4.0,4.8,4.43
14610,4.2,4.0,4.5,4.23
64069,3.5,3.0,4.0,3.5
65948,3.8,3.5,3.2,3.5
62512,3.5,3.0,4.0,3.5
62476,3.5,2.8,1.5,2.6
3721,3.5,3.0,4.0,3.5
54538,3.5,3.0,3.2,3.23
71025,4.2,3.8,3.5,3.83
19297,2.0,1.5,4.0,2.5
51817,3.5,3.0,2.0,2.83
30217,2.5,2.0,3.5,2.67
26209,2.5,2.0,3.0,2.5
26889,3.5,3.0,2.0,2.83
53594,1.2,1.5,4.1,2.27
20422,3.5,3.0,4.5,3.67
57331,2.5,2.0,3.0,2.5
9700,4.0,3.5,4.5,4.0
62101,3.5,3.0,2.5,3.0
35125,2.5,3.0,3.5,3.0
14953,4.2,3.8,4.5,4.17
39825,4.5,3.8,4.8,4.37
4945,2.1,1.5,1.2,1.6
41777,2.0,2.5,3.0,2.5
48475,3.2,2.8,3.5,3.17
36667,2.5,2.0,3.5,2.67
45407,2.5,2.0,1.5,2.0
43587,4.2,3.5,4.8,4.17
67337,2.5,2.0,1.5,2.0
55801,3.5,2.0,1.5,2.33
37811,3.5,2.0,1.5,2.33
46015,3.5,2.8,4.2,3.5
12439,2.0,2.5,1.5,2.0
62201,3.5,4.0,2.0,3.17
34032,2.5,2.0,1.0,1.83
56450,4.2,3.8,4.5,4.17
69071,2.5,3.0,3.5,3.0
63601,4.2,3.8,3.5,3.83
45590,3.2,3.0,3.5,3.23
8658,2.5,2.0,3.5,2.67
52138,1.5,2.0,3.5,2.33
70249,2.1,2.4,3.8,2.77
15673,3.5,2.8,4.5,3.6
17354,3.5,3.0,3.2,3.23
7961,4.2,4.0,3.5,3.9
26605,3.5,3.0,4.0,3.5
53500,3.5,3.0,4.0,3.5
54021,3.5,3.0,4.0,3.5
33731,2.5,3.0,3.5,3.0
21231,3.5,3.0,4.5,3.67
52811,2.1,1.5,3.8,2.47
50443,2.1,2.4,3.8,2.77
12949,3.5,3.0,3.2,3.23
47264,2.5,2.0,1.5,2.0
52665,2.5,2.0,4.0,2.83
54809,3.2,3.5,2.1,2.93
52796,3.5,2.0,4.0,3.17
36597,2.1,2.5,3.8,2.8
59756,3.5,3.0,4.5,3.67
32244,4.2,3.8,4.5,4.17
8924,3.1,3.4,3.8,3.43
38616,2.5,2.0,3.0,2.5
17121,3.2,3.0,3.5,3.23
10708,2.1,2.4,3.8,2.77
71066,2.1,2.4,3.8,2.77
27331,4.2,3.5,2.1,3.27
24896,2.1,2.4,3.8,2.77
43856,3.2,3.5,3.8,3.5
59382,3.5,3.0,2.0,2.83
44369,3.2,3.0,2.5,2.9
46920,3.5,3.0,3.2,3.23
48354,3.2,3.5,3.8,3.5
55524,1.5,2.0,4.5,2.67
48003,4.2,3.5,4.8,4.17
24835,3.2,3.5,3.8,3.5
39619,2.5,3.0,1.5,2.33
34942,3.2,3.0,3.5,3.23
36053,3.5,3.2,4.1,3.6
40713,3.2,3.0,3.5,3.23
61021,3.5,2.0,1.5,2.33
54935,1.5,1.0,4.5,2.33
48871,2.1,2.4,3.8,2.77
557,3.2,3.5,4.1,3.6
8605,3.5,3.0,4.5,3.67
20137,4.2,3.8,4.5,4.17
33109,3.5,3.0,2.5,3.0
11622,2.5,3.0,3.5,3.0
42015,2.1,1.5,1.0,1.53
17022,2.5,3.0,3.5,3.0
29756,2.1,2.5,3.8,2.8
37647,2.1,2.5,3.8,2.8
15748,4.5,4.0,4.8,4.43
17776,3.2,3.5,2.1,2.93
64888,3.5,3.2,3.8,3.5
58293,4.2,3.8,4.5,4.17
19496,1.5,2.0,4.5,2.67
33312,3.5,3.2,2.8,3.17
30803,3.5,3.0,3.2,3.23
32970,3.5,3.0,2.0,2.83
40237,3.2,2.8,3.5,3.17
61802,3.5,3.0,4.0,3.5
23896,3.2,3.5,3.8,3.5
70756,2.1,2.4,4.2,2.9
42026,2.1,2.4,3.8,2.77
33310,4.2,3.8,3.5,3.83
41586,3.5,2.8,4.5,3.6
16537,2.5,3.0,3.5,3.0
39134,4.2,3.5,4.8,4.17
57753,3.5,3.0,2.0,2.83
56145,2.1,2.5,3.2,2.6
4005,2.5,2.0,4.0,2.83
31273,3.2,3.0,3.5,3.23
14486,3.5,3.2,3.8,3.5
30053,4.5,4.0,2.0,3.5
12972,2.1,2.5,3.8,2.8
63467,3.5,3.8,3.2,3.5
57024,3.5,3.0,2.0,2.83
17712,3.5,3.0,2.0,2.83
11481,3.2,3.5,3.8,3.5
66039,3.5,3.0,3.2,3.23
70563,3.5,3.0,4.0,3.5
52870,3.5,3.0,3.2,3.23
71502,4.5,4.0,1.5,3.33
54790,3.5,3.0,4.0,3.5
62790,3.5,3.0,1.5,2.67
21094,3.5,3.0,4.5,3.67
58977,2.5,2.0,4.5,3.0
26331,2.1,2.4,3.8,2.77
44202,2.1,2.5,3.8,2.8
21781,2.1,2.5,3.8,2.8
46539,3.5,3.0,2.5,3.0
20796,2.5,2.0,3.0,2.5
32207,3.5,3.0,3.2,3.23
47033,3.5,4.0,4.5,4.0
38334,4.2,3.8,4.5,4.17
40652,2.1,2.4,3.8,2.77
25549,3.5,3.0,4.0,3.5
6264,2.5,3.0,4.5,3.33
36952,1.5,2.0,4.5,2.67
51578,4.0,3.5,4.5,4.0
22475,3.5,3.0,4.0,3.5
22591,3.5,3.0,4.2,3.57
52297,3.5,3.0,2.5,3.0
53482,3.5,3.0,3.2,3.23
38726,3.2,3.5,3.8,3.5
36331,2.1,2.5,3.0,2.53
11933,2.1,2.4,3.8,2.77
58771,1.5,2.0,4.0,2.5
50533,3.5,3.0,3.2,3.23
68263,3.5,2.0,4.0,3.17
23267,3.2,3.5,3.8,3.5
39868,3.5,3.0,3.2,3.23
49092,4.5,4.0,1.5,3.33
38563,2.5,2.0,3.0,2.5
35904,3.5,3.0,4.0,3.5
10267,3.2,2.8,3.5,3.17
56642,3.2,3.5,3.8,3.5
24406,2.1,2.5,3.8,2.8
23820,2.5,3.0,3.5,3.0
28667,3.2,3.5,3.8,3.5
59734,3.5,2.8,4.5,3.6
56585,1.5,2.0,4.5,2.67
63364,3.5,3.0,4.5,3.67
62533,1.1,1.2,4.8,2.37
1417,3.5,3.2,3.8,3.5
9927,2.1,2.4,3.8,2.77
16825,3.2,3.5,3.8,3.5
62755,3.5,3.0,3.2,3.23
67484,3.5,2.0,1.5,2.33
4559,4.2,3.5,1.5,3.07
22627,3.5,3.0,2.5,3.0
34427,3.5,3.0,4.0,3.5
31849,2.1,1.5,4.2,2.6
23252,3.5,3.0,2.0,2.83
40369,3.2,2.8,2.1,2.7
17641,3.5,3.0,4.2,3.57
27591,4.0,3.5,1.0,2.83
54390,3.2,2.5,1.8,2.5
66909,3.5,3.0,2.0,2.83
42503,3.5,3.2,3.0,3.23
44931,2.5,2.0,3.0,2.5
52196,3.5,3.0,2.0,2.83
309,2.5,3.0,3.5,3.0
49391,4.2,3.5,4.8,4.17
35893,3.5,3.0,4.0,3.5
50361,4.2,3.8,4.5,4.17
36140,3.5,3.8,3.2,3.5
48773,1.5,1.2,4.5,2.4
17658,4.5,4.0,4.8,4.43
33289,2.1,2.4,3.8,2.77
3355,3.5,3.0,2.5,3.0
65803,2.1,2.4,3.8,2.77
70726,3.5,3.0,4.0,3.5
5073,3.2,3.0,2.5,2.9
21654,2.5,3.0,3.5,3.0
63717,3.0,3.5,1.0,2.5
54576,2.1,2.5,4.2,2.93
56716,3.5,3.0,2.5,3.0
62839,2.5,2.0,3.0,2.5
29881,4.5,4.0,4.8,4.43
50556,3.2,2.5,4.1,3.27
48967,3.5,3.0,4.0,3.5
1566,3.5,3.0,2.5,3.0
54475,2.5,3.0,3.5,3.0
18944,3.5,3.0,3.2,3.23
30880,3.5,3.0,2.0,2.83
17885,3.5,3.0,2.0,2.83
26001,3.2,3.5,2.1,2.93
8691,2.5,2.0,3.0,2.5
17829,3.5,3.0,4.5,3.67
22386,2.5,3.0,3.5,3.0
7338,3.5,3.0,4.0,3.5
55933,2.5,2.0,4.0,2.83
19446,3.5,3.0,4.5,3.67
43865,3.2,3.5,2.8,3.17
35882,3.5,3.0,4.5,3.67
37808,3.5,2.0,4.5,3.33
49357,3.5,2.0,4.5,3.33
19216,3.2,3.5,2.8,3.17
8282,4.5,4.0,2.0,3.5
3555,3.5,3.0,4.0,3.5
38108,1.0,1.0,1.0,1.0
22552,2.1,2.5,3.8,2.8
9569,3.5,3.0,3.2,3.23
51972,3.2,2.8,3.5,3.17
45619,4.2,3.8,3.1,3.7
55932,2.5,3.0,3.5,3.0
52702,3.2,3.5,4.1,3.6
21697,2.5,3.0,3.5,3.0
46728,1.5,2.0,3.5,2.33
21263,3.5,3.0,2.0,2.83
8447,3.5,3.0,2.0,2.83
29348,3.5,3.0,4.5,3.67
19368,3.2,3.0,4.5,3.57
22635,3.2,2.8,3.5,3.17
30993,2.5,2.0,3.0,2.5
65577,2.5,3.0,4.0,3.17
39958,3.5,3.0,4.0,3.5
50886,2.1,1.8,3.5,2.47
8724,2.1,2.5,3.8,2.8
67083,3.5,3.0,2.5,3.0
34002,2.5,2.0,3.5,2.67
10642,3.5,3.8,4.2,3.83
42154,3.2,3.5,4.1,3.6
19116,2.5,2.0,3.5,2.67
23128,3.2,3.5,3.8,3.5
70939,4.2,3.8,2.1,3.37
35564,3.5,3.0,4.5,3.67
47163,1.5,2.0,3.5,2.33
71860,4.2,3.5,4.8,4.17
53175,3.2,3.0,3.5,3.23
42856,3.5,3.0,2.0,2.83
70657,3.2,3.5,3.8,3.5
553,2.5,3.0,3.5,3.0
8564,2.5,2.0,3.5,2.67
71921,4.2,3.8,4.5,4.17
56987,2.5,2.0,3.0,2.5
65447,4.5,3.8,4.2,4.17
395,3.5,3.0,4.0,3.5
42446,3.5,3.2,2.8,3.17
21287,4.5,4.0,2.0,3.5
15517,3.2,3.5,4.1,3.6
47398,3.5,3.0,2.5,3.0
12038,3.0,2.5,4.0,3.17
62525,2.1,2.5,4.8,3.13
60284,1.0,1.0,1.0,1.0
24798,1.5,1.2,4.5,2.4
29553,2.5,3.0,3.5,3.0
1216,4.2,3.8,3.5,3.83
28427,3.2,3.5,4.5,3.73
25070,3.5,3.0,4.0,3.5
45632,4.0,3.5,4.5,4.0
29338,2.1,2.5,3.8,2.8
21345,2.5,2.0,3.5,2.67
61590,2.5,2.0,3.0,2.5
40355,3.0,2.5,4.5,3.33
47413,3.5,3.0,4.5,3.67
59108,3.2,3.0,3.5,3.23
71202,3.5,3.2,3.8,3.5
60601,3.2,2.5,4.8,3.5
42876,2.5,3.0,3.5,3.0
46389,3.5,3.0,2.0,2.83
43864,3.5,3.0,4.5,3.67
17598,3.5,3.0,4.0,3.5
47850,3.5,3.0,2.5,3.0
17656,4.5,4.0,4.8,4.43
27935,2.1,2.4,3.8,2.77
61228,2.1,2.5,3.8,2.8
4598,2.5,2.0,1.5,2.0
64353,3.2,3.5,2.8,3.17
34503,3.1,2.8,3.5,3.13
45914,3.5,3.0,4.5,3.67
64313,3.5,3.0,2.5,3.0
60023,2.5,2.0,4.0,2.83
12784,3.5,3.0,4.0,3.5
60220,3.2,3.5,3.8,3.5
57567,3.5,3.0,2.0,2.83
39344,3.2,3.5,3.8,3.5
46184,2.1,2.5,3.8,2.8
24670,2.5,3.0,3.5,3.0
9156,4.2,3.8,4.5,4.17
16865,3.2,2.8,3.5,3.17
58684,3.5,2.8,3.2,3.17
64805,3.5,3.0,2.5,3.0
71416,4.2,3.8,4.5,4.17
59671,3.5,2.0,4.5,3.33
26564,3.5,3.0,4.0,3.5
29897,2.1,2.5,3.8,2.8
67663,3.5,3.0,4.0,3.5
12132,2.1,2.5,3.2,2.6
7643,3.2,2.5,4.1,3.27
27618,3.5,3.0,4.5,3.67
33328,3.2,3.5,3.8,3.5
70714,4.2,3.8,4.5,4.17
63921,2.5,2.0,3.0,2.5
15818,3.2,2.5,4.1,3.27
39188,1.0,1.0,1.0,1.0
67069,3.5,3.2,3.8,3.5
17855,3.1,3.4,3.8,3.43
61261,2.5,2.0,3.5,2.67
63578,3.5,3.0,2.0,2.83
25894,4.2,3.8,4.5,4.17
2408,3.5,3.0,2.5,3.0
63506,4.5,4.0,4.8,4.43
58786,3.5,3.0,2.5,3.0
48829,2.5,2.0,3.0,2.5
5562,3.5,3.0,2.5,3.0
33456,2.5,2.0,3.5,2.67
66787,2.5,3.0,3.5,3.0
57021,3.2,2.5,4.1,3.27
503,3.2,3.5,3.8,3.5
51784,1.5,1.2,4.8,2.5
38449,3.5,3.2,3.0,3.23
21192,3.5,2.8,4.2,3.5
50658,2.1,2.5,3.8,2.8
193,3.5,3.0,4.5,3.67
61840,3.5,3.0,4.0,3.5
23873,3.5,3.0,4.0,3.5
63701,4.2,3.8,4.5,4.17
2390,2.1,2.4,3.8,2.77
63147,4.2,4.5,4.8,4.5
13960,3.2,2.5,4.1,3.27
47694,3.5,3.0,4.5,3.67
33468,2.1,2.4,3.8,2.77
45269,1.5,1.2,4.8,2.5
28859,3.5,3.2,3.8,3.5
49384,2.5,3.0,3.5,3.0
45707,3.5,3.0,2.5,3.0
21385,2.5,3.0,4.0,3.17
31681,3.5,3.0,4.5,3.67
56601,3.5,4.0,4.5,4.0
29586,3.5,3.2,3.8,3.5
29377,2.1,2.5,3.8,2.8
47851,3.5,3.0,2.5,3.0
27902,2.1,2.5,4.2,2.93
66598,3.2,3.5,3.8,3.5
44104,3.5,3.0,4.0,3.5
69367,2.0,1.5,4.0,2.5
54919,3.5,3.0,3.2,3.23
63824,2.5,2.0,4.0,2.83
16378,3.5,3.2,3.0,3.23
1906,4.5,4.0,1.5,3.33
59583,2.5,3.0,3.5,3.0
61894,3.2,2.8,3.5,3.17
37375,2.5,3.0,3.5,3.0
13956,2.5,2.0,3.5,2.67
2860,3.5,3.0,4.0,3.5
67174,2.1,2.4,3.8,2.77
53383,3.0,2.5,1.0,2.17
1849,1.0,1.5,1.0,1.17
56438,3.5,3.0,2.0,2.83
67117,3.2,3.5,2.1,2.93
18867,2.5,3.0,4.5,3.33
26691,2.1,1.5,4.2,2.6
19807,2.5,3.0,3.5,3.0
57064,2.5,3.0,1.5,2.33
31546,2.5,2.0,3.0,2.5
64706,3.5,3.0,4.0,3.5
26565,3.2,2.5,4.1,3.27
60314,3.2,3.5,4.1,3.6
65673,2.5,3.0,3.5,3.0
54733,3.5,3.0,4.0,3.5
36151,4.5,4.0,1.5,3.33
42502,3.5,3.0,2.0,2.83
19528,3.5,3.0,2.5,3.0
48135,3.2,3.5,3.8,3.5
51762,4.2,3.8,4.5,4.17
280,3.5,3.0,2.5,3.0
51459,3.5,3.0,2.0,2.83
37539,4.2,3.8,2.1,3.37
35007,4.2,3.8,4.5,4.17
40020,2.5,3.0,3.5,3.0
15059,4.0,3.5,2.0,3.17
51835,1.0,1.0,1.0,1.0
62448,2.5,2.0,3.0,2.5
68062,2.5,2.0,3.5,2.67
60805,3.5,3.0,2.0,2.83
16249,2.5,2.0,3.0,2.5
36792,1.5,2.0,4.5,2.67
44177,2.1,1.5,4.2,2.6
59565,3.2,3.5,4.1,3.6
28657,2.0,1.5,1.0,1.5
56011,3.5,4.0,2.0,3.17
6786,2.5,2.0,3.5,2.67
34636,3.2,3.5,3.8,3.5
40199,4.2,4.0,3.5,3.9
42406,3.2,3.5,2.8,3.17
31926,3.5,3.0,4.5,3.67
48459,3.5,3.0,4.0,3.5
10149,2.5,3.0,3.5,3.0
67293,3.2,2.8,3.5,3.17
61167,2.0,1.5,4.0,2.5
6591,1.5,2.0,4.0,2.5
58452,3.5,3.0,4.0,3.5
16251,3.2,3.0,4.1,3.43
58344,2.1,2.4,3.8,2.77
40421,2.1,1.5,1.0,1.53
51931,1.0,1.0,1.0,1.0
53956,4.5,4.0,4.8,4.43
56177,2.5,3.0,4.2,3.23
33955,2.1,2.4,4.2,2.9
66110,2.5,2.0,3.0,2.5
14242,3.2,2.8,3.5,3.17
62513,3.2,3.5,4.5,3.73
45410,2.5,3.0,4.0,3.17
3648,4.2,3.8,4.5,4.17
24628,3.5,3.0,4.5,3.67
38569,3.5,4.0,4.5,4.0
64469,3.5,2.8,4.2,3.5
24206,3.2,3.5,3.8,3.5
42840,3.5,4.0,4.5,4.0
2799,4.5,4.0,1.5,3.33
31608,4.2,3.8,4.5,4.17
64699,3.2,2.8,3.5,3.17
29011,3.2,3.0,3.5,3.23
32624,4.2,3.5,4.8,4.17
46242,2.5,2.0,3.0,2.5
48169,4.5,4.2,4.8,4.5
18720,3.5,3.0,4.0,3.5
47443,2.5,3.0,3.5,3.0
66250,3.2,3.0,4.1,3.43
42205,3.2,2.8,3.5,3.17
62056,1.0,1.0,1.0,1.0
33015,3.5,3.0,2.0,2.83
68989,3.5,3.0,2.0,2.83
55145,2.5,2.0,4.5,3.0
60362,3.5,3.0,2.0,2.83
13207,4.0,3.5,5.0,4.17
13055,4.2,3.5,4.8,4.17
16656,3.2,3.5,3.8,3.5
51356,1.5,1.0,1.0,1.17
61778,2.0,3.0,1.0,2.0
65230,3.2,3.5,2.1,2.93
40493,3.5,3.0,4.5,3.67
11074,2.1,2.4,3.8,2.77
18321,1.5,2.0,4.5,2.67
66576,3.5,3.0,2.0,2.83
8303,3.5,3.0,4.5,3.67
3934,3.2,3.5,3.8,3.5
40307,4.5,4.0,1.5,3.33
1004,3.5,3.0,2.0,2.83
38427,3.5,2.0,4.5,3.33
23597,3.5,4.0,4.5,4.0
55581,3.2,3.5,3.0,3.23
69926,3.5,3.0,4.5,3.67
18813,4.2,3.8,4.5,4.17
68199,2.1,2.5,4.2,2.93
52991,3.5,4.0,4.5,4.0
30151,4.2,3.8,2.1,3.37
20726,4.5,4.0,4.8,4.43
67639,3.5,3.0,2.0,2.83
67783,3.2,2.8,3.5,3.17
28359,2.1,2.4,3.8,2.77
16264,3.5,3.0,2.0,2.83
53273,3.5,4.0,4.5,4.0
3410,1.5,2.0,4.0,2.5
2674,4.5,4.0,4.8,4.43
15501,2.1,2.5,3.8,2.8
34806,3.2,3.0,2.5,2.9
54008,3.5,3.0,4.5,3.67
6959,2.1,2.5,3.8,2.8
52926,3.1,3.4,3.8,3.43
21163,2.1,2.5,3.8,2.8
13447,3.2,2.5,4.1,3.27
3638,3.5,3.0,4.5,3.67
51320,3.5,3.0,4.0,3.5
3039,3.2,3.5,4.1,3.6
58022,3.5,3.0,3.2,3.23
56309,3.5,3.0,4.5,3.67
59912,3.2,2.8,3.5,3.17
25705,2.1,2.4,3.8,2.77
7365,3.5,3.0,2.5,3.0
53350,3.5,3.0,2.5,3.0
16122,2.1,2.5,3.8,2.8
56581,2.5,2.0,3.5,2.67
16375,3.5,3.0,4.0,3.5
10065,3.5,3.0,4.5,3.67
24309,3.5,2.8,4.2,3.5
41632,4.2,4.0,3.5,3.9
15211,2.5,2.0,3.5,2.67
70278,1.5,2.0,3.5,2.33
49186,4.0,3.5,2.0,3.17
25151,2.1,1.8,3.5,2.47
44409,3.2,3.5,3.8,3.5
54960,2.5,2.0,3.0,2.5
39570,3.5,3.0,4.0,3.5
10618,4.2,4.0,4.5,4.23
10546,3.5,3.2,3.8,3.5
56073,3.2,2.8,3.5,3.17
33005,3.2,3.5,2.8,3.17
63945,1.5,2.0,1.0,1.5
18080,2.0,2.5,1.0,1.83
66740,2.1,1.8,2.5,2.13
38060,1.5,2.0,3.0,2.17
55969,2.5,2.0,4.0,2.83
1883,4.2,3.5,4.8,4.17
41685,2.1,1.5,3.8,2.47
14752,1.5,1.2,4.8,2.5
25327,4.0,3.5,1.5,3.0
3551,2.5,2.0,4.0,2.83
15996,3.2,3.5,2.1,2.93
58334,2.1,2.5,3.8,2.8
6318,3.5,3.0,3.2,3.23
16866,3.5,3.0,2.0,2.83
16914,3.2,3.5,3.8,3.5
30895,3.5,3.0,2.5,3.0
789,2.1,2.5,3.8,2.8
68119,2.1,2.5,3.2,2.6
29994,3.2,3.5,2.8,3.17
1917,3.5,2.8,4.2,3.5
3549,2.5,2.0,4.0,2.83
61116,2.5,3.0,3.5,3.0
63692,2.5,3.0,3.5,3.0
59786,2.1,2.4,3.8,2.77
67643,3.5,3.0,2.0,2.83
18893,3.5,3.2,3.8,3.5
52361,4.5,4.0,4.8,4.43
5479,3.2,3.5,4.1,3.6
19588,2.1,2.4,3.8,2.77
14566,4.0,3.5,4.5,4.0
45135,3.2,3.0,4.5,3.57
47268,4.2,3.8,4.5,4.17
10570,2.5,2.0,1.5,2.0
50301,4.2,3.8,3.5,3.83
52992,3.5,4.0,1.5,3.0
21067,3.5,3.2,3.0,3.23
3925,4.5,4.0,4.8,4.43
3349,2.5,2.0,3.0,2.5
5778,3.5,3.0,4.0,3.5
24282,3.2,3.5,3.8,3.5
51474,3.2,3.0,4.5,3.57
59471,2.1,1.8,4.2,2.7
20174,4.5,4.0,2.0,3.5
37381,2.5,3.0,4.0,3.17
50653,3.5,3.0,4.0,3.5
55459,3.5,3.0,4.5,3.67
39409,3.2,3.5,3.8,3.5
66718,3.2,2.8,3.5,3.17
24592,3.5,3.0,4.5,3.67
1580,4.2,4.0,3.5,3.9
6915,3.5,3.2,3.8,3.5
1672,3.2,3.5,3.8,3.5
1935,3.5,3.0,2.5,3.0
59742,2.5,3.0,4.0,3.17
18240,3.2,2.8,3.5,3.17
48931,2.5,2.0,3.5,2.67
58280,3.5,3.0,4.5,3.67
35569,3.2,3.0,3.5,3.23
7227,2.5,2.0,4.0,2.83
38553,3.5,3.0,3.2,3.23
30989,,,,
62223,4.0,3.5,3.0,3.5
19339,3.2,3.0,4.5,3.57
26579,3.5,3.0,2.5,3.0
2858,4.5,4.0,1.5,3.33
52618,3.5,3.0,4.5,3.67
15613,2.5,3.0,3.5,3.0
9351,2.5,2.0,4.0,2.83
4663,3.5,3.0,3.2,3.23
4965,2.1,2.5,1.8,2.13
49585,4.2,3.8,3.5,3.83
71713,3.5,3.0,4.5,3.67
50091,3.5,3.0,2.0,2.83
29093,3.2,3.5,4.1,3.6
61480,3.5,3.0,2.0,2.83
55702,2.1,2.5,3.8,2.8
1176,3.5,3.0,4.0,3.5
65954,4.5,4.0,4.8,4.43
65904,3.2,3.0,3.5,3.23
53558,3.2,3.5,3.8,3.5
67726,4.2,3.8,3.5,3.83
30136,3.2,3.0,3.5,3.23
23800,4.5,4.0,1.5,3.33
44306,4.2,3.8,4.5,4.17
5005,3.5,3.0,4.5,3.67
9809,3.5,3.0,3.2,3.23
8432,3.5,3.0,3.2,3.23
59446,3.2,2.5,4.1,3.27
36090,3.5,3.0,3.2,3.23
29762,4.5,4.0,1.5,3.33
52761,4.2,3.8,4.5,4.17
13642,2.5,2.0,3.5,2.67
75,3.2,3.5,3.8,3.5
69231,3.5,2.0,1.5,2.33
62393,3.5,3.0,4.5,3.67
26047,3.5,3.0,4.0,3.5
42850,4.2,3.8,3.5,3.83
35689,2.1,2.5,3.8,2.8
17569,4.5,4.0,1.5,3.33
26153,2.5,3.0,3.5,3.0
43134,3.5,3.0,2.0,2.83
52132,3.5,3.0,2.5,3.0
4920,2.1,2.4,3.8,2.77
14765,3.5,3.8,4.2,3.83
44965,3.2,3.5,2.8,3.17
68621,2.1,2.5,4.2,2.93
10805,4.2,3.8,4.5,4.17
34142,2.5,3.0,3.5,3.0
31114,2.1,2.5,3.8,2.8
18817,3.5,3.0,4.0,3.5
35772,3.2,3.5,2.8,3.17
66770,2.1,2.5,3.8,2.8
65380,1.5,2.0,4.5,2.67
47584,4.2,3.8,4.5,4.17
37969,3.5,3.0,2.5,3.0
34404,3.2,3.5,3.0,3.23
46185,2.5,3.0,3.5,3.0
55179,3.5,3.0,4.5,3.67
21669,4.2,3.8,4.5,4.17
8673,3.5,3.0,2.5,3.0
41250,3.5,2.0,1.5,2.33
60896,3.5,3.0,4.5,3.67
14888,3.5,3.0,3.2,3.23
111,2.5,3.0,3.5,3.0
48795,3.2,3.5,2.8,3.17
14506,3.0,2.0,4.0,3.0
10912,3.2,2.5,3.8,3.17
27579,3.2,2.8,4.5,3.5
24491,4.2,4.5,1.5,3.4
12672,4.2,3.8,4.5,4.17
14032,3.2,2.8,3.5,3.17
62114,3.5,3.0,4.0,3.5
36495,2.5,3.0,3.5,3.0
70637,3.2,3.5,3.8,3.5
292,3.2,2.5,4.1,3.27
51507,4.2,3.8,4.5,4.17
57145,2.5,3.0,3.5,3.0
43222,3.2,3.5,2.8,3.17
60680,3.5,3.0,4.5,3.67
71328,3.5,3.0,2.0,2.83
9430,3.2,3.5,4.5,3.73
56460,4.2,3.8,4.5,4.17
36755,2.5,2.0,3.5,2.67
70152,3.5,3.0,4.0,3.5
5230,3.2,3.0,3.5,3.23
8183,4.2,4.5,3.1,3.93
45635,2.0,1.5,4.0,2.5
50651,2.1,2.5,3.8,2.8
20304,3.2,3.5,3.8,3.5
28609,4.5,4.0,1.5,3.33
15574,2.5,2.0,1.0,1.83
3068,4.2,3.8,4.5,4.17
70934,3.2,3.5,3.8,3.5
43893,2.5,2.0,3.0,2.5
23648,2.1,1.8,3.5,2.47
63325,2.5,2.0,3.5,2.67
205,3.5,3.0,2.5,3.0
45559,4.5,4.0,4.8,4.43
31894,2.1,2.5,3.8,2.8
36027,2.5,2.0,3.0,2.5
48739,2.1,2.4,3.8,2.77
5189,4.0,3.5,2.0,3.17
60422,2.0,1.5,1.0,1.5
65093,2.1,3.4,3.8,3.1
8383,2.5,3.0,4.5,3.33
55028,2.0,2.5,1.0,1.83
52517,3.5,3.8,4.2,3.83
14421,3.5,4.0,2.0,3.17
3070,4.2,3.8,3.5,3.83
56263,2.5,3.0,3.5,3.0
39092,4.2,4.0,3.5,3.9
58278,3.5,3.0,1.5,2.67
65867,2.1,2.5,3.8,2.8
26005,3.2,3.5,3.8,3.5
1387,2.1,2.4,3.8,2.77
26365,3.5,3.2,3.8,3.5
72059,3.5,3.0,4.0,3.5
389,3.0,3.5,2.0,2.83
17771,3.2,2.8,4.5,3.5
40116,1.0,1.0,1.0,1.0
5042,3.5,3.0,3.2,3.23
50200,4.0,3.5,1.5,3.0
13670,2.1,2.4,3.8,2.77
72057,3.5,3.0,4.0,3.5
54109,1.5,1.2,4.5,2.4
5905,3.5,3.0,4.0,3.5
53534,1.0,1.0,1.0,1.0
58987,3.2,3.5,2.8,3.17
21869,3.2,2.8,3.5,3.17
1800,3.5,3.0,2.0,2.83
10842,3.5,3.2,4.1,3.6
56830,3.2,3.5,2.1,2.93
19175,3.5,3.0,4.0,3.5
56442,1.5,2.0,3.0,2.17
10758,3.5,3.0,4.5,3.67
2105,3.5,3.0,3.2,3.23
42941,2.1,2.4,3.8,2.77
33214,2.5,3.0,4.0,3.17
44639,3.2,3.5,3.8,3.5
44275,3.2,3.5,3.0,3.23
61722,4.2,3.8,3.5,3.83
64307,3.5,3.0,4.0,3.5
5768,4.2,3.8,3.5,3.83
27362,3.5,2.0,1.0,2.17
2127,3.5,3.0,4.0,3.5
34807,3.5,3.0,4.0,3.5
18492,3.5,2.0,1.5,2.33
59563,3.5,3.2,3.8,3.5
61612,2.5,2.0,4.5,3.0
67577,2.5,3.0,4.5,3.33
28001,4.5,3.2,4.8,4.17
58465,3.5,3.0,4.0,3.5
68468,3.2,3.5,2.1,2.93
17898,4.0,3.5,4.5,4.0
60960,2.5,3.0,3.5,3.0
69351,2.1,2.4,3.8,2.77
11942,2.1,2.5,3.8,2.8
3246,3.5,4.0,2.0,3.17
9469,3.5,3.2,3.8,3.5
3855,4.5,3.8,4.8,4.37
28235,2.5,2.0,3.0,2.5
44697,2.1,2.5,3.8,2.8
14275,3.2,3.5,3.8,3.5
27626,3.5,3.0,2.5,3.0
57125,2.1,1.8,3.5,2.47
48089,3.2,3.5,4.8,3.83
51441,2.5,3.0,3.5,3.0
15158,3.2,3.0,2.5,2.9
42926,3.2,2.8,3.5,3.17
40229,2.1,2.4,3.8,2.77
43862,4.2,3.8,4.5,4.17
34082,3.2,2.8,3.5,3.17
1370,3.2,2.8,3.5,3.17
43136,2.5,2.0,3.5,2.67
66680,3.5,3.0,4.0,3.5
47493,3.2,3.0,3.5,3.23
21264,2.5,2.0,3.0,2.5
34552,4.2,3.8,4.5,4.17
20618,3.2,2.8,3.5,3.17
27081,2.1,2.4,3.8,2.77
9322,3.5,3.0,4.0,3.5
16894,4.0,3.0,1.0,2.67
68996,2.1,2.5,3.8,2.8
47923,2.5,2.0,3.0,2.5
54608,3.5,3.0,4.0,3.5
5780,3.2,2.8,3.5,3.17
17727,4.2,4.5,3.1,3.93
25295,1.5,2.0,3.5,2.33
58995,3.2,3.0,3.5,3.23
43737,2.1,2.5,3.8,2.8
8454,3.5,3.2,3.8,3.5
12933,3.5,3.0,2.5,3.0
66638,3.2,2.8,3.5,3.17
66926,4.2,3.8,4.5,4.17
10819,3.5,3.2,3.0,3.23
26369,3.5,3.0,4.0,3.5
13058,3.5,3.0,4.5,3.67
41296,4.2,3.5,4.8,4.17
34317,3.2,3.0,3.5,3.23
8429,4.2,3.8,4.5,4.17
20097,2.5,2.0,1.5,2.0
22082,3.5,3.0,4.5,3.67
66566,4.2,3.8,4.5,4.17
1233,4.2,3.8,3.5,3.83
46597,1.5,2.0,4.5,2.67
63003,4.0,3.5,2.0,3.17
57255,2.5,2.0,3.0,2.5
9988,2.5,2.0,3.0,2.5
53372,4.2,3.8,4.5,4.17
37879,2.0,2.5,1.0,1.83
2505,4.0,3.5,1.5,3.0
31528,4.2,3.8,2.1,3.37
71881,4.5,4.0,4.8,4.43
37663,3.5,3.2,3.8,3.5
57647,3.2,3.5,2.1,2.93
31371,3.2,3.5,3.8,3.5
2819,1.5,2.0,4.5,2.67
64538,3.5,3.0,4.0,3.5
15209,3.5,3.0,4.0,3.5
47780,3.5,3.0,4.0,3.5
34865,4.5,4.0,4.8,4.43
18,2.1,2.4,3.8,2.77
43287,1.5,1.2,4.5,2.4
5456,3.2,3.5,3.8,3.5
69474,3.2,3.5,4.1,3.6
13501,3.5,3.0,4.0,3.5
22113,2.1,1.8,3.5,2.47
2497,3.5,3.0,4.0,3.5
6308,3.2,2.5,4.8,3.5
44188,2.1,2.5,3.8,2.8
13054,3.2,2.8,3.5,3.17
36674,3.5,3.0,4.5,3.67
14597,3.5,3.0,4.0,3.5
67813,2.1,2.5,3.0,2.53
40859,3.5,3.0,4.0,3.5
67114,2.1,2.5,3.8,2.8
28934,3.2,3.5,3.8,3.5
61124,2.5,3.0,3.5,3.0
65760,3.5,3.0,1.0,2.5
30731,3.2,3.5,2.8,3.17
70225,1.5,2.0,3.5,2.33
15782,2.1,2.4,3.8,2.77
46611,3.5,2.8,4.2,3.5
40320,3.5,3.0,2.0,2.83
10540,3.5,3.0,2.5,3.0
34626,2.5,2.0,3.0,2.5
23478,2.5,2.0,3.5,2.67
29518,2.1,1.5,3.0,2.2
47299,2.1,2.5,3.8,2.8
61818,3.0,3.5,4.5,3.67
30283,2.1,2.5,4.2,2.93
58913,3.5,3.0,2.0,2.83
51116,3.5,3.0,4.0,3.5
26248,4.2,3.8,3.5,3.83
40775,2.1,2.5,3.8,2.8
34588,3.5,3.0,4.0,3.5
49062,3.5,3.0,3.2,3.23
42754,4.0,3.5,4.5,4.0
61037,3.2,3.0,3.5,3.23
61278,3.5,3.0,4.5,3.67
23146,3.5,3.0,2.0,2.83
58436,3.2,3.0,4.5,3.57
69384,3.5,3.0,2.5,3.0
46197,4.2,3.5,4.8,4.17
6025,3.5,3.0,4.0,3.5
62530,1.5,2.0,3.0,2.17
26404,3.2,2.8,3.5,3.17
20126,2.1,2.4,3.8,2.77
10410,3.2,3.5,3.8,3.5
37264,3.5,3.0,3.2,3.23
11582,3.2,3.0,4.1,3.43
806,2.5,2.0,3.0,2.5
45882,4.2,3.8,2.1,3.37
33198,3.5,3.2,3.8,3.5
52,3.5,2.0,4.0,3.17
65418,3.5,3.2,3.8,3.5
55934,3.2,3.5,2.1,2.93
67843,2.5,2.0,3.0,2.5
70429,4.0,3.5,4.5,4.0
69914,3.5,3.0,4.5,3.67
10088,3.5,3.0,4.0,3.5
60158,3.5,4.0,2.0,3.17
70519,3.5,3.0,2.0,2.83
35073,2.5,3.0,3.5,3.0
66029,2.5,3.0,2.0,2.5
58813,3.5,3.0,2.0,2.83
7067,3.5,3.0,3.2,3.23
9727,3.5,3.0,4.0,3.5
16981,2.5,2.0,3.0,2.5
23786,2.1,1.5,4.2,2.6
45094,3.5,3.0,2.0,2.83
25979,3.5,3.0,4.0,3.5
7384,4.0,4.5,1.0,3.17
42673,2.5,2.0,3.5,2.67
13993,1.5,2.0,4.5,2.67
19540,3.2,3.0,3.5,3.23
57083,3.2,3.5,3.8,3.5
28775,3.5,3.0,4.5,3.67
16244,3.5,3.0,4.5,3.67
12924,3.5,3.0,4.5,3.67
25525,2.5,2.0,3.0,2.5
69195,4.0,3.5,4.5,4.0
65802,2.5,2.0,3.0,2.5
44428,4.2,3.8,4.5,4.17
37469,3.5,3.0,2.5,3.0
56403,3.5,3.0,4.0,3.5
69077,4.2,3.8,4.5,4.17
34845,2.1,2.4,3.8,2.77
40422,3.5,3.0,4.0,3.5
5945,4.5,4.0,1.5,3.33
15669,3.5,4.0,2.0,3.17
48370,3.5,3.0,4.2,3.57
16399,3.5,3.0,3.2,3.23
43515,3.5,3.8,3.2,3.5
18916,3.5,3.0,4.0,3.5
52076,3.2,3.5,3.0,3.23
64130,3.5,3.0,2.0,2.83
36257,3.2,3.5,3.0,3.23
15011,3.5,3.0,2.5,3.0
9026,2.1,2.5,4.2,2.93
4755,3.5,3.0,2.0,2.83
71682,3.5,3.0,2.0,2.83
38929,2.1,1.8,3.5,2.47
53829,4.2,3.8,4.5,4.17
18728,3.8,3.5,3.2,3.5
25884,3.5,3.0,4.5,3.67
29524,3.5,3.0,4.5,3.67
27507,3.5,2.0,4.5,3.33
6616,3.2,3.5,2.8,3.17
31024,2.5,2.0,3.0,2.5
62851,3.1,2.8,3.5,3.13
71758,3.5,2.8,4.5,3.6
56396,3.5,3.0,4.5,3.67
64921,2.5,3.0,3.5,3.0
58644,2.5,3.0,3.5,3.0
31865,3.5,2.0,1.0,2.17
31220,4.2,3.8,4.5,4.17
4007,3.1,3.4,3.8,3.43
2823,3.5,3.0,4.5,3.67
25674,2.1,2.4,3.8,2.77
15001,3.5,3.0,3.2,3.23
23619,3.5,3.0,3.2,3.23
19092,3.5,3.0,3.2,3.23
61540,4.0,3.5,4.5,4.0
60883,1.5,2.0,4.0,2.5
48635,4.5,4.0,3.5,4.0
1733,3.5,2.8,3.2,3.17
20500,2.5,2.0,4.0,2.83
17102,3.5,3.2,3.8,3.5
21095,3.2,2.8,3.5,3.17
39867,3.5,3.0,3.2,3.23
40924,3.2,3.5,3.8,3.5
30941,3.2,3.5,2.8,3.17
37043,2.1,2.4,3.8,2.77
18089,3.5,3.0,3.2,3.23
45531,3.2,3.5,2.8,3.17
33959,3.2,3.5,2.8,3.17
60894,3.5,3.0,4.5,3.67
23940,3.5,3.0,4.0,3.5
7663,2.5,2.0,3.5,2.67
30576,3.2,3.5,3.8,3.5
40732,4.2,3.8,4.5,4.17
27755,4.5,4.0,4.8,4.43
66257,3.5,4.0,4.5,4.0
18028,2.1,2.4,3.8,2.77
16072,2.5,3.0,3.5,3.0
20636,3.2,3.5,3.8,3.5
63282,2.5,3.0,3.5,3.0
55424,1.5,2.0,4.0,2.5
30301,3.5,3.0,2.5,3.0
64579,4.2,3.8,3.5,3.83
56640,3.2,3.5,3.8,3.5
56151,3.2,3.5,2.8,3.17
49808,2.1,1.8,3.5,2.47
12701,2.1,2.5,3.8,2.8
7957,4.2,3.8,3.5,3.83
65182,4.2,4.0,4.5,4.23
66511,2.1,2.4,3.8,2.77
31956,2.5,3.0,3.5,3.0
19964,3.5,3.0,2.5,3.0
16123,3.5,3.2,3.8,3.5
57050,3.5,3.0,4.5,3.67
26604,3.2,3.0,3.5,3.23
33781,3.2,3.0,3.5,3.23
36374,2.5,2.0,1.5,2.0
44038,3.5,3.0,2.5,3.0
13242,3.5,3.0,3.2,3.23
54792,3.2,2.8,3.5,3.17
2997,1.5,2.0,4.0,2.5
2743,3.5,3.0,4.0,3.5
64138,2.1,2.4,3.8,2.77
21745,3.5,3.0,4.5,3.67
12050,3.5,3.0,2.5,3.0
8817,4.2,3.8,2.1,3.37
66393,3.2,3.5,4.1,3.6
40035,3.5,3.0,4.0,3.5
46794,3.2,3.5,3.0,3.23
59460,2.1,1.8,3.5,2.47
46426,4.2,3.8,4.5,4.17
26701,2.1,2.4,3.8,2.77
16347,3.2,3.0,2.5,2.9
40651,3.2,3.0,3.5,3.23
8932,3.2,3.5,2.8,3.17
8636,2.1,2.4,3.8,2.77
62395,3.5,3.0,4.5,3.67
19337,3.5,3.0,4.5,3.67
18134,2.5,3.0,3.5,3.0
10794,2.5,2.0,3.0,2.5
14108,2.1,1.5,1.2,1.6
64826,2.5,3.0,3.5,3.0
61602,2.5,2.0,3.0,2.5
24914,3.0,3.5,4.0,3.5
6976,2.5,3.0,3.5,3.0
23316,3.2,3.0,2.5,2.9
64393,3.5,3.0,2.0,2.83
71826,3.5,3.0,2.0,2.83
34830,1.85,2.1,4.2,2.72
55442,2.1,2.4,3.8,2.77
51611,3.5,3.0,2.5,3.0
52622,2.0,3.0,1.0,2.0
15600,4.2,3.8,4.5,4.17
48480,3.2,2.8,3.5,3.17
4872,3.2,3.5,2.1,2.93
27337,3.5,2.8,4.2,3.5
63629,1.5,1.2,4.8,2.5
15020,3.1,2.8,3.5,3.13
11433,3.2,3.5,4.1,3.6
14312,2.5,2.0,4.5,3.0
23294,3.5,3.8,3.2,3.5
69506,2.1,2.5,3.8,2.8
52750,2.1,2.5,3.8,2.8
39473,4.0,3.5,4.5,4.0
6341,2.5,2.0,3.5,2.67
18601,2.5,2.0,4.5,3.0
16173,2.1,1.5,1.0,1.53
7894,3.5,3.0,4.0,3.5
943,3.5,3.0,2.0,2.83
63375,2.5,2.0,3.0,2.5
32241,4.5,4.0,1.5,3.33
71892,2.5,2.0,3.5,2.67
12850,3.2,3.0,3.5,3.23
40588,3.2,3.5,3.0,3.23
13361,3.5,3.0,4.0,3.5
21332,3.5,3.0,2.5,3.0
47922,2.5,2.0,3.0,2.5
38788,4.2,3.8,4.5,4.17
64249,2.1,2.5,3.8,2.8
57919,4.2,4.5,4.8,4.5
36298,2.1,2.5,3.8,2.8
42925,2.1,2.5,3.8,2.8
11950,3.5,3.0,4.0,3.5
70101,4.5,3.0,2.0,3.17
55196,3.5,3.0,4.5,3.67
38351,2.5,2.0,3.0,2.5
21671,4.5,4.0,2.0,3.5
33666,2.1,2.5,3.8,2.8
2440,1.5,1.2,4.8,2.5
22639,2.1,2.4,3.8,2.77
28436,3.5,3.0,2.0,2.83
28777,3.5,3.0,2.5,3.0
39633,3.5,3.0,4.2,3.57
68283,2.5,3.0,3.5,3.0
19984,3.5,3.2,3.8,3.5
12285,3.5,3.0,2.5,3.0
70513,3.2,2.8,3.5,3.17
50871,2.1,2.4,3.8,2.77
50706,2.1,2.5,3.8,2.8
26448,3.2,3.5,3.8,3.5
52829,3.5,3.0,4.0,3.5
8229,3.5,3.0,2.5,3.0
43093,3.5,3.0,2.0,2.83
37399,3.5,3.0,4.5,3.67
68244,2.1,2.5,3.8,2.8
46463,3.5,3.0,4.5,3.67
41764,2.1,2.4,3.8,2.77
14065,3.1,2.8,3.5,3.13
15887,3.5,3.0,4.0,3.5
28772,3.5,3.0,4.2,3.57
35507,4.0,3.5,4.5,4.0
7792,2.5,3.0,4.0,3.17
9523,3.5,3.0,4.0,3.5
71526,2.1,2.5,3.8,2.8
52469,3.2,3.5,2.1,2.93
68356,3.2,2.8,3.5,3.17
62605,4.2,4.0,3.5,3.9
44818,3.2,3.0,3.5,3.23
2666,3.5,3.0,4.5,3.67
51647,3.5,3.0,4.5,3.67
62948,3.5,3.0,4.0,3.5
46016,2.5,2.0,1.5,2.0
62464,2.5,3.0,4.0,3.17
11289,3.5,3.0,4.5,3.67
35472,3.2,3.0,3.5,3.23
6166,3.5,3.0,3.2,3.23
72139,2.5,2.0,3.5,2.67
34007,3.5,3.0,4.5,3.67
41805,3.5,3.0,2.0,2.83
46072,2.1,2.4,3.8,2.77
61631,4.2,3.8,4.5,4.17
42158,3.5,3.0,3.2,3.23
33033,2.5,3.0,3.5,3.0
70397,3.5,3.0,2.0,2.83
43308,2.1,2.5,3.8,2.8
31516,2.5,2.0,4.0,2.83
35877,2.1,2.4,3.8,2.77
28136,4.5,4.0,1.5,3.33
22141,3.2,2.8,3.5,3.17
11714,2.1,2.4,3.8,2.77
31270,3.5,4.0,4.5,4.0
494,3.0,2.0,1.0,2.0
24706,2.5,2.0,4.0,2.83
1194,3.2,2.8,3.5,3.17
7161,2.1,2.5,3.8,2.8
63505,3.5,3.0,3.2,3.23
6145,3.2,3.5,3.8,3.5
2885,3.5,3.0,2.0,2.83
1391,2.0,3.0,5.0,3.33
6336,3.5,3.0,4.5,3.67
41291,3.5,2.8,4.2,3.5
45033,3.2,2.5,3.8,3.17
33907,3.2,2.5,2.0,2.57
60660,3.2,2.5,4.1,3.27
48583,2.5,2.0,3.0,2.5
25607,4.5,4.0,4.8,4.43
20765,2.5,3.0,3.5,3.0
16695,3.2,3.5,3.8,3.5
26583,3.2,3.5,3.8,3.5
53453,3.5,3.2,3.8,3.5
26158,3.5,3.0,4.0,3.5
27854,2.5,3.0,4.0,3.17
45364,2.5,2.0,3.5,2.67
63895,3.2,3.5,2.8,3.17
62234,2.5,2.0,3.0,2.5
58749,3.2,3.5,2.8,3.17
13728,3.5,3.0,4.5,3.67
60477,1.5,2.0,4.0,2.5
24730,3.1,2.8,3.5,3.13
9068,3.2,3.5,2.8,3.17
65869,3.5,3.2,3.8,3.5
62616,4.2,3.8,3.5,3.83
71136,4.5,3.8,1.2,3.17
33719,3.5,3.0,4.0,3.5
8982,3.2,3.5,3.8,3.5
65783,3.5,3.0,4.0,3.5
21736,4.2,3.8,3.5,3.83
21897,3.5,3.0,2.5,3.0
25870,4.2,3.8,4.5,4.17
49110,2.5,3.0,3.5,3.0
31217,3.5,3.2,3.8,3.5
7774,3.5,3.0,4.0,3.5
58815,4.5,4.0,3.0,3.83
56198,4.0,3.5,4.5,4.0
3399,2.5,2.0,3.0,2.5
49053,3.5,3.0,3.2,3.23
11870,3.5,3.0,4.5,3.67
56566,4.5,4.0,4.8,4.43
56386,2.5,3.0,3.5,3.0
33531,4.5,4.0,1.5,3.33
4754,3.5,3.0,4.5,3.67
47287,1.0,1.0,1.0,1.0
19523,3.5,3.0,2.5,3.0
47257,4.2,4.5,1.5,3.4
7639,3.5,3.0,4.0,3.5
7378,2.1,2.4,3.8,2.77
63486,2.5,2.0,3.0,2.5
8876,3.5,3.0,3.2,3.23
42685,3.5,3.0,2.5,3.0
45919,2.5,2.0,3.0,2.5
30622,2.5,2.0,3.5,2.67
2186,3.5,3.0,2.5,3.0
42563,4.5,4.0,4.8,4.43
12531,3.5,2.0,4.0,3.17
16055,3.0,2.5,4.5,3.33
7669,1.0,1.5,1.0,1.17
25599,2.5,2.0,3.0,2.5
49699,4.2,3.8,3.5,3.83
24694,2.5,2.0,1.5,2.0
11315,2.1,2.4,3.8,2.77
70941,3.2,3.0,3.5,3.23
41701,4.5,4.0,1.5,3.33
70175,4.5,4.0,1.5,3.33
70852,3.2,3.5,2.1,2.93
50534,4.2,3.5,2.1,3.27
23534,2.5,3.0,4.0,3.17
63210,4.0,3.5,2.0,3.17
18714,2.5,2.0,4.0,2.83
32828,5.0,4.5,1.0,3.5
57442,3.5,2.0,1.5,2.33
2199,2.5,2.0,4.0,2.83
62963,3.2,2.5,4.1,3.27
65727,4.2,3.8,4.5,4.17
9241,4.2,3.8,4.5,4.17
31678,1.0,1.0,5.0,2.33
13973,3.1,2.8,3.5,3.13
11440,4.5,4.0,4.8,4.43
19924,1.5,2.0,4.0,2.5
4875,3.2,3.5,2.8,3.17
5664,3.2,3.5,4.1,3.6
1948,3.2,3.5,3.8,3.5
61180,2.1,2.5,3.2,2.6
17449,3.5,3.0,2.5,3.0
69958,1.5,2.0,4.5,2.67
44847,1.0,1.0,5.0,2.33
66761,3.5,3.0,4.0,3.5
34371,3.5,3.0,4.0,3.5
14860,3.2,2.8,4.5,3.5
34910,2.1,2.4,3.8,2.77
56630,3.5,3.0,2.5,3.0
7577,2.5,2.0,4.0,2.83
36332,2.1,2.5,3.8,2.8
48714,2.1,1.5,3.8,2.47
1677,4.5,4.0,2.0,3.5
32552,3.2,3.5,3.8,3.5
71199,4.2,3.8,3.5,3.83
31579,,,,
19111,2.5,2.0,3.5,2.67
7211,2.1,2.5,3.8,2.8
8232,3.5,3.2,3.0,3.23
39055,2.1,2.5,3.2,2.6
62271,3.2,3.5,3.8,3.5
52204,3.2,3.5,3.8,3.5
42336,3.5,3.0,3.2,3.23
52941,2.5,3.0,3.5,3.0
31174,3.5,3.0,4.0,3.5
21767,3.5,3.0,3.2,3.23
70986,2.5,3.0,4.0,3.17
47188,3.5,3.0,2.5,3.0
55940,3.5,3.0,3.2,3.23
68684,4.5,4.0,4.8,4.43
5051,3.5,3.0,3.2,3.23
61977,3.2,3.0,4.1,3.43
3385,3.5,3.2,3.8,3.5
24975,4.5,4.0,2.0,3.5
54076,3.1,3.4,3.8,3.43
48894,3.5,3.0,4.5,3.67
6377,2.1,2.4,3.8,2.77
21847,3.5,3.0,4.5,3.67
35211,3.5,3.0,4.0,3.5
30470,2.1,1.8,3.5,2.47
58532,2.1,2.5,3.8,2.8
55576,2.1,2.5,3.8,2.8
2970,4.2,3.5,4.8,4.17
7127,2.1,2.5,3.8,2.8
22007,2.1,2.4,3.8,2.77
58204,3.5,3.0,4.0,3.5
10108,4.0,3.5,1.5,3.0
56472,3.5,3.0,3.2,3.23
47858,3.2,3.5,4.1,3.6
36080,3.5,3.0,4.0,3.5
66150,3.5,3.0,2.0,2.83
60923,3.5,3.0,4.5,3.67
4753,1.2,1.5,4.8,2.5
72182,3.5,2.8,4.2,3.5
22304,3.2,2.5,2.0,2.57
7702,4.2,3.8,4.5,4.17
3123,3.2,3.5,3.8,3.5
6337,3.2,2.8,4.5,3.5
50366,2.5,2.0,3.5,2.67
24826,4.2,4.5,4.8,4.5
5224,3.2,3.5,3.8,3.5
47406,3.5,3.0,2.0,2.83
16991,3.2,2.5,3.8,3.17
42928,3.5,3.0,4.0,3.5
19389,4.2,3.8,4.5,4.17
32218,3.2,2.5,2.1,2.6
59290,2.5,2.0,3.5,2.67
15204,2.5,3.0,3.5,3.0
9662,3.5,3.0,4.5,3.67
33220,3.2,3.0,3.5,3.23
31343,3.2,2.8,3.5,3.17
21325,4.2,3.8,3.1,3.7
52015,3.5,4.0,4.5,4.0
6840,3.5,3.0,4.0,3.5
15958,,,,
71706,2.5,3.0,4.0,3.17
5691,2.1,2.4,3.8,2.77
54347,3.5,3.0,4.5,3.67
70484,2.5,2.0,3.5,2.67
71294,3.5,3.0,2.5,3.0
6849,4.2,3.8,4.5,4.17
32503,3.5,4.0,4.5,4.0
39673,4.0,4.5,1.5,3.33
10760,3.5,3.0,2.5,3.0
9487,3.5,3.0,4.0,3.5
24068,3.5,3.0,4.0,3.5
9388,2.5,3.0,3.5,3.0
55917,3.5,3.0,3.2,3.23
14525,3.5,3.0,2.5,3.0
33447,3.2,3.5,3.8,3.5
27174,3.5,4.0,3.0,3.5
61979,2.5,3.0,3.5,3.0
17273,3.5,2.8,4.2,3.5
57655,3.2,3.0,4.1,3.43
10077,3.5,3.0,3.2,3.23
13192,2.5,2.0,3.5,2.67
35691,2.5,2.0,4.5,3.0
39138,3.5,3.0,4.5,3.67
58444,3.5,3.0,2.5,3.0
37896,3.5,3.0,3.2,3.23
9033,3.5,3.0,2.0,2.83
6835,4.2,3.8,2.1,3.37
37527,4.2,3.8,3.5,3.83
42736,3.2,3.5,3.8,3.5
68166,4.2,3.8,3.5,3.83
35232,3.0,2.5,4.5,3.33
33492,4.2,4.5,3.1,3.93
46164,2.1,2.5,3.8,2.8
35017,3.5,3.0,4.0,3.5
16805,3.2,3.5,2.8,3.17
64725,3.5,3.0,4.0,3.5
41793,3.2,2.8,3.5,3.17
62081,3.5,3.0,4.5,3.67
66993,4.2,3.8,3.5,3.83
48176,3.2,3.0,3.5,3.23
5305,2.5,2.0,3.0,2.5
60113,4.5,4.0,1.5,3.33
55494,2.5,3.0,3.5,3.0
25115,3.5,3.0,4.5,3.67
9907,3.2,2.5,4.8,3.5
39976,2.5,3.0,3.5,3.0
14935,3.5,3.0,2.0,2.83
62732,4.2,3.5,4.8,4.17
65818,3.5,3.0,4.0,3.5
1221,3.5,3.2,3.0,3.23
29723,3.5,3.0,2.0,2.83
11323,3.5,2.0,4.0,3.17
31261,4.2,4.5,2.1,3.6
27515,3.2,3.0,4.5,3.57
17034,3.5,3.2,3.0,3.23
7666,2.0,3.0,2.0,2.33
32892,1.5,2.0,4.0,2.5
21494,3.2,2.8,3.5,3.17
68571,2.1,2.5,3.8,2.8
35024,3.5,3.2,4.1,3.6
20856,3.5,3.0,4.0,3.5
58406,3.1,3.4,3.8,3.43
15021,2.5,2.0,3.0,2.5
46226,3.5,3.0,4.0,3.5
69245,3.2,2.8,3.5,3.17
70236,3.5,3.0,2.0,2.83
32637,2.5,3.0,3.5,3.0
49206,3.5,3.0,4.0,3.5
50505,3.5,3.0,4.5,3.67
68933,2.5,3.0,3.5,3.0
42013,3.5,3.0,4.5,3.67
56629,3.5,3.0,2.5,3.0
12046,3.2,2.5,4.1,3.27
38669,2.1,2.4,4.2,2.9
53208,3.5,3.0,4.0,3.5
21132,3.2,2.5,4.1,3.27
50075,3.5,3.2,4.1,3.6
68693,3.5,2.0,4.5,3.33
38850,3.2,2.5,4.1,3.27
20605,4.2,3.8,3.5,3.83
1358,3.5,3.0,4.5,3.67
16796,2.1,2.4,3.8,2.77
32213,3.5,2.8,3.2,3.17
23806,4.2,4.5,4.8,4.5
22815,2.5,2.0,1.0,1.83
37218,3.5,3.2,3.8,3.5
8931,3.5,3.0,4.2,3.57
46672,3.2,3.5,4.1,3.6
57756,2.1,2.5,3.0,2.53
58279,3.2,3.5,2.8,3.17
45795,2.1,1.5,1.0,1.53
27770,3.2,3.5,3.8,3.5
53711,3.2,2.8,3.5,3.17
28886,2.5,3.0,3.5,3.0
29879,3.5,3.2,3.8,3.5
25932,3.5,3.0,4.5,3.67
16432,3.5,3.0,4.0,3.5
13297,2.5,2.0,4.5,3.0
36169,4.5,4.0,1.5,3.33
47795,3.5,3.0,2.5,3.0
46385,3.5,3.0,3.2,3.23
65444,,,,
42598,3.5,3.0,2.0,2.83
20364,3.5,4.0,4.5,4.0
13639,3.2,3.5,4.1,3.6
34127,2.1,2.4,3.8,2.77
10228,4.2,4.0,3.5,3.9
38415,2.5,3.0,3.5,3.0
15880,3.5,3.0,4.0,3.5
29701,2.5,3.0,1.5,2.33
64406,3.5,3.0,2.0,2.83
53803,3.2,3.5,3.8,3.5
51280,3.2,3.0,3.5,3.23
49598,4.5,4.0,4.8,4.43
41846,2.5,2.0,4.5,3.0
23408,3.2,3.5,3.0,3.23
1650,2.5,3.0,3.5,3.0
11695,1.5,2.0,3.5,2.33
71082,3.2,3.5,3.8,3.5
21543,3.5,3.0,3.2,3.23
52139,3.5,3.0,3.2,3.23
29536,3.5,3.0,4.5,3.67
15472,3.2,2.5,4.1,3.27
8977,3.2,3.0,3.5,3.23
65689,3.5,3.0,2.0,2.83
17740,3.2,3.5,3.8,3.5
30579,3.5,3.0,2.5,3.0
61842,3.5,3.0,4.0,3.5
36465,4.2,3.8,2.1,3.37
41246,2.5,2.0,3.5,2.67
42470,3.2,2.5,3.8,3.17
69033,3.5,3.0,4.5,3.67
53744,3.5,3.0,2.0,2.83
69724,2.5,2.0,4.5,3.0
16118,3.2,3.0,4.1,3.43
5238,2.5,2.0,1.5,2.0
46046,3.2,3.5,2.1,2.93
35814,3.5,3.0,4.0,3.5
2250,3.5,3.0,4.5,3.67
34758,3.5,3.0,4.0,3.5
68410,1.0,1.0,1.0,1.0
35400,3.5,3.0,4.0,3.5
3466,3.5,2.0,1.5,2.33
22601,3.5,3.0,2.5,3.0
70894,1.2,1.5,4.8,2.5
12969,3.1,3.4,3.8,3.43
27648,3.2,2.8,3.5,3.17
7262,2.1,2.5,3.8,2.8
40857,3.2,2.5,4.1,3.27
27654,2.5,3.0,3.5,3.0
25155,2.1,2.4,3.8,2.77
65262,3.5,3.2,2.8,3.17
27991,3.5,3.0,2.0,2.83
47324,4.2,3.8,2.1,3.37
14106,3.5,2.0,4.5,3.33
2016,3.5,3.0,2.0,2.83
59729,3.5,3.0,4.0,3.5
56127,2.5,3.0,3.5,3.0
54194,3.5,2.8,3.2,3.17
1648,2.1,2.5,3.8,2.8
70811,2.1,2.5,3.8,2.8
54233,3.5,3.0,4.0,3.5
33018,3.0,2.0,1.0,2.0
63331,3.5,3.2,3.0,3.23
45877,3.5,3.0,4.5,3.67
37525,3.2,2.8,3.5,3.17
60004,3.1,3.4,3.8,3.43
48940,4.5,4.0,2.0,3.5
25236,3.5,3.0,2.0,2.83
46641,3.5,4.0,1.5,3.0
69621,2.5,2.0,3.0,2.5
65505,3.5,3.0,3.2,3.23
35789,4.2,3.8,4.5,4.17
64029,3.5,2.0,1.5,2.33
8703,1.5,2.0,3.0,2.17
37834,3.5,3.0,3.2,3.23
45507,4.2,4.0,3.5,3.9
55489,3.5,3.0,4.5,3.67
67165,3.5,3.0,4.5,3.67
41491,2.5,2.0,3.5,2.67
7039,2.5,3.0,3.5,3.0
6816,4.5,4.0,4.8,4.43
25816,2.1,2.5,3.8,2.8
41592,2.5,3.0,3.5,3.0
29970,3.2,3.5,3.8,3.5
15290,2.5,3.0,2.0,2.5
36285,3.0,2.0,1.0,2.0
66345,3.5,3.0,4.0,3.5
57273,3.5,3.0,2.5,3.0
1229,2.5,3.0,3.5,3.0
43291,4.2,4.5,2.1,3.6
47761,3.5,3.0,4.5,3.67
44251,3.5,3.0,3.2,3.23
62828,3.2,3.5,3.0,3.23
47777,3.5,3.0,4.2,3.57
54812,3.5,3.0,2.0,2.83
50963,3.5,3.0,4.5,3.67
19908,3.5,3.0,2.5,3.0
1805,3.5,3.0,4.0,3.5
60048,3.5,3.0,2.0,2.83
39822,2.1,2.5,4.2,2.93
21675,3.2,3.5,3.8,3.5
21281,3.5,3.0,4.2,3.57
24209,3.5,3.0,1.5,2.67
63349,3.5,3.0,2.5,3.0
22981,3.2,3.5,3.8,3.5
18442,3.2,3.5,3.8,3.5
12849,3.5,3.0,4.0,3.5
38146,3.2,3.5,3.8,3.5
15253,2.5,2.0,3.5,2.67
8323,4.5,3.8,4.8,4.37
38958,4.5,4.0,4.8,4.43
23560,2.1,2.4,3.2,2.57
64310,2.5,2.0,3.5,2.67
768,3.5,3.0,4.0,3.5
19935,2.5,2.0,3.5,2.67
9909,3.2,3.5,2.8,3.17
49274,2.5,2.0,3.0,2.5
27247,4.0,4.5,4.8,4.43
31358,3.2,3.0,2.5,2.9
58100,2.1,2.4,3.8,2.77
9312,2.5,2.0,3.0,2.5
14476,3.2,3.0,3.5,3.23
15820,3.2,2.8,3.5,3.17
35852,4.0,4.5,2.0,3.5
46818,4.5,4.0,3.0,3.83
36459,2.1,2.5,3.0,2.53
46548,3.5,3.0,4.5,3.67
31858,2.5,2.0,3.0,2.5
66514,3.0,2.5,4.0,3.17
28522,2.0,2.5,1.5,2.0
44424,4.5,4.0,4.8,4.43
40403,4.2,3.8,3.5,3.83
69921,1.0,1.0,1.0,1.0
10823,3.8,3.5,3.2,3.5
61950,1.5,2.0,1.0,1.5
56378,3.2,3.5,2.8,3.17
51136,3.5,3.0,4.5,3.67
71107,2.1,2.5,3.2,2.6
44609,2.5,2.0,3.5,2.67
61646,2.5,2.0,3.5,2.67
37892,2.1,2.5,3.8,2.8
17554,3.2,2.8,4.1,3.37
9176,2.1,3.2,3.5,2.93
20049,3.5,4.0,4.5,4.0
19956,3.5,3.0,4.5,3.67
47474,3.2,2.5,4.8,3.5
70342,3.5,3.0,4.5,3.67
48500,2.1,2.4,3.8,2.77
60121,3.2,2.8,4.1,3.37
71557,3.5,2.0,1.5,2.33
17100,3.2,3.5,3.8,3.5
47232,3.5,3.0,2.5,3.0
61517,3.2,3.5,4.1,3.6
16752,3.2,3.5,2.1,2.93
61897,4.0,3.5,1.0,2.83
29175,3.5,3.0,3.2,3.23
6720,3.5,3.2,3.8,3.5
71123,2.1,1.8,3.5,2.47
68063,3.5,3.0,4.2,3.57
33022,3.5,3.0,4.0,3.5
67899,1.5,2.0,4.0,2.5
37317,3.2,2.5,4.1,3.27
27703,2.5,2.0,4.5,3.0
35509,3.5,3.0,4.0,3.5
53285,3.5,3.0,2.5,3.0
4222,1.5,2.0,4.5,2.67
4781,3.2,3.5,3.0,3.23
50208,2.5,3.0,3.5,3.0
41383,3.5,3.0,4.5,3.67
71491,3.2,3.0,3.5,3.23
21634,1.0,1.0,1.0,1.0
2847,3.5,3.2,4.1,3.6
36806,3.5,3.0,2.5,3.0
19651,3.5,3.0,2.5,3.0
50784,1.5,1.2,4.5,2.4
5018,3.5,3.0,4.5,3.67
55012,3.2,3.5,4.1,3.6
55946,3.2,3.5,3.8,3.5
36720,2.1,2.4,3.8,2.77
12609,4.0,3.5,1.0,2.83
951,4.5,4.0,3.5,4.0
68683,3.5,3.0,4.0,3.5
67993,3.0,2.5,4.0,3.17
32238,2.1,2.5,3.8,2.8
55704,2.5,2.0,3.0,2.5
25934,3.5,3.0,3.2,3.23
13275,2.5,2.0,3.5,2.67
59315,3.5,2.0,4.5,3.33
41529,2.5,3.0,3.5,3.0
27992,3.5,3.0,4.0,3.5
34842,2.1,2.4,3.8,2.77
11333,3.5,3.0,4.0,3.5
32632,4.5,4.0,2.0,3.5
63962,3.2,3.5,3.0,3.23
62385,2.1,2.5,3.8,2.8
30230,2.1,1.5,4.2,2.6
30748,3.2,3.5,3.8,3.5
28806,3.5,3.0,4.0,3.5
7572,3.5,3.0,2.0,2.83
42645,3.5,3.0,2.0,2.83
66610,3.2,2.8,3.5,3.17
5611,2.1,2.5,3.8,2.8
71022,3.5,3.0,2.5,3.0
16573,3.5,3.0,4.5,3.67
70222,3.5,3.0,2.5,3.0
25268,2.5,2.0,3.0,2.5
18971,4.5,4.0,1.5,3.33
30066,2.1,2.5,3.8,2.8
59185,2.5,2.0,4.0,2.83
7822,3.2,2.8,4.1,3.37
61160,3.5,3.0,4.0,3.5
64528,3.5,3.2,3.0,3.23
31434,3.5,3.0,4.0,3.5
28041,2.5,2.0,3.5,2.67
58202,4.2,3.8,4.5,4.17
37694,3.2,3.5,3.8,3.5
71115,1.5,2.0,4.5,2.67
52723,3.5,3.0,4.0,3.5
15992,3.2,3.5,2.1,2.93
22687,2.5,3.0,3.5,3.0
3937,3.5,3.0,4.5,3.67
24178,3.5,3.0,4.0,3.5
64411,2.5,3.0,4.0,3.17
37082,3.5,3.0,4.0,3.5
59004,2.5,2.0,3.5,2.67
4214,3.5,3.0,4.0,3.5
60191,2.1,2.5,3.8,2.8
44232,3.2,2.8,3.5,3.17
67183,2.0,1.5,1.0,1.5
9745,3.5,3.0,2.5,3.0
6420,3.2,3.5,3.8,3.5
13755,3.2,2.8,3.5,3.17
44155,3.5,3.0,4.5,3.67
6225,3.5,3.0,4.0,3.5
9837,4.2,4.5,3.1,3.93
14388,3.5,2.0,1.5,2.33
30758,3.5,3.0,4.2,3.57
56953,2.5,2.0,3.0,2.5
43598,4.2,4.0,3.5,3.9
36831,4.5,4.0,3.5,4.0
19063,3.2,3.5,3.8,3.5
61577,2.0,1.5,3.0,2.17
66183,3.1,2.8,3.4,3.1
44721,3.5,3.0,4.2,3.57
8468,4.0,4.5,2.0,3.5
47600,1.5,2.0,3.5,2.33
9058,2.5,3.0,3.5,3.0
21738,3.2,3.5,4.1,3.6
22983,3.2,3.5,3.8,3.5
67686,2.5,2.0,4.0,2.83
64987,2.5,3.0,3.5,3.0
23480,4.2,3.5,4.8,4.17
65256,2.1,2.5,3.8,2.8
71142,2.5,2.0,3.0,2.5
26680,2.1,2.5,3.8,2.8
12182,4.2,3.8,4.5,4.17
40302,4.0,3.5,2.0,3.17
13356,4.2,4.5,2.1,3.6
34097,3.5,3.0,4.2,3.57
56636,4.2,3.8,3.1,3.7
23375,4.2,3.8,4.5,4.17
28356,2.1,2.5,3.8,2.8
71740,3.2,3.5,4.1,3.6
64371,3.5,2.0,4.0,3.17
40796,2.5,2.0,4.0,2.83
43498,3.2,3.5,4.1,3.6
36433,4.2,4.5,3.1,3.93
51967,3.5,3.0,4.0,3.5
18284,3.1,3.4,3.8,3.43
55035,3.5,3.0,4.5,3.67
12019,1.5,2.0,4.5,2.67
8548,3.5,3.0,4.0,3.5
34843,2.1,2.5,3.8,2.8
42451,2.5,3.0,1.5,2.33
49207,3.0,3.5,4.5,3.67
39639,3.2,3.5,3.8,3.5
22,2.1,2.4,3.8,2.77
67391,4.2,4.0,4.5,4.23
71727,4.2,3.8,3.5,3.83
48765,2.5,2.0,3.0,2.5
7960,4.2,4.0,3.5,3.9
33401,2.1,2.4,3.8,2.77
33046,3.5,3.0,3.2,3.23
21020,2.1,2.4,3.8,2.77
65297,4.0,4.5,4.8,4.43
69010,3.5,3.0,4.5,3.67
27327,2.5,2.0,3.0,2.5
8618,4.2,3.8,4.5,4.17
64856,3.5,3.0,2.0,2.83
55601,1.0,1.0,1.0,1.0
8357,3.5,3.0,4.5,3.67
29112,3.2,3.5,2.8,3.17
11824,2.5,2.0,4.0,2.83
7595,2.5,2.0,4.0,2.83
13298,2.1,2.4,3.8,2.77
20983,3.5,3.0,4.0,3.5
66339,4.2,3.8,4.5,4.17
47823,2.5,2.0,1.5,2.0
61534,3.5,3.2,3.8,3.5
24364,2.1,2.5,3.2,2.6
66543,2.5,2.0,3.0,2.5
24855,2.5,2.0,3.5,2.67
52834,3.5,3.0,4.0,3.5
25087,3.2,3.5,3.0,3.23
54822,3.2,3.5,2.8,3.17
23887,3.2,3.5,3.8,3.5
28021,3.2,3.5,3.8,3.5
53087,2.5,2.0,4.0,2.83
37231,4.2,4.0,3.5,3.9
44027,4.5,4.0,4.8,4.43
11322,3.5,3.0,4.0,3.5
67029,3.5,3.2,3.8,3.5
61563,3.5,2.8,4.2,3.5
60712,2.5,2.0,3.0,2.5
55123,4.5,4.0,2.0,3.5
10596,3.5,3.0,4.5,3.67
41448,3.5,3.0,4.0,3.5
9657,2.5,2.0,3.5,2.67
69051,3.5,3.0,4.0,3.5
21694,2.1,2.5,3.8,2.8
49666,2.5,2.0,3.0,2.5
62854,3.5,3.2,3.8,3.5
1057,2.5,2.0,3.0,2.5
25005,2.5,2.0,1.5,2.0
26869,3.5,3.0,2.5,3.0
50161,2.5,2.0,1.5,2.0
63123,3.5,3.2,3.8,3.5
30387,3.2,3.0,3.5,3.23
57153,4.2,3.8,4.5,4.17
56940,2.1,2.4,4.2,2.9
52488,3.2,3.5,3.0,3.23
28461,2.5,2.0,3.0,2.5
38171,3.2,3.0,3.5,3.23
35085,2.5,3.0,4.0,3.17
66200,3.2,2.5,4.1,3.27
33336,4.0,3.5,4.5,4.0
70931,3.2,3.5,3.8,3.5
7593,4.5,4.0,2.0,3.5
24650,3.5,3.0,2.5,3.0
40962,4.5,3.0,1.0,2.83
30169,1.5,2.0,4.5,2.67
54793,3.5,3.0,2.5,3.0
44486,1.0,1.0,1.0,1.0
64435,4.2,4.0,4.5,4.23
51171,1.0,1.0,1.0,1.0
36446,3.5,3.0,2.0,2.83
4862,2.5,2.0,3.5,2.67
1686,3.2,3.0,3.5,3.23
10497,3.0,3.5,4.0,3.5
43906,2.1,2.5,4.2,2.93
53824,3.5,3.8,3.2,3.5
65654,3.5,3.0,2.0,2.83
65405,3.2,3.5,3.8,3.5
34949,2.5,2.0,3.5,2.67
47156,2.1,1.8,3.5,2.47
52832,2.5,3.0,3.5,3.0
49191,3.5,2.8,4.2,3.5
50213,3.5,3.0,2.5,3.0
28958,3.5,3.0,4.0,3.5
29948,3.2,3.5,3.8,3.5
55282,3.5,3.0,4.2,3.57
8950,2.1,3.2,3.8,3.03
41939,4.5,4.0,1.5,3.33
14273,3.5,3.0,4.0,3.5
32535,3.5,3.0,4.0,3.5
28539,3.5,3.0,4.2,3.57
52303,3.5,3.0,4.0,3.5
31791,3.2,3.0,3.5,3.23
71913,3.2,2.5,4.1,3.27
28574,4.5,3.8,4.8,4.37
27516,4.2,3.5,4.8,4.17
53397,4.0,3.5,3.0,3.5
57047,3.2,3.0,3.5,3.23
6888,3.5,3.0,2.5,3.0
5308,3.5,3.0,4.5,3.67
29967,3.5,2.0,4.5,3.33
22718,1.5,2.0,4.5,2.67
20070,4.5,4.0,5.0,4.5
4428,2.5,3.0,3.5,3.0
60576,3.2,3.5,2.1,2.93
26105,4.2,3.8,4.5,4.17
13801,4.5,4.0,1.5,3.33
63146,3.5,3.2,3.8,3.5
66556,3.2,3.5,3.8,3.5
6296,3.5,3.0,4.0,3.5
63457,4.5,4.0,2.0,3.5
49586,2.5,2.0,3.5,2.67
36877,3.5,3.0,3.2,3.23
53707,3.5,3.0,4.5,3.67
72133,4.2,3.5,4.5,4.07
5501,3.5,3.0,4.0,3.5
19345,3.0,2.0,1.0,2.0
8795,2.1,2.5,3.8,2.8
11676,3.2,3.5,3.8,3.5
53345,3.5,3.0,4.0,3.5
71864,3.5,3.0,4.5,3.67
29766,3.2,2.8,3.5,3.17
27372,2.1,2.4,3.8,2.77
37828,3.5,3.0,2.5,3.0
36923,4.2,3.8,4.5,4.17
35862,4.2,3.8,4.5,4.17
58729,4.0,3.5,4.5,4.0
12327,3.5,3.0,2.5,3.0
48521,3.5,4.0,2.0,3.17
56841,2.1,2.5,3.8,2.8
47810,4.2,3.8,4.5,4.17
9717,3.5,3.2,3.8,3.5
22811,3.5,3.0,2.5,3.0
32980,3.5,3.0,4.2,3.57
58058,2.5,3.0,3.5,3.0
69604,1.0,1.0,1.0,1.0
24919,3.5,3.0,4.5,3.67
55444,1.5,2.0,3.0,2.17
45426,2.1,2.4,3.8,2.77
52147,4.5,4.0,1.5,3.33
61844,3.2,2.8,4.1,3.37
4156,3.5,3.0,4.5,3.67
54460,3.2,3.5,3.8,3.5
33972,3.2,2.5,4.8,3.5
71750,2.5,3.0,4.0,3.17
30049,3.5,3.0,2.5,3.0
65799,3.5,3.0,4.5,3.67
833,3.5,3.2,3.0,3.23
65497,2.5,3.0,3.5,3.0
53501,3.2,3.0,4.1,3.43
67771,4.5,4.0,2.0,3.5
46936,3.5,3.0,4.5,3.67
22237,3.5,3.0,4.0,3.5
29656,3.2,3.0,4.1,3.43
16536,2.5,2.0,3.5,2.67
41236,3.5,3.0,4.0,3.5
18551,2.5,3.0,3.5,3.0
59002,2.5,2.0,4.0,2.83
69066,4.0,3.5,4.5,4.0
57969,2.1,2.4,3.8,2.77
63341,2.1,2.5,3.0,2.53
46985,2.5,3.0,3.5,3.0
60404,3.5,3.0,2.5,3.0
22388,3.5,3.2,3.8,3.5
54944,3.5,3.0,4.5,3.67
32498,3.5,3.0,2.5,3.0
53264,3.5,3.0,2.5,3.0
15993,3.5,3.0,4.0,3.5
24910,2.0,3.0,5.0,3.33
9918,2.1,3.4,3.8,3.1
24980,3.2,2.8,3.5,3.17
59220,2.5,2.0,3.5,2.67
6745,4.5,3.8,4.2,4.17
30489,3.5,3.0,4.5,3.67
37946,3.5,3.0,2.0,2.83
62043,3.5,3.0,4.0,3.5
68501,3.2,2.8,3.5,3.17
32228,3.5,3.2,3.8,3.5
34797,3.5,3.0,4.0,3.5
27480,3.2,3.5,2.8,3.17
48687,4.5,4.0,4.8,4.43
29671,3.2,2.5,4.1,3.27
40765,4.2,3.8,4.5,4.17
66179,3.2,2.8,3.5,3.17
1788,2.5,3.0,4.0,3.17
41221,4.5,4.0,4.8,4.43
13587,3.5,2.8,4.2,3.5
67135,3.5,3.0,3.2,3.23
51895,2.5,3.0,4.0,3.17
48556,1.5,1.2,3.8,2.17
4834,3.5,3.0,2.0,2.83
9379,3.5,3.0,4.5,3.67
14779,3.2,2.8,3.5,3.17
8478,3.5,3.0,2.0,2.83
86,3.5,3.0,2.5,3.0
23094,2.5,3.0,3.5,3.0
4319,4.2,4.0,3.5,3.9
18022,3.0,2.0,1.0,2.0
67201,3.5,3.0,4.5,3.67
55006,4.2,3.8,4.5,4.17
35414,2.1,2.5,3.8,2.8
45096,4.5,4.0,2.0,3.5
71263,3.5,3.0,4.5,3.67
37471,3.2,3.5,2.1,2.93
13611,2.5,2.0,3.0,2.5
8326,3.5,2.8,4.2,3.5
6637,2.5,3.0,2.0,2.5
20139,3.5,3.0,2.0,2.83
19184,3.5,3.0,4.5,3.67
23448,3.5,3.0,2.5,3.0
32943,2.5,2.0,3.0,2.5
37212,3.2,3.5,3.8,3.5
47651,3.5,3.0,4.0,3.5
4037,3.2,3.0,3.5,3.23
19609,3.5,3.0,2.0,2.83
31108,3.2,2.5,4.1,3.27
66895,3.2,2.8,3.5,3.17
57360,3.5,3.0,4.5,3.67
22174,2.1,2.5,3.8,2.8
61478,3.5,3.0,2.0,2.83
15402,3.5,3.0,4.0,3.5
4237,2.5,2.0,3.5,2.67
32306,3.2,3.0,4.5,3.57
51679,2.1,2.4,3.8,2.77
21949,2.5,2.0,3.0,2.5
70483,3.5,3.0,4.5,3.67
51900,3.5,3.0,2.0,2.83
13876,3.5,3.0,3.2,3.23
10282,3.5,3.0,1.5,2.67
72141,3.5,3.0,4.2,3.57
28328,3.5,3.0,4.0,3.5
24050,2.5,3.0,1.5,2.33
60297,1.5,1.0,4.5,2.33
61125,3.5,3.0,2.0,2.83
2140,3.2,3.5,3.8,3.5
48067,2.1,2.4,3.8,2.77
60502,3.5,3.0,2.5,3.0
20695,4.5,4.2,2.1,3.6
42509,3.5,3.0,2.5,3.0
61863,4.2,4.5,2.1,3.6
60449,3.2,3.0,2.5,2.9
61529,2.5,2.0,3.0,2.5
15906,3.0,2.5,4.0,3.17
1865,4.5,3.8,4.8,4.37
71357,2.1,2.5,3.8,2.8
38821,2.5,3.0,3.5,3.0
51827,3.5,3.0,4.0,3.5
38554,2.5,3.0,3.5,3.0
69120,3.5,3.0,4.5,3.67
38529,1.0,1.0,1.0,1.0
41667,2.1,2.4,3.8,2.77
35525,2.1,2.4,3.8,2.77
1028,4.2,3.8,4.5,4.17
12516,3.2,3.5,4.1,3.6
4537,2.1,1.8,3.5,2.47
23393,3.2,2.8,3.5,3.17
58328,2.1,2.5,3.8,2.8
34882,4.2,3.8,3.5,3.83
1093,3.2,3.0,3.5,3.23
31555,2.5,2.0,3.0,2.5
60027,3.2,3.5,2.8,3.17
65003,1.0,1.0,1.0,1.0
45191,3.5,3.0,2.5,3.0
22851,3.2,3.5,3.8,3.5
11173,2.5,2.0,3.5,2.67
54767,2.1,2.4,3.8,2.77
10246,2.5,3.0,3.5,3.0
51389,1.5,2.0,4.5,2.67
58505,4.5,4.0,4.8,4.43
2664,3.5,3.0,2.0,2.83
25156,1.0,1.0,5.0,2.33
55938,3.5,3.0,3.2,3.23
69845,3.5,3.0,3.2,3.23
33052,3.5,2.0,1.5,2.33
30815,4.2,4.5,3.1,3.93
1861,1.0,1.0,1.0,1.0
16883,4.2,3.8,3.5,3.83
35540,2.5,2.0,4.0,2.83
43369,2.1,2.4,3.8,2.77
48877,1.5,2.0,3.0,2.17
30427,2.1,2.5,3.8,2.8
21272,3.2,3.5,3.0,3.23
14367,2.1,2.5,3.8,2.8
64403,2.5,2.0,3.5,2.67
71046,1.0,1.0,1.0,1.0
29925,4.5,4.0,4.8,4.43
2947,3.5,3.0,4.0,3.5
40272,3.2,2.8,3.5,3.17
58145,3.5,3.2,3.8,3.5
44460,2.1,2.5,3.8,2.8
49353,3.2,3.5,2.1,2.93
44711,3.5,3.0,3.2,3.23
3263,2.5,3.0,3.5,3.0
38819,3.5,3.0,4.0,3.5
68574,3.5,3.0,4.0,3.5
55471,2.5,2.0,3.0,2.5
18934,3.5,3.0,4.5,3.67
32948,4.5,4.0,4.8,4.43
42548,3.5,4.0,2.0,3.17
34015,4.0,3.5,5.0,4.17
59584,2.1,2.5,3.8,2.8
22721,3.5,3.0,2.5,3.0
21124,3.5,3.0,4.0,3.5
63585,3.5,3.0,4.0,3.5
68845,2.5,2.0,1.5,2.0
11265,3.5,3.0,1.5,2.67
25296,3.5,3.0,2.0,2.83
25039,3.2,2.8,3.5,3.17
58104,3.5,3.0,2.5,3.0
18768,3.2,2.8,3.5,3.17
24160,2.5,3.0,4.0,3.17
58537,2.1,2.4,3.8,2.77
69509,3.5,3.0,3.2,3.23
48939,2.1,2.4,3.8,2.77
43454,3.2,3.5,3.8,3.5
21422,4.2,4.0,3.5,3.9
7007,3.5,2.0,1.0,2.17
34488,3.2,3.0,4.5,3.57
57048,3.5,3.2,3.0,3.23
71530,2.5,2.0,3.5,2.67
62288,3.5,3.0,4.5,3.67
12491,2.1,1.5,3.8,2.47
35008,3.2,3.5,2.1,2.93
67780,3.5,3.0,2.5,3.0
52286,3.2,3.5,4.1,3.6
27121,3.5,3.0,2.0,2.83
6095,3.5,3.0,4.5,3.67
45433,3.5,3.0,4.0,3.5
51140,3.2,3.5,2.8,3.17
13218,3.5,3.0,2.5,3.0
70024,1.5,2.0,4.5,2.67
13180,2.5,2.0,3.0,2.5
5380,3.2,2.8,3.5,3.17
17278,4.2,3.8,4.5,4.17
53204,3.5,3.0,2.0,2.83
65194,4.2,3.8,3.5,3.83
11301,4.2,3.8,4.5,4.17
13198,2.5,2.0,3.0,2.5
55657,2.1,2.4,3.8,2.77
17758,1.0,1.0,1.0,1.0
69143,3.5,3.0,4.0,3.5
39526,3.1,3.4,3.8,3.43
35328,1.5,2.0,3.0,2.17
8182,4.2,4.5,2.1,3.6
46240,4.2,3.8,3.5,3.83
26893,2.1,2.5,3.8,2.8
41466,3.5,4.0,4.5,4.0
56464,3.5,3.0,4.0,3.5
20333,2.1,2.5,4.2,2.93
23803,3.5,3.0,3.2,3.23
56041,2.5,2.0,3.0,2.5
55393,2.1,2.5,3.8,2.8
51612,3.2,3.5,2.8,3.17
10619,4.2,3.5,4.8,4.17
30104,4.2,3.8,4.5,4.17
3797,3.5,3.0,2.0,2.83
53782,3.5,3.0,4.5,3.67
16751,3.2,3.5,2.1,2.93
53831,3.5,3.0,3.2,3.23
44461,2.5,3.0,3.5,3.0
28109,2.5,2.0,3.5,2.67
51120,3.5,3.2,3.0,3.23
49972,3.5,3.0,4.5,3.67
69752,3.2,3.5,4.1,3.6
19172,3.5,3.0,4.0,3.5
37846,4.2,3.8,4.5,4.17
64843,3.5,3.0,2.5,3.0
17053,3.2,3.5,3.8,3.5
43910,2.1,2.5,3.8,2.8
57554,3.2,2.8,4.1,3.37
5075,3.2,2.8,4.5,3.5
17876,3.5,3.8,4.2,3.83
2896,3.2,3.5,2.8,3.17
17644,3.2,3.5,3.0,3.23
61835,2.5,3.0,4.0,3.17
17143,3.5,3.0,3.2,3.23
43021,3.5,3.0,2.5,3.0
23347,2.5,2.0,3.0,2.5
7873,3.2,3.5,2.1,2.93
23413,2.1,2.5,3.8,2.8
61407,2.5,3.0,3.5,3.0
27629,3.2,3.5,4.1,3.6
64899,3.5,3.0,4.5,3.67
44647,2.1,2.5,4.2,2.93
23546,3.2,3.0,3.5,3.23
33937,4.2,3.8,4.5,4.17
56565,3.5,3.0,3.2,3.23
37246,3.5,2.8,4.2,3.5
29751,2.0,3.0,1.5,2.17
2081,2.5,3.0,3.5,3.0
12647,3.5,2.0,4.5,3.33
46291,3.5,3.0,4.0,3.5
42939,3.5,3.0,2.0,2.83
23944,4.0,3.5,4.5,4.0
55558,3.5,3.0,2.0,2.83
41866,3.5,3.0,4.5,3.67
3218,3.5,3.0,4.0,3.5
25730,3.5,3.0,4.0,3.5
10164,2.5,3.0,3.5,3.0
10847,4.2,4.0,3.5,3.9
54446,2.5,2.0,1.5,2.0
15975,3.5,3.0,2.0,2.83
17419,3.2,3.5,3.0,3.23
65138,3.2,3.0,4.1,3.43
47938,1.5,2.0,3.5,2.33
54287,3.5,2.8,4.2,3.5
4280,3.2,3.5,4.1,3.6
20015,3.5,3.0,4.5,3.67
16043,3.5,3.0,3.2,3.23
61516,3.2,3.0,4.1,3.43
43918,3.5,3.2,3.8,3.5
15024,2.1,2.5,3.8,2.8
71017,2.1,2.5,3.8,2.8
5785,3.2,3.5,2.1,2.93
16798,2.1,2.4,3.8,2.77
27128,4.2,3.8,4.5,4.17
52600,4.0,3.5,4.5,4.0
25505,2.5,2.0,3.5,2.67
69836,3.5,3.0,2.5,3.0
29791,3.5,3.0,3.2,3.23
27702,2.1,2.5,3.8,2.8
8149,3.5,3.0,2.0,2.83
13326,2.1,2.4,3.8,2.77
16673,4.2,3.5,2.1,3.27
7565,3.5,3.0,3.2,3.23
21797,3.5,3.0,4.5,3.67
67621,4.2,3.8,3.5,3.83
1265,3.2,2.5,4.1,3.27
6624,1.5,2.0,4.5,2.67
29452,3.5,3.0,4.5,3.67
34088,4.2,3.5,2.1,3.27
62904,2.5,2.0,1.5,2.0
54768,2.5,2.0,3.0,2.5
30851,2.1,1.8,3.5,2.47
38310,3.0,2.5,4.0,3.17
58845,3.2,3.5,3.0,3.23
17766,2.1,2.5,3.8,2.8
16364,3.2,3.5,4.1,3.6
66180,2.1,2.4,3.8,2.77
60110,2.5,2.0,4.5,3.0
13052,3.2,3.5,4.1,3.6
9414,3.2,3.5,2.8,3.17
66225,4.2,4.5,3.1,3.93
19247,3.5,3.0,2.5,3.0
53903,1.5,2.0,4.5,2.67
52823,3.2,3.5,4.1,3.6
71716,3.5,3.0,4.0,3.5
32017,4.2,3.8,4.5,4.17
33912,3.2,3.0,3.5,3.23
39105,4.0,3.5,2.0,3.17
5106,3.5,3.0,4.0,3.5
27973,1.5,2.0,4.0,2.5
67964,3.5,3.0,4.5,3.67
58473,3.2,3.5,3.8,3.5
1624,3.5,3.0,4.5,3.67
34853,2.1,2.4,3.8,2.77
638,4.5,4.0,1.5,3.33
32946,2.1,2.5,3.8,2.8
22354,1.5,2.0,3.0,2.17
17634,3.2,3.0,3.5,3.23
7853,3.5,3.0,2.5,3.0
36633,4.2,3.5,4.8,4.17
40308,3.5,3.0,2.0,2.83
28222,4.2,4.0,3.5,3.9
65167,3.5,3.0,4.0,3.5
35674,3.5,3.0,3.2,3.23
55666,3.2,3.5,2.1,2.93
66145,4.2,4.0,3.5,3.9
41717,2.0,1.5,1.0,1.5
62781,3.5,3.0,4.0,3.5
38022,3.5,3.0,4.0,3.5
52921,2.1,2.4,3.8,2.77
9175,2.1,2.5,3.8,2.8
62589,2.5,2.0,4.0,2.83
21259,2.5,2.0,4.0,2.83
17589,2.1,2.5,3.8,2.8
18856,3.2,3.5,4.1,3.6
71582,3.2,3.0,3.5,3.23
58048,3.2,3.0,3.5,3.23
13913,4.5,4.0,3.5,4.0
65730,3.5,3.0,4.0,3.5
20751,3.2,3.5,2.8,3.17
16965,3.2,3.5,3.8,3.5
3765,3.2,3.5,3.8,3.5
49000,2.1,2.5,3.8,2.8
4201,3.2,3.5,3.8,3.5
62954,2.5,2.0,4.0,2.83
47621,3.5,3.0,3.2,3.23
54864,3.5,3.0,4.0,3.5
70554,2.1,2.4,3.8,2.77
22255,2.1,1.8,4.5,2.8
50362,4.2,4.0,3.5,3.9
35298,1.0,1.0,1.0,1.0
70763,3.5,3.0,2.5,3.0
33979,3.5,3.0,4.0,3.5
50364,2.5,3.0,2.0,2.5
11910,2.1,2.4,3.8,2.77
66905,4.0,3.5,4.5,4.0
55286,3.2,3.5,4.1,3.6
68052,3.5,3.0,4.0,3.5
65352,3.5,3.0,2.5,3.0
58110,2.1,2.5,4.2,2.93
18724,2.1,1.5,3.8,2.47
42036,3.2,3.5,2.1,2.93
42410,2.5,3.0,4.0,3.17
17581,3.5,3.2,4.1,3.6
68551,3.5,3.0,4.0,3.5
37352,4.2,4.5,2.1,3.6
39287,4.0,3.5,4.5,4.0
13057,3.5,3.0,4.0,3.5
70211,3.5,3.0,2.0,2.83
27545,3.5,3.0,4.0,3.5
533,3.2,3.5,2.8,3.17
30953,3.5,3.0,4.0,3.5
69221,3.5,3.0,4.5,3.67
9924,4.5,4.0,4.8,4.43
67259,3.2,3.5,4.1,3.6
54836,3.5,3.8,3.2,3.5
44754,2.1,2.5,3.8,2.8
60704,3.5,3.0,4.2,3.57
59178,2.1,2.5,3.8,2.8
69907,1.5,2.0,4.5,2.67
57878,3.5,3.2,3.0,3.23
47371,3.5,3.0,3.2,3.23
25019,2.5,2.0,3.0,2.5
71572,3.5,3.0,4.0,3.5
67557,2.1,2.4,3.8,2.77
32659,3.2,2.5,4.1,3.27
44388,3.5,3.0,4.0,3.5
44645,1.5,2.0,3.0,2.17
5556,4.2,3.8,3.1,3.7
56388,3.5,2.0,4.0,3.17
50783,3.5,3.0,4.5,3.67
16379,2.5,3.0,3.5,3.0
3877,3.5,4.0,4.5,4.0
53786,4.2,3.5,4.8,4.17
58068,2.5,3.0,3.5,3.0
26625,3.2,3.5,2.1,2.93
4195,2.5,3.0,3.5,3.0
33156,2.1,2.4,4.2,2.9
53927,3.2,3.5,3.8,3.5
54737,2.5,3.0,4.0,3.17
52351,4.5,4.0,4.8,4.43
35622,3.2,3.5,3.8,3.5
19986,3.2,2.8,3.5,3.17
65384,3.5,3.0,2.0,2.83
64581,4.2,3.8,3.5,3.83
46941,2.5,3.0,4.0,3.17
50457,3.5,3.0,2.0,2.83
70035,2.5,3.0,3.5,3.0
10776,3.5,3.0,2.0,2.83
52531,4.0,3.5,5.0,4.17
20596,2.5,2.0,3.0,2.5
43523,2.5,2.0,3.0,2.5
66014,4.5,4.0,4.8,4.43
41144,3.5,3.0,2.0,2.83
66218,3.5,3.0,4.0,3.5
42908,4.2,3.8,4.5,4.17
67324,3.2,3.0,3.5,3.23
21156,2.5,2.0,3.0,2.5
15013,2.5,2.0,3.5,2.67
59676,3.5,3.0,4.5,3.67
42647,3.5,3.0,2.5,3.0
31420,2.5,3.0,4.2,3.23
26140,3.5,3.0,2.0,2.83
32201,3.5,3.0,4.0,3.5
857,3.2,3.5,4.1,3.6
13342,2.1,2.5,3.8,2.8
43606,3.5,3.0,3.2,3.23
24941,3.2,3.5,2.8,3.17
46451,1.5,2.0,4.0,2.5
71176,2.5,2.0,3.5,2.67
35228,3.5,3.0,3.2,3.23
36825,2.5,3.0,3.5,3.0
9464,3.5,3.0,3.2,3.23
25767,3.2,3.5,2.8,3.17
15283,1.0,1.0,1.0,1.0
40461,2.5,3.0,3.5,3.0
39519,4.5,4.0,4.8,4.43
7473,3.2,3.0,3.5,3.23
47870,4.5,4.0,1.5,3.33
39760,3.5,3.0,4.0,3.5
15904,3.5,3.0,4.5,3.67
66512,2.5,2.0,3.5,2.67
43066,4.5,3.8,4.8,4.37
397,3.5,3.0,4.0,3.5
3109,3.2,3.0,3.5,3.23
17936,2.1,2.5,3.8,2.8
68964,2.5,3.0,3.5,3.0
59284,3.2,2.8,4.1,3.37
53193,3.5,2.8,4.2,3.5
11164,4.5,4.0,1.5,3.33
16879,3.8,3.5,3.2,3.5
36834,3.5,3.0,2.0,2.83
37419,3.5,3.0,4.0,3.5
12378,2.1,2.5,4.2,2.93
46869,3.5,4.0,4.5,4.0
46348,2.1,2.5,3.8,2.8
1001,3.5,3.0,4.0,3.5
64532,3.2,2.8,3.5,3.17
16101,4.2,3.8,2.1,3.37
62268,3.5,3.0,4.0,3.5
49875,3.5,3.0,4.5,3.67
50864,2.5,3.0,3.5,3.0
52096,3.2,3.5,3.8,3.5
30325,3.2,3.5,2.1,2.93
43708,3.5,3.0,4.5,3.67
47211,3.5,3.0,3.2,3.23
23895,3.5,3.0,4.5,3.67
70155,3.5,3.2,4.1,3.6
54436,3.5,3.0,4.5,3.67
4029,3.2,3.0,4.1,3.43
32834,3.5,3.2,3.8,3.5
34279,3.5,3.0,4.0,3.5
71810,2.5,3.0,2.0,2.5
13624,3.5,3.0,2.5,3.0
934,2.5,2.0,4.0,2.83
9331,3.5,3.0,4.5,3.67
65729,3.5,3.0,3.2,3.23
40185,3.2,3.5,3.0,3.23
32267,3.5,3.0,2.0,2.83
47052,2.5,2.0,4.5,3.0
60699,2.5,2.0,3.5,2.67
50912,2.5,3.0,4.5,3.33
49581,2.5,2.0,3.5,2.67
41389,3.5,3.0,2.5,3.0
57424,2.1,2.4,3.8,2.77
53473,3.2,3.0,3.5,3.23
34275,3.2,2.8,3.5,3.17
57375,1.5,1.0,1.0,1.17
40057,2.1,2.5,3.8,2.8
7720,4.2,4.5,2.1,3.6
16526,2.5,2.0,3.5,2.67
60180,3.2,3.5,2.8,3.17
53608,3.5,2.0,1.0,2.17
24879,2.5,2.0,3.0,2.5
10131,3.0,3.5,2.0,2.83
32864,2.5,2.0,3.5,2.67
33741,3.5,3.0,2.5,3.0
64794,3.2,2.8,3.5,3.17
51837,4.5,4.0,4.8,4.43
62782,4.2,3.8,4.5,4.17
29547,3.5,3.0,4.0,3.5
46265,3.5,3.0,4.0,3.5
44575,2.5,2.0,3.0,2.5
34929,3.5,3.0,3.2,3.23
56484,4.5,4.0,2.0,3.5
17146,3.2,3.5,4.1,3.6
13046,3.5,3.0,2.0,2.83
2107,3.5,3.0,4.5,3.67
42697,3.5,3.0,4.0,3.5
19377,1.5,1.0,4.5,2.33
64259,3.5,3.0,2.0,2.83
57437,3.5,3.0,2.5,3.0
8570,2.1,2.5,3.8,2.8
57728,3.2,3.5,2.1,2.93
37214,3.5,3.0,2.5,3.0
17191,3.5,3.0,2.5,3.0
2699,3.5,3.0,4.0,3.5
50334,2.1,2.5,3.8,2.8
23176,3.2,2.8,3.5,3.17
22662,3.2,2.8,3.5,3.17
1809,4.0,3.5,4.5,4.0
66237,2.5,2.0,4.0,2.83
36168,3.5,3.2,3.0,3.23
24482,4.2,3.8,3.5,3.83
40338,3.5,4.0,4.5,4.0
64449,3.2,3.5,2.8,3.17
61630,3.2,3.5,2.1,2.93
68831,3.5,4.0,4.5,4.0
57433,3.5,3.0,2.5,3.0
32636,3.5,4.0,4.5,4.0
17254,3.2,3.5,4.1,3.6
60045,3.5,3.0,2.5,3.0
37554,2.5,3.0,4.5,3.33
13090,3.5,3.0,4.0,3.5
51811,3.5,3.0,2.0,2.83
8450,2.1,2.5,3.0,2.53
54477,1.5,2.0,3.0,2.17
48886,3.5,3.0,4.5,3.67
18244,2.5,2.0,3.0,2.5
61008,4.5,4.0,4.8,4.43
866,4.2,3.8,4.5,4.17
40359,3.5,3.0,4.0,3.5
53561,3.5,2.8,1.5,2.6
48916,3.5,3.0,2.0,2.83
43428,2.5,2.0,3.5,2.67
18986,3.2,3.0,3.5,3.23
4309,3.5,2.0,4.0,3.17
10260,3.5,3.0,4.5,3.67
9739,2.5,2.0,4.0,2.83
58699,3.5,3.0,2.5,3.0
13217,3.5,3.0,4.0,3.5
71820,2.1,2.5,4.2,2.93
38767,2.1,2.5,1.8,2.13
65369,3.5,3.0,4.0,3.5
4866,3.5,3.0,4.5,3.67
70558,4.0,3.5,4.5,4.0
68462,4.2,3.8,3.5,3.83
6161,3.5,2.0,2.0,2.5
21973,3.5,3.0,2.0,2.83
55808,3.2,2.5,4.1,3.27
48226,3.2,3.0,2.5,2.9
21732,3.2,3.5,2.8,3.17
58312,2.5,3.0,3.5,3.0
63828,2.5,2.0,1.5,2.0
18578,2.1,2.4,3.8,2.77
16956,3.5,4.0,3.0,3.5
7609,2.1,2.5,3.2,2.6
53496,3.5,3.2,3.8,3.5
49617,3.5,3.0,4.0,3.5
50004,3.2,3.5,3.8,3.5
6824,4.0,3.5,4.5,4.0
31530,3.5,2.8,4.2,3.5
43422,3.5,3.0,4.0,3.5
68143,1.5,2.0,3.0,2.17
35609,3.2,3.0,3.5,3.23
9721,4.2,3.8,4.5,4.17
687,4.2,4.0,3.5,3.9
55878,3.5,3.0,3.2,3.23
60370,2.1,2.5,3.8,2.8
70620,2.5,3.0,3.5,3.0
28332,2.1,2.5,3.8,2.8
36489,3.5,3.0,2.0,2.83
32958,3.5,3.0,4.0,3.5
29679,4.2,3.8,3.5,3.83
40075,3.5,2.8,4.2,3.5
63106,3.5,3.0,4.5,3.67
18908,2.5,3.0,2.0,2.5
19234,2.5,2.0,4.2,2.9
37449,4.2,3.5,4.8,4.17
49759,2.5,3.0,3.5,3.0
56352,1.5,1.2,3.8,2.17
59481,3.2,3.5,2.1,2.93
43955,4.5,4.0,1.5,3.33
29974,3.2,3.5,3.8,3.5
65640,3.5,3.0,2.5,3.0
69936,4.2,3.8,3.5,3.83
46272,3.5,3.0,4.5,3.67
9393,3.5,3.0,2.5,3.0
9263,4.5,4.0,4.8,4.43
57098,3.5,3.0,3.2,3.23
58734,3.5,3.0,4.0,3.5
46640,3.5,4.0,4.5,4.0
51772,3.5,3.0,4.0,3.5
24598,3.5,4.0,4.5,4.0
23490,4.2,4.5,4.8,4.5
2407,4.2,3.8,3.1,3.7
51210,4.0,3.5,4.5,4.0
57278,4.5,4.0,4.8,4.43
29453,2.1,2.5,3.8,2.8
55461,2.5,3.0,3.5,3.0
33129,4.2,3.5,4.8,4.17
54500,3.5,3.0,1.5,2.67
18865,4.2,3.8,4.5,4.17
57000,2.1,2.4,3.8,2.77
52997,2.5,2.0,1.0,1.83
22013,1.5,1.0,4.5,2.33
71211,3.5,3.0,4.2,3.57
45941,2.5,2.0,3.5,2.67
5599,2.1,2.5,3.8,2.8
52056,4.0,3.5,4.5,4.0
31565,3.5,3.0,4.0,3.5
57,4.0,3.5,1.0,2.83
17732,2.1,2.5,3.8,2.8
60268,2.1,2.4,3.8,2.77
33565,3.5,3.0,2.5,3.0
47208,4.2,3.8,4.5,4.17
41849,2.0,3.0,2.5,2.5
48508,2.5,3.0,3.5,3.0
47727,1.5,2.0,4.5,2.67
54175,3.2,3.5,3.8,3.5
56986,3.2,2.8,3.5,3.17
37736,2.1,2.4,3.8,2.77
54615,2.1,2.4,3.8,2.77
59448,2.5,3.0,3.5,3.0
65540,4.2,3.8,3.1,3.7
45377,3.5,3.2,3.0,3.23
29165,2.5,2.0,3.5,2.67
67870,4.0,3.5,4.5,4.0
800,3.5,2.8,4.2,3.5
38065,2.5,2.0,3.0,2.5
6334,2.1,2.5,3.8,2.8
10848,4.0,3.5,4.5,4.0
44621,2.5,3.0,2.0,2.5
17156,2.5,2.0,3.0,2.5
11665,2.1,2.5,3.8,2.8
35366,3.5,3.0,4.5,3.67
19743,2.1,2.5,4.8,3.13
13550,4.5,4.0,2.0,3.5
54362,4.2,3.5,4.8,4.17
13780,3.2,3.0,3.5,3.23
23424,3.5,3.0,3.2,3.23
9902,3.5,2.0,4.5,3.33
59589,2.5,2.0,3.5,2.67
61882,4.2,3.8,3.5,3.83
20858,1.5,2.0,4.5,2.67
29214,1.5,2.0,3.5,2.33
55205,3.2,3.5,3.8,3.5
26751,1.5,2.0,3.5,2.33
19819,2.1,1.8,4.2,2.7
69003,3.5,2.8,4.5,3.6
14130,1.5,2.0,4.5,2.67
55709,2.1,2.4,3.8,2.77
61808,3.5,3.0,4.0,3.5
8206,2.5,2.0,1.5,2.0
23697,4.2,3.8,4.5,4.17
59812,4.2,3.8,3.5,3.83
45860,3.2,3.5,2.8,3.17
12137,3.2,2.8,4.5,3.5
8094,3.5,3.0,4.0,3.5
63742,3.2,3.0,3.5,3.23
40060,3.5,2.8,4.5,3.6
1687,4.2,3.5,4.5,4.07
50655,3.5,3.0,4.0,3.5
67233,1.5,2.0,4.5,2.67
54692,3.2,2.8,3.5,3.17
58909,1.0,1.0,1.0,1.0
47182,2.5,2.0,3.0,2.5
67041,3.2,3.5,4.1,3.6
25038,2.1,2.4,3.8,2.77
59101,3.5,3.0,4.0,3.5
52819,3.5,3.0,4.5,3.67
47142,3.5,3.0,2.5,3.0
35908,3.5,3.0,2.0,2.83
25941,1.5,2.0,4.5,2.67
43870,3.5,3.0,2.0,2.83
61805,3.2,3.5,2.8,3.17
62584,3.5,4.0,4.5,4.0
62707,1.5,2.0,3.5,2.33
56106,4.2,3.8,4.5,4.17
71600,3.2,3.5,2.1,2.93
55903,4.0,3.5,2.0,3.17
54007,3.0,2.5,1.0,2.17
1312,4.5,4.0,2.0,3.5
35409,2.1,2.5,3.8,2.8
35816,4.5,3.8,4.8,4.37
9411,2.5,2.0,4.5,3.0
62044,3.2,3.5,2.8,3.17
55354,2.5,3.0,4.0,3.17
30849,2.5,2.0,3.0,2.5
46552,4.2,3.8,4.5,4.17
13594,3.5,3.0,2.5,3.0
1086,3.2,3.5,3.8,3.5
59182,3.2,2.8,3.5,3.17
26802,2.1,2.5,3.8,2.8
23641,3.5,3.0,3.2,3.23
50983,4.5,4.0,2.0,3.5
67289,1.0,1.0,1.0,1.0
61600,3.5,4.0,1.5,3.0
66747,3.5,3.0,2.0,2.83
6737,3.2,3.5,3.0,3.23
3945,3.5,3.0,4.5,3.67
648,4.2,4.0,3.5,3.9
25113,3.5,3.0,2.0,2.83
51849,3.5,3.0,4.0,3.5
69102,3.5,3.0,4.0,3.5
8940,2.1,2.4,3.8,2.77
863,3.5,3.0,4.0,3.5
34556,2.0,2.5,1.0,1.83
59902,3.5,3.0,4.5,3.67
48859,4.2,4.5,4.8,4.5
462,2.5,3.0,3.5,3.0
58839,4.2,4.5,3.1,3.93
49812,3.2,3.5,3.8,3.5
23213,3.8,3.5,3.2,3.5
61293,3.5,3.0,2.5,3.0
57949,3.5,3.0,4.5,3.67
23028,3.5,3.0,4.5,3.67
2968,3.5,3.0,2.5,3.0
39805,3.5,3.0,4.0,3.5
21987,2.1,2.4,3.8,2.77
55152,3.2,2.8,4.1,3.37
14989,4.5,4.0,3.5,4.0
22628,3.5,3.0,2.5,3.0
21740,2.1,2.5,3.8,2.8
58617,2.1,2.5,3.8,2.8
44062,3.5,2.0,1.0,2.17
17974,1.0,1.5,4.0,2.17
8437,4.2,3.8,4.5,4.17
1272,3.5,3.0,4.5,3.67
3847,1.5,2.0,4.0,2.5
28728,2.1,2.5,3.8,2.8
46836,3.5,3.0,4.5,3.67
2771,3.5,3.0,4.0,3.5
1869,3.5,3.0,4.0,3.5
20857,1.2,1.5,4.8,2.5
6958,2.1,2.4,3.8,2.77
65833,3.5,3.0,2.0,2.83
27075,3.5,3.0,4.5,3.67
10356,3.2,3.5,2.8,3.17
32170,3.5,3.0,4.0,3.5
40940,3.5,3.0,2.0,2.83
56960,3.2,3.5,3.8,3.5
20466,2.5,3.0,3.5,3.0
12679,3.5,3.0,2.0,2.83
20371,3.5,3.0,2.0,2.83
3158,3.2,2.8,3.5,3.17
49386,3.5,3.0,4.0,3.5
13375,3.5,3.0,4.0,3.5
61134,4.2,4.5,1.5,3.4
51305,3.2,2.8,3.5,3.17
50625,2.5,2.0,3.0,2.5
65645,2.5,2.0,3.0,2.5
53796,3.5,3.0,4.5,3.67
7388,3.5,3.0,2.0,2.83
42572,2.1,2.4,3.8,2.77
62153,3.2,2.8,3.5,3.17
47848,3.5,3.0,2.5,3.0
46429,3.5,3.0,4.5,3.67
33947,2.5,3.0,3.5,3.0
14881,3.2,3.5,3.8,3.5
61789,3.5,3.0,4.0,3.5
56818,1.5,2.0,1.0,1.5
31209,2.1,2.5,3.0,2.53
44792,3.2,3.5,3.8,3.5
24763,2.5,2.0,3.5,2.67
71155,3.5,3.0,2.0,2.83
44484,3.2,2.5,3.8,3.17
14552,3.5,3.0,3.2,3.23
61928,3.5,3.0,2.0,2.83
43499,4.0,3.0,1.0,2.67
2075,3.2,2.8,3.5,3.17
37644,3.2,2.8,3.5,3.17
45978,3.5,3.0,2.5,3.0
456,3.5,3.0,2.0,2.83
36833,4.0,3.5,4.5,4.0
16171,3.5,2.0,4.5,3.33
33381,3.5,3.0,4.0,3.5
24845,3.5,3.0,4.0,3.5
24305,4.2,3.5,2.1,3.27
53902,3.5,2.8,3.1,3.13
32261,2.5,3.0,4.0,3.17
32211,2.1,2.4,4.2,2.9
34125,2.1,2.5,3.8,2.8
29641,2.5,3.0,3.5,3.0
24665,2.1,2.5,3.8,2.8
59755,3.5,3.0,2.0,2.83
50792,2.1,2.5,3.2,2.6
45134,4.2,3.8,4.5,4.17
41493,2.1,2.5,3.8,2.8
47147,4.2,3.8,2.1,3.37
64395,2.5,3.0,3.5,3.0
59722,3.5,3.0,4.5,3.67
52949,2.1,2.5,4.2,2.93
1059,4.0,3.5,4.5,4.0
17691,2.5,2.0,3.0,2.5
54281,3.5,3.0,3.2,3.23
33170,3.2,2.5,2.1,2.6
39606,3.2,3.0,4.1,3.43
26108,3.2,3.5,2.8,3.17
52433,2.1,2.5,4.2,2.93
50509,3.5,3.2,3.8,3.5
51019,4.0,3.5,1.5,3.0
26326,3.5,3.0,2.0,2.83
12675,4.2,3.8,4.5,4.17
7019,1.0,1.0,1.0,1.0
31438,2.1,2.4,3.8,2.77
8285,2.5,3.0,2.0,2.5
62545,4.2,3.8,3.5,3.83
17607,3.5,3.2,3.0,3.23
35688,3.5,3.0,2.0,2.83
2717,3.5,3.0,3.2,3.23
45800,1.5,2.0,4.5,2.67
57892,3.5,3.0,4.0,3.5
28967,3.5,3.2,3.8,3.5
11631,4.5,3.8,1.2,3.17
44254,3.5,3.0,4.0,3.5
64275,4.5,4.0,1.5,3.33
60903,3.5,3.0,2.0,2.83
34995,3.5,3.0,4.5,3.67
44098,3.5,3.0,2.0,2.83
71064,2.1,1.8,4.2,2.7
43731,3.5,3.0,4.5,3.67
3960,3.2,3.0,4.5,3.57
42294,3.2,3.5,3.8,3.5
12920,3.5,3.2,3.0,3.23
29815,4.2,4.5,4.8,4.5
53083,2.1,2.5,3.0,2.53
22968,3.5,3.0,2.0,2.83
31397,3.2,3.0,4.5,3.57
44067,3.5,3.0,4.2,3.57
15497,3.5,3.0,3.2,3.23
16435,2.1,2.5,4.2,2.93
21295,3.2,2.8,3.5,3.17
69893,2.5,3.0,4.0,3.17
45655,3.5,3.0,2.0,2.83
45325,3.5,2.8,4.2,3.5
10495,3.5,3.0,2.5,3.0
51404,2.1,2.5,3.8,2.8
14379,3.5,3.0,4.0,3.5
24136,2.5,3.0,3.5,3.0
54369,2.1,1.5,3.0,2.2
51563,2.1,2.4,3.8,2.77
61129,2.1,2.4,3.8,2.77
24295,3.2,3.0,3.5,3.23
67049,4.2,4.0,3.5,3.9
5537,2.5,2.0,3.5,2.67
38195,4.2,3.8,3.1,3.7
65165,3.2,2.8,3.5,3.17
16979,3.5,4.0,2.0,3.17
23808,3.5,3.0,4.5,3.67
45642,4.2,4.0,3.5,3.9
64721,2.1,2.5,1.8,2.13
56522,3.5,3.0,3.2,3.23
67974,2.5,2.0,3.0,2.5
59030,3.5,3.0,4.5,3.67
61233,2.1,2.4,3.8,2.77
38943,3.5,3.0,2.0,2.83
52786,2.5,3.0,2.0,2.5
63922,2.5,2.0,3.0,2.5
14836,2.5,2.0,3.0,2.5
59385,4.5,4.0,2.0,3.5
55423,3.5,3.0,2.0,2.83
20374,3.5,3.0,2.0,2.83
11573,2.5,3.0,1.5,2.33
4047,3.2,3.5,3.8,3.5
57438,3.5,3.0,2.0,2.83
32251,2.5,3.0,2.0,2.5
12526,2.5,2.0,3.0,2.5
15874,4.0,3.5,4.5,4.0
14904,3.5,3.0,4.5,3.67
68454,2.1,2.4,4.2,2.9
22024,4.0,4.5,2.0,3.5
62421,2.1,2.5,3.8,2.8
26838,3.5,3.0,2.0,2.83
71640,3.2,3.5,3.0,3.23
14729,3.5,3.2,3.0,3.23
47988,3.2,3.5,3.8,3.5
64245,2.5,3.0,3.5,3.0
25248,2.5,3.0,3.5,3.0
27326,3.2,3.0,3.5,3.23
37111,3.2,2.8,4.1,3.37
35849,3.2,3.0,3.5,3.23
39965,3.5,3.0,2.0,2.83
51606,3.5,3.0,4.0,3.5
36914,3.5,3.0,3.2,3.23
3878,3.5,3.0,3.2,3.23
31109,2.5,2.0,4.0,2.83
11111,3.5,3.0,4.5,3.67
35953,1.5,2.0,3.0,2.17
54558,3.5,3.0,2.0,2.83
17912,3.5,3.0,4.5,3.67
4544,3.2,3.5,2.8,3.17
9065,3.5,3.0,3.2,3.23
52352,4.5,4.0,2.0,3.5
69862,4.2,3.8,2.1,3.37
50815,2.5,3.0,3.5,3.0
14237,2.1,2.5,3.8,2.8
59958,3.2,3.0,2.5,2.9
59327,3.2,2.5,4.1,3.27
4869,3.2,2.8,3.5,3.17
8762,3.2,3.5,2.8,3.17
56406,3.2,2.5,4.1,3.27
65975,3.2,3.0,3.5,3.23
14864,3.2,2.8,4.5,3.5
33924,4.0,3.5,2.0,3.17
43336,2.5,2.0,4.0,2.83
17134,3.2,2.5,3.8,3.17
29408,1.0,1.0,1.0,1.0
61970,3.5,3.0,4.0,3.5
55413,3.5,4.0,2.0,3.17
30119,3.5,3.0,4.0,3.5
50028,3.5,3.0,2.5,3.0
1579,3.5,3.0,2.0,2.83
69916,3.2,2.8,4.1,3.37
60563,4.2,3.8,4.5,4.17
751,2.0,1.5,1.0,1.5
354,2.1,2.5,3.8,2.8
36304,3.5,3.0,2.0,2.83
8733,3.0,2.5,1.0,2.17
53721,3.2,2.8,3.5,3.17
12035,3.5,3.0,2.5,3.0
41441,3.5,3.0,4.0,3.5
20559,3.2,2.8,3.5,3.17
4535,3.5,3.0,2.0,2.83
24758,3.2,3.5,2.8,3.17
19107,3.5,3.0,2.5,3.0
59377,3.2,3.0,3.5,3.23
36045,4.2,3.8,3.1,3.7
62580,3.5,3.0,4.0,3.5
62621,4.2,3.5,2.1,3.27
66057,3.5,3.0,3.2,3.23
46145,4.2,3.8,3.5,3.83
29727,3.2,2.8,3.5,3.17
51871,3.5,3.0,2.0,2.83
19665,4.0,3.5,2.0,3.17
29917,4.5,4.0,2.0,3.5
54799,3.2,2.8,3.5,3.17
62474,2.1,2.5,3.8,2.8
6718,3.5,3.0,3.2,3.23
58235,3.5,3.0,4.5,3.67
52869,2.1,1.8,3.5,2.47
34884,2.5,2.0,3.0,2.5
10746,3.5,3.2,2.8,3.17
46637,4.2,3.8,4.5,4.17
67660,4.2,3.8,2.1,3.37
46738,1.5,2.0,4.5,2.67
19447,2.0,3.0,1.0,2.0
18245,2.5,2.0,3.0,2.5
12794,2.5,2.0,3.0,2.5
10300,4.2,3.8,4.5,4.17
69271,4.2,4.5,3.1,3.93
49372,2.5,3.0,3.5,3.0
36240,3.5,3.0,2.5,3.0
45605,3.5,2.0,4.5,3.33
46255,3.5,3.0,2.5,3.0
15681,2.5,3.0,3.5,3.0
30330,2.5,2.0,3.0,2.5
24091,3.5,3.0,2.5,3.0
59473,3.5,3.0,2.0,2.83
59034,1.5,1.0,1.0,1.17
58019,3.5,3.0,2.0,2.83
33021,4.2,3.8,4.5,4.17
2420,3.5,3.0,4.5,3.67
37443,2.1,2.5,3.2,2.6
52747,3.5,3.0,2.0,2.83
66193,3.5,3.0,2.0,2.83
4398,3.2,2.5,4.1,3.27
19560,1.0,1.5,4.0,2.17
20859,2.5,2.0,3.5,2.67
22446,2.1,2.4,3.8,2.77
24816,4.5,4.0,4.8,4.43
50700,3.5,3.0,4.0,3.5
65106,3.5,3.0,4.0,3.5
68741,4.0,3.5,4.5,4.0
23081,4.2,3.8,4.5,4.17
17685,2.5,3.0,4.0,3.17
22261,3.5,3.0,4.5,3.67
54406,3.5,3.0,2.0,2.83
62765,2.5,2.0,3.5,2.67
47518,3.2,3.5,2.8,3.17
66240,1.5,2.0,4.0,2.5
13631,3.5,3.0,2.5,3.0
66189,3.5,3.0,3.2,3.23
59653,3.5,3.0,4.5,3.67
46333,2.5,2.0,3.0,2.5
40605,,,,
52621,2.5,2.0,3.5,2.67
69344,3.5,3.2,3.8,3.5
14898,3.5,3.0,4.5,3.67
29459,2.5,2.0,3.5,2.67
9508,3.5,3.2,3.0,3.23
14497,2.5,2.0,3.0,2.5
2676,4.2,3.8,4.5,4.17
16572,2.5,2.0,3.5,2.67
23273,2.5,3.0,3.5,3.0
58,3.5,3.0,4.0,3.5
9306,3.5,3.0,2.0,2.83
4233,4.5,4.0,1.5,3.33
322,3.0,2.0,1.0,2.0
3389,3.2,3.5,3.0,3.23
18568,3.5,3.0,2.5,3.0
54426,3.5,2.0,1.5,2.33
70139,2.5,2.8,3.2,2.83
25732,3.2,3.0,2.5,2.9
16689,2.1,2.5,1.8,2.13
29116,3.2,2.8,3.5,3.17
50893,3.2,3.0,3.5,3.23
1468,2.5,2.0,3.0,2.5
71847,4.2,3.8,4.5,4.17
31204,3.5,4.0,4.5,4.0
42238,3.2,3.5,3.8,3.5
39937,3.5,3.0,4.0,3.5
31992,3.5,3.0,2.0,2.83
50669,4.2,3.8,4.5,4.17
5364,2.5,3.0,3.5,3.0
30400,3.2,3.5,3.8,3.5
69806,2.5,3.0,4.0,3.17
9551,2.1,2.5,3.2,2.6
20282,3.2,2.5,4.8,3.5
47407,3.5,3.0,4.0,3.5
47491,2.5,2.0,3.5,2.67
34348,3.5,3.0,4.0,3.5
63289,3.5,3.0,2.0,2.83
31105,4.2,4.0,3.5,3.9
38457,3.5,3.2,3.0,3.23
7197,3.5,3.2,3.8,3.5
1029,1.5,1.0,2.0,1.5
30882,2.1,2.5,3.8,2.8
26471,2.1,2.5,3.8,2.8
61892,3.5,3.0,2.5,3.0
24865,3.2,2.8,3.5,3.17
57117,3.5,3.0,4.5,3.67
58928,3.0,2.0,1.0,2.0
52317,2.5,2.0,4.0,2.83
39002,2.1,2.5,3.8,2.8
9429,3.5,3.0,4.0,3.5
65460,2.5,2.0,3.5,2.67
3403,2.1,2.4,3.8,2.77
18966,3.5,3.0,2.0,2.83
54936,4.0,3.5,2.0,3.17
58468,3.5,3.0,4.0,3.5
32242,2.5,3.0,3.5,3.0
41824,1.0,1.0,1.0,1.0
4070,2.0,3.0,2.0,2.33
39588,3.2,2.8,3.5,3.17
33987,2.5,3.0,3.5,3.0
61204,3.5,3.0,2.5,3.0
30388,3.5,3.0,4.5,3.67
42311,2.5,2.0,4.0,2.83
9715,3.5,3.2,3.0,3.23
17321,4.2,3.8,2.1,3.37
21876,3.5,3.0,2.0,2.83
52722,3.5,3.0,4.0,3.5
50031,3.5,3.0,4.5,3.67
9524,3.5,3.0,2.5,3.0
65565,3.2,3.0,4.1,3.43
2883,2.5,3.0,3.5,3.0
66639,3.5,3.0,3.2,3.23
68526,3.5,3.0,2.0,2.83
70071,4.2,3.8,4.5,4.17
45699,2.5,2.0,3.0,2.5
23211,4.2,3.8,3.5,3.83
27644,3.2,3.5,4.1,3.6
58501,4.0,3.5,1.5,3.0
51382,1.5,2.0,3.0,2.17
15121,2.5,2.0,3.5,2.67
5812,3.2,3.5,2.1,2.93
15050,2.5,2.0,3.5,2.67
11221,2.0,1.5,1.0,1.5
66064,2.5,3.0,1.5,2.33
43620,4.2,3.8,4.5,4.17
51714,3.5,3.0,4.0,3.5
12058,3.5,3.0,2.0,2.83
63622,4.2,4.5,2.1,3.6
48452,3.2,2.8,3.5,3.17
48246,1.5,2.0,4.0,2.5
36959,3.2,2.8,3.5,3.17
60827,3.5,3.0,4.0,3.5
48959,2.1,2.4,3.8,2.77
24261,1.5,2.0,1.0,1.5
1243,3.5,3.0,4.0,3.5
4652,3.5,3.0,4.0,3.5
27483,3.2,3.5,3.0,3.23
46003,3.2,3.5,2.8,3.17
45762,3.5,3.0,4.0,3.5
41319,3.5,3.0,4.5,3.67
5323,3.5,3.0,2.5,3.0
68068,3.5,3.0,4.5,3.67
69633,3.5,3.0,2.5,3.0
34429,3.5,3.0,4.5,3.67
36137,4.2,3.8,1.5,3.17
24979,2.5,2.0,4.0,2.83
68392,3.2,2.8,3.5,3.17
48933,3.2,3.0,3.5,3.23
58483,4.2,3.8,3.5,3.83
66547,2.5,2.0,1.5,2.0
29483,3.5,3.0,4.5,3.67
18940,4.5,4.0,4.8,4.43
40834,3.2,3.5,2.8,3.17
43232,2.5,2.0,4.0,2.83
4384,1.0,1.0,1.0,1.0
16080,4.0,3.5,2.0,3.17
36423,3.2,3.5,3.8,3.5
34310,4.0,3.5,4.5,4.0
43296,3.2,3.5,4.1,3.6
10712,1.0,1.0,1.0,1.0
53843,3.2,3.0,3.5,3.23
2602,3.2,3.5,4.1,3.6
6596,3.2,2.8,3.5,3.17
63216,2.1,2.4,3.8,2.77
50529,3.2,3.5,4.1,3.6
55268,2.1,2.5,3.8,2.8
21184,2.1,2.5,3.0,2.53
60049,3.2,3.5,4.1,3.6
44088,2.0,2.5,1.5,2.0
19372,2.5,2.0,3.0,2.5
39646,2.5,2.0,3.0,2.5
20740,3.5,3.0,4.5,3.67
22101,2.1,2.4,3.8,2.77
47456,2.5,3.0,3.5,3.0
47423,3.2,3.0,3.5,3.23
67892,2.1,2.4,3.8,2.77
67499,3.5,3.0,4.0,3.5
19804,3.5,3.0,4.5,3.67
58680,2.1,2.5,3.8,2.8
58407,3.2,2.8,3.5,3.17
8889,4.0,3.5,4.5,4.0
33990,3.2,3.5,3.8,3.5
12706,4.2,3.8,4.5,4.17
24695,3.5,3.0,4.0,3.5
70268,2.5,3.0,4.5,3.33
42373,1.2,1.5,4.8,2.5
25542,3.5,3.0,4.5,3.67
14214,1.5,2.0,3.5,2.33
27716,2.5,3.0,4.5,3.33
34661,3.2,2.8,4.5,3.5
25699,3.5,3.0,4.5,3.67
12857,3.5,3.0,4.5,3.67
5426,4.2,3.8,3.5,3.83
2389,4.2,3.5,4.8,4.17
44314,4.5,4.0,1.5,3.33
62248,4.2,3.8,4.5,4.17
34152,2.5,3.0,3.5,3.0
69230,1.5,2.0,4.0,2.5
41168,2.1,2.5,3.8,2.8
40196,3.2,3.5,2.8,3.17
13087,3.5,3.2,4.1,3.6
12677,4.2,3.5,4.5,4.07
52902,3.5,3.0,3.2,3.23
3171,3.5,2.0,5.0,3.5
16915,2.5,3.0,3.5,3.0
56584,2.1,2.5,3.8,2.8
44529,3.5,3.0,2.5,3.0
51831,2.5,2.0,3.5,2.67
6478,3.2,3.5,2.8,3.17
28326,3.5,3.0,3.2,3.23
65113,3.5,3.0,4.0,3.5
59062,2.1,2.4,3.8,2.77
27649,4.5,4.0,1.0,3.17
48230,3.2,3.0,3.5,3.23
4606,3.5,3.0,4.0,3.5
477,4.2,3.8,3.5,3.83
21744,4.5,4.0,4.8,4.43
3510,3.2,3.5,3.0,3.23
70361,3.5,3.0,4.0,3.5
3522,2.0,2.5,1.0,1.83
34399,3.5,3.0,4.2,3.57
48813,1.0,1.0,1.0,1.0
53191,3.5,3.0,4.5,3.67
65152,1.5,2.0,4.5,2.67
15206,2.5,2.0,3.0,2.5
44242,3.5,3.0,4.0,3.5
26818,1.5,2.0,1.0,1.5
35077,3.5,3.0,4.0,3.5
24952,3.2,3.5,4.1,3.6
44224,3.5,3.0,4.5,3.67
37002,3.2,3.5,3.8,3.5
71854,3.5,3.0,4.5,3.67
63952,2.5,2.0,3.5,2.67
67214,4.2,3.8,3.1,3.7
33113,3.5,3.0,4.0,3.5
4230,3.5,3.2,3.8,3.5
62320,4.2,3.8,4.5,4.17
41960,3.5,3.0,3.2,3.23
68466,2.5,2.0,4.0,2.83
10425,3.2,2.5,4.8,3.5
43275,2.1,2.4,3.8,2.77
19284,3.5,3.0,3.2,3.23
39237,3.5,3.0,4.0,3.5
21169,3.2,2.8,4.1,3.37
25396,1.5,2.0,4.0,2.5
1516,2.1,2.4,3.8,2.77
44111,3.2,3.5,3.8,3.5
52537,4.5,4.0,1.5,3.33
28841,3.5,4.0,4.5,4.0
24185,3.5,3.0,2.0,2.83
20106,4.2,3.5,4.8,4.17
22624,2.1,2.5,3.8,2.8
20620,1.0,1.0,1.0,1.0
3421,3.5,3.0,4.0,3.5
49720,3.5,3.0,4.0,3.5
57464,3.2,3.5,2.1,2.93
63934,3.5,3.0,3.2,3.23
17913,3.5,3.0,4.0,3.5
53749,3.5,3.0,4.5,3.67
25417,2.1,2.4,3.8,2.77
37563,3.5,4.0,2.0,3.17
63534,3.5,3.0,2.0,2.83
32146,3.2,2.8,3.5,3.17
57645,3.5,3.0,4.0,3.5
17604,3.5,3.0,4.5,3.67
41920,3.5,3.0,2.5,3.0
54673,3.2,3.5,2.1,2.93
41750,2.1,2.4,3.8,2.77
69622,3.5,3.2,3.8,3.5
24131,4.2,3.8,4.5,4.17
49003,2.0,1.5,1.0,1.5
20876,3.2,3.0,2.5,2.9
52827,4.5,4.0,1.0,3.17
71027,3.2,2.8,3.5,3.17
69197,2.5,2.0,3.0,2.5
11473,4.2,3.8,2.1,3.37
26316,3.2,3.0,3.5,3.23
12877,3.2,2.8,3.5,3.17
18549,2.5,2.0,3.5,2.67
47899,3.5,3.2,3.0,3.23
49100,3.5,3.0,4.0,3.5
20869,3.5,3.0,4.0,3.5
18991,4.2,3.8,3.5,3.83
51565,3.5,3.0,2.5,3.0
43985,3.2,2.8,3.5,3.17
12633,3.2,3.5,3.8,3.5
72066,2.1,2.5,3.8,2.8
19862,2.5,3.0,3.5,3.0
69569,3.5,3.0,4.5,3.67
69412,4.0,3.5,1.5,3.0
27277,3.1,3.4,3.8,3.43
22154,2.0,1.5,4.0,2.5
44240,3.5,3.0,4.0,3.5
36979,3.2,3.5,4.1,3.6
4954,2.1,2.4,3.8,2.77
69540,3.5,3.0,2.0,2.83
52101,2.5,3.0,3.5,3.0
67808,3.2,3.0,3.5,3.23
57600,3.5,3.0,4.0,3.5
58153,2.5,2.0,4.0,2.83
53788,3.1,2.8,3.5,3.13
64216,2.5,2.0,3.0,2.5
29003,3.5,3.0,4.0,3.5
15741,3.2,2.5,4.1,3.27
24548,3.2,3.5,2.8,3.17
39833,2.1,1.5,3.0,2.2
50026,3.5,3.0,2.5,3.0
41275,2.5,2.0,4.0,2.83
6719,3.5,3.0,2.5,3.0
41934,3.5,3.0,4.5,3.67
21520,3.2,3.5,3.8,3.5
24728,2.5,2.0,3.5,2.67
64825,2.5,3.0,4.5,3.33
8424,4.2,3.8,4.5,4.17
49639,4.2,3.8,4.5,4.17
19579,2.5,2.0,3.0,2.5
62449,3.2,2.8,4.5,3.5
485,3.2,2.8,3.5,3.17
6416,3.5,3.0,4.5,3.67
60702,2.1,1.5,4.2,2.6
22292,3.2,3.0,3.5,3.23
51145,4.0,3.5,4.5,4.0
53653,3.2,3.5,3.8,3.5
70391,3.5,3.0,4.0,3.5
9944,3.2,3.5,3.0,3.23
21313,3.2,3.5,4.5,3.73
57904,2.5,3.0,3.5,3.0
55380,3.2,3.5,3.8,3.5
68984,3.5,3.0,4.0,3.5
40121,3.2,3.0,2.5,2.9
49364,4.2,3.8,4.5,4.17
48993,3.5,3.0,2.5,3.0
14591,2.1,2.5,3.8,2.8
25386,3.2,3.5,2.1,2.93
35200,4.0,3.0,5.0,4.0
35658,1.5,2.0,4.0,2.5
18831,3.5,3.2,3.0,3.23
17306,2.5,2.0,4.0,2.83
11092,3.5,3.0,4.5,3.67
23599,3.5,3.0,4.5,3.67
44620,2.5,2.0,1.5,2.0
66697,2.5,2.0,3.0,2.5
43438,2.0,3.0,1.0,2.0
5528,3.5,3.0,4.5,3.67
37905,3.5,3.0,4.2,3.57
64586,3.2,3.0,3.5,3.23
20043,2.5,3.0,4.2,3.23
49965,2.1,2.5,3.8,2.8
16456,2.5,2.0,3.5,2.67
6821,3.5,3.0,2.0,2.83
41569,2.5,2.0,3.5,2.67
50573,4.2,3.8,2.1,3.37
49573,4.5,3.8,1.2,3.17
12624,2.5,3.0,2.0,2.5
61777,2.1,2.4,3.8,2.77
45215,3.2,3.5,2.8,3.17
71290,3.2,3.5,3.8,3.5
7500,2.5,2.0,3.0,2.5
17862,3.2,2.8,3.5,3.17
16254,3.2,3.0,3.5,3.23
41969,3.2,3.5,2.8,3.17
53638,3.5,3.0,4.0,3.5
18705,3.5,3.0,2.5,3.0
49818,3.5,3.0,2.5,3.0
45738,3.2,3.0,3.5,3.23
64645,3.5,3.0,3.2,3.23
10072,2.5,2.0,4.5,3.0
61212,2.5,2.0,3.5,2.67
54875,3.2,3.5,3.8,3.5
8145,4.2,3.5,4.5,4.07
3868,4.2,3.8,4.5,4.17
44579,3.2,3.5,2.1,2.93
37958,3.5,3.0,4.0,3.5
34718,3.5,3.0,4.0,3.5
12895,3.2,2.5,3.8,3.17
56199,2.5,3.0,1.5,2.33
45095,3.2,2.8,4.1,3.37
38525,2.1,2.5,3.8,2.8
25365,3.5,3.0,4.0,3.5
62956,2.1,2.5,3.8,2.8
41961,3.2,3.5,3.8,3.5
62130,3.5,3.0,3.2,3.23
60789,3.5,3.0,2.0,2.83
8417,4.2,4.0,3.5,3.9
33449,3.5,3.0,2.5,3.0
489,4.2,3.5,4.8,4.17
71605,2.5,2.0,3.0,2.5
59031,3.5,3.0,2.0,2.83
60319,3.2,3.5,4.1,3.6
6527,3.2,3.5,3.0,3.23
56141,2.1,1.5,3.2,2.27
48057,4.2,4.5,1.5,3.4
16542,3.2,2.5,3.8,3.17
38279,4.5,3.8,2.1,3.47
67779,3.5,3.0,4.0,3.5
27046,3.5,3.0,4.0,3.5
41651,4.2,4.0,3.5,3.9
60599,3.5,3.0,2.5,3.0
25591,4.2,3.8,4.5,4.17
66659,3.5,3.0,4.5,3.67
15589,4.2,3.8,4.5,4.17
28993,4.2,4.5,4.8,4.5
49477,3.5,3.0,4.5,3.67
4602,4.2,3.8,3.5,3.83
37180,2.1,2.5,3.8,2.8
27242,3.1,2.8,3.5,3.13
22758,3.2,3.5,3.8,3.5
10346,4.2,4.0,3.5,3.9
56927,2.1,2.4,3.8,2.77
5918,3.5,3.0,4.5,3.67
62122,3.2,3.5,4.1,3.6
10480,3.5,3.0,4.0,3.5
48171,1.5,2.0,4.5,2.67
44608,3.5,3.0,4.5,3.67
17883,4.5,4.0,1.0,3.17
44429,4.5,4.0,4.8,4.43
9674,1.5,1.0,4.0,2.17
34999,2.1,1.8,3.5,2.47
53270,2.1,2.5,4.2,2.93
238,3.5,2.0,1.5,2.33
55531,4.2,3.5,4.8,4.17
63076,3.5,3.0,4.0,3.5
3108,2.5,3.0,4.0,3.17
37193,3.2,3.0,3.5,3.23
34212,3.5,3.0,2.0,2.83
9158,3.5,3.0,4.5,3.67
20464,2.1,2.4,3.8,2.77
38316,4.2,3.8,4.5,4.17
53086,3.5,3.0,4.0,3.5
7980,3.2,3.5,4.1,3.6
26946,3.2,3.5,3.8,3.5
27525,3.5,3.0,3.2,3.23
66415,2.1,2.5,3.8,2.8
45542,3.5,3.0,4.0,3.5
38157,3.5,3.0,4.5,3.67
47350,2.1,2.0,3.5,2.53
34418,3.5,3.0,4.5,3.67
50396,1.5,1.0,1.0,1.17
28482,2.1,2.5,3.2,2.6
55000,2.1,2.5,3.8,2.8
36464,4.5,4.0,2.0,3.5
71799,3.5,3.0,2.0,2.83
23678,3.2,3.5,2.8,3.17
37479,2.5,3.0,2.0,2.5
46550,4.2,3.5,4.8,4.17
61772,2.1,2.5,3.8,2.8
46894,3.5,3.0,4.0,3.5
41982,4.2,3.5,2.1,3.27
22068,3.2,3.5,3.0,3.23
34708,3.5,3.2,3.0,3.23
46989,3.5,3.0,4.0,3.5
70440,3.2,3.5,3.0,3.23
42098,2.0,2.5,4.5,3.0
26954,3.5,3.0,4.5,3.67
30459,4.2,3.8,3.5,3.83
4815,3.2,3.5,2.8,3.17
68822,2.5,3.0,3.5,3.0
61170,3.2,3.5,2.1,2.93
56688,1.0,1.0,5.0,2.33
36503,3.2,3.5,3.8,3.5
58671,3.2,3.5,4.1,3.6
19228,3.5,3.0,4.0,3.5
66417,2.1,2.5,3.2,2.6
6698,3.5,3.0,4.5,3.67
70972,2.5,3.0,4.0,3.17
17959,3.5,3.0,2.0,2.83
59444,3.2,2.5,4.1,3.27
25383,2.1,2.5,4.2,2.93
39670,4.5,4.0,1.5,3.33
61730,3.5,3.0,4.0,3.5
56300,2.1,2.4,3.8,2.77
2091,1.5,1.2,4.8,2.5
16702,1.5,2.0,4.5,2.67
24372,3.2,3.5,4.1,3.6
68376,3.2,3.5,3.8,3.5
36652,3.5,3.0,2.0,2.83
61916,3.5,3.0,4.5,3.67
32667,2.5,3.0,3.5,3.0
62853,2.1,2.4,3.8,2.77
46457,2.1,2.4,4.2,2.9
50528,3.5,4.0,2.5,3.33
56162,3.2,3.0,3.5,3.23
55291,4.5,4.0,4.8,4.43
56764,2.5,3.0,4.0,3.17
13463,3.5,3.0,3.2,3.23
20846,3.2,3.5,3.8,3.5
35924,2.1,2.4,3.2,2.57
51995,4.2,3.8,4.5,4.17
10317,4.2,3.8,2.1,3.37
63081,2.5,2.0,3.0,2.5
16114,3.2,2.8,3.5,3.17
64351,2.5,3.0,4.0,3.17
68290,3.2,2.8,3.5,3.17
41290,3.5,3.0,4.0,3.5
496,3.5,3.0,3.2,3.23
38957,1.0,1.0,1.0,1.0
15912,2.5,2.0,3.0,2.5
1429,3.5,3.0,2.5,3.0
27634,3.5,3.0,4.0,3.5
24880,3.1,2.8,3.5,3.13
34747,3.2,3.0,3.5,3.23
15356,3.5,3.0,4.0,3.5
50212,3.5,3.0,4.0,3.5
12518,3.5,3.0,3.2,3.23
57922,2.5,3.0,3.5,3.0
3559,3.2,3.5,4.1,3.6
36657,3.5,3.0,2.0,2.83
50524,4.5,4.0,4.8,4.43
5340,3.5,3.0,4.0,3.5
44507,2.1,2.5,3.8,2.8
29198,3.2,3.0,4.5,3.57
57080,3.2,2.8,3.5,3.17
49421,2.5,2.0,1.5,2.0
13842,3.5,3.0,4.5,3.67
61131,2.1,2.4,3.8,2.77
64146,2.5,3.0,3.5,3.0
21834,3.0,2.5,4.0,3.17
52284,4.2,3.8,3.1,3.7
42817,4.2,3.5,2.1,3.27
39182,3.5,3.0,4.5,3.67
10719,2.1,2.4,3.8,2.77
23549,2.1,2.5,3.8,2.8
66139,3.5,3.0,4.5,3.67
53454,3.5,3.0,2.0,2.83
63054,3.5,3.0,4.5,3.67
44330,1.0,1.0,1.0,1.0
2917,3.5,3.0,4.5,3.67
23105,3.5,3.0,4.0,3.5
12221,3.5,3.0,2.5,3.0
61784,2.5,2.0,3.5,2.67
49555,2.5,2.0,3.5,2.67
43849,3.2,3.0,3.5,3.23
44190,1.5,2.0,4.0,2.5
5625,2.1,2.5,3.8,2.8
25538,3.5,2.0,1.5,2.33
50600,3.5,3.0,4.0,3.5
21452,3.5,3.2,3.8,3.5
54600,4.2,3.8,2.1,3.37
12392,3.5,3.0,3.2,3.23
34044,4.2,3.8,4.5,4.17
9106,2.5,3.0,3.5,3.0
5332,3.5,3.0,2.5,3.0
10016,2.1,2.4,3.8,2.77
20626,2.1,1.5,4.2,2.6
1581,3.2,3.5,2.1,2.93
28504,4.2,3.8,3.5,3.83
61524,2.1,2.5,3.8,2.8
36586,1.2,1.5,4.8,2.5
33617,3.2,3.5,3.8,3.5
54323,3.5,3.0,3.2,3.23
36306,3.5,2.8,4.5,3.6
67634,3.5,3.0,2.5,3.0
48718,2.1,2.5,3.8,2.8
23449,3.2,3.0,3.5,3.23
72160,3.5,3.0,2.5,3.0
11011,1.5,2.0,3.5,2.33
58741,3.1,2.8,3.5,3.13
56576,2.1,2.4,1.8,2.1
807,3.5,4.0,3.0,3.5
16049,4.0,3.5,4.5,4.0
46381,3.5,3.0,4.0,3.5
29068,3.5,3.0,4.0,3.5
58031,3.5,3.0,4.0,3.5
7414,3.2,3.5,3.8,3.5
46990,1.0,1.0,1.0,1.0
48516,2.1,2.4,3.8,2.77
33299,3.5,3.0,4.0,3.5
33261,3.5,3.0,2.5,3.0
63844,3.1,3.4,3.8,3.43
28540,3.2,3.5,3.8,3.5
25158,1.5,2.0,4.5,2.67
50016,3.2,3.5,3.8,3.5
23093,3.5,3.2,3.0,3.23
40203,3.2,2.8,3.5,3.17
36867,2.5,3.0,3.5,3.0
47985,2.5,3.0,3.5,3.0
10279,3.2,3.5,4.8,3.83
27513,3.5,3.0,4.5,3.67
2182,2.5,3.0,4.0,3.17
3708,4.2,4.0,3.5,3.9
43564,4.2,3.5,2.1,3.27
68293,2.5,3.0,4.0,3.17
46960,2.5,3.0,3.5,3.0
14851,2.5,2.0,3.5,2.67
43359,2.1,2.4,3.8,2.77
29685,2.1,2.4,3.8,2.77
32782,3.2,3.5,3.8,3.5
17832,3.2,2.8,4.1,3.37
62995,3.5,3.0,4.0,3.5
69045,3.5,3.0,4.0,3.5
27236,4.2,3.5,3.0,3.57
45651,3.5,3.0,4.5,3.67
63655,3.5,3.0,2.0,2.83
62367,4.2,3.8,4.5,4.17
72048,2.1,2.5,3.8,2.8
2672,3.5,3.0,2.0,2.83
55978,3.5,3.0,4.5,3.67
39431,2.5,2.0,3.5,2.67
35130,3.2,3.0,3.5,3.23
47260,2.5,2.0,3.5,2.67
42083,3.5,3.0,3.2,3.23
60872,3.5,3.0,4.0,3.5
26291,2.1,2.4,3.8,2.77
60066,3.5,3.0,4.0,3.5
32764,3.5,3.0,2.0,2.83
61259,2.5,3.0,3.5,3.0
9825,3.5,3.0,4.5,3.67
5506,2.1,2.4,3.8,2.77
40571,4.2,3.8,4.5,4.17
71576,4.5,4.0,4.8,4.43
66865,3.2,2.8,3.5,3.17
11819,4.0,3.5,2.0,3.17
41952,2.5,3.0,3.5,3.0
17788,3.5,3.0,4.0,3.5
27243,4.0,3.5,4.5,4.0
7332,3.5,3.2,3.0,3.23
35482,2.5,3.0,3.5,3.0
68431,3.2,3.5,4.1,3.6
62077,3.2,3.5,3.8,3.5
24788,3.2,2.8,3.5,3.17
54777,2.5,3.0,2.0,2.5
8854,2.5,2.0,3.5,2.67
25392,2.1,2.5,3.8,2.8
62797,2.5,3.0,3.5,3.0
3107,3.5,3.2,3.0,3.23
37427,2.5,3.0,3.5,3.0
33615,4.5,4.0,4.8,4.43
69132,3.5,3.0,2.0,2.83
45515,3.2,3.5,3.8,3.5
10650,1.5,1.2,4.5,2.4
56401,3.2,3.5,2.1,2.93
64939,2.5,2.0,3.0,2.5
27650,2.5,2.0,3.0,2.5
26606,3.2,3.0,3.5,3.23
29256,2.1,1.5,4.8,2.8
16243,2.5,2.0,3.0,2.5
36554,2.5,2.0,3.5,2.67
54582,2.5,2.0,3.5,2.67
59502,3.5,3.0,4.0,3.5
64202,2.1,2.4,3.8,2.77
32902,1.5,2.0,4.5,2.67
15095,2.5,2.0,3.0,2.5
46706,3.2,2.8,3.5,3.17
22054,3.2,3.0,3.5,3.23
41617,4.5,4.0,2.0,3.5
30931,2.5,3.0,4.0,3.17
33641,3.5,2.8,4.5,3.6
24671,2.1,2.5,3.8,2.8
47910,3.5,3.0,4.0,3.5
69048,3.5,3.0,3.2,3.23
22349,3.5,3.0,4.0,3.5
59340,3.5,3.0,2.0,2.83
55189,3.2,3.0,3.5,3.23
22826,1.5,2.0,4.0,2.5
431,4.2,4.0,4.5,4.23
58753,4.2,3.8,3.5,3.83
6933,3.5,3.0,2.0,2.83
25759,3.5,3.8,4.2,3.83
58649,2.1,2.5,3.8,2.8
26211,3.2,3.0,3.5,3.23
27779,3.2,3.5,3.8,3.5
67729,4.2,3.8,4.5,4.17
25343,3.5,3.0,4.5,3.67
23622,3.5,3.0,3.2,3.23
65119,4.5,4.0,4.8,4.43
26693,2.1,2.5,3.8,2.8
65207,3.2,2.5,4.1,3.27
50830,1.5,2.0,4.5,2.67
33799,4.2,3.8,4.5,4.17
2054,2.5,2.0,3.0,2.5
68871,3.2,3.1,3.8,3.37
17170,4.5,4.0,4.8,4.43
9532,3.5,3.0,4.0,3.5
15260,3.2,3.5,3.8,3.5
54709,3.2,3.5,4.1,3.6
53908,3.5,2.8,4.2,3.5
42710,2.1,2.4,4.2,2.9
50516,3.2,3.5,3.8,3.5
10427,4.5,4.0,4.8,4.43
60489,3.1,2.8,3.5,3.13
66542,3.5,2.8,4.5,3.6
45879,4.2,3.8,2.5,3.5
12822,3.5,3.0,2.0,2.83
9261,2.5,2.0,4.0,2.83
41971,3.5,2.8,4.2,3.5
34768,3.5,2.8,4.2,3.5
50990,4.2,3.8,4.5,4.17
31051,3.5,3.0,4.0,3.5
42692,2.5,2.0,3.5,2.67
4796,2.5,2.0,1.0,1.83
2842,3.5,3.0,3.2,3.23
4259,3.2,3.5,2.1,2.93
68613,4.2,3.5,4.8,4.17
6049,2.1,2.4,3.8,2.77
43883,3.2,3.5,2.1,2.93
28801,3.2,3.5,3.8,3.5
3649,3.5,3.0,4.5,3.67
24900,3.5,4.0,3.0,3.5
59588,2.5,3.0,3.5,3.0
4809,2.5,3.0,4.0,3.17
1857,4.2,3.8,4.5,4.17
13616,3.2,3.5,4.1,3.6
44811,2.5,2.0,3.5,2.67
62736,1.0,1.0,1.0,1.0
38116,2.5,3.0,3.5,3.0
41721,2.5,2.0,3.0,2.5
45834,1.5,1.2,2.0,1.57
12152,4.2,3.5,3.0,3.57
43314,4.5,3.0,1.0,2.83
33249,3.5,3.0,4.5,3.67
36218,2.1,2.5,3.8,2.8
66744,3.5,4.0,4.5,4.0
55445,2.1,2.4,3.8,2.77
61279,2.1,2.5,3.8,2.8
21801,3.5,2.0,4.5,3.33
40347,2.5,3.0,3.5,3.0
18055,4.5,4.0,4.8,4.43
851,3.5,3.0,4.0,3.5
44334,2.1,2.5,4.2,2.93
40533,2.5,2.0,3.5,2.67
31065,3.5,3.0,2.0,2.83
55624,3.5,3.0,3.2,3.23
10567,3.5,3.0,2.5,3.0
10786,3.2,3.5,2.8,3.17
54607,3.5,3.0,3.2,3.23
24134,2.5,3.0,4.5,3.33
35279,4.2,3.8,4.5,4.17
48384,3.5,3.0,3.2,3.23
16738,3.1,3.4,3.8,3.43
31814,2.5,2.0,4.0,2.83
34173,2.5,3.0,4.0,3.17
5045,4.2,3.8,4.5,4.17
66854,3.2,3.0,3.5,3.23
2739,3.5,3.0,2.0,2.83
69638,2.5,3.0,3.5,3.0
46316,4.0,3.5,4.5,4.0
27620,4.2,3.5,2.1,3.27
25906,3.5,3.0,4.5,3.67
28040,3.0,2.0,1.0,2.0
41271,3.2,3.5,3.0,3.23
50473,3.5,3.0,4.0,3.5
32972,4.5,4.0,2.0,3.5
34435,3.2,3.0,3.5,3.23
2244,2.0,1.5,1.0,1.5
43086,4.5,4.0,1.0,3.17
3818,2.5,2.0,4.0,2.83
24121,3.5,3.0,4.0,3.5
37861,3.5,4.0,2.0,3.17
56395,3.5,3.0,4.5,3.67
59726,3.2,3.5,4.5,3.73
34834,,,,
34382,4.2,4.0,4.5,4.23
66375,3.5,3.0,4.5,3.67
36654,3.2,3.5,2.1,2.93
28763,2.1,2.5,3.8,2.8
39941,4.2,3.8,4.5,4.17
22146,3.5,3.0,2.5,3.0
47772,4.0,3.5,4.5,4.0
18764,3.2,3.5,3.8,3.5
48043,4.2,3.8,4.5,4.17
55421,4.0,3.5,4.5,4.0
25304,3.5,3.0,2.0,2.83
63753,3.5,3.0,2.5,3.0
16677,3.5,3.0,2.0,2.83
57682,3.2,2.8,4.1,3.37
9889,4.5,3.0,1.0,2.83
63064,3.2,2.8,3.5,3.17
25825,2.0,1.5,1.0,1.5
46754,2.5,3.0,4.0,3.17
38730,3.2,2.5,4.8,3.5
66497,2.1,2.5,3.8,2.8
35367,2.1,2.5,4.2,2.93
23185,3.2,3.5,2.1,2.93
19781,2.1,1.5,3.0,2.2
6279,2.1,2.5,3.8,2.8
58846,3.2,3.0,3.5,3.23
20042,2.1,2.4,4.2,2.9
41377,3.5,4.0,2.0,3.17
63162,3.5,3.0,4.0,3.5
10651,2.5,3.0,3.5,3.0
21936,4.2,3.8,4.5,4.17
38009,4.0,3.5,1.5,3.0
43135,4.2,4.0,3.5,3.9
18976,3.2,2.5,3.8,3.17
66052,3.5,3.0,4.0,3.5
51640,3.2,2.8,3.5,3.17
44262,2.1,1.5,3.2,2.27
45382,1.0,1.0,1.0,1.0
57663,1.5,1.0,2.0,1.5
9964,3.1,2.8,3.5,3.13
61870,4.2,4.0,3.5,3.9
7805,3.2,2.5,3.8,3.17
3004,2.5,3.0,3.5,3.0
26780,3.5,3.0,4.0,3.5
472,3.5,3.0,3.2,3.23
66626,3.2,2.8,4.1,3.37
47550,3.0,2.0,5.0,3.33
13165,3.5,3.0,4.5,3.67
36520,4.5,4.0,4.8,4.43
16618,3.5,3.0,2.5,3.0
55706,2.1,2.5,3.8,2.8
21009,2.5,3.0,3.5,3.0
1400,3.5,3.0,2.5,3.0
24475,2.5,2.0,3.0,2.5
63721,3.5,2.0,1.0,2.17
68414,2.1,2.5,3.8,2.8
41616,2.1,2.5,3.8,2.8
70015,3.2,3.5,2.8,3.17
51585,2.5,3.0,4.5,3.33
6758,3.5,3.0,2.0,2.83
39890,3.5,3.0,2.0,2.83
7928,2.1,2.4,3.8,2.77
32437,2.5,2.1,4.2,2.93
27394,3.5,2.8,4.2,3.5
34135,3.5,3.0,4.0,3.5
34093,2.5,2.0,4.5,3.0
47072,3.2,3.5,4.1,3.6
4689,3.5,3.0,4.0,3.5
63456,3.2,3.0,3.5,3.23
27237,3.2,3.5,3.8,3.5
3304,1.5,2.0,4.5,2.67
11307,2.1,2.5,4.2,2.93
37385,3.5,3.0,2.0,2.83
18120,2.1,2.5,4.2,2.93
7714,3.5,3.0,3.2,3.23
54937,4.2,3.8,4.5,4.17
4997,3.5,3.0,4.5,3.67
23366,2.5,2.0,4.0,2.83
48100,3.5,3.0,4.2,3.57
67186,2.5,3.0,2.0,2.5
52983,4.5,4.0,4.8,4.43
52939,2.1,1.8,3.5,2.47
9281,3.5,3.0,3.2,3.23
21787,2.1,2.5,3.8,2.8
61564,4.2,3.8,3.5,3.83
29075,3.5,3.0,2.0,2.83
3374,2.1,2.5,3.8,2.8
31788,2.5,2.0,4.5,3.0
54551,3.5,3.2,3.8,3.5
43841,4.5,4.0,4.8,4.43
42364,3.5,3.0,2.0,2.83
61202,3.5,2.8,4.2,3.5
58716,4.2,3.8,4.5,4.17
39691,1.0,1.0,1.0,1.0
15256,4.2,3.8,4.5,4.17
35379,1.5,2.0,3.0,2.17
50507,3.5,3.0,4.5,3.67
29209,2.5,3.0,3.5,3.0
40764,4.5,4.0,1.5,3.33
51719,3.5,3.0,3.2,3.23
19711,2.5,2.0,3.0,2.5
21305,3.2,2.8,3.5,3.17
52302,3.5,3.0,4.0,3.5
6329,2.1,2.5,3.8,2.8
32601,3.2,3.0,3.5,3.23
3803,3.2,3.5,4.1,3.6
51693,2.1,2.5,3.8,2.8
50420,4.5,3.0,1.5,3.0
47786,2.5,2.0,3.0,2.5
36934,3.2,3.5,3.8,3.5
66022,2.5,2.0,3.0,2.5
14786,2.5,2.0,3.5,2.67
153,2.5,3.0,3.5,3.0
20929,3.5,3.0,4.0,3.5
33008,4.0,3.5,4.5,4.0
25284,2.5,3.0,4.0,3.17
30905,2.5,2.0,3.5,2.67
31139,3.5,3.0,4.0,3.5
53171,3.5,3.0,4.0,3.5
29504,2.1,2.5,3.8,2.8
57002,2.5,2.0,3.0,2.5
71891,2.5,3.0,3.5,3.0
49958,2.5,2.0,3.5,2.67
5262,3.5,3.0,4.0,3.5
36324,3.5,3.0,4.0,3.5
28189,3.5,2.8,4.2,3.5
39560,3.5,3.2,3.0,3.23
61603,2.5,3.0,2.0,2.5
66919,3.2,3.5,4.1,3.6
34268,3.2,3.0,3.5,3.23
69773,4.2,3.8,4.5,4.17
48768,2.5,3.0,3.5,3.0
44503,2.5,3.0,4.0,3.17
39916,1.5,1.0,4.5,2.33
69285,4.5,4.0,4.8,4.43
21290,1.5,1.2,4.5,2.4
22439,3.5,3.0,4.5,3.67
66368,3.5,3.0,2.5,3.0
11511,2.5,2.0,3.5,2.67
18374,2.5,3.0,3.5,3.0
58141,3.5,3.0,4.0,3.5
25738,3.5,3.0,4.5,3.67
9687,3.5,3.0,2.0,2.83
26821,1.5,2.0,1.0,1.5
59199,4.2,3.5,2.1,3.27
56394,3.2,2.8,4.1,3.37
59560,3.2,2.5,4.8,3.5
7238,3.5,3.0,4.5,3.67
24124,3.2,3.0,3.5,3.23
21266,2.5,2.0,3.0,2.5
3644,2.5,2.0,3.0,2.5
1690,3.5,3.2,3.0,3.23
16398,2.5,2.0,3.0,2.5
14270,3.2,2.8,4.1,3.37
9216,3.2,3.5,3.8,3.5
46309,2.5,2.0,3.0,2.5
13596,3.2,3.5,3.8,3.5
11731,4.5,3.8,4.2,4.17
60929,4.5,4.0,2.0,3.5
36438,3.2,3.5,4.1,3.6
44703,2.5,2.0,4.0,2.83
60546,3.2,3.5,4.1,3.6
15552,2.1,2.4,3.8,2.77
16980,3.2,3.5,2.8,3.17
27598,2.5,2.0,3.0,2.5
50775,4.5,4.0,4.8,4.43
20494,3.2,2.5,4.8,3.5
15617,3.5,3.0,2.5,3.0
53288,2.1,2.5,1.8,2.13
35973,3.5,2.8,4.2,3.5
30643,1.5,1.2,4.8,2.5
25353,1.5,2.0,1.0,1.5
26556,4.5,4.0,1.0,3.17
58784,3.5,3.2,4.1,3.6
29048,3.2,3.5,3.8,3.5
39455,3.2,3.5,3.8,3.5
51374,,,,
18456,3.5,2.8,4.2,3.5
18772,2.1,2.4,1.8,2.1
44873,3.2,3.5,3.8,3.5
65351,3.5,3.0,2.0,2.83
21522,4.2,3.8,2.5,3.5
11892,1.5,2.0,3.0,2.17
12315,3.5,3.0,4.0,3.5
53917,2.5,2.0,3.5,2.67
33856,3.5,3.0,2.0,2.83
66742,3.5,3.2,3.8,3.5
31796,4.2,3.5,1.5,3.07
67002,3.5,3.2,4.1,3.6
70556,2.1,2.4,3.8,2.77
40991,3.5,3.0,4.0,3.5
9604,4.2,3.8,4.5,4.17
28262,3.5,3.0,2.5,3.0
46315,3.2,2.8,3.5,3.17
39558,2.0,2.5,1.0,1.83
19023,3.5,3.0,2.5,3.0
69552,3.2,3.0,3.5,3.23
67564,2.1,2.4,3.8,2.77
21963,2.0,1.5,1.0,1.5
49005,4.2,4.5,3.1,3.93
49429,3.5,4.0,4.5,4.0
40309,3.5,3.0,4.0,3.5
5168,3.2,3.5,2.8,3.17
5951,1.0,1.0,1.0,1.0
51994,2.1,2.4,3.8,2.77
47309,2.5,2.0,3.0,2.5
38928,4.2,3.8,4.5,4.17
44667,3.2,3.5,3.8,3.5
72027,2.5,2.0,4.5,3.0
52220,3.5,2.8,4.5,3.6
45370,3.5,2.8,4.2,3.5
30661,2.1,1.8,3.5,2.47
33242,3.5,3.0,4.0,3.5
41933,3.2,3.5,3.0,3.23
45761,3.5,3.0,4.0,3.5
25207,4.0,3.5,4.5,4.0
63100,4.0,3.0,1.5,2.83
16009,2.5,2.0,4.0,2.83
39378,3.5,3.0,4.0,3.5
30547,2.5,2.0,3.5,2.67
71831,4.2,3.8,4.5,4.17
37410,3.2,3.5,3.8,3.5
27396,2.1,2.5,3.8,2.8
20520,2.5,2.0,3.0,2.5
30262,4.0,3.5,1.5,3.0
70604,3.5,3.0,2.0,2.83
10002,3.2,3.0,2.5,2.9
44659,3.1,2.8,3.5,3.13
63836,4.5,4.0,1.5,3.33
60116,3.1,3.4,3.8,3.43
65958,3.5,3.0,2.0,2.83
19102,3.5,3.0,2.5,3.0
33023,4.5,4.0,1.5,3.33
29223,3.5,2.8,3.2,3.17
41139,3.5,3.0,4.5,3.67
45480,2.5,2.0,3.5,2.67
10561,3.2,3.0,3.5,3.23
67510,3.5,2.8,3.2,3.17
42667,4.2,3.5,4.8,4.17
59927,4.5,4.0,1.5,3.33
41648,3.5,3.0,2.0,2.83
30013,2.5,2.0,3.5,2.67
10609,2.1,2.4,3.8,2.77
606,3.2,2.8,3.5,3.17
38615,3.2,3.5,2.1,2.93
62655,4.2,3.8,4.5,4.17
29601,2.1,2.4,3.8,2.77
49393,2.5,2.0,3.5,2.67
25508,3.2,2.5,3.8,3.17
71734,3.2,2.5,4.1,3.27
10487,3.5,3.0,2.5,3.0
46296,4.5,4.0,1.5,3.33
34914,3.5,3.0,3.2,3.23
22730,3.2,3.5,3.0,3.23
37383,2.5,3.0,3.5,3.0
47089,2.1,2.4,3.8,2.77
3907,3.2,2.8,3.5,3.17
36282,4.2,3.8,4.5,4.17
26705,3.5,3.0,4.5,3.67
21005,3.0,3.5,2.0,2.83
57312,2.5,2.0,3.0,2.5
67288,2.5,3.0,1.5,2.33
69662,3.5,3.0,4.5,3.67
35966,2.1,2.4,3.8,2.77
64702,3.2,3.0,3.5,3.23
35210,3.5,3.0,2.0,2.83
24800,2.1,1.8,3.5,2.47
27628,2.5,2.0,3.0,2.5
15305,3.5,3.0,2.5,3.0
38056,3.5,3.0,4.0,3.5
51295,3.5,3.0,4.0,3.5
2606,2.1,2.4,3.8,2.77
44239,2.5,2.0,3.0,2.5
60505,3.5,3.0,4.0,3.5
62785,2.5,3.0,4.0,3.17
50480,3.5,3.0,3.2,3.23
63281,3.5,3.0,3.2,3.23
55962,3.2,2.5,4.1,3.27
55296,3.2,3.5,2.8,3.17
28224,2.5,2.0,4.5,3.0
29079,4.5,4.0,4.8,4.43
529,3.2,3.5,3.8,3.5
59133,4.2,3.8,4.5,4.17
45247,3.2,3.5,2.1,2.93
71470,2.5,2.0,4.0,2.83
28006,3.5,2.0,4.5,3.33
37459,3.5,3.0,4.0,3.5
22690,2.5,2.0,4.0,2.83
66317,2.5,3.0,3.5,3.0
14569,2.5,3.0,3.5,3.0
22324,3.5,2.8,4.5,3.6
19133,3.2,3.5,4.8,3.83
29394,3.5,3.2,3.8,3.5
17414,3.2,3.5,2.1,2.93
52057,3.0,3.5,2.0,2.83
8436,4.2,3.8,3.5,3.83
50751,4.2,3.5,4.8,4.17
40070,2.5,2.0,3.5,2.67
28244,3.5,3.0,2.0,2.83
56381,3.5,2.8,4.2,3.5
51118,3.2,2.8,3.5,3.17
42671,1.5,2.0,4.5,2.67
22678,2.1,1.5,1.2,1.6
6851,3.5,3.2,2.8,3.17
11281,3.5,3.0,4.0,3.5
20267,2.5,2.0,3.5,2.67
69348,3.2,3.5,2.8,3.17
45457,3.5,3.0,3.2,3.23
11454,3.2,3.0,2.5,2.9
22564,3.5,3.8,3.2,3.5
16857,3.5,3.0,3.2,3.23
28921,3.2,3.0,3.5,3.23
28028,3.2,2.8,3.5,3.17
8446,1.5,1.0,2.0,1.5
57329,4.5,4.0,2.0,3.5
3915,2.5,3.0,4.5,3.33
69234,3.2,3.5,3.8,3.5
10554,3.5,3.2,3.0,3.23
2561,3.2,3.5,2.8,3.17
16051,4.2,3.5,2.1,3.27
20133,4.5,4.0,1.5,3.33
10974,4.2,3.8,4.5,4.17
42768,2.5,2.0,3.5,2.67
24589,3.5,3.0,4.0,3.5
32899,3.5,3.0,3.2,3.23
37932,3.5,3.0,4.0,3.5
30785,3.2,2.5,4.1,3.27
61896,3.2,3.5,3.8,3.5
62752,3.5,3.0,3.2,3.23
43062,3.5,3.0,3.2,3.23
3478,2.1,2.5,4.2,2.93
40760,3.2,3.5,3.8,3.5
56155,2.5,2.0,3.5,2.67
62245,3.5,3.0,3.2,3.23
71301,3.5,3.0,4.5,3.67
32148,3.5,3.0,2.5,3.0
15367,2.5,3.0,4.0,3.17
65672,3.2,3.5,4.1,3.6
59615,4.2,3.5,4.8,4.17
19798,2.1,2.5,4.2,2.93
13745,3.2,3.5,3.8,3.5
27851,2.1,1.8,3.5,2.47
61264,2.5,2.0,3.0,2.5
36132,4.2,3.8,4.5,4.17
1479,2.5,3.0,3.5,3.0
71611,3.2,3.5,3.8,3.5
41198,4.5,4.2,4.8,4.5
22276,2.1,1.8,3.5,2.47
22949,2.5,2.0,3.0,2.5
6555,3.5,3.0,2.0,2.83
26716,3.5,3.0,2.0,2.83
63953,3.5,3.0,4.0,3.5
68248,2.1,1.8,4.5,2.8
64693,2.5,2.0,3.0,2.5
10839,3.5,3.0,3.2,3.23
18167,3.2,3.5,2.8,3.17
6075,3.5,3.0,4.5,3.67
57296,3.2,3.0,4.1,3.43
26648,3.5,3.0,4.5,3.67
35618,3.5,3.0,2.5,3.0
60949,4.5,4.0,4.8,4.43
39443,3.5,2.0,1.5,2.33
26541,3.5,3.0,2.5,3.0
70343,3.5,3.0,4.5,3.67
12216,3.5,3.0,4.0,3.5
2338,3.2,3.0,4.5,3.57
40579,3.5,3.0,4.5,3.67
58642,2.5,3.0,3.5,3.0
60933,3.5,4.0,3.0,3.5
16300,3.2,3.5,2.8,3.17
44515,2.1,2.4,3.8,2.77
54104,2.1,2.5,3.8,2.8
23996,2.5,2.0,3.0,2.5
41366,4.2,3.8,4.5,4.17
35925,3.2,3.5,2.1,2.93
55051,4.2,3.5,2.1,3.27
30816,4.2,4.5,3.1,3.93
3162,3.2,3.5,2.1,2.93
20704,3.5,3.0,4.2,3.57
51542,3.2,3.5,2.1,2.93
58169,2.5,2.0,4.2,2.9
12818,3.5,3.0,4.0,3.5
59253,4.5,4.0,4.8,4.43
46380,3.5,2.0,1.0,2.17
44502,2.1,2.5,3.8,2.8
18178,3.2,3.5,3.8,3.5
7282,2.5,2.0,3.0,2.5
41901,4.5,4.0,3.0,3.83
5216,1.2,1.5,4.8,2.5
29969,3.2,2.8,3.5,3.17
23352,3.2,3.5,2.8,3.17
341,4.2,3.8,3.1,3.7
8996,3.5,3.0,4.0,3.5
54146,2.1,2.4,3.8,2.77
24625,3.1,3.4,3.8,3.43
17580,3.2,3.5,3.8,3.5
25835,4.2,3.8,4.5,4.17
51792,2.5,3.0,3.5,3.0
38849,2.1,1.8,3.5,2.47
31747,1.5,2.0,3.5,2.33
10994,2.1,1.5,3.2,2.27
21293,1.5,2.0,4.5,2.67
62432,3.5,3.0,4.5,3.67
28514,3.2,3.0,2.5,2.9
48634,3.2,2.8,3.5,3.17
18012,3.2,3.5,3.8,3.5
8276,3.2,3.5,2.1,2.93
62106,3.5,3.0,2.5,3.0
26280,3.5,3.0,2.5,3.0
10598,4.5,4.0,1.5,3.33
12807,1.5,2.0,4.0,2.5
48389,2.5,3.0,3.5,3.0
61752,3.2,2.8,3.5,3.17
5572,4.2,3.5,2.1,3.27
41532,4.2,3.8,4.5,4.17
55570,3.5,3.0,4.5,3.67
49344,3.2,2.8,3.5,3.17
20477,2.5,3.0,2.0,2.5
66892,2.5,3.0,3.5,3.0
60920,4.5,4.0,2.0,3.5
16004,4.5,4.0,1.5,3.33
26634,4.5,4.0,4.8,4.43
20640,2.5,2.0,3.0,2.5
43154,2.5,2.0,3.5,2.67
16136,1.5,1.2,4.5,2.4
55418,4.2,4.5,4.8,4.5
50833,3.2,3.0,3.5,3.23
32666,3.2,3.5,2.1,2.93
60195,3.2,2.8,3.5,3.17
51283,3.5,3.2,3.0,3.23
14000,4.0,3.5,1.5,3.0
13986,3.5,3.0,2.5,3.0
33768,3.5,3.0,2.0,2.83
52615,3.2,3.0,3.5,3.23
20384,2.1,2.5,3.8,2.8
9971,2.5,3.0,2.0,2.5
45557,3.5,3.0,4.0,3.5
9762,4.2,3.8,4.5,4.17
17228,2.1,2.5,3.8,2.8
18421,2.5,3.0,3.5,3.0
42395,4.0,3.0,1.0,2.67
25600,3.2,2.8,3.5,3.17
3113,3.2,3.5,3.8,3.5
46942,2.5,3.0,3.5,3.0
62071,3.5,3.0,3.2,3.23
67082,2.5,2.0,3.5,2.67
60018,4.2,3.8,4.5,4.17
33250,3.5,2.0,4.5,3.33
63151,2.5,3.0,3.5,3.0
39167,3.5,3.0,3.2,3.23
58481,2.1,2.5,3.8,2.8
22997,2.5,3.0,3.5,3.0
8079,3.0,2.0,1.0,2.0
55626,3.5,3.2,3.8,3.5
35175,3.5,3.0,4.5,3.67
33951,2.1,2.5,3.8,2.8
57917,2.5,3.0,3.5,3.0
67644,4.2,3.8,3.5,3.83
9458,3.5,3.0,2.0,2.83
12651,3.5,3.0,2.5,3.0
42202,3.5,3.0,2.5,3.0
56754,3.5,3.0,3.2,3.23
39093,4.2,4.0,2.1,3.43
68927,3.2,3.5,3.8,3.5
29711,2.5,3.0,2.0,2.5
45956,2.1,2.5,3.0,2.53
56161,3.2,3.5,2.8,3.17
42542,4.5,4.0,4.8,4.43
22803,3.5,3.0,2.5,3.0
47481,2.5,2.0,4.0,2.83
22607,2.5,2.0,3.0,2.5
46013,1.5,2.0,4.5,2.67
33273,3.2,3.5,3.8,3.5
31683,3.5,3.0,4.5,3.67
58432,3.5,3.0,2.0,2.83
4109,3.5,3.0,4.0,3.5
28458,2.1,2.4,3.8,2.77
7748,3.5,3.0,2.0,2.83
4950,3.5,3.0,4.0,3.5
46704,3.5,3.0,2.5,3.0
20808,1.5,1.0,1.0,1.17
14593,2.5,2.0,3.0,2.5
9139,3.2,3.5,4.1,3.6
20479,3.5,3.0,2.5,3.0
39856,3.5,3.0,4.5,3.67
29770,4.2,3.8,4.5,4.17
64097,4.2,4.0,3.5,3.9
6731,3.5,3.0,2.0,2.83
45886,1.5,2.0,3.5,2.33
34519,4.2,3.8,4.5,4.17
40162,3.5,3.0,4.5,3.67
10042,3.2,3.0,3.5,3.23
6128,2.5,2.0,3.5,2.67
52129,3.5,3.0,2.5,3.0
8915,2.1,2.5,3.8,2.8
35253,4.2,3.5,4.5,4.07
58509,3.5,3.0,2.5,3.0
2254,3.5,3.2,3.0,3.23
11227,2.5,2.0,3.5,2.67
50907,2.5,3.0,4.0,3.17
66527,3.2,3.5,2.1,2.93
34323,2.1,2.4,3.8,2.77
61286,3.5,3.0,4.0,3.5
50958,2.5,3.0,3.5,3.0
26014,4.2,3.5,4.8,4.17
31424,3.2,3.5,3.8,3.5
57693,1.5,2.0,3.5,2.33
14243,3.5,2.8,3.2,3.17
53549,3.5,4.0,4.5,4.0
45719,3.5,3.0,4.0,3.5
64074,3.2,3.0,3.5,3.23
35812,4.5,4.0,4.8,4.43
22809,3.2,3.5,2.8,3.17
7616,,,,
69642,,,,
43010,3.2,2.8,3.5,3.17
60591,2.5,2.0,3.5,2.67
46511,2.5,2.0,3.0,2.5
70648,3.5,3.0,4.5,3.67
50470,3.2,3.0,3.5,3.23
28985,2.1,2.5,3.8,2.8
31578,1.5,1.0,2.0,1.5
37249,1.2,1.5,4.8,2.5
52321,3.5,3.0,3.2,3.23
31541,2.1,2.5,4.8,3.13
17420,3.5,3.0,3.2,3.23
16453,2.1,2.4,3.8,2.77
44650,1.0,1.0,1.0,1.0
8007,3.2,3.5,3.8,3.5
14456,3.5,3.0,2.5,3.0
12916,3.5,3.0,4.0,3.5
65136,3.2,3.5,2.8,3.17
72061,3.2,2.8,4.1,3.37
22063,2.5,2.0,3.5,2.67
12062,3.2,2.8,4.1,3.37
23582,2.1,2.4,4.2,2.9
17199,4.1,3.8,3.5,3.8
42207,2.5,2.0,3.5,2.67
22913,3.5,3.0,2.0,2.83
16604,3.2,3.0,3.5,3.23
12108,3.5,3.0,4.5,3.67
47749,3.2,3.5,4.1,3.6
52371,4.2,3.8,4.5,4.17
65204,3.2,3.5,3.8,3.5
35891,3.2,2.8,4.1,3.37
53525,4.2,4.0,3.5,3.9
42531,2.5,3.0,4.0,3.17
44819,3.8,3.5,3.2,3.5
512,2.1,2.4,4.2,2.9
56431,3.2,2.8,3.5,3.17
48974,3.2,3.5,3.8,3.5
27130,3.5,3.0,2.0,2.83
13250,3.2,2.5,3.8,3.17
34474,2.5,2.0,4.0,2.83
2481,3.2,3.5,4.1,3.6
49991,3.5,3.0,4.0,3.5
57496,4.2,4.5,3.8,4.17
14755,2.1,2.5,1.8,2.13
10867,3.5,3.0,2.0,2.83
24011,2.1,2.5,3.8,2.8
53375,3.2,3.5,4.1,3.6
42632,2.5,2.0,3.5,2.67
64933,2.5,3.0,3.5,3.0
15350,3.2,3.5,2.8,3.17
9789,1.5,2.0,4.5,2.67
62870,3.2,2.5,3.8,3.17
52185,4.5,4.0,2.0,3.5
14049,2.5,2.0,3.0,2.5
34132,2.5,2.0,3.5,2.67
46922,2.1,2.5,3.8,2.8
59168,3.5,3.0,3.2,3.23
37645,2.5,2.0,3.0,2.5
6427,4.2,3.8,4.5,4.17
7023,4.2,3.5,4.8,4.17
62423,3.5,3.0,4.5,3.67
56875,4.2,3.8,3.1,3.7
13893,4.5,4.0,2.0,3.5
6439,2.5,2.0,3.5,2.67
50703,2.1,2.4,3.8,2.77
2781,3.5,3.0,4.0,3.5
45008,3.2,3.5,4.1,3.6
12720,1.5,2.0,4.0,2.5
58550,3.5,3.0,4.5,3.67
14725,4.2,4.5,3.8,4.17
65089,2.5,2.0,3.0,2.5
30282,2.5,3.0,4.5,3.33
70132,3.2,3.5,3.8,3.5
24501,3.5,3.0,4.2,3.57
44410,3.5,3.0,4.0,3.5
16507,4.2,4.0,3.5,3.9
16793,3.2,3.5,2.8,3.17
57968,2.1,2.4,3.8,2.77
25495,2.5,3.0,3.5,3.0
45229,2.5,2.0,3.5,2.67
35650,4.2,3.8,4.5,4.17
22784,4.2,3.8,4.5,4.17
9329,3.5,3.0,4.0,3.5
44840,3.2,2.8,3.5,3.17
68884,1.2,1.5,4.8,2.5
26636,3.5,4.0,2.0,3.17
47691,3.5,3.0,4.2,3.57
66946,3.5,3.0,2.5,3.0
22079,4.0,3.5,1.0,2.83
46947,2.5,2.0,3.0,2.5
59527,2.5,3.0,3.5,3.0
4693,2.5,3.0,4.0,3.17
37597,2.5,2.0,4.0,2.83
59336,3.5,3.2,3.8,3.5
17093,2.1,2.4,3.8,2.77
60623,2.5,3.0,4.0,3.17
52165,3.2,3.5,3.8,3.5
48083,4.2,4.5,3.1,3.93
3394,2.1,2.5,3.8,2.8
5463,4.5,4.0,4.8,4.43
40438,3.2,3.5,3.8,3.5
56511,3.5,3.0,2.0,2.83
54058,3.2,3.5,3.0,3.23
38380,4.2,4.0,4.5,4.23
69449,4.5,4.0,1.5,3.33
21260,3.2,2.8,3.5,3.17
62308,2.5,3.0,3.5,3.0
22177,3.5,3.0,2.0,2.83
46406,3.5,3.0,2.0,2.83
36710,2.1,2.5,3.8,2.8
4346,3.5,2.8,4.2,3.5
32609,4.2,3.5,3.1,3.6
53497,3.5,3.0,4.2,3.57
2068,3.5,3.0,3.2,3.23
6830,3.5,3.0,4.0,3.5
4958,2.5,3.0,4.5,3.33
39447,4.2,4.0,3.5,3.9
8256,3.2,3.5,4.1,3.6
31033,3.2,2.5,4.1,3.27
46424,3.0,3.5,2.0,2.83
31758,2.0,2.5,1.0,1.83
65761,2.1,2.5,3.8,2.8
348,4.2,3.8,3.5,3.83
68473,2.5,2.0,3.5,2.67
60485,2.1,2.4,3.8,2.77
68397,3.5,3.0,4.0,3.5
38624,1.0,1.0,1.0,1.0
64547,3.5,3.0,4.5,3.67
58014,3.2,3.5,3.8,3.5
3167,3.5,3.0,4.5,3.67
50165,3.2,3.0,4.5,3.57
2613,3.5,3.0,2.0,2.83
4726,3.5,3.0,2.0,2.83
70675,4.0,3.5,4.5,4.0
2434,3.2,2.8,4.1,3.37
3500,3.5,3.0,4.2,3.57
6059,4.2,3.8,4.5,4.17
46433,3.5,3.0,4.5,3.67
59244,3.0,2.5,1.5,2.33
26972,3.5,3.0,4.0,3.5
34074,2.5,2.0,4.5,3.0
40047,2.5,2.0,4.5,3.0
39724,4.5,4.0,1.5,3.33
36442,4.5,4.0,2.0,3.5
10010,2.1,2.5,3.8,2.8
58041,2.1,2.5,3.8,2.8
12286,4.2,3.8,3.5,3.83
29067,3.5,3.0,4.0,3.5
49316,2.1,2.5,3.8,2.8
11075,2.1,2.4,3.8,2.77
44299,2.5,3.0,4.0,3.17
19021,4.2,4.5,3.8,4.17
30149,3.5,3.0,3.2,3.23
10423,3.0,3.5,1.0,2.5
30057,2.5,2.0,3.5,2.67
24888,2.1,1.8,3.5,2.47
24408,2.1,2.5,3.8,2.8
6646,3.5,3.0,4.0,3.5
31016,4.2,3.8,4.5,4.17
11427,3.5,4.0,4.5,4.0
60967,2.5,3.0,3.5,3.0
64264,3.5,3.0,2.5,3.0
55655,3.5,3.0,2.0,2.83
7243,3.2,3.5,4.1,3.6
70740,3.2,3.0,2.5,2.9
46645,3.0,2.5,1.0,2.17
43891,3.5,3.0,4.5,3.67
46816,3.5,3.0,2.5,3.0
7359,3.2,3.0,3.5,3.23
47785,3.2,3.5,2.8,3.17
20460,2.1,2.5,3.8,2.8
16320,3.2,3.0,2.5,2.9
7528,3.2,3.5,2.1,2.93
40550,3.5,3.2,2.8,3.17
33776,1.5,1.0,4.5,2.33
20546,2.5,3.0,3.5,3.0
7471,3.5,3.0,4.0,3.5
27754,4.2,4.5,2.1,3.6
34517,3.2,3.0,3.5,3.23
48470,3.5,3.0,2.0,2.83
69691,3.5,3.0,4.5,3.67
69810,3.2,3.5,3.8,3.5
897,2.5,3.0,4.0,3.17
63528,2.1,1.5,3.0,2.2
30055,4.2,3.8,2.1,3.37
1617,3.2,3.0,3.5,3.23
47718,4.2,3.8,4.5,4.17
36607,2.5,2.0,1.0,1.83
47629,3.5,3.0,3.2,3.23
24604,4.5,4.0,2.0,3.5
58548,3.5,3.0,4.5,3.67
15166,3.2,3.5,2.8,3.17
68665,3.5,3.0,4.5,3.67
31761,3.5,3.0,4.0,3.5
62335,3.5,3.2,3.8,3.5
41986,2.5,3.0,3.5,3.0
21677,3.2,3.5,3.8,3.5
4242,4.2,4.0,3.5,3.9
64520,3.5,3.0,3.2,3.23
55648,3.5,3.0,2.0,2.83
70906,4.5,4.0,1.5,3.33
48063,2.0,1.5,1.0,1.5
64101,2.5,2.0,3.5,2.67
70897,2.5,3.0,3.5,3.0
49285,3.2,3.0,4.5,3.57
52432,2.5,3.0,3.5,3.0
30060,4.2,4.5,2.1,3.6
12492,2.1,2.5,3.8,2.8
58336,2.5,3.0,4.5,3.33
71765,3.5,3.0,2.5,3.0
68857,4.2,3.8,4.5,4.17
35407,1.5,2.0,3.5,2.33
67271,2.5,2.0,4.0,2.83
61553,3.5,3.0,3.2,3.23
70166,4.2,4.0,2.5,3.57
60927,4.2,4.5,1.5,3.4
32420,3.8,3.5,4.2,3.83
70477,3.5,3.2,4.1,3.6
63947,3.5,3.0,3.2,3.23
38858,2.1,2.4,3.8,2.77
3768,2.1,2.4,3.8,2.77
18077,3.2,2.8,3.5,3.17
60898,4.2,3.8,4.5,4.17
25183,3.5,3.0,3.2,3.23
59436,4.2,3.5,1.5,3.07
53158,3.2,3.0,2.5,2.9
66058,3.5,3.0,4.5,3.67
49744,3.5,3.0,3.2,3.23
71418,3.5,3.2,4.1,3.6
51861,2.5,3.0,4.0,3.17
61370,3.2,2.8,3.5,3.17
5175,4.0,3.5,4.5,4.0
7129,2.1,2.4,3.8,2.77
13615,3.2,3.0,3.5,3.23
30336,4.2,3.8,4.5,4.17
44727,3.5,3.0,4.2,3.57
12752,3.5,3.0,4.0,3.5
9459,3.2,3.5,3.8,3.5
45777,3.5,3.0,4.5,3.67
47366,1.5,2.0,4.5,2.67
20044,2.1,2.5,4.2,2.93
319,3.2,3.0,4.5,3.57
43309,3.5,3.2,3.8,3.5
56206,2.5,3.0,2.0,2.5
24818,3.5,3.0,4.0,3.5
71389,1.5,2.0,4.0,2.5
13353,3.5,3.0,4.0,3.5
54579,2.1,1.5,4.2,2.6
58382,3.2,3.5,3.8,3.5
36167,4.2,3.8,4.5,4.17
39602,3.5,3.2,3.0,3.23
59767,1.5,2.0,4.5,2.67
49279,3.5,3.0,2.0,2.83
48004,3.5,3.0,4.5,3.67
43461,4.2,4.0,3.5,3.9
6867,3.5,3.0,3.2,3.23
2490,2.5,3.0,3.5,3.0
38713,3.5,3.0,4.0,3.5
29405,3.5,3.0,2.0,2.83
61934,2.1,2.5,3.8,2.8
36255,2.1,2.4,3.8,2.77
19944,2.1,2.5,3.2,2.6
18830,3.5,3.0,4.5,3.67
32529,4.5,4.0,4.8,4.43
1551,3.2,3.5,3.8,3.5
41568,3.5,3.0,3.2,3.23
47774,3.5,3.0,2.0,2.83
59289,3.2,2.5,4.1,3.27
13276,3.5,3.0,2.5,3.0
46292,4.2,3.5,2.1,3.27
36570,4.2,3.8,3.1,3.7
27602,2.1,2.4,3.8,2.77
15679,2.5,3.0,3.5,3.0
36528,1.5,1.2,4.5,2.4
71690,2.5,2.0,3.0,2.5
69952,2.1,2.5,3.8,2.8
61145,3.5,4.0,4.5,4.0
56212,2.1,2.4,3.8,2.77
18708,3.5,3.2,3.8,3.5
60348,3.2,3.0,4.5,3.57
19002,2.5,3.0,3.5,3.0
41882,3.5,3.0,4.0,3.5
47000,3.2,2.8,3.5,3.17
23315,3.5,3.0,4.0,3.5
70971,3.5,3.0,2.5,3.0
36316,3.2,3.0,3.5,3.23
53126,3.5,3.0,2.0,2.83
47768,3.2,3.5,4.1,3.6
23187,3.2,3.0,3.5,3.23
47125,2.1,2.5,3.8,2.8
50648,3.2,3.5,2.1,2.93
58663,3.2,3.5,3.8,3.5
4472,1.5,1.2,4.8,2.5
26475,3.5,3.0,4.5,3.67
26231,1.0,2.0,1.0,1.33
14805,3.5,3.2,3.8,3.5
27836,4.5,4.2,4.8,4.5
61331,3.2,2.8,4.1,3.37
38593,2.1,2.5,3.8,2.8
31668,4.2,3.8,3.5,3.83
55300,3.5,3.0,3.2,3.23
48050,2.5,3.0,4.5,3.33
16010,2.5,2.0,3.0,2.5
69214,3.2,3.5,3.8,3.5
54452,3.5,3.0,4.0,3.5
3750,3.5,3.0,4.0,3.5
38156,4.0,4.5,4.8,4.43
34397,3.5,3.2,3.0,3.23
70557,3.5,3.2,2.8,3.17
71120,1.5,2.0,4.5,2.67
31426,1.5,1.2,4.5,2.4
72032,2.5,2.0,3.5,2.67
49198,3.2,3.5,2.8,3.17
68965,3.2,3.5,3.0,3.23
11600,3.2,2.5,3.0,2.9
60855,3.2,3.5,3.8,3.5
3034,3.5,3.2,3.8,3.5
71009,3.5,3.0,4.0,3.5
3340,2.1,2.4,3.8,2.77
50661,2.5,2.0,3.0,2.5
71019,2.5,3.0,4.5,3.33
62987,3.5,3.0,4.0,3.5
7674,1.2,1.5,4.8,2.5
51143,2.5,2.0,3.5,2.67
1978,3.5,2.0,1.0,2.17
8745,3.2,3.5,3.8,3.5
12984,2.5,2.0,3.0,2.5
64011,4.2,3.8,4.5,4.17
25667,2.5,3.0,3.5,3.0
23409,2.5,2.0,3.0,2.5
55367,3.5,3.2,3.8,3.5
34924,3.2,2.1,1.5,2.27
67275,2.1,2.4,3.8,2.77
60081,4.2,3.8,4.5,4.17
58184,3.5,3.0,4.5,3.67
66274,4.5,4.0,4.8,4.43
15745,3.5,3.0,4.5,3.67
17544,3.5,3.0,2.0,2.83
58914,2.5,3.0,3.5,3.0
13640,3.5,3.0,4.0,3.5
26277,1.0,1.0,1.0,1.0
51011,1.5,2.0,4.0,2.5
19922,2.5,2.0,3.0,2.5
64956,3.5,2.0,4.0,3.17
64140,1.0,1.0,1.0,1.0
2928,3.5,3.0,4.5,3.67
1091,3.5,3.8,3.2,3.5
32988,4.2,3.8,4.5,4.17
55954,3.5,3.2,3.8,3.5
6751,3.2,3.5,2.8,3.17
17472,1.0,1.0,4.0,2.0
30366,2.5,3.0,3.5,3.0
9118,3.2,3.5,3.8,3.5
41260,3.2,3.0,4.5,3.57
11490,4.2,3.8,4.5,4.17
32260,2.1,2.5,3.8,2.8
24028,3.5,3.0,3.2,3.23
58940,3.5,3.0,4.5,3.67
45657,2.5,3.0,3.5,3.0
24208,2.1,2.5,3.8,2.8
23684,2.1,2.5,3.8,2.8
46189,2.5,3.0,4.0,3.17
44654,2.1,3.2,3.8,3.03
59602,3.2,3.0,3.5,3.23
6893,3.5,3.0,1.5,2.67
7397,3.5,3.0,3.2,3.23
42032,,,,
51135,3.5,3.2,3.8,3.5
9696,2.1,2.5,4.2,2.93
19445,2.5,3.0,4.0,3.17
56034,1.5,2.0,4.0,2.5
56268,4.2,3.8,4.5,4.17
54240,2.1,2.5,3.8,2.8
11200,4.2,3.8,1.5,3.17
35093,3.2,3.5,3.8,3.5
4852,3.5,3.0,4.0,3.5
53915,2.1,1.5,1.2,1.6
44877,3.0,2.5,4.0,3.17
12898,3.5,3.0,4.0,3.5
27100,4.2,3.8,4.5,4.17
21506,2.5,3.0,3.5,3.0
14004,3.5,3.0,4.0,3.5
29039,3.2,3.5,2.8,3.17
23479,2.5,3.0,3.5,3.0
62109,4.2,3.8,4.5,4.17
56130,2.5,3.0,4.0,3.17
50766,3.5,3.0,4.0,3.5
28190,4.2,3.8,3.5,3.83
13551,3.5,3.0,4.5,3.67
40850,3.2,3.5,3.8,3.5
53283,2.1,2.5,3.0,2.53
10562,3.2,3.0,3.5,3.23
14451,2.5,3.0,3.5,3.0
8131,3.5,3.0,4.0,3.5
53699,3.5,3.0,4.0,3.5
28192,4.2,4.5,3.8,4.17
53880,4.2,3.8,4.5,4.17
66230,2.1,2.5,4.2,2.93
53680,3.2,3.0,4.5,3.57
68640,3.2,3.5,3.8,3.5
17262,3.2,2.5,4.1,3.27
11262,3.5,3.0,4.0,3.5
29577,2.5,2.0,3.0,2.5
52955,3.5,3.0,2.0,2.83
35727,3.5,3.0,2.5,3.0
68661,2.1,2.4,4.2,2.9
35356,2.5,2.0,3.5,2.67
4372,4.2,4.5,1.5,3.4
68186,3.2,3.5,3.8,3.5
16658,4.2,3.8,3.5,3.83
9841,3.5,3.0,4.5,3.67
42157,3.5,3.0,3.2,3.23
49399,3.2,3.5,2.8,3.17
45223,3.5,3.0,3.2,3.23
68493,2.1,2.5,4.2,2.93
22593,3.5,3.0,4.0,3.5
23361,3.5,3.2,3.0,3.23
432,2.1,2.4,3.8,2.77
40394,3.2,3.5,2.8,3.17
47097,3.2,3.5,3.8,3.5
57135,3.5,3.2,3.8,3.5
11414,3.5,4.0,3.0,3.5
12668,3.5,3.0,2.5,3.0
67036,3.2,3.0,4.1,3.43
70963,2.5,2.0,3.0,2.5
30354,3.2,3.0,3.5,3.23
32363,3.2,2.5,3.8,3.17
42533,3.5,3.0,2.5,3.0
362,3.5,3.0,4.0,3.5
59232,2.1,2.4,3.8,2.77
2060,3.2,2.8,4.1,3.37
1120,3.2,3.5,4.1,3.6
33219,4.5,3.8,2.1,3.47
55277,2.5,2.0,3.0,2.5
33545,2.5,2.0,3.0,2.5
33756,4.2,3.5,4.8,4.17
5129,3.2,3.5,2.8,3.17
30188,3.5,3.0,4.5,3.67
25849,4.2,3.8,4.5,4.17
43240,3.5,3.0,4.0,3.5
28500,3.5,3.2,3.8,3.5
63579,2.1,2.4,3.8,2.77
14129,2.5,2.0,3.5,2.67
51331,3.5,3.0,2.5,3.0
27235,2.5,3.0,3.5,3.0
35792,4.5,3.8,1.2,3.17
63793,3.5,3.0,4.0,3.5
1195,3.2,3.5,4.1,3.6
4673,3.5,3.0,2.0,2.83
28798,3.2,3.5,2.8,3.17
69397,4.5,4.0,3.5,4.0
20240,2.1,2.5,3.2,2.6
32891,2.5,2.0,3.0,2.5
36164,2.5,2.0,4.0,2.83
53457,3.5,3.0,4.0,3.5
19178,2.1,2.5,4.2,2.93
72137,3.2,3.5,3.8,3.5
58274,4.2,3.5,4.8,4.17
3545,3.5,3.0,4.0,3.5
44490,3.2,3.5,3.8,3.5
54840,4.2,3.8,3.1,3.7
5043,3.5,3.0,2.5,3.0
51316,3.2,2.8,3.5,3.17
55456,3.5,3.0,2.5,3.0
25225,4.2,4.5,4.8,4.5
37728,3.5,3.0,2.0,2.83
26109,4.5,4.0,2.0,3.5
47861,2.5,2.0,3.5,2.67
20308,2.1,2.5,3.8,2.8
3834,3.2,3.5,3.8,3.5
30832,2.5,2.0,3.5,2.67
49957,2.1,2.5,3.8,2.8
32087,4.0,3.5,4.5,4.0
39831,3.2,2.8,3.5,3.17
45925,4.5,4.0,1.5,3.33
18803,3.5,2.8,3.1,3.13
23889,3.5,3.2,3.8,3.5
5314,3.2,3.5,2.8,3.17
19258,2.5,3.0,3.5,3.0
48386,3.5,3.0,2.5,3.0
45871,4.2,3.8,3.5,3.83
70925,2.1,2.5,3.8,2.8
62793,3.5,3.0,2.5,3.0
23596,4.2,3.8,3.5,3.83
19230,3.5,3.0,2.5,3.0
30619,3.5,3.0,4.0,3.5
55578,3.2,3.5,4.1,3.6
56666,2.1,2.5,3.8,2.8
44689,4.5,4.0,2.0,3.5
19032,3.2,2.8,3.5,3.17
66416,3.5,3.0,2.5,3.0
916,3.2,3.5,2.8,3.17
19730,2.5,2.0,3.0,2.5
53402,2.5,3.0,3.5,3.0
47360,3.5,3.0,4.5,3.67
20671,4.2,3.8,4.5,4.17
31187,3.5,3.0,2.5,3.0
1453,3.2,3.5,2.8,3.17
46880,3.5,3.0,4.5,3.67
4531,3.2,3.0,3.5,3.23
57595,3.5,3.0,4.0,3.5
17917,3.5,3.0,4.0,3.5
22454,3.5,3.2,4.1,3.6
31194,2.5,3.0,1.5,2.33
65414,2.1,2.4,3.8,2.77
19755,3.2,3.0,4.5,3.57
581,3.5,3.0,4.0,3.5
69644,4.5,4.0,4.8,4.43
60573,4.5,4.0,4.8,4.43
7427,2.5,2.0,3.0,2.5
37528,3.5,3.0,2.0,2.83
37350,3.5,3.0,2.0,2.83
3025,3.2,3.5,2.1,2.93
39446,2.5,2.0,3.0,2.5
59307,3.0,4.0,1.0,2.67
6425,3.5,3.0,4.5,3.67
52054,2.1,2.5,1.8,2.13
58831,2.1,2.4,3.8,2.77
28345,1.0,1.0,1.0,1.0
20255,3.5,3.0,2.5,3.0
61489,2.1,2.4,3.8,2.77
6914,3.5,3.8,4.2,3.83
17177,3.2,3.5,3.0,3.23
18790,2.1,2.4,3.8,2.77
22492,3.5,3.0,4.5,3.67
11721,2.5,2.0,4.0,2.83
60375,3.5,3.0,4.5,3.67
50400,3.5,3.0,2.0,2.83
50704,3.5,3.0,2.5,3.0
27874,4.0,3.0,5.0,4.0
49970,3.2,3.5,3.8,3.5
47502,3.5,3.0,4.0,3.5
50423,3.5,3.0,2.5,3.0
25489,3.5,3.0,2.5,3.0
68807,1.5,2.0,4.0,2.5
8318,2.1,2.4,4.2,2.9
6619,4.2,3.8,4.5,4.17
55507,3.2,2.5,1.8,2.5
11715,3.2,3.5,2.8,3.17
71073,4.2,3.8,3.5,3.83
15321,2.1,2.4,3.8,2.77
55554,3.5,3.0,4.0,3.5
69055,3.5,3.0,3.2,3.23
4162,4.5,4.0,4.8,4.43
71137,4.5,4.0,3.5,4.0
43304,3.5,3.0,4.0,3.5
65840,4.5,4.0,1.5,3.33
49906,3.5,3.0,2.0,2.83
41111,2.5,2.0,3.0,2.5
57106,3.5,3.8,4.5,3.93
52965,2.1,2.5,3.8,2.8
7433,3.2,2.5,2.1,2.6
22444,2.5,2.0,3.0,2.5
35810,3.5,3.0,2.5,3.0
42635,3.5,3.0,4.5,3.67
41433,3.5,3.0,4.5,3.67
19194,4.5,4.2,2.1,3.6
21047,2.1,2.5,3.2,2.6
23013,3.5,2.8,4.2,3.5
25157,2.5,2.0,3.0,2.5
70357,4.2,3.5,2.1,3.27
37175,3.5,3.8,3.2,3.5
66943,3.2,3.5,4.1,3.6
10990,3.5,3.0,3.2,3.23
281,3.5,3.2,3.8,3.5
37468,4.2,3.8,4.5,4.17
24931,2.5,3.0,2.0,2.5
59097,4.2,3.8,4.5,4.17
54428,4.2,3.8,4.5,4.17
23626,3.5,3.2,2.8,3.17
60084,2.5,2.0,3.5,2.67
23730,3.5,3.0,4.0,3.5
14423,2.5,2.0,3.5,2.67
21965,3.5,3.0,4.5,3.67
3920,3.5,3.0,2.5,3.0
50710,2.5,2.0,3.5,2.67
6629,3.5,3.0,2.5,3.0
55537,2.1,2.4,3.5,2.67
31774,3.2,3.5,2.8,3.17
40368,2.5,3.0,4.5,3.33
26507,3.5,3.0,4.0,3.5
38412,2.5,2.0,3.5,2.67
36940,1.0,1.0,1.0,1.0
7716,3.2,2.5,4.8,3.5
94,3.5,4.0,3.0,3.5
50136,3.2,2.8,4.5,3.5
66850,3.2,2.5,4.1,3.27
64436,4.2,3.8,4.5,4.17
8702,3.2,2.5,3.8,3.17
57642,3.2,3.5,4.1,3.6
30863,3.2,2.8,3.5,3.17
36245,4.2,3.8,4.5,4.17
50373,4.2,3.8,4.5,4.17
59105,3.2,3.5,4.1,3.6
47804,3.2,2.8,3.5,3.17
70729,4.2,3.8,4.5,4.17
45545,2.5,3.0,4.0,3.17
44781,3.5,3.0,3.2,3.23
52350,4.2,3.8,4.5,4.17
56605,4.5,3.0,2.0,3.17
61972,2.5,3.0,3.5,3.0
12593,2.5,2.0,3.0,2.5
44487,3.5,3.0,4.5,3.67
17351,2.5,3.0,3.5,3.0
39997,3.5,3.0,4.0,3.5
4033,2.1,2.4,3.8,2.77
64614,3.2,3.5,2.8,3.17
12831,2.5,2.0,4.0,2.83
26443,3.5,3.2,3.8,3.5
44363,2.5,2.0,3.0,2.5
45649,3.5,3.0,2.5,3.0
36333,3.5,3.2,3.8,3.5
58633,3.5,3.0,3.2,3.23
12638,3.5,3.0,1.5,2.67
46903,3.2,2.5,4.1,3.27
35807,3.5,3.0,2.5,3.0
4421,1.5,2.0,3.0,2.17
8068,3.0,3.5,2.0,2.83
9019,4.2,4.5,3.1,3.93
69174,3.0,2.5,4.0,3.17
22808,3.5,3.0,3.2,3.23
29494,3.2,3.5,2.1,2.93
39216,3.5,3.0,2.5,3.0
7217,3.5,3.0,4.0,3.5
30322,2.5,2.0,3.0,2.5
61135,4.5,4.0,4.8,4.43
64650,3.5,2.0,1.0,2.17
29162,3.5,3.0,3.2,3.23
4061,3.5,3.0,4.2,3.57
2124,3.5,4.0,4.5,4.0
38070,3.2,3.0,4.1,3.43
29695,3.2,3.0,3.5,3.23
50476,3.5,3.2,3.0,3.23
66377,3.1,3.4,3.8,3.43
55669,2.5,3.0,4.0,3.17
44260,3.2,3.5,3.8,3.5
8625,4.2,3.8,4.5,4.17
40753,4.2,3.8,3.5,3.83
68432,2.1,2.4,3.8,2.77
52757,3.5,3.0,3.2,3.23
40000,3.5,3.8,3.2,3.5
16074,2.1,2.5,3.0,2.53
57792,2.5,3.0,3.5,3.0
4320,3.5,3.0,2.5,3.0
17595,3.5,3.0,4.0,3.5
22139,4.5,3.0,1.5,3.0
61465,4.2,3.8,4.5,4.17
4868,3.0,4.0,1.0,2.67
56105,2.5,3.0,3.5,3.0
46188,2.1,2.4,3.8,2.77
19036,4.5,4.0,1.5,3.33
36179,3.5,3.0,4.0,3.5
71193,4.2,3.8,4.5,4.17
31670,2.1,2.4,3.8,2.77
39951,3.5,3.2,4.1,3.6
11643,3.5,3.0,4.0,3.5
22077,3.2,2.8,4.1,3.37
40134,3.2,3.5,3.8,3.5
48975,3.2,3.5,3.8,3.5
57146,4.2,3.8,4.5,4.17
23566,2.1,2.5,3.8,2.8
70227,3.5,3.0,4.0,3.5
16050,3.5,3.0,4.0,3.5
66866,3.5,3.0,4.2,3.57
6772,3.2,3.0,3.5,3.23
55802,3.5,2.8,4.5,3.6
52906,3.5,3.0,4.0,3.5
57069,3.2,3.0,3.5,3.23
62562,2.1,2.5,4.2,2.93
2106,2.1,2.5,3.8,2.8
57528,4.2,3.5,4.8,4.17
58486,2.5,2.0,3.0,2.5
18264,3.2,3.0,3.5,3.23
70138,4.2,3.8,4.5,4.17
17653,3.5,3.0,4.5,3.67
56730,4.0,3.5,1.0,2.83
39857,3.5,2.8,4.5,3.6
51873,2.1,2.4,3.8,2.77
34254,3.2,3.5,4.1,3.6
15692,2.5,2.0,3.5,2.67
6693,4.2,3.8,3.5,3.83
56793,2.5,3.0,3.5,3.0
35572,3.5,3.0,4.5,3.67
58086,4.0,4.5,4.8,4.43
62222,4.2,3.8,4.5,4.17
43915,3.2,3.5,4.1,3.6
50406,2.1,2.4,3.8,2.77
20782,3.5,3.0,4.5,3.67
35230,2.1,2.4,3.8,2.77
71548,3.2,3.5,4.1,3.6
35350,2.5,3.0,3.5,3.0
711,3.5,3.0,3.2,3.23
60762,2.5,3.0,4.0,3.17
21547,3.2,2.8,4.5,3.5
32471,3.5,3.0,3.2,3.23
47403,2.1,2.5,3.8,2.8
53646,3.2,2.8,3.5,3.17
20098,3.5,3.0,4.5,3.67
20936,2.1,2.4,3.8,2.77
19696,3.5,3.0,4.0,3.5
66060,3.5,3.0,4.2,3.57
72050,3.2,3.5,3.8,3.5
57108,3.5,3.0,4.5,3.67
13413,2.5,2.0,3.0,2.5
37891,3.5,3.0,4.2,3.57
3056,2.5,2.0,3.5,2.67
30653,3.5,3.0,2.5,3.0
7057,3.5,3.0,4.0,3.5
60785,4.5,4.0,4.8,4.43
39648,4.2,3.8,3.5,3.83
29344,3.5,3.0,3.2,3.23
51372,1.5,1.2,4.1,2.27
22209,2.5,2.0,4.0,2.83
17865,3.5,3.8,3.2,3.5
18792,4.2,3.8,4.5,4.17
23628,3.5,3.2,3.8,3.5
10210,3.2,2.8,3.5,3.17
51107,3.2,3.0,4.1,3.43
6057,3.5,3.0,4.0,3.5
26914,2.1,2.4,3.8,2.77
10814,3.5,3.2,2.8,3.17
40433,2.5,3.0,3.5,3.0
43015,2.5,3.0,3.5,3.0
43078,3.2,3.5,2.1,2.93
46006,4.2,3.8,4.5,4.17
63274,3.2,3.0,3.5,3.23
10362,3.2,2.8,3.5,3.17
50139,2.1,2.4,3.8,2.77
42760,2.1,2.5,3.8,2.8
25960,3.2,3.5,3.8,3.5
24566,3.5,3.0,3.2,3.23
8035,3.2,3.5,2.8,3.17
53643,3.2,3.5,3.8,3.5
41559,1.5,1.0,4.5,2.33
8801,3.2,3.0,3.5,3.23
37270,2.5,2.0,3.0,2.5
39379,3.5,3.0,4.0,3.5
15316,4.0,3.5,4.5,4.0
49670,3.5,3.0,4.5,3.67
49590,3.2,3.5,2.1,2.93
66549,1.2,1.5,4.8,2.5
2638,2.5,2.0,3.0,2.5
46244,2.1,2.5,3.8,2.8
28650,4.2,3.8,4.5,4.17
68447,3.5,3.0,2.5,3.0
9931,3.5,3.0,4.5,3.67
46893,4.2,3.8,4.5,4.17
6414,4.2,3.8,4.5,4.17
64492,3.8,3.5,3.2,3.5
69728,3.5,3.0,4.5,3.67
1324,3.5,3.0,2.5,3.0
22498,3.5,3.0,4.0,3.5
19960,3.5,3.0,4.5,3.67
13672,2.0,2.5,1.0,1.83
53188,2.1,2.4,3.8,2.77
33354,3.2,3.5,2.8,3.17
12436,3.2,3.5,2.8,3.17
19746,4.2,3.5,4.8,4.17
12144,3.2,3.5,2.8,3.17
54165,3.2,3.0,3.5,3.23
48178,3.5,3.0,3.2,3.23
65321,2.5,2.0,3.5,2.67
49806,2.5,2.0,1.0,1.83
9751,1.5,1.2,4.5,2.4
32214,3.5,3.0,4.0,3.5
15886,3.5,3.0,4.0,3.5
13248,3.5,3.8,4.2,3.83
17325,2.5,2.0,3.0,2.5
37704,3.1,3.4,3.8,3.43
2204,2.5,3.0,3.5,3.0
20881,2.5,2.0,4.0,2.83
54474,4.2,3.8,3.5,3.83
29061,3.2,3.5,3.8,3.5
50349,2.1,2.5,3.0,2.53
7236,3.2,2.8,4.1,3.37
55790,2.5,3.0,3.5,3.0
56333,3.5,4.0,4.5,4.0
49267,2.1,2.4,3.8,2.77
47825,2.5,3.0,3.5,3.0
61997,3.2,3.5,2.8,3.17
47201,3.2,3.5,3.8,3.5
67579,3.2,3.5,3.8,3.5
66923,3.5,3.0,2.0,2.83
59535,3.5,3.0,4.5,3.67
48250,4.5,4.0,4.8,4.43
34086,3.2,3.0,4.5,3.57
68472,3.5,3.0,2.5,3.0
16250,2.5,2.0,3.0,2.5
60779,3.2,2.8,4.1,3.37
29997,3.2,3.0,3.5,3.23
31605,2.5,3.0,3.5,3.0
34604,2.5,2.0,3.0,2.5
35247,4.2,3.8,4.5,4.17
64148,2.5,3.0,2.0,2.5
14514,3.5,3.0,4.5,3.67
60125,2.1,2.5,3.8,2.8
38396,2.5,3.0,3.5,3.0
65656,3.0,2.5,1.0,2.17
4645,3.5,3.0,2.5,3.0
14339,4.2,3.8,3.1,3.7
29598,2.5,3.0,1.5,2.33
41238,2.5,2.0,3.5,2.67
18980,3.2,3.5,2.8,3.17
18170,2.5,2.0,3.5,2.67
56006,2.5,3.0,4.0,3.17
2840,4.2,4.0,3.5,3.9
32080,3.5,3.0,4.2,3.57
44892,3.5,3.0,2.5,3.0
37511,3.5,3.0,4.0,3.5
44743,4.5,4.0,1.5,3.33
24078,3.5,3.0,4.0,3.5
56087,3.5,3.0,2.5,3.0
24030,2.5,2.0,3.0,2.5
50405,2.5,2.0,3.5,2.67
13887,2.5,3.0,4.2,3.23
17350,3.2,3.5,2.8,3.17
47770,3.5,3.0,4.5,3.67
9941,3.2,3.0,2.5,2.9
51530,2.5,2.0,3.5,2.67
45004,3.2,3.0,4.5,3.57
15883,3.5,3.0,4.0,3.5
42088,2.5,2.0,3.5,2.67
57898,3.5,3.0,4.5,3.67
55588,3.2,3.5,2.8,3.17
4991,3.2,2.8,4.1,3.37
62049,3.2,3.5,3.8,3.5
56765,3.5,3.0,4.2,3.57
29250,3.5,2.0,4.0,3.17
3838,2.5,2.0,3.5,2.67
50201,3.5,3.0,2.5,3.0
31115,2.5,2.0,3.0,2.5
27387,2.1,2.5,3.8,2.8
68157,4.2,4.5,1.5,3.4
48,2.1,2.4,3.8,2.77
7181,2.5,2.0,3.5,2.67
33660,3.5,3.0,2.5,3.0
18668,2.1,2.5,3.8,2.8
50545,3.5,3.0,4.5,3.67
47229,3.2,3.0,2.5,2.9
42940,4.0,3.5,5.0,4.17
44425,3.0,2.5,1.0,2.17
58226,3.2,2.5,4.1,3.27
51729,2.5,3.0,3.5,3.0
68700,3.5,3.0,3.2,3.23
42700,2.5,3.0,3.5,3.0
63312,2.5,2.0,1.5,2.0
22147,3.5,4.0,4.5,4.0
50236,3.5,3.0,4.2,3.57
25604,3.2,3.5,2.8,3.17
56884,4.5,4.0,4.8,4.43
29448,2.1,2.4,3.8,2.77
23030,4.2,3.8,4.5,4.17
10095,3.2,3.5,3.8,3.5
17906,3.2,3.5,2.8,3.17
11587,3.2,3.5,3.8,3.5
40846,3.2,3.5,3.0,3.23
51312,3.5,3.2,3.8,3.5
62578,4.2,4.5,2.1,3.6
17889,3.5,3.0,4.0,3.5
58776,2.5,2.0,3.5,2.67
23922,3.5,3.2,4.1,3.6
62759,3.2,3.5,4.1,3.6
50607,3.5,3.0,2.5,3.0
37564,3.2,2.8,3.5,3.17
66210,2.1,2.5,3.8,2.8
13029,2.5,2.0,3.5,2.67
32378,2.1,2.5,3.8,2.8
33396,1.5,1.0,4.5,2.33
47080,3.5,3.0,4.5,3.67
63184,2.5,3.0,3.5,3.0
52094,2.1,2.5,3.8,2.8
24235,2.1,2.5,3.2,2.6
10755,3.5,3.0,4.5,3.67
52304,3.5,3.0,2.5,3.0
23518,3.5,3.0,4.2,3.57
55672,3.2,2.5,4.1,3.27
28892,3.5,3.0,4.0,3.5
2704,2.1,2.4,3.8,2.77
62170,2.1,2.5,3.8,2.8
14531,3.5,4.0,4.5,4.0
30541,2.5,3.0,3.5,3.0
30054,4.5,4.0,4.8,4.43
43591,3.5,3.0,4.5,3.67
72129,4.5,4.0,1.5,3.33
317,3.2,3.5,3.0,3.23
60675,3.2,3.5,2.1,2.93
10385,3.5,3.0,4.0,3.5
68612,1.0,1.0,1.0,1.0
55410,3.5,3.8,4.2,3.83
32347,3.5,2.8,4.2,3.5
68434,3.5,3.0,2.5,3.0
36362,4.2,3.8,4.5,4.17
66745,3.5,2.8,4.5,3.6
4762,3.5,3.0,2.0,2.83
66423,2.5,2.0,3.0,2.5
11929,3.5,3.0,4.0,3.5
64930,3.5,3.0,4.0,3.5
8225,2.5,3.0,3.5,3.0
749,3.5,3.0,2.5,3.0
32164,1.5,1.2,4.5,2.4
6504,2.1,1.5,1.2,1.6
