screen_id,category,total_elements,clickable_elements
52214,other,30,4
17476,other,33,7
1165,other,9,1
59041,news,58,4
2844,other,46,13
26390,social,12,2
24971,other,32,2
19321,other,20,5
58713,social,7,1
16870,other,32,12
54764,other,28,11
58988,other,37,10
68868,news,54,8
46124,other,15,2
15815,games,28,10
48987,other,23,3
38037,utility,213,10
12105,other,37,3
1197,utility,58,3
16286,other,42,7
24676,other,33,10
2560,other,21,1
43510,other,19,5
4972,games,32,4
11742,other,84,10
47138,other,32,7
2336,other,32,6
57382,other,50,9
52984,social,19,2
56432,other,28,2
46098,other,60,13
37888,social,20,1
24791,other,45,6
39834,other,14,2
48913,other,104,19
28655,other,20,3
63417,other,34,7
67317,other,7,2
10418,news,57,3
60148,other,49,13
63171,social,7,1
20767,other,18,3
56231,other,47,11
3808,other,49,6
32799,social,82,13
28634,other,15,1
20505,other,20,3
24466,other,22,3
8102,other,97,20
60444,food,55,16
32555,other,64,6
16853,other,45,10
16226,other,18,5
35308,travel,45,12
16480,health,18,2
3400,finance,64,10
65930,other,22,2
33029,other,51,10
49832,other,50,5
27726,other,19,3
63252,other,24,6
12896,other,41,11
58264,games,17,1
40482,other,11,1
4555,other,67,12
18361,other,12,2
911,food,7,2
7079,other,27,5
35220,other,20,4
15280,other,45,9
46547,utility,123,17
29617,travel,71,12
64763,other,36,8
51510,utility,125,14
50826,health,43,8
68408,other,27,2
66845,other,23,7
34176,other,41,8
48130,other,44,7
22954,other,24,5
56632,news,46,10
14665,other,64,15
13049,other,93,18
53758,other,8,3
25264,other,43,3
6107,other,115,18
29381,other,76,10
9905,other,20,3
15340,other,38,10
66436,other,92,29
25609,other,20,5
67140,news,23,8
16753,other,29,1
3532,games,27,5
28641,other,68,3
40118,other,58,15
51983,other,22,5
65057,utility,45,2
34368,other,67,10
20968,other,33,7
34706,other,35,1
3375,other,49,5
24058,other,17,1
54358,other,5,1
27880,other,21,1
56461,other,78,2
71744,health,87,2
55214,social,20,3
52874,other,26,3
14790,other,18,2
50219,other,54,5
5194,other,108,15
21568,other,29,11
45392,other,117,10
58223,other,10,2
26385,health,83,9
21012,other,53,9
40664,other,25,6
3528,other,55,12
28107,other,39,12
70985,other,23,9
52267,other,88,18
55555,other,23,1
46858,social,7,1
24742,food,162,17
55294,other,19,5
31727,other,43,7
65628,other,144,12
60766,other,38,8
61284,other,33,6
13729,other,25,3
25333,travel,11,1
64256,other,10,2
12124,other,55,15
63120,travel,65,4
31053,other,50,20
36688,other,35,3
27926,travel,15,1
14426,other,16,2
24148,other,35,8
70167,utility,30,2
7224,news,14,2
47510,utility,105,9
67764,other,10,1
5750,other,119,5
30999,other,33,5
24252,other,37,3
53347,other,18,5
43113,other,60,25
36338,other,76,1
6836,other,28,2
7027,finance,31,5
52498,other,11,1
40447,other,55,2
19589,other,15,3
27748,other,39,10
19327,other,15,2
26498,other,41,9
59269,other,18,3
47149,other,90,24
4572,utility,14,3
27614,other,57,9
59392,social,25,6
48628,games,34,7
38465,other,71,15
69226,other,27,6
48551,other,76,22
36583,other,89,15
34197,productivity,47,9
24725,other,28,7
19243,utility,35,5
43780,other,13,2
42764,other,26,5
16102,other,22,2
59946,other,72,9
13128,other,8,3
66790,other,20,2
17370,other,61,22
20314,other,92,22
51437,other,47,1
20787,other,44,10
62285,other,33,1
54995,other,24,1
38051,other,19,2
49356,other,12,1
14255,other,118,13
35616,other,66,20
35410,other,11,2
49325,other,23,3
41043,other,46,10
45014,other,68,18
26807,shopping,9,3
8987,other,60,10
4662,other,113,19
66769,other,56,12
72188,other,17,1
10766,news,29,4
5498,other,14,4
57676,other,20,5
17680,social,14,3
55067,other,95,12
68368,other,52,19
45595,other,57,7
59643,social,7,1
27871,other,20,4
60783,other,48,8
52325,other,27,6
32794,shopping,17,2
17494,other,24,4
29637,news,112,14
38915,news,23,4
20679,other,23,2
40137,other,17,3
10194,other,48,7
7890,other,31,3
5776,health,89,14
67727,other,19,3
57608,other,35,4
27653,other,9,1
9035,other,67,9
43196,other,13,1
60343,other,40,7
22064,news,8,1
43656,other,10,1
70129,utility,20,1
17152,social,57,4
67394,utility,43,2
51293,other,67,8
29946,other,24,1
65557,other,37,13
52187,other,32,9
43655,other,8,1
50209,other,8,3
23363,other,31,10
9801,other,24,5
3493,news,66,14
60380,other,41,9
20894,other,37,10
45743,social,6,1
7871,other,111,5
6146,other,25,7
70798,other,29,6
45126,other,37,7
70543,games,47,12
10033,utility,148,6
49515,travel,49,6
31714,other,4,1
42440,other,82,18
11286,other,34,3
17513,other,85,23
71230,utility,86,5
34257,other,37,3
67979,other,70,12
64908,other,18,5
63230,health,28,3
30520,other,88,14
26053,other,25,3
13871,news,34,7
26139,other,52,1
67905,games,49,15
47521,other,22,2
7477,other,23,3
15278,other,21,3
15712,games,6,2
58401,other,35,9
42245,games,41,11
63879,other,24,4
14613,other,43,9
9418,other,54,1
60257,utility,13,1
45295,other,85,15
60597,other,24,4
18417,other,62,10
18579,other,64,1
5366,games,21,1
41533,other,40,7
7470,other,29,7
46393,social,27,7
2114,games,54,1
27758,other,19,3
44929,other,23,10
67512,other,50,9
5003,other,38,4
38113,other,86,28
8539,games,28,6
24203,other,31,2
7122,other,23,8
45739,other,14,2
59915,other,60,15
58276,other,31,6
55664,other,73,8
23515,news,51,10
57165,shopping,43,8
30793,other,94,26
36558,other,114,12
54449,other,82,18
9972,games,51,12
34900,other,21,1
3913,news,75,17
69333,other,88,3
44296,other,59,2
39988,other,8,3
18105,other,29,6
26586,other,21,4
25060,other,19,6
14287,utility,64,13
32645,other,48,2
11384,other,21,4
48854,other,37,9
46660,other,324,73
25402,other,29,6
48862,other,13,2
24779,utility,21,2
10485,other,40,8
14764,other,8,3
56828,other,20,3
51682,other,53,20
13927,other,38,8
25326,other,11,1
145,other,28,5
69686,finance,35,6
12070,other,66,28
667,other,12,2
32158,other,118,9
14754,other,20,6
44089,other,13,2
25968,other,128,26
28678,social,5,1
54284,other,21,7
4221,other,6,1
2436,utility,9,3
45735,shopping,69,16
18838,travel,42,11
57836,social,50,3
71673,other,24,8
68220,other,4,1
47750,news,91,10
48062,other,19,3
41356,utility,42,7
26274,other,40,6
61826,other,17,4
41374,other,42,7
63277,games,63,9
37076,other,37,8
22840,other,42,8
16322,other,42,11
16497,other,43,7
53612,other,55,30
38652,other,29,6
33689,other,36,5
38158,other,13,5
37340,other,33,7
40981,food,67,22
66980,travel,81,8
5822,other,147,13
13618,other,40,24
54561,utility,38,5
53198,other,35,15
52762,food,55,12
16585,productivity,97,53
14043,utility,28,5
36777,other,30,2
58168,utility,272,11
32736,social,7,1
62838,other,18,1
66843,other,36,5
17349,utility,31,3
2663,other,21,3
22912,other,38,6
22829,other,44,9
45553,other,25,4
39792,other,42,10
1936,other,109,16
38034,utility,103,13
22412,games,75,12
28682,other,38,1
40687,other,42,13
267,other,76,10
67642,other,16,1
70847,games,37,7
1505,other,26,14
39454,other,24,6
63315,other,19,5
66807,other,91,12
66476,other,23,7
46441,other,19,4
16555,other,19,5
13358,other,18,3
5312,games,31,4
45822,other,47,3
65189,other,61,13
10976,other,21,2
8859,other,11,2
1626,other,64,15
71042,other,21,3
59810,other,33,7
66006,other,87,23
2586,travel,42,2
2123,other,57,11
37037,travel,8,3
42224,games,59,13
41911,other,125,48
2433,other,22,5
6703,other,19,5
36680,other,78,47
69503,other,22,3
13912,other,28,10
2111,other,29,6
35249,travel,29,5
1013,travel,73,13
36007,other,37,8
27767,other,62,17
7106,social,6,1
61791,other,43,5
61859,other,62,11
40218,other,62,12
29123,utility,8,2
38106,other,27,1
56134,games,60,17
8109,other,29,7
58313,games,71,27
61746,other,9,3
46782,other,19,1
53795,games,17,4
5753,other,34,6
42286,finance,34,9
20465,utility,111,16
22810,other,57,14
29831,other,19,5
24620,other,20,5
883,other,29,6
13903,other,24,6
48264,other,21,4
58669,other,18,1
45923,other,27,6
14063,utility,53,13
59454,other,13,1
30913,other,17,3
13825,other,19,1
1333,other,25,6
48594,other,21,4
41630,other,78,8
43337,other,26,2
70607,other,14,2
66271,games,12,1
45197,other,28,1
20625,other,24,9
13808,other,14,2
8324,utility,57,12
43667,other,65,12
15360,other,21,6
66186,other,37,8
22557,other,39,10
14572,other,41,17
49273,other,62,11
14539,other,20,6
54672,other,51,2
66853,other,22,10
25781,other,40,10
36856,other,84,12
18026,other,15,2
72138,other,55,18
6874,other,23,3
47668,other,42,1
26473,other,47,8
48248,other,68,6
49238,other,34,8
12667,other,40,9
50884,other,61,23
15475,other,17,5
3787,other,109,17
53486,other,75,19
48562,news,10,2
47384,health,78,14
44625,utility,94,6
31107,social,33,2
71607,other,54,7
27492,other,45,3
23711,other,58,15
54328,shopping,85,16
57393,other,24,4
30950,finance,55,14
26008,other,131,13
27791,other,8,2
36347,social,7,1
18748,other,13,4
9690,other,88,25
5272,other,33,8
30037,other,62,14
40349,other,44,7
31096,shopping,19,3
71226,utility,94,11
59706,other,20,4
71688,utility,61,14
14861,other,12,2
1062,social,7,1
40412,other,57,13
51020,other,48,2
47250,other,33,6
16683,news,72,15
14905,social,7,1
45634,other,16,3
24294,other,30,2
43542,other,13,2
9582,finance,57,11
18846,games,14,3
71494,other,104,16
33353,other,139,5
68106,other,21,3
14589,other,44,1
6801,other,22,5
26353,games,90,15
34667,other,96,22
29107,other,19,7
20644,other,46,16
39135,other,76,10
65034,other,45,8
4599,other,16,5
56571,other,57,17
30199,other,22,3
50383,other,21,5
63250,other,26,7
53235,other,62,16
45003,other,18,5
1053,other,54,10
54217,social,7,1
63944,social,6,1
46709,other,68,11
3000,other,93,17
71396,other,61,9
53905,other,18,2
16958,other,22,3
71911,other,27,5
67942,other,20,6
18965,other,88,22
27723,health,28,8
17733,shopping,35,3
68691,food,18,5
17198,other,28,4
59102,other,10,1
9785,other,87,25
20503,other,19,4
28259,other,10,1
2890,other,33,9
49913,other,25,5
24127,games,33,8
57482,other,47,17
3296,other,13,2
23671,utility,27,8
55514,other,19,5
51885,other,12,1
66283,other,54,16
27691,travel,29,9
43514,news,134,36
42435,other,87,13
2679,utility,16,3
69681,utility,75,16
69852,other,16,2
65839,other,32,7
13372,other,54,14
16195,social,7,1
51888,other,42,9
964,other,18,1
64760,other,11,3
28550,other,6,1
12936,other,61,16
10211,other,47,7
32362,other,38,4
60941,other,114,17
18744,other,11,2
5207,games,44,3
27565,news,10,1
20896,travel,15,3
59022,other,75,18
39377,other,63,7
46524,other,45,7
56698,other,40,7
3842,other,37,7
47109,other,77,19
10647,other,52,8
9732,travel,57,10
15037,shopping,84,10
7358,other,17,2
68264,shopping,11,4
55736,social,10,2
69597,other,46,12
20009,other,27,5
46137,other,34,10
12390,travel,21,4
65098,other,18,3
34645,food,49,14
48491,other,51,11
46576,other,87,10
19949,other,33,8
38577,other,65,15
18522,productivity,41,3
12798,games,22,2
30573,other,77,13
34357,other,102,25
69296,other,33,7
71481,other,62,12
6254,other,27,6
9053,shopping,63,13
66764,other,21,7
12676,other,36,5
69292,utility,40,3
33930,other,22,2
24092,other,52,10
55114,other,30,12
26683,social,32,9
54161,other,18,5
16888,utility,69,11
3365,other,113,13
61552,other,34,2
47035,other,21,3
68325,other,118,24
67658,other,19,5
37035,other,16,1
9152,social,62,17
5099,other,5,1
59545,other,95,15
20447,social,7,1
71005,other,30,2
71278,other,21,11
25881,other,13,1
67027,other,39,5
20959,other,18,3
9309,other,16,4
62780,other,30,7
6351,utility,23,13
21964,health,9,1
68145,food,62,8
37416,news,35,7
11636,other,79,6
22114,other,9,1
58719,other,100,21
70926,other,8,2
3228,social,20,2
61688,shopping,85,13
71334,other,115,27
37382,other,55,11
62952,other,32,8
54340,other,4,1
66994,travel,98,16
58615,social,20,4
63509,other,24,1
26600,other,33,8
27870,other,19,4
2074,other,18,1
6200,other,93,8
56429,other,35,7
17277,other,18,5
35475,news,17,1
67497,utility,31,3
12605,social,7,1
66631,other,37,5
41230,other,22,9
24924,social,5,1
23402,finance,34,2
63912,other,24,3
70540,other,13,2
40547,other,17,4
33397,other,15,1
30370,social,23,6
64169,other,68,11
62493,other,19,5
67443,social,20,4
25240,games,9,2
24954,other,49,5
11568,other,184,37
53676,other,36,6
23005,other,24,11
36524,games,98,16
31987,other,27,5
28686,other,41,7
67010,games,22,4
14634,other,28,5
8710,other,50,10
61108,other,36,5
28729,games,43,2
33487,utility,42,8
52356,other,36,12
43773,other,43,13
3660,other,75,21
54932,other,36,9
65680,shopping,34,10
45549,other,18,1
32217,other,55,10
71931,health,32,14
11833,other,55,12
17728,travel,46,15
67820,other,22,5
8941,other,86,10
2752,finance,26,3
22059,news,47,10
48359,other,8,3
8430,other,70,16
27782,utility,55,12
12579,other,45,3
17296,other,34,7
49366,utility,23,1
38903,other,8,3
33151,utility,52,6
58187,utility,24,6
61943,games,18,2
30920,other,26,2
39020,other,18,1
50007,other,26,5
43900,other,83,19
17749,other,52,9
35642,other,33,9
69326,other,76,13
48085,other,46,10
22821,other,71,7
27058,other,73,10
12953,other,40,7
56896,other,91,15
390,productivity,106,63
10100,utility,79,10
44438,other,25,10
70996,other,91,27
63214,other,6,1
45685,other,22,3
55476,other,19,8
57594,other,35,12
72014,other,11,1
59065,other,82,11
58748,utility,44,4
54386,productivity,38,9
2325,news,50,19
34331,other,94,22
38667,other,64,9
1469,other,12,2
7592,other,46,7
53963,other,34,9
70690,other,23,6
32144,other,41,3
51142,other,56,5
30934,travel,5,1
9460,shopping,48,10
65961,other,45,2
1835,other,17,2
57615,utility,48,10
69360,other,19,5
30056,other,44,2
43617,other,22,3
30636,other,99,20
54158,other,95,20
3716,other,68,11
31860,social,32,5
36762,other,14,2
56171,other,86,24
2977,other,28,6
46698,other,39,6
18512,productivity,47,4
22927,utility,20,1
37944,other,10,1
54037,utility,155,28
7202,other,49,9
35261,other,13,2
5480,other,79,4
59463,other,26,5
69525,other,35,8
21755,other,62,23
5062,other,29,6
47630,news,21,6
30096,other,38,8
37016,news,67,16
4628,utility,37,6
65033,other,22,3
10023,utility,61,14
30280,games,25,2
29233,other,18,1
24099,other,128,9
38583,other,21,5
61898,other,43,7
48318,other,123,26
50034,other,93,21
5328,news,94,2
31557,other,36,5
40852,other,52,11
39373,other,34,9
39396,other,15,1
54698,games,54,13
24327,other,94,15
43886,productivity,16,3
41391,other,74,8
62390,other,47,12
69429,other,8,3
8267,travel,60,11
62534,other,61,36
58682,other,106,17
21465,other,25,9
53604,other,46,12
15662,other,27,10
29024,other,65,11
44167,other,60,36
53937,other,90,19
51794,other,18,3
50876,other,34,5
32470,utility,51,15
16267,utility,29,10
6403,other,56,25
7782,other,28,6
59659,utility,34,2
2576,other,77,13
54527,travel,44,3
30715,other,79,12
25058,other,21,6
63218,other,25,3
23377,other,16,4
19900,other,19,4
11613,other,32,21
13071,other,8,2
26388,other,17,3
41509,news,117,15
5036,other,18,5
66075,other,21,4
60777,other,74,21
14878,games,27,7
40242,other,41,10
37552,other,21,2
68450,food,49,2
51579,other,14,2
48030,finance,40,8
23088,food,37,3
57526,other,46,6
56120,games,61,18
35566,other,31,2
42818,other,83,14
36599,other,57,13
26335,other,206,24
19916,other,19,5
53393,other,12,2
55522,other,31,5
10350,other,152,17
68897,other,17,3
59649,utility,37,10
66746,games,22,2
60877,other,94,10
68409,other,28,1
17164,shopping,59,10
61440,other,15,5
38250,other,61,9
24696,other,33,7
21883,other,23,7
63066,other,21,4
8148,other,30,3
56093,other,39,12
44318,travel,35,5
40816,other,18,6
13334,other,52,16
46885,food,19,3
26662,other,51,2
70480,other,23,4
65980,other,134,17
18129,other,51,14
40303,food,89,17
18906,finance,16,2
62894,travel,16,1
4083,other,12,1
5420,games,78,7
45198,social,6,1
46979,other,26,4
49299,shopping,8,3
31175,other,74,14
7662,utility,66,19
59914,other,83,25
68823,other,82,9
3942,other,46,6
50441,social,63,16
63801,other,57,3
57585,other,30,7
68859,other,48,8
43465,other,18,2
38359,utility,20,2
64839,other,18,5
69771,productivity,142,7
46276,other,15,2
39628,utility,13,2
69190,other,80,27
20737,utility,52,9
59181,other,44,8
66815,other,45,9
41482,travel,10,3
39902,other,24,6
27359,other,12,2
5970,finance,36,13
26546,other,23,2
65445,other,55,8
52103,other,11,5
286,other,21,3
60596,other,34,1
61386,other,19,3
44524,other,32,11
42153,travel,70,2
51393,other,11,2
26041,other,231,36
28411,finance,6,1
39235,other,60,4
15183,utility,94,4
57200,other,65,10
29151,other,9,1
2573,other,82,15
28216,other,30,5
3251,other,18,3
31355,other,16,2
68921,other,114,18
45797,other,44,12
15389,other,46,11
19246,utility,36,11
20141,other,30,2
25511,other,111,14
35508,social,28,11
55963,other,38,11
20312,other,101,18
56741,other,34,10
24342,other,22,2
14299,finance,20,1
37578,other,21,4
3711,other,11,3
32200,other,43,1
45949,other,79,12
40915,finance,40,9
37635,other,33,10
14144,other,22,3
23894,other,14,2
64985,other,58,21
37926,other,17,1
35951,other,31,6
69650,finance,15,3
60862,games,7,2
48589,other,25,4
7423,shopping,16,3
56069,other,56,10
1129,other,25,3
66520,other,46,9
68094,other,45,5
60583,other,8,3
48031,finance,30,6
35335,games,101,4
41642,food,91,10
10371,food,42,12
72210,other,27,2
33536,other,23,6
29956,other,75,12
59805,utility,63,14
35983,other,29,6
66315,other,49,15
68836,other,26,6
7868,other,82,26
65169,games,63,10
37857,other,51,10
45670,other,92,8
59427,other,93,17
5857,other,15,2
46171,other,94,15
6278,finance,29,8
49804,other,23,6
69225,other,31,6
24799,other,7,1
42417,other,14,3
24731,other,39,10
28294,other,42,6
38986,productivity,26,3
42225,games,99,13
11923,other,7,2
35906,other,92,14
32526,health,16,3
54278,utility,31,3
5491,social,7,1
62667,other,50,9
369,travel,34,8
57903,other,35,9
21135,other,6,1
65489,other,112,47
41002,other,97,21
70617,other,18,2
18533,other,92,24
51088,other,14,1
45391,other,16,1
1177,other,25,2
69778,other,29,4
36237,other,123,20
49074,utility,37,7
47332,other,140,26
53881,shopping,69,4
11803,other,25,4
15596,games,13,2
5249,other,18,9
38503,social,5,1
19067,other,33,16
67162,other,68,12
40630,other,20,4
22283,other,20,1
13338,other,19,5
27429,other,23,3
35257,travel,25,2
3193,other,26,7
24196,other,17,3
4020,other,30,13
3190,utility,35,10
32608,finance,18,2
60299,social,8,1
68034,other,21,3
35260,other,45,10
28659,utility,21,3
59714,other,7,2
7733,utility,33,3
64922,other,34,5
38011,other,32,2
26861,other,42,1
65117,health,89,18
1547,other,102,9
41208,news,78,22
11280,other,52,18
59517,other,35,21
45746,other,12,4
13465,other,22,2
7778,other,33,7
33414,other,30,6
25032,travel,37,7
53,other,59,2
14578,other,38,5
61619,health,72,18
8107,other,14,1
53098,other,8,3
12698,other,8,4
59850,utility,50,10
12048,other,45,2
7637,other,32,5
26548,other,86,21
23390,utility,69,18
65396,utility,67,17
11343,games,47,13
51030,other,21,2
20281,other,25,9
2600,other,49,10
18445,games,9,1
41415,other,32,5
54311,other,39,5
17670,other,30,5
47308,other,57,2
7526,other,53,9
24636,other,94,30
40855,other,37,10
56310,social,39,7
27149,other,18,5
60666,other,18,1
34624,other,24,5
21318,other,19,2
49988,other,51,7
50070,food,149,21
8501,other,22,6
59451,other,8,1
57527,other,45,13
1768,other,18,3
61398,other,32,10
6409,social,7,1
21046,other,82,14
8560,social,20,4
30753,other,19,2
9347,other,23,6
48233,other,33,7
11691,health,37,11
71218,other,87,20
30807,other,29,5
48038,news,28,4
54801,other,46,11
69844,other,74,21
8164,food,63,17
35015,other,46,9
36416,other,52,13
72130,other,17,2
57317,other,40,12
23328,other,75,2
15093,other,18,7
49086,utility,22,1
55711,other,11,5
9126,other,17,4
51424,other,23,2
26265,other,45,9
16835,other,8,1
56170,other,20,6
6103,other,75,11
30132,other,12,2
66121,other,29,7
55273,news,80,12
49609,other,93,7
63152,utility,139,9
18109,other,25,7
62546,other,49,15
47430,productivity,85,21
61701,travel,79,19
12746,other,70,17
33244,other,18,6
45297,other,6,1
38462,other,20,3
53773,other,14,1
3473,other,39,10
14599,other,20,8
43547,other,45,7
52844,news,36,8
32856,news,103,27
10841,other,21,5
66063,other,53,14
37920,social,7,1
64298,other,72,11
42549,other,31,2
17095,other,25,5
38810,games,42,7
8325,utility,155,11
34208,other,48,3
51977,other,19,5
68832,other,38,10
6472,games,45,8
40502,other,9,1
56795,other,22,1
20324,other,38,6
38965,other,31,6
219,other,27,1
5852,other,22,2
44553,social,7,1
8607,other,95,14
53019,social,7,1
28115,other,32,9
50643,other,18,5
63333,other,85,13
70621,other,63,18
45668,other,26,3
61197,other,46,9
42068,other,27,9
40845,other,49,13
3897,other,60,18
64522,other,37,6
5835,other,16,2
49108,other,68,14
27981,other,73,6
31560,other,80,19
66208,other,16,1
26426,other,35,2
64848,other,23,7
71601,other,56,11
15799,other,28,6
28706,other,47,12
68158,food,35,6
39946,utility,91,16
26328,other,8,3
5961,other,42,9
40835,other,26,4
47679,other,12,3
50302,finance,20,2
54236,other,18,8
3525,other,16,3
32543,other,65,14
11903,games,26,4
42813,other,86,10
66162,other,29,9
31783,social,41,3
22290,other,20,4
42368,other,45,24
24222,shopping,33,4
3372,other,63,8
62647,other,46,9
27284,other,62,12
32803,social,68,17
28765,utility,13,2
68074,other,80,8
49340,other,58,12
56423,news,43,9
68061,other,60,12
28526,finance,26,3
46784,other,14,1
10679,shopping,21,6
4424,other,9,1
7544,other,63,3
22881,other,43,6
1571,other,32,4
2617,social,7,1
57634,other,19,2
37038,travel,40,10
42438,other,78,13
46745,other,8,3
60109,other,48,1
26106,other,17,2
55710,other,52,6
41582,food,25,8
52745,other,11,4
57095,other,98,5
42590,health,143,38
39765,other,11,1
62337,other,59,11
11133,other,63,13
16246,other,34,10
29684,other,51,14
2487,other,14,3
36911,other,15,1
55806,other,18,5
26293,other,38,2
30432,social,49,8
53944,other,130,22
48425,other,28,4
34633,other,30,10
41396,other,22,5
46634,other,45,12
4516,other,41,7
33016,other,21,3
3828,other,78,13
59326,other,41,6
46445,other,18,3
32195,other,25,3
3354,other,88,27
5653,news,17,1
40138,other,36,4
28165,other,39,14
30457,other,25,4
26806,other,29,3
2543,other,34,4
18084,other,21,4
57711,other,42,8
22972,other,30,11
31059,other,17,2
18007,other,164,7
59130,other,58,8
45528,other,79,26
7713,other,26,5
60358,other,46,1
55681,other,8,3
22516,other,43,8
22909,other,59,2
24535,other,116,20
58850,other,64,16
42124,food,43,3
2854,social,7,1
57929,other,21,1
48932,other,101,16
60232,other,54,12
44742,other,7,1
49380,social,7,1
28977,news,42,7
16725,other,47,15
64968,other,64,8
23068,other,64,15
29803,other,35,4
25230,social,15,1
3413,other,18,2
22119,other,8,2
3018,finance,7,1
10934,other,134,16
56838,other,27,3
9895,health,19,4
18466,health,32,6
28394,other,25,3
1303,other,25,2
1364,other,23,6
46627,other,60,11
29556,utility,20,3
56185,other,69,19
7297,other,28,3
18448,other,8,2
5212,other,30,1
67266,social,70,26
59762,other,24,5
42594,health,51,11
16876,games,29,4
6753,other,33,7
10817,other,25,4
47932,other,45,10
29059,other,44,10
41151,other,105,3
41745,utility,45,9
39274,utility,35,5
32825,other,36,12
22468,other,23,11
8608,other,19,2
13418,other,54,12
26876,other,31,7
72068,other,19,2
66846,other,22,7
41687,other,58,14
17649,other,24,2
64276,utility,87,5
14370,other,8,2
36660,games,29,10
42654,other,43,8
14961,other,32,14
48110,other,13,2
5156,other,52,7
55452,other,86,6
13583,other,19,4
20241,other,64,4
20018,social,20,4
63532,other,18,3
47241,other,36,7
7606,other,68,13
30279,games,6,1
15685,other,62,17
26602,news,29,4
17920,other,104,17
46925,other,12,2
6050,health,20,2
37659,other,8,3
50013,travel,48,2
49339,other,10,2
62202,other,6,1
50819,health,34,10
25121,other,69,3
61266,other,17,6
4461,other,44,12
9067,other,160,19
39929,other,21,3
69872,other,75,11
39429,other,71,22
29876,other,30,5
6673,other,32,7
48867,finance,34,20
38516,other,16,2
30382,other,128,23
47599,other,25,11
51012,social,5,1
14019,travel,30,8
5025,other,53,11
8283,other,29,6
58945,games,101,16
16634,other,16,2
7516,other,35,6
60394,other,74,13
23950,other,13,3
51315,other,90,20
24150,other,18,2
27733,other,28,6
53700,other,16,3
15425,other,30,6
20602,other,64,4
2608,other,40,11
21742,other,18,3
46544,utility,27,3
15025,other,153,53
20571,other,20,3
10160,other,49,1
3717,social,7,1
870,other,37,14
55633,utility,45,5
49194,other,16,2
41184,other,90,16
29499,news,62,15
12157,other,31,2
25526,other,7,1
29304,other,18,5
56774,other,32,5
28960,other,79,17
56537,other,93,3
66698,other,43,8
40157,other,29,6
14775,other,134,7
55508,other,32,12
25662,other,94,15
70888,other,8,3
27728,other,27,4
62028,other,75,5
62235,games,35,8
51279,other,31,8
48944,other,54,11
53753,other,17,4
63053,utility,39,8
71519,travel,22,9
23299,other,22,4
3825,other,102,10
17694,other,9,1
46075,finance,32,5
25069,news,61,18
5285,other,58,5
20005,other,19,2
69867,other,56,9
27792,other,13,2
64593,other,22,5
19531,other,121,3
9899,other,44,7
13978,games,38,9
21189,other,32,10
62319,utility,20,2
30526,other,19,8
9538,news,58,10
59512,other,40,12
64430,other,31,3
47637,other,31,4
70720,other,19,4
29334,other,71,14
39193,other,71,14
18330,news,103,31
41108,other,22,3
55590,other,43,15
30293,food,121,9
56326,utility,57,10
36769,other,15,2
72207,other,26,2
28250,other,37,2
43189,other,20,4
45786,other,36,10
42781,other,40,13
39107,productivity,119,11
15380,other,28,3
49455,other,32,9
12674,other,40,10
68674,other,107,15
38719,utility,64,17
58564,other,68,19
31561,other,112,21
49831,other,31,4
26739,other,18,5
11702,other,25,5
16131,social,7,1
25325,other,92,22
8392,other,25,4
54618,other,8,2
65184,other,17,8
66750,other,51,13
48001,other,17,3
48780,other,35,9
7707,other,29,6
11365,news,86,17
60530,other,181,36
54496,other,6,1
64227,utility,48,11
28073,other,27,2
48064,other,22,3
12696,other,29,5
60416,other,38,11
5998,other,25,6
2183,finance,41,13
41219,news,97,14
4438,games,52,12
53082,other,55,12
394,travel,80,8
70396,other,18,1
28653,other,56,8
2227,other,107,8
48673,utility,59,13
3899,other,60,18
51929,other,50,12
63757,other,24,9
42652,other,21,2
16125,utility,84,19
4119,other,54,32
33290,other,40,8
37154,other,11,1
32348,travel,28,13
31445,other,18,4
54353,other,18,4
17026,news,110,11
66580,news,56,4
20850,other,69,2
32120,other,17,2
37378,other,34,2
55947,other,51,9
42886,other,14,2
29310,other,52,5
53838,other,126,4
7369,health,26,6
36646,other,26,3
63703,news,31,1
60251,other,25,1
46425,shopping,47,11
12434,other,5,1
40207,other,98,3
15908,productivity,15,2
3099,other,60,19
26871,news,33,5
31632,other,14,1
17768,other,40,7
61033,other,8,2
36883,utility,17,3
67045,other,164,26
44115,other,50,12
64473,other,85,23
10069,food,36,19
53504,other,12,2
67320,shopping,6,1
45948,other,71,10
40648,other,79,12
3748,other,21,2
13620,games,8,1
22665,other,20,5
44348,other,20,3
34184,other,62,5
51110,other,12,1
60003,other,71,20
43069,social,7,1
51308,other,12,2
39389,other,49,8
6022,shopping,48,9
13433,other,12,3
2367,other,24,9
27886,other,22,3
46357,social,19,3
18757,other,39,9
71131,other,41,3
2930,other,85,10
39131,other,39,7
68105,other,62,5
56238,other,60,2
42160,other,18,1
18132,social,7,1
11913,other,12,4
51596,other,23,2
50203,other,20,5
62739,other,52,12
26044,other,258,46
56966,other,53,12
20691,other,55,8
30736,other,43,8
46472,other,14,2
10906,other,17,2
4656,other,92,17
37133,other,43,14
16255,other,21,4
9682,other,89,27
65541,other,16,2
70147,other,24,3
17611,news,48,13
40616,other,28,6
7483,other,13,1
1786,utility,64,14
52854,other,86,14
64937,other,18,2
20387,other,19,6
43061,news,12,3
71453,other,22,5
57421,other,115,25
2954,other,30,4
4374,other,51,11
56682,social,59,14
28322,productivity,12,2
37615,other,49,14
65104,shopping,68,12
41984,news,127,15
41328,games,24,5
26320,games,5,1
40322,other,19,3
4650,other,179,34
197,other,27,3
35542,other,19,2
22853,other,26,11
70764,travel,29,6
49540,other,30,5
43702,other,11,2
59349,other,30,2
68014,other,25,5
19115,other,20,7
66991,travel,42,7
14680,other,28,4
28525,finance,18,2
61041,other,20,6
62159,health,120,14
66380,other,14,1
37582,other,17,2
32777,other,33,7
71575,other,26,7
62020,health,38,6
43661,other,39,8
27893,news,35,9
6417,other,58,26
10154,other,43,13
28968,news,95,25
58026,other,38,4
29953,other,57,11
65286,other,18,4
48769,other,19,5
48311,other,12,2
53670,other,18,8
42514,other,17,4
67067,other,30,2
19982,other,34,9
39667,other,31,14
45697,utility,24,5
42132,other,49,4
33119,shopping,120,18
32294,other,26,3
4654,other,181,36
60401,other,36,5
46001,news,56,9
35138,other,94,21
40238,other,37,8
71466,shopping,56,1
31527,travel,53,38
67335,food,36,19
22735,other,82,20
56190,other,18,1
26015,utility,178,11
47797,news,44,12
35504,social,13,6
25671,other,67,4
66479,other,52,14
61256,news,51,1
37309,other,14,1
12909,productivity,81,15
31228,utility,20,4
59251,other,45,9
9649,other,32,6
56671,other,57,15
70184,other,70,16
63549,other,93,5
35389,other,19,3
3570,other,10,2
53926,other,18,3
62304,social,42,2
64184,shopping,115,22
53112,finance,40,5
20264,other,15,5
42877,other,48,2
12454,other,52,9
18446,other,8,3
43302,other,61,9
48968,other,52,13
32268,other,9,2
67340,other,17,3
16709,other,84,2
67624,other,18,5
65772,other,30,6
39264,other,13,1
16665,other,48,9
44826,other,83,9
69995,social,26,4
40331,other,80,17
11009,other,15,2
57780,utility,51,9
1967,other,51,7
37260,other,18,5
67418,other,15,2
53284,games,44,2
20436,other,130,47
15010,other,175,61
41157,other,23,6
61637,shopping,29,3
27756,other,40,6
32678,other,15,7
51148,other,27,3
55890,other,77,10
36466,other,46,9
52981,social,64,16
15373,other,33,6
66211,other,30,5
32006,other,70,9
66246,other,37,4
54621,other,14,5
66679,other,102,2
45360,other,87,4
35313,other,12,5
791,health,35,6
31125,finance,74,18
51396,other,12,3
57550,other,17,2
68541,utility,21,1
60186,other,37,11
42400,other,15,2
67509,other,8,2
45851,other,85,10
12381,other,41,6
50735,other,30,11
14567,other,38,15
25753,other,49,14
51686,other,42,10
55281,health,20,4
7070,other,16,2
29261,other,54,11
8770,other,23,3
59378,other,93,12
16070,other,33,11
38837,other,89,19
16587,other,100,21
60242,other,13,2
51845,other,21,7
56593,other,28,5
67521,other,18,2
16721,other,33,4
39488,utility,32,3
21232,other,19,7
55967,other,41,19
30004,other,66,13
69567,other,8,2
11919,other,13,3
13059,other,48,4
31739,games,13,6
62541,other,109,17
1375,travel,63,4
2963,other,34,4
33970,finance,8,2
34988,other,41,16
3863,travel,48,12
19759,other,26,7
26348,games,66,8
452,other,118,19
37401,other,18,1
8923,other,87,11
55078,news,32,7
62311,shopping,31,6
22156,utility,21,2
21487,other,68,13
21821,other,7,1
15291,other,42,8
50240,other,25,5
67412,other,9,1
9346,other,45,9
50906,other,38,21
55190,news,107,26
26137,other,27,6
43018,other,13,2
70141,shopping,54,23
48529,other,32,5
19602,other,15,5
25572,shopping,14,2
40598,other,8,2
52121,other,11,1
26966,other,52,16
40492,other,20,5
27094,other,77,13
54155,other,12,2
10624,other,19,3
69291,other,43,6
63097,travel,52,11
4087,games,19,4
69430,other,8,1
29277,other,21,2
54817,other,64,9
46199,news,25,4
20658,other,19,5
14945,other,28,4
39370,other,13,2
7371,other,10,1
33144,utility,104,9
48807,other,32,6
29989,other,92,22
52186,other,18,1
38200,other,27,2
55692,other,20,5
26717,other,31,7
40326,other,18,3
6579,games,23,3
30167,games,20,2
23381,games,32,6
35610,other,16,4
66309,other,96,14
42043,other,26,5
17168,shopping,111,10
2591,other,18,3
35397,travel,86,32
47803,news,17,3
34,other,107,20
47979,other,75,15
29782,other,55,7
56299,other,59,8
29744,other,18,3
11441,other,21,2
64803,other,39,10
53545,shopping,17,4
36348,other,23,5
28403,other,40,5
10548,news,49,10
8333,other,42,15
67056,other,24,2
55409,other,76,19
61434,other,35,3
5925,other,18,4
13249,other,28,1
70004,social,26,10
50019,other,26,5
5928,other,65,29
42961,health,8,2
64980,other,45,8
6961,other,84,10
69532,utility,62,5
29181,social,12,2
61269,other,44,6
6271,other,43,10
25403,food,54,15
50059,travel,48,7
6293,other,97,10
3357,other,79,28
24705,other,31,9
52040,other,26,5
22824,other,55,1
51001,other,87,5
26756,other,12,2
54826,games,8,3
59934,other,21,6
57689,other,13,2
60700,other,28,5
53626,other,10,4
55016,other,33,7
65340,travel,29,2
19148,other,13,2
51484,other,17,2
1651,other,36,3
69566,other,16,3
51438,other,18,1
52771,other,21,4
12648,other,19,5
30615,other,43,14
62074,other,15,5
3931,travel,10,1
12206,other,25,8
48289,other,33,6
3437,other,42,5
5843,shopping,11,4
18783,other,17,1
16046,other,19,5
69940,other,76,7
29736,other,33,7
31892,other,23,5
59424,other,21,5
37616,other,35,5
21864,other,29,11
23485,other,28,1
18829,travel,28,8
61948,games,18,2
45745,other,57,12
6777,other,19,2
34430,other,44,9
45155,other,28,4
43272,other,59,1
70189,other,72,13
2827,other,21,9
64831,other,47,14
21104,other,16,2
27193,other,14,2
70223,games,25,3
64458,other,32,6
7302,other,25,7
41945,utility,16,2
63213,other,60,16
29739,other,40,7
59364,other,34,8
67387,other,41,12
327,other,31,2
63073,shopping,11,4
17717,travel,52,14
41086,other,40,8
1504,other,14,3
19395,utility,20,2
59846,utility,49,12
25117,other,73,3
66729,other,29,6
54739,news,72,5
57906,other,51,2
54624,other,18,5
36461,social,5,1
65817,other,66,12
63094,other,45,10
4688,other,54,3
34426,other,18,1
16064,other,39,9
6220,other,32,10
36270,other,15,3
10920,other,53,10
27722,health,26,11
4557,other,79,19
18267,food,54,6
40204,other,67,13
34605,social,27,3
54529,travel,37,1
59516,other,36,1
545,utility,46,10
27578,other,85,12
48625,games,68,6
35376,other,48,3
64301,other,28,3
52160,travel,23,1
72015,other,16,2
34784,news,102,20
17292,other,82,9
54650,other,48,2
25687,other,112,5
41279,other,49,6
11650,other,13,2
50895,other,65,8
68331,news,55,10
724,other,32,11
47152,other,56,11
31971,other,33,5
70338,utility,8,3
50283,other,67,10
24856,other,142,9
52850,other,63,7
14235,news,48,15
51966,games,60,4
64404,news,63,9
40799,other,27,6
69925,other,10,1
56417,other,35,8
30171,news,48,7
52945,other,21,2
37151,other,72,10
17811,news,79,12
19336,utility,53,13
13011,news,65,10
7435,other,28,5
12465,other,10,4
3031,other,17,1
42708,other,13,2
1778,social,26,5
16511,other,15,1
25755,other,93,17
68527,other,84,27
45629,other,67,14
19064,other,18,3
35894,other,27,4
40131,other,17,3
34757,other,18,5
54377,productivity,72,16
7622,travel,115,19
59146,other,41,4
56128,games,91,12
7417,other,40,1
458,other,73,5
37863,other,28,6
48793,other,49,12
59085,games,142,7
58065,other,29,5
20445,other,76,3
68406,other,19,5
37579,other,33,5
53292,games,71,4
16620,utility,135,8
65030,other,22,2
42496,other,66,12
50628,other,47,13
37140,other,26,5
71919,social,7,1
7752,news,69,17
28770,utility,94,14
12161,other,12,4
5569,other,14,2
34728,other,33,8
24593,other,40,6
39470,other,17,4
39549,other,50,8
7694,news,30,10
25843,other,152,4
66443,utility,132,25
34238,other,42,4
16642,other,19,2
55388,other,106,12
34531,other,86,4
4607,other,17,2
6946,other,101,10
52630,games,72,19
33983,news,47,15
14039,utility,33,8
36504,utility,53,13
28501,other,67,8
22805,other,61,5
18179,other,21,4
760,games,27,4
65962,other,35,9
64426,other,35,7
40200,other,51,4
16155,other,69,6
53867,finance,24,2
24221,shopping,124,27
52369,other,37,11
52218,other,54,8
49400,finance,26,4
11402,other,6,1
13357,other,33,11
61965,travel,28,5
3236,other,7,3
2631,other,20,3
18427,shopping,57,16
61976,travel,23,2
47344,other,23,2
23787,utility,36,4
8991,social,37,6
6479,utility,107,11
60556,other,82,16
46686,other,22,8
23912,utility,50,6
48736,other,86,8
2451,other,13,2
6365,news,63,16
8404,other,13,1
25620,other,37,14
8380,news,15,4
61181,other,7,1
19915,other,18,5
62076,other,10,1
6939,social,7,1
49330,other,47,2
1017,travel,85,18
28598,other,33,4
66620,social,7,1
19702,news,13,7
18685,other,58,7
4580,other,18,5
26757,other,15,2
6269,other,38,7
21784,other,55,6
17389,other,145,21
53746,travel,105,25
67139,news,27,3
11698,food,26,11
18805,other,16,3
10981,travel,15,3
33956,other,78,22
62158,health,19,1
62063,other,50,12
25964,other,86,16
48889,other,89,15
31689,food,20,3
11044,other,27,1
2177,other,16,12
27777,other,40,9
13485,shopping,30,8
18482,other,74,27
59051,other,18,1
37975,other,33,4
44834,other,33,8
17623,games,52,12
5931,other,80,3
14257,travel,32,6
41591,food,19,3
39772,travel,27,5
61410,other,23,3
342,other,12,2
44024,utility,57,8
49184,other,89,12
17334,utility,126,23
40022,finance,40,10
43406,other,16,4
24867,news,38,9
7382,other,40,9
50596,other,52,11
12890,other,21,3
58109,other,16,3
61738,other,12,6
69887,other,21,1
67170,other,64,11
53607,finance,51,13
44534,other,62,9
30135,shopping,59,10
40398,other,48,8
52528,other,24,3
12055,other,26,6
14056,utility,50,6
41761,other,8,2
65919,other,61,9
36714,other,58,6
38329,other,58,7
55427,other,13,3
17268,other,34,7
42553,utility,24,6
57130,other,13,3
69945,shopping,52,15
39481,utility,125,22
14920,other,61,12
69312,food,27,5
15400,other,32,7
31547,other,72,15
50159,utility,32,4
19965,other,9,2
14392,other,42,13
18443,other,28,7
28439,other,15,2
5122,other,32,6
51801,other,21,8
48675,other,56,3
46304,other,27,8
57114,other,9,2
31795,shopping,49,9
35368,other,27,6
49417,other,61,18
45138,other,32,3
29722,productivity,112,38
40136,other,17,3
43522,games,63,2
49960,other,34,7
38600,other,44,18
16630,other,30,2
62347,utility,67,22
56459,other,38,10
17672,other,33,8
66276,games,16,4
53280,games,33,4
53047,other,72,8
67888,other,49,9
60812,other,17,2
46504,other,29,3
57683,social,31,4
67081,shopping,65,15
24449,other,24,1
38594,other,62,2
39993,other,34,7
68581,shopping,10,1
2530,other,29,6
37514,other,15,3
32712,social,7,1
64639,utility,46,2
40123,other,30,6
36541,other,9,1
37648,health,25,2
58257,other,8,3
1637,social,6,1
30842,other,33,10
38362,other,16,1
30840,games,35,8
54049,utility,40,8
27068,other,45,9
34953,other,48,2
7877,other,68,4
20301,other,32,9
55474,other,39,6
7083,other,8,2
41458,games,8,2
14483,other,143,11
16124,utility,79,17
64914,other,31,7
15696,other,50,12
16257,finance,37,10
3871,other,14,3
16471,other,24,7
59245,news,17,1
58861,other,53,15
34854,other,29,6
63571,other,25,6
18693,other,32,1
46819,other,14,3
13998,other,183,37
48740,other,42,10
47164,other,30,7
4717,other,15,5
32110,other,20,5
54346,other,46,8
18183,other,44,9
37310,other,35,7
33645,utility,24,6
67585,other,202,43
54064,social,93,18
72072,other,14,3
59596,other,84,16
38101,other,56,22
67238,travel,21,3
7038,other,9,1
57698,other,8,1
13422,social,7,1
8306,other,127,47
8927,other,86,19
30836,other,36,5
3353,games,39,9
16959,other,14,3
48168,other,151,12
43634,other,25,6
24260,other,35,4
20461,utility,67,5
53444,other,83,19
41965,other,47,7
25034,travel,91,20
65918,other,69,7
17285,utility,52,6
33423,other,46,8
65796,other,21,1
46812,shopping,25,6
34545,other,21,5
17700,other,27,3
60387,news,29,8
28684,other,48,5
47935,other,21,7
2515,other,34,6
6326,other,45,2
38535,other,15,4
6578,games,54,2
47112,other,47,19
607,other,61,13
9193,other,55,15
51055,food,68,30
50501,food,120,27
54659,other,16,2
52471,utility,38,11
46845,other,8,3
11725,other,18,3
50210,other,62,9
7123,other,14,2
5352,food,35,14
64767,other,31,6
55935,other,75,21
27909,other,11,3
8345,other,34,15
22178,other,11,2
28313,productivity,106,10
56520,other,43,8
60373,other,19,4
30618,other,44,9
70741,games,8,3
32773,social,15,2
3348,games,59,16
10384,utility,85,12
22264,other,36,4
67350,other,37,6
19610,other,66,18
47454,other,45,8
53484,other,51,12
36665,other,37,2
14667,utility,21,2
19509,other,20,8
59006,food,6,1
51807,news,132,11
12025,other,41,4
16160,other,18,4
59337,other,14,2
45133,other,99,23
24455,other,72,2
35069,other,44,7
37908,other,35,15
40132,other,74,14
32836,other,15,2
20623,other,23,10
34699,other,27,1
30789,other,47,9
5773,other,89,20
8343,other,48,14
61335,other,82,12
72127,other,39,6
47536,other,45,14
49345,news,85,11
15671,other,73,12
68278,news,25,11
13498,other,19,5
20512,other,59,7
20624,other,22,10
59862,other,5,1
50758,other,23,6
13304,utility,9,1
54599,other,33,5
1545,other,75,10
28242,other,45,10
39452,other,88,1
53799,other,16,2
38184,other,57,3
42226,games,62,2
5006,other,12,2
852,games,19,6
37536,other,17,4
28307,productivity,38,16
24481,other,27,8
59892,other,15,2
43959,other,21,4
17633,games,84,8
33121,shopping,65,13
38584,other,17,6
17446,other,138,10
28991,social,48,4
54853,other,57,16
54870,other,110,15
49148,games,36,9
42283,finance,64,11
44886,other,65,17
54174,travel,12,1
30582,other,9,1
13017,other,28,2
24797,other,18,1
36312,other,22,3
49538,other,123,15
13655,other,33,5
10521,other,39,3
23722,other,53,6
30122,other,34,2
7377,utility,20,1
24163,other,44,7
60695,utility,199,10
19176,other,71,17
60484,other,8,3
27104,other,17,2
29385,other,56,4
31979,utility,39,8
18032,other,25,4
10524,other,13,1
43000,other,74,5
9817,other,4,1
38628,utility,18,1
21871,other,28,7
18637,other,17,6
35325,other,76,18
45288,social,29,9
56579,other,34,9
9677,other,35,7
43176,other,38,8
46967,other,54,3
65010,other,21,6
54228,other,39,11
63194,other,62,14
3368,other,54,4
14833,other,31,4
36441,other,24,6
66849,other,18,1
59070,other,33,6
12825,other,19,2
39009,other,20,2
11229,other,15,6
40503,other,89,13
70719,other,28,11
15207,games,52,6
66871,utility,17,3
30873,social,7,1
48035,news,19,2
38545,social,5,1
47893,news,56,12
36913,other,96,21
56948,utility,31,3
52275,other,49,4
37758,other,17,3
29389,other,40,11
17718,travel,52,6
36951,other,17,3
11371,other,42,1
31766,other,36,10
21611,other,48,13
62889,travel,23,3
7517,other,35,5
50777,other,27,6
40534,utility,87,13
6493,utility,51,11
55649,other,27,5
70630,other,33,7
34189,other,83,14
15911,other,66,12
3904,news,24,4
65739,other,16,2
17115,other,23,5
8815,games,40,7
38976,other,60,17
4889,food,73,14
36645,other,27,6
44702,social,60,20
15270,other,47,5
36345,other,20,3
9753,other,43,7
30706,news,87,24
59319,other,25,4
32754,other,29,6
24868,news,36,6
32331,other,68,11
61490,other,9,1
21340,other,50,10
15116,utility,53,13
43844,other,20,3
51810,news,44,8
17645,other,63,10
45140,other,16,3
43807,other,19,2
23052,other,69,14
69715,games,20,6
61298,travel,24,3
3338,other,47,2
33484,utility,38,5
58117,other,5,1
64067,social,7,1
52716,other,17,3
63803,other,17,4
19923,social,48,10
25853,other,20,3
16889,other,118,26
19820,food,115,4
27132,other,19,14
23264,other,68,9
21722,social,7,1
49750,other,43,10
20316,other,42,11
60233,other,38,10
60170,other,19,5
53352,other,49,11
15043,shopping,30,5
2197,other,67,1
61051,other,65,21
51467,other,22,7
42801,other,26,4
40777,games,59,11
59863,other,12,2
47294,other,24,4
60213,other,48,28
48282,other,49,9
39811,other,164,52
55032,games,64,2
70903,other,30,6
68191,other,95,6
47339,other,25,7
52507,other,14,2
51959,other,57,14
51231,other,73,17
31628,other,15,2
67003,travel,31,4
51423,other,35,6
31094,other,21,2
2015,other,86,15
39229,other,23,3
14559,other,40,5
41121,health,26,9
39399,other,51,10
5170,other,71,6
30216,other,77,17
62552,other,35,5
28417,other,43,2
49043,other,39,2
13753,other,26,8
33547,other,20,4
4363,other,20,3
14968,other,19,7
30714,news,32,3
40633,other,60,9
40016,other,15,1
12508,shopping,64,21
13809,other,34,5
34614,other,28,5
6491,utility,57,8
29243,other,20,6
15138,travel,9,2
52620,news,46,1
7680,other,22,7
66434,other,124,83
16062,other,16,2
50590,other,51,10
49209,finance,22,3
43614,other,11,2
35599,other,15,3
40692,news,96,7
48343,other,24,3
46692,other,69,14
6227,other,19,1
5887,other,34,6
69106,other,23,4
12743,other,78,15
39877,other,26,10
69905,other,21,3
63443,utility,31,3
47788,productivity,25,9
53101,other,39,10
22705,other,69,16
31511,other,175,17
49923,other,33,7
41553,other,45,7
43247,utility,84,16
20143,other,31,6
1412,other,83,13
3993,other,64,5
16953,other,82,19
63521,other,21,5
69304,other,45,10
65280,other,43,7
32998,other,34,9
57274,travel,57,11
15618,other,65,7
4345,utility,55,2
52759,food,89,23
21656,other,36,9
12630,social,6,1
26577,other,17,3
56814,other,19,3
8602,other,66,7
39208,other,47,10
44709,utility,48,12
44622,other,50,6
50267,news,40,9
20712,news,27,7
34312,other,16,1
34868,other,33,5
70507,other,20,2
28970,news,62,13
35808,other,95,9
37189,other,106,17
61187,other,47,14
32663,other,22,2
54896,other,86,3
49447,other,48,25
13482,shopping,43,13
62110,other,76,24
51654,other,63,15
5283,other,15,3
32436,other,65,11
1441,other,13,1
32113,other,31,6
16333,utility,21,3
46919,other,31,2
54863,other,75,14
3573,other,58,7
29046,social,26,3
26844,other,23,5
57865,other,52,9
6620,other,9,3
53433,other,29,11
69740,shopping,20,2
49769,other,47,1
67565,travel,38,10
20114,other,34,6
32351,other,51,14
15444,other,43,5
48504,social,20,4
53921,travel,49,19
1945,other,95,14
70437,other,19,5
33405,news,67,11
30703,social,5,1
9165,social,26,3
56251,other,14,2
5381,social,20,4
36103,other,29,8
18615,games,45,7
8619,other,28,5
569,other,51,5
71846,other,41,9
15658,other,25,4
30657,other,57,14
9138,other,70,14
35104,other,16,1
52538,other,81,19
62260,other,23,6
32001,other,22,9
63657,other,55,4
18543,other,18,1
54352,other,20,4
56528,other,68,7
64734,other,43,1
7488,other,5,1
58860,other,22,1
55370,other,39,7
70119,utility,21,3
44852,other,41,11
16270,social,7,1
52752,other,22,4
54376,productivity,52,12
38148,other,71,14
43717,other,19,4
34187,other,56,9
11191,other,39,9
34233,other,32,7
30610,other,64,7
22169,social,8,1
24357,other,31,2
32888,games,9,2
7520,other,53,9
60615,other,73,15
42262,games,75,14
22938,other,20,8
25172,other,64,10
19198,other,21,2
20474,utility,55,9
15164,social,22,5
29778,other,42,10
65735,other,19,2
62045,other,13,5
16789,other,38,2
9756,other,34,9
60926,utility,27,3
45768,other,143,47
65131,other,65,3
58852,other,82,17
68298,other,35,6
44860,other,33,7
12517,shopping,65,14
7821,other,31,2
32565,other,117,2
67766,other,48,4
60624,other,16,2
50770,other,85,11
18759,other,61,5
49407,finance,18,1
35106,other,16,1
2043,other,47,3
20944,other,27,7
22218,news,118,46
6489,utility,38,5
55899,utility,21,3
6094,other,20,4
51259,other,29,2
63384,other,30,3
69516,other,53,13
21164,other,55,23
57705,other,15,1
39102,productivity,24,10
12911,productivity,21,3
37315,other,13,2
34336,other,97,23
54741,news,46,2
57602,news,48,2
25931,other,59,7
3952,other,38,6
50318,other,42,8
29094,other,19,5
59738,other,28,8
59489,other,76,36
61773,other,50,10
39813,other,50,6
25698,other,56,6
45384,other,11,1
26037,other,27,10
30650,other,55,14
63358,other,42,5
61809,other,48,6
41127,productivity,47,9
696,other,13,3
65130,other,6,1
23061,other,49,5
34561,other,16,8
54859,social,15,3
47714,other,45,6
39281,utility,29,6
4063,other,18,3
60840,travel,59,9
28900,other,14,2
61418,other,76,18
35426,social,7,2
43340,other,23,1
44916,other,12,2
37836,other,18,3
20932,other,23,3
63930,other,25,3
2341,productivity,17,2
62885,travel,20,2
49903,other,44,12
19248,utility,21,6
67548,games,39,8
26711,social,32,9
13470,other,19,5
52338,other,108,15
41861,other,50,8
67620,news,22,3
34769,other,87,25
46705,other,13,1
71578,health,62,4
8752,other,23,4
57065,other,55,22
65826,other,62,14
44196,social,13,3
66176,other,16,2
18352,health,50,12
29111,other,32,1
15591,games,37,7
8577,other,30,11
20806,other,14,1
28285,other,30,5
39852,news,16,5
6968,other,21,2
44031,other,49,6
9185,other,22,4
64871,other,21,4
39091,games,104,18
16158,other,21,4
7444,other,30,3
69999,social,18,2
24898,other,87,6
6392,other,18,3
39966,utility,34,5
68355,other,58,12
33392,other,33,7
71314,other,19,2
1175,other,36,5
3758,social,29,4
13562,other,125,28
36404,other,27,1
43285,other,27,7
34932,other,96,23
25823,other,31,2
35705,other,20,5
15452,other,43,7
34992,social,55,10
25051,utility,74,3
1187,utility,15,2
3126,other,10,3
71335,other,28,3
16624,other,36,3
65393,utility,112,11
57297,travel,34,4
52989,social,55,8
32477,food,33,6
62242,other,64,10
19795,other,32,6
192,other,12,3
12581,shopping,17,4
29230,other,17,7
70476,other,67,11
64787,other,84,12
41342,travel,14,1
56102,other,43,7
64875,other,18,3
19271,other,13,6
60150,other,137,37
56690,other,10,1
41132,travel,33,6
39791,other,106,27
5061,other,19,4
10315,other,36,4
69711,games,14,4
15306,other,41,2
11258,games,32,7
2713,other,28,2
24487,other,21,1
65120,health,20,1
20040,other,44,10
46330,other,54,16
72011,other,37,9
8010,other,16,1
8505,other,29,6
44935,other,11,4
3813,utility,25,6
17467,other,15,2
61295,travel,107,19
8653,other,15,3
25944,other,10,1
30107,food,55,8
18160,other,51,16
13168,other,21,1
25995,other,130,20
37907,shopping,37,8
975,social,47,4
62402,games,21,2
51121,other,39,5
40342,other,96,13
142,travel,25,3
17444,shopping,14,2
6523,other,15,1
69669,other,8,3
43149,other,21,3
49377,other,9,2
45539,other,22,6
11083,social,7,1
51734,health,79,3
44162,other,55,8
47994,other,51,18
26203,other,29,4
5754,other,69,15
19632,utility,24,7
295,other,76,12
38542,other,9,1
10094,utility,89,19
50579,games,11,2
336,other,16,5
26120,other,60,15
47729,other,34,3
37682,other,43,5
22649,other,34,4
5398,other,29,7
54238,other,18,5
8847,other,31,11
44669,other,84,6
3411,finance,11,2
14515,other,49,11
44832,other,139,27
46043,other,69,11
7667,utility,23,3
6194,travel,53,7
43651,other,18,2
46674,other,35,13
11340,other,21,6
36009,other,22,4
67568,other,12,1
41197,news,77,17
12901,finance,4,1
51982,other,19,5
35775,travel,106,22
34894,other,25,3
26947,news,37,6
59414,other,20,2
11071,other,7,2
33887,other,59,16
62069,other,50,13
14508,other,40,12
3308,other,34,8
26156,other,19,5
58466,other,92,9
53468,shopping,49,10
51485,other,19,5
16962,other,91,20
60966,food,116,16
48453,other,18,5
58634,other,103,11
60017,health,91,4
323,other,21,1
18910,other,21,10
12950,other,79,11
33569,other,6,2
46163,other,77,6
8387,other,30,1
63700,news,48,2
52495,other,22,5
21822,other,43,14
64827,other,125,14
61491,other,45,17
55299,news,35,1
40821,utility,12,4
56053,social,19,2
41734,other,104,13
51720,other,36,6
22316,productivity,28,5
63555,other,103,17
19001,other,107,6
14229,other,28,6
57383,other,52,6
61296,travel,10,1
7267,utility,48,6
40376,health,33,7
12451,other,81,7
29634,news,144,13
23541,other,68,14
12918,productivity,59,9
62225,other,64,16
23397,utility,116,12
68430,utility,87,11
12801,games,31,13
31061,other,80,10
71500,other,48,12
30695,health,17,6
44163,other,62,9
3651,utility,77,22
63838,other,18,2
45975,health,7,1
41405,other,30,12
26927,utility,157,30
12427,other,6,1
59795,other,20,5
52805,other,19,1
22884,other,62,7
29176,other,6,1
3388,other,14,2
66873,utility,20,3
61597,travel,36,11
13170,other,22,1
671,other,61,10
53374,other,24,4
32264,other,26,6
2831,other,57,11
18338,news,88,31
62741,other,65,21
34572,shopping,34,7
39060,shopping,12,3
68678,other,25,4
3662,other,95,27
59157,other,86,13
39227,other,31,4
69019,other,24,5
35738,other,15,1
3272,social,7,1
22619,utility,150,12
4293,other,27,6
5585,other,39,8
43009,other,57,14
34532,other,79,2
70914,other,79,26
62610,food,57,8
44399,travel,81,14
27865,other,23,3
62879,travel,20,4
15514,other,20,1
5810,other,35,8
38212,other,18,6
15289,other,25,2
38625,utility,21,3
49754,health,32,7
891,other,35,7
22180,utility,21,2
46130,other,19,4
29655,other,24,5
31454,other,49,11
7462,other,64,11
15358,other,55,16
31964,other,47,7
53737,travel,79,16
29769,other,53,15
3045,other,59,16
9123,other,78,23
49764,other,49,13
57485,other,79,7
38318,other,59,7
21250,news,67,17
55658,other,19,4
39501,other,22,2
3352,games,84,19
39702,other,54,17
12828,other,31,3
58082,other,68,11
67360,other,51,9
70065,other,27,1
33584,games,69,15
50580,games,66,17
38926,other,86,15
28409,finance,25,5
52217,other,77,5
62249,other,76,13
13837,news,21,5
15023,other,60,3
54418,other,8,2
52095,other,10,3
37024,other,58,11
34276,other,72,2
44012,other,17,1
62875,other,14,2
59570,other,30,9
54925,other,16,2
980,other,13,5
12054,other,56,6
19583,other,21,3
66004,other,33,8
5009,other,37,5
54846,utility,25,5
61624,productivity,63,3
9475,other,31,2
12294,other,23,1
8978,social,45,5
1449,other,38,6
25837,other,38,2
61446,utility,121,2
52673,other,30,3
34472,other,16,2
34205,other,23,4
35497,social,21,8
47514,utility,106,9
12141,other,61,15
4994,social,37,14
20354,other,18,1
54905,other,23,10
39895,other,22,4
34754,other,63,21
34816,other,99,15
39504,games,70,12
60414,other,65,21
15147,other,23,3
47924,other,30,7
19204,other,55,9
4504,other,31,7
34509,shopping,42,7
36499,utility,71,19
30981,other,13,2
52964,other,23,1
28692,other,71,12
26688,social,26,10
17610,news,137,20
11705,other,30,8
58664,other,68,25
22570,other,74,3
43101,other,28,4
44305,travel,95,11
35781,games,50,15
70191,other,36,9
47169,other,81,15
17879,other,80,12
27554,other,83,26
6122,other,43,9
27437,other,12,3
56600,other,15,2
39649,social,37,7
2438,utility,14,4
50395,other,49,8
29142,other,97,20
55965,other,28,6
70421,utility,47,8
42615,other,23,6
23440,other,75,18
18207,other,34,7
1907,games,85,16
66278,other,12,2
14959,other,10,1
40025,other,63,13
21662,other,78,11
69278,other,112,27
57190,other,85,17
39573,shopping,14,2
15891,other,37,5
63494,other,65,13
55104,other,13,5
65804,other,91,18
31348,news,40,10
54215,other,74,16
33257,other,113,13
56951,other,36,8
1434,other,52,11
46415,other,40,9
45921,other,40,2
2944,other,36,5
68818,other,52,6
30034,other,47,8
66187,other,8,2
2063,utility,59,2
57093,other,151,10
56952,other,14,1
71109,games,9,1
56364,other,18,5
52106,other,61,12
2176,other,9,2
62388,other,35,8
34167,social,20,4
43732,other,18,3
25033,travel,94,20
9144,social,78,20
23496,other,20,5
62284,other,8,3
19278,other,29,6
9372,other,23,11
62180,social,52,7
42795,utility,13,3
11727,other,23,6
34130,other,19,5
46667,other,110,12
47824,other,29,6
34625,other,36,5
41003,other,97,7
63039,other,96,57
46522,other,14,2
18671,other,20,5
504,games,16,2
8163,social,6,1
15772,news,57,9
14399,other,19,5
9254,other,37,6
36505,other,42,1
57441,other,40,11
5756,other,37,11
41741,utility,114,16
44809,other,36,9
3731,other,43,4
60824,other,99,22
37227,other,22,4
6436,news,32,9
47984,other,37,4
14938,travel,25,4
18392,other,95,29
31158,other,81,17
52438,other,33,7
14966,other,33,7
39898,social,7,1
40909,finance,57,4
54968,other,98,7
44283,social,106,19
33063,social,19,2
18575,other,67,16
67901,news,51,1
6474,games,17,1
61561,utility,125,11
46502,other,75,12
52254,news,44,3
48820,utility,32,8
22299,other,13,1
60726,other,101,6
18620,utility,19,1
38756,social,18,5
43338,other,22,3
7001,other,94,21
67246,travel,58,1
13699,other,33,4
64892,other,83,21
18316,utility,11,2
44327,other,72,16
20326,other,25,1
30296,food,14,1
21110,utility,31,3
20927,other,42,8
31582,other,43,6
71609,other,50,9
56938,utility,114,18
25109,news,12,2
33171,other,19,5
44376,other,24,2
69036,other,18,5
29040,other,47,9
65829,other,77,16
15285,other,19,2
26754,other,43,8
23203,other,93,6
51945,food,30,4
850,games,51,6
28401,other,21,5
18382,other,12,3
51277,other,56,15
7672,other,18,2
50553,other,68,14
45352,other,18,5
16269,social,27,6
43320,other,86,5
52326,other,33,6
21401,other,52,12
49069,other,30,4
48362,other,17,4
20426,other,71,11
21571,other,30,11
53598,other,51,6
51229,other,14,2
5767,other,31,8
69478,other,26,6
49943,utility,52,12
32615,other,29,2
65609,other,144,12
70889,news,112,28
47288,other,20,4
12753,other,15,1
64491,other,97,28
66977,other,50,4
11880,games,98,10
15428,other,49,14
1302,other,37,2
52354,other,50,14
60935,other,38,4
48097,other,76,9
27734,other,37,6
5306,other,32,4
24138,news,19,2
60670,other,56,24
47816,utility,18,1
37683,other,19,3
50776,other,17,5
52189,other,38,8
12002,other,10,4
43040,other,24,2
68639,other,74,12
5142,other,60,12
46136,other,19,4
29399,other,18,5
52382,other,29,6
30166,games,118,4
42027,other,52,12
2639,other,27,3
6310,other,54,12
63268,social,7,2
5532,other,36,7
37017,other,8,3
29880,other,19,4
40126,other,19,3
14887,other,37,4
55582,other,6,1
13994,other,19,5
20673,other,22,2
39219,other,106,34
37624,social,7,1
42127,food,35,7
40809,other,62,10
23698,other,36,11
32795,shopping,22,5
9224,other,71,8
19639,other,12,2
30844,other,54,14
912,food,109,18
8961,other,76,2
31330,other,19,5
58544,other,14,1
66768,other,26,7
33133,games,26,6
36540,other,20,6
1874,other,66,13
60260,other,30,6
899,other,8,3
44138,other,13,4
47168,other,71,15
17137,shopping,43,4
31290,other,90,9
26192,other,51,3
40949,other,8,2
1820,news,82,15
27910,other,14,8
39869,other,68,18
26587,other,78,6
19401,utility,26,1
16488,utility,48,6
13359,other,34,5
29430,other,28,6
35576,other,58,9
67,other,24,7
50611,news,27,4
37800,games,41,24
26607,other,92,4
6707,other,8,3
69496,utility,55,12
20770,other,40,8
637,other,13,3
31934,other,44,17
71524,other,20,5
48152,other,75,18
57701,other,22,1
30852,other,37,5
22806,other,35,4
7454,other,16,3
20748,other,33,8
43054,other,104,16
44123,other,25,4
4097,other,53,1
43084,other,29,7
680,utility,12,3
30591,other,21,2
4300,other,24,7
11516,other,18,5
16041,other,44,10
3619,other,52,5
43516,news,73,9
4035,other,7,1
26130,other,67,9
24456,other,10,1
48540,other,42,14
33603,other,17,2
13222,other,62,14
13355,other,22,2
28876,news,16,2
42851,other,12,2
49424,other,28,9
68217,utility,31,3
65627,other,73,17
53253,other,50,43
5451,other,24,1
41224,news,15,1
29152,other,22,3
45577,other,53,4
10552,other,32,4
65910,travel,15,4
17235,other,23,2
38645,other,65,15
18943,other,21,5
68225,shopping,13,2
9456,shopping,38,8
58124,other,56,14
819,other,38,11
60466,other,18,3
36823,other,8,3
34436,other,42,7
13006,news,56,10
36653,utility,26,5
134,other,18,2
47705,other,18,2
47179,other,6,1
2310,other,48,8
34229,social,93,20
9451,shopping,43,7
29333,other,60,16
14922,other,136,6
35716,other,74,14
43431,food,88,26
3992,other,53,5
60498,news,65,12
46397,other,19,4
28769,utility,40,12
64496,other,100,15
51147,other,9,1
54986,other,14,2
50346,other,78,16
17942,other,84,23
18595,other,70,18
16479,health,12,3
36229,other,22,8
34888,social,22,2
62467,other,24,4
32722,other,16,1
46911,other,111,15
34416,utility,45,9
59894,other,24,6
19676,utility,43,6
23372,other,15,4
49755,other,47,10
43756,other,26,7
36700,other,13,1
43165,other,52,9
8988,other,30,3
1301,other,7,2
12617,other,99,9
19163,other,27,2
57204,other,25,3
32330,other,64,3
63057,other,27,4
41427,other,21,4
44400,other,35,1
40335,news,20,6
20001,other,21,2
5001,social,15,3
68928,other,118,26
44170,other,41,17
8142,games,51,5
31969,other,33,6
71369,other,53,14
50472,other,31,7
31250,other,44,10
9370,other,68,17
36171,news,28,1
50678,other,80,3
589,other,33,9
65612,other,12,2
29993,other,51,10
49189,finance,7,2
32541,other,38,5
43629,other,24,6
64695,other,14,1
43791,other,72,11
45272,other,22,2
42528,other,25,6
56893,other,12,2
47246,other,39,7
30025,other,65,13
41495,news,46,7
63862,other,38,2
11097,other,36,8
34592,games,70,15
32222,news,27,5
54589,other,22,1
17369,other,30,5
37680,other,48,21
48564,news,10,2
30530,other,25,5
6258,other,25,6
69283,other,51,9
57978,other,46,5
67492,utility,89,14
55548,other,49,13
51549,shopping,16,2
11749,other,125,19
49388,other,55,8
41477,other,17,8
27786,utility,126,21
5336,other,24,5
61718,other,8,3
61294,food,16,4
48220,other,31,4
48149,other,63,10
25238,games,29,11
57718,other,24,3
13416,social,43,9
48550,other,32,13
41853,other,29,4
21517,other,17,4
44719,utility,45,9
51533,other,24,7
7510,other,18,5
50909,other,17,2
61195,other,17,1
65527,other,44,7
35324,other,13,2
19928,social,49,12
64248,productivity,25,1
55008,other,37,7
26223,utility,127,23
12094,other,45,10
47841,other,68,21
56384,other,57,10
17387,other,77,16
22865,other,43,6
11241,other,81,16
39322,other,17,6
30921,other,25,2
37843,other,54,14
20178,other,42,4
37461,other,18,5
55703,other,6,1
23690,games,40,6
37285,utility,19,2
43274,utility,111,1
72155,food,58,15
50371,utility,48,11
70676,other,82,21
41287,other,63,14
67535,other,16,4
65983,other,38,7
58674,other,36,9
58119,other,68,3
14145,other,78,20
56703,other,49,4
19229,utility,31,3
44362,other,23,4
23923,other,29,8
47108,other,48,19
31785,utility,21,3
53816,other,6,1
41724,other,38,4
44797,other,74,1
35115,other,49,8
30925,other,28,1
21693,other,48,22
40498,other,29,6
70096,other,19,7
4532,other,43,6
32922,utility,59,13
4618,other,63,3
33688,other,24,9
54711,other,110,17
60998,utility,26,1
67210,other,30,6
8249,other,49,1
55009,social,20,4
52526,other,9,3
72063,other,123,21
55925,other,40,6
27717,other,92,21
50282,other,57,5
42123,food,18,5
22953,other,46,6
26491,other,23,5
28714,other,31,11
46926,games,17,1
2995,other,28,3
25071,news,34,6
29891,other,30,6
60944,other,58,9
29358,other,25,11
56652,other,48,12
2392,other,61,16
55686,social,7,1
56658,other,56,4
42464,other,115,23
31159,other,18,2
41814,other,14,2
33341,other,89,36
47085,travel,62,16
71520,travel,97,11
71593,other,18,4
62498,other,10,2
57733,other,46,1
28324,productivity,138,53
29286,other,16,1
18162,games,35,3
47898,news,17,1
54759,other,42,28
45988,other,26,7
35294,other,21,7
691,other,103,11
36269,other,16,2
64027,other,76,16
8441,social,57,19
992,other,90,20
63096,travel,26,4
19823,travel,19,2
29445,other,19,5
12810,games,12,2
7904,games,12,1
57262,other,35,14
15295,utility,19,1
33192,other,33,14
70895,other,33,7
39408,other,72,11
53388,other,67,10
27161,other,28,1
59415,other,81,12
41767,other,108,16
24344,health,17,2
2358,other,62,8
64670,other,26,3
8443,other,8,3
28178,other,39,14
71478,other,98,10
47190,social,7,1
56109,other,60,14
2821,other,97,25
19179,other,15,4
17346,utility,57,11
5063,other,36,7
59001,other,77,11
48762,games,24,5
26043,other,19,4
26240,other,39,8
13369,other,134,37
54335,other,34,4
69671,other,13,3
45192,other,45,8
25120,other,23,3
52124,social,20,4
25611,utility,32,5
13490,other,54,18
16699,other,50,6
37483,other,68,12
32150,other,24,1
57467,other,88,4
4134,utility,36,7
16726,other,36,10
55036,other,18,5
60919,other,39,10
19191,other,29,6
1031,utility,32,3
46442,other,16,3
9731,other,24,5
20655,finance,61,3
37067,other,63,9
53164,news,64,13
907,other,43,6
6796,other,348,22
41558,other,26,2
41670,travel,14,4
53024,other,20,3
23396,utility,48,6
59954,other,38,2
29253,other,26,1
31452,other,36,15
29132,other,155,13
8826,other,53,14
13949,other,31,4
69839,other,30,6
60797,other,9,2
16001,utility,19,1
5313,other,71,3
47937,other,26,6
25574,other,77,17
45485,other,35,10
58855,other,140,15
57822,other,17,2
66124,other,14,2
12488,other,31,8
70172,other,48,10
70737,other,38,12
8329,other,31,4
37785,utility,130,26
68203,other,20,6
65294,other,17,2
21877,other,35,17
70622,other,27,9
12409,food,36,19
652,other,8,2
36436,other,28,12
62035,other,13,2
42880,other,37,6
22587,other,56,15
59515,other,33,2
67503,shopping,27,6
71021,utility,21,3
29386,other,30,3
67792,other,28,1
125,other,59,1
10617,other,25,2
29942,other,28,5
47559,other,30,8
49775,news,20,6
17222,other,18,2
71191,other,70,11
32462,other,33,10
29072,other,20,4
40179,news,14,3
52346,other,38,15
45995,other,10,4
44723,utility,103,15
42789,other,20,9
68664,other,25,9
1896,other,79,13
66169,other,50,8
4343,utility,184,8
41041,other,92,18
28288,other,11,1
22987,other,37,9
63370,other,37,11
17562,other,18,3
32189,other,26,5
71759,other,77,5
58355,utility,44,9
40450,utility,37,9
5289,other,33,1
27210,other,14,2
57543,social,9,1
2258,other,47,9
10930,other,23,5
58721,other,23,4
32585,other,31,18
62204,other,22,3
2973,other,36,2
47548,other,49,13
8194,news,20,3
60053,other,18,1
23008,other,20,6
21856,other,24,1
50340,other,71,14
66487,other,16,5
52171,other,32,3
69180,other,70,9
36982,other,18,2
64613,other,45,27
38420,other,137,18
44156,other,37,12
31965,other,11,1
15802,other,71,16
36669,other,94,11
5430,games,52,2
16388,other,102,8
22494,productivity,28,4
19387,other,95,21
71533,other,28,6
31679,other,8,1
26595,utility,19,6
10454,other,26,3
27493,other,41,9
35541,other,23,3
25809,other,10,1
3968,other,28,5
59822,shopping,42,8
27881,other,87,23
3211,other,10,3
30156,other,68,13
48489,other,96,6
57805,other,23,4
47860,games,6,1
10763,other,27,7
27541,other,58,15
53210,utility,67,17
34033,other,40,5
55894,other,66,11
25855,other,98,4
14136,other,29,6
54212,other,89,17
17907,other,83,10
40884,finance,75,9
30469,other,9,1
20771,other,16,1
36977,other,19,2
55425,other,54,15
43318,other,14,3
70837,other,15,2
69049,other,105,21
68563,games,73,16
56572,utility,54,2
60865,other,25,3
3075,other,48,10
8108,other,71,10
17856,other,42,5
52170,other,35,4
7040,other,27,10
29730,other,16,2
34544,other,74,4
50565,social,20,2
24822,other,84,8
24713,news,35,9
1892,other,83,4
41713,other,9,2
20337,other,28,5
40216,other,9,3
5944,other,21,5
49979,social,7,1
34912,social,7,1
37639,other,54,16
56469,other,13,2
46358,social,38,9
7014,other,85,16
4124,other,29,3
60059,utility,38,8
45627,other,137,6
62938,shopping,172,26
53953,other,21,6
64513,other,25,5
24662,other,46,13
60338,other,10,1
2656,other,12,4
54982,other,63,9
59880,other,15,2
4932,news,8,1
67555,other,32,1
9349,other,28,9
15468,other,20,2
44799,other,33,3
39680,other,44,14
44959,other,28,2
56586,news,14,4
8524,other,58,3
15237,other,37,9
70467,other,117,52
4732,other,39,5
17534,other,29,4
14113,food,17,3
64723,other,26,4
46262,finance,23,3
6953,other,102,12
43519,games,84,3
23587,other,6,1
4785,food,14,2
45575,other,55,14
20063,travel,15,7
8212,other,31,4
7789,other,43,6
66385,news,64,16
44465,food,13,1
9419,other,32,7
17786,other,135,31
9781,other,83,9
23799,other,25,4
57440,other,36,10
832,other,22,8
42453,other,123,17
16104,other,33,7
69290,other,64,2
43837,other,23,5
39596,other,109,7
63362,other,89,20
13711,other,54,3
4012,utility,51,11
18815,shopping,51,7
44025,utility,38,5
37610,other,21,2
40323,other,51,1
47304,other,35,7
1386,other,89,21
46971,other,130,10
40672,other,56,6
54525,other,31,5
6324,other,51,5
30566,utility,34,4
57831,other,53,16
11431,other,22,4
36356,other,32,1
27042,other,91,14
63904,shopping,6,1
10180,other,40,8
7729,utility,31,3
24632,other,19,5
48211,other,13,4
14891,other,66,6
13009,news,38,8
38165,other,113,19
33064,other,30,1
56376,other,30,5
14269,other,18,5
4586,news,36,6
1402,other,69,4
68992,finance,12,3
14601,other,48,7
41317,utility,26,1
12102,other,60,4
29244,social,19,5
37194,other,92,13
22151,other,112,10
60813,other,19,5
19043,other,30,7
9712,news,19,4
52358,other,59,16
58232,other,16,1
52744,other,107,15
37939,other,54,16
34962,other,33,7
72126,other,40,8
35471,news,29,4
39788,other,75,17
67336,other,10,1
7046,finance,22,8
69766,other,72,5
35155,other,37,12
35035,social,7,1
1537,other,49,8
55157,other,51,11
53790,other,37,9
67646,other,63,8
9698,other,14,4
18884,other,27,4
53202,other,19,5
66737,other,34,13
3328,other,30,4
17931,other,17,6
22053,news,48,11
45611,other,86,8
36178,news,24,3
45,other,16,2
18516,productivity,24,6
58146,other,104,7
24940,other,100,8
6511,utility,43,11
10207,other,13,2
59972,other,61,11
1149,other,55,9
29935,other,26,8
40709,other,60,2
54570,other,17,6
57574,other,40,5
46067,utility,109,7
38190,other,44,9
45246,travel,122,17
3527,games,37,5
64360,other,45,7
25376,games,8,3
26562,other,45,4
40566,other,36,6
3318,news,154,23
20485,other,60,7
28487,other,91,22
22725,other,70,5
67688,food,48,13
57958,other,61,13
60577,other,42,1
17576,other,13,1
12131,other,24,6
63420,other,40,6
53687,other,14,3
37870,other,87,9
50585,other,18,3
6061,other,25,6
68301,other,72,13
68642,other,53,2
11035,other,77,11
26127,other,134,26
23838,other,18,3
14492,other,18,8
16747,other,42,2
49200,other,107,20
1222,other,86,19
39660,other,20,3
49440,other,17,2
5447,other,78,17
56555,other,31,5
675,utility,19,6
13224,other,47,8
26380,health,54,6
58980,other,28,10
12945,other,66,14
36754,other,37,8
39181,other,25,6
2572,other,76,16
45767,other,46,7
8106,other,175,3
5986,other,108,20
66974,other,49,5
61289,other,52,5
13771,other,15,2
19357,other,88,19
4341,utility,240,13
29373,other,33,7
25707,other,12,1
63865,other,21,4
70416,other,31,11
58379,other,14,5
48056,utility,70,9
31272,utility,27,6
48139,other,84,17
49449,productivity,69,8
8537,other,29,1
54510,other,216,44
71608,other,73,8
31422,utility,67,17
25891,news,65,12
30144,other,45,11
67757,other,18,5
7856,other,13,2
53688,other,35,9
44521,games,56,7
24836,other,14,5
375,travel,127,7
30067,other,5,1
28448,games,47,9
9556,social,7,1
46844,other,9,2
4906,food,62,8
68038,other,32,7
58635,other,129,14
70063,other,41,10
21825,other,9,1
51344,other,36,6
54886,games,43,10
38389,news,18,5
46789,other,16,3
42895,other,16,3
13114,finance,29,4
33056,other,44,11
52527,other,30,11
54429,utility,43,6
35384,other,19,6
6190,other,50,20
44732,other,51,11
31262,other,58,11
56117,games,52,17
37668,other,50,11
37149,other,51,14
20020,other,34,11
30030,other,92,22
35084,other,29,1
22438,other,192,40
59861,other,55,17
45652,other,19,3
41412,other,26,3
26145,other,70,18
6605,other,66,10
25101,utility,22,5
30082,other,23,4
66569,news,35,4
56811,other,27,5
19681,other,26,6
63169,other,20,1
40710,other,8,3
70285,other,6,1
13853,social,7,1
47214,other,142,39
37445,other,42,4
37679,other,57,12
46878,social,7,1
45104,other,17,2
18953,travel,30,11
3588,other,37,7
8933,other,41,9
27074,other,69,17
23656,other,19,3
32149,other,40,2
52794,other,16,3
15297,other,12,1
70786,other,31,9
39885,other,14,2
65908,health,94,24
34760,other,73,25
16204,travel,25,10
45514,health,72,11
8780,other,16,4
9932,other,70,20
22845,other,12,1
13428,other,12,2
27985,productivity,124,3
35136,other,175,6
54580,other,64,1
49921,other,29,4
49785,other,19,5
12655,health,68,21
67586,other,37,7
14875,other,8,3
22700,other,60,19
63098,travel,20,7
60328,other,65,4
83,other,33,1
57911,utility,14,2
54435,social,7,1
46974,other,63,7
24574,other,21,5
41788,travel,27,5
24020,news,58,25
67327,food,57,17
69785,other,24,3
32326,other,80,11
30239,other,11,2
69901,other,17,3
11008,other,13,1
24204,other,35,7
22818,other,37,10
59037,other,56,14
17850,utility,87,13
59384,other,117,9
59856,utility,52,12
41758,other,27,6
70250,other,61,15
26249,other,18,2
56075,social,40,11
49888,other,40,9
7136,other,9,1
23727,other,34,4
36414,other,22,4
7033,finance,32,6
26046,other,235,36
4655,other,186,37
31517,other,78,12
61253,news,6,1
28980,other,14,2
35354,other,35,13
40936,news,17,4
45362,other,19,5
52914,other,22,4
34016,other,49,14
7802,other,70,8
71417,utility,61,13
34039,other,34,2
43995,news,42,5
68246,other,51,3
42996,other,13,1
40921,finance,16,4
16597,other,17,2
62988,other,26,4
57779,utility,50,8
839,other,45,14
60324,games,14,1
65436,travel,20,2
31389,other,12,5
70244,other,13,2
23644,other,108,23
34739,games,21,4
30864,other,34,6
37521,other,10,2
13042,other,23,10
47222,other,18,3
66995,travel,34,6
24850,social,7,1
59023,other,64,21
19787,other,35,11
1107,finance,38,3
71428,other,9,1
46624,other,51,6
48586,other,20,2
48261,other,29,7
57630,other,47,3
37742,games,19,1
29741,other,54,12
20283,other,58,12
23198,other,17,4
32124,other,42,3
25398,food,130,37
35303,other,30,11
47674,other,17,1
65011,other,63,11
26444,news,21,6
43118,other,44,4
46460,other,97,15
53274,other,29,5
5531,other,61,9
32611,other,23,1
27214,other,14,2
60435,other,17,2
64243,other,8,3
42441,other,12,2
57849,other,5,1
8082,other,21,1
58915,other,22,4
42575,social,7,1
40578,other,25,3
21347,travel,19,5
58455,other,61,15
62471,other,13,2
33561,other,14,1
21439,finance,15,2
19347,food,88,24
57649,shopping,65,8
46196,other,24,1
42422,food,35,6
22449,other,17,3
70446,other,18,2
68670,other,63,8
4592,news,56,9
52376,news,56,6
13919,other,89,22
44701,other,37,2
12234,other,72,14
65387,utility,78,14
65880,other,68,8
14979,other,31,7
64001,other,11,2
7355,other,36,8
13213,other,18,3
60494,news,44,7
10411,other,28,6
37422,utility,55,11
19192,other,20,5
6561,other,76,17
51643,other,30,1
25523,other,47,10
1454,other,34,7
56787,other,47,7
20153,other,35,3
1061,other,67,3
2469,other,25,4
43533,other,21,1
40278,other,38,9
34889,social,14,1
14031,other,43,13
7827,other,184,32
52108,other,22,2
5415,games,106,5
5068,other,44,3
70137,shopping,106,27
8288,other,38,7
53631,other,18,1
42396,other,33,8
11040,other,69,12
10426,travel,49,10
45264,other,49,12
72062,other,20,2
37356,other,33,5
10788,utility,7,2
11101,other,54,14
45032,games,29,6
57765,other,34,11
28420,other,8,3
45520,other,28,5
29219,other,16,1
11127,other,46,11
43299,other,12,1
63656,other,18,1
56211,other,8,3
54601,other,33,4
38623,other,35,5
63192,other,93,18
69949,shopping,15,3
22109,shopping,35,2
17197,utility,66,6
70514,other,34,7
16457,other,23,10
44728,other,26,6
200,social,61,17
71151,other,16,3
22933,other,18,5
50915,other,26,7
44856,other,18,5
26872,news,58,9
63826,utility,14,2
33697,other,34,9
27901,other,25,1
62469,other,20,4
36430,news,13,1
15294,other,20,3
3488,other,29,7
37013,news,53,21
40455,utility,38,9
47370,other,52,8
26287,other,31,2
56173,other,19,5
25131,other,81,4
30036,other,23,5
5526,other,30,8
64677,other,29,4
65952,other,64,6
15391,other,16,1
53215,utility,31,3
6661,social,15,1
52985,social,45,2
60197,other,44,10
1210,travel,92,8
16273,other,34,6
36969,other,11,3
35269,social,33,8
71117,other,63,21
46586,other,43,13
41577,other,39,12
8341,other,31,7
52048,other,15,1
10634,other,18,5
56529,other,81,3
21582,other,35,7
15518,other,17,5
43150,finance,76,18
65791,other,59,2
38833,other,70,18
52635,games,52,16
7493,other,8,3
32225,news,28,3
47426,productivity,19,6
66594,news,46,16
16386,other,33,6
69029,games,18,1
44958,other,76,2
70594,other,115,7
12840,other,18,1
25382,other,8,3
2418,other,105,25
69434,social,8,1
67239,travel,50,1
55863,games,90,29
68549,other,14,3
47487,other,19,3
41546,other,74,19
28176,other,39,14
13094,other,27,8
14980,other,52,9
55283,other,70,6
28808,other,5,1
69315,social,6,1
7284,other,32,12
47281,other,25,6
53538,other,93,3
12172,other,37,3
9362,games,29,10
66130,other,57,5
30988,other,15,1
11036,news,24,5
8065,other,23,3
48775,games,12,2
19671,utility,48,7
5973,finance,46,1
64180,shopping,104,20
57151,other,28,10
64193,other,28,4
36513,games,20,3
15150,other,26,1
29996,other,30,5
20956,other,20,6
47307,other,13,3
26115,other,48,5
4748,utility,64,19
6510,other,31,11
66056,other,40,15
35927,games,31,6
54784,other,44,16
69145,other,36,7
45821,other,29,6
32252,other,51,12
35558,other,10,1
59936,other,47,2
58923,social,7,1
19346,food,35,6
62189,social,28,4
5563,social,7,1
57902,other,31,2
15257,other,44,3
43207,other,68,9
59298,other,9,1
33162,social,7,1
13589,other,20,5
16540,other,103,24
39069,other,34,7
2557,games,10,1
65360,other,10,2
15094,other,22,8
32819,other,58,8
49945,other,5,1
60815,other,18,3
50519,other,35,13
49307,news,34,5
36419,other,46,7
61127,other,32,2
31872,other,10,2
1196,utility,16,4
51878,shopping,15,2
28316,productivity,41,12
61757,other,81,20
39931,utility,26,7
42577,other,29,7
25279,other,42,6
33786,other,50,10
46608,other,23,6
35021,other,19,2
38708,utility,47,11
22551,other,43,17
54943,other,17,1
48704,other,52,8
53718,other,84,15
35317,other,102,24
15739,other,37,2
6101,other,34,7
50831,other,50,14
29752,other,75,15
62661,news,28,5
26488,other,31,7
57175,other,99,9
14921,other,63,11
15479,other,96,16
27952,other,55,15
20428,other,64,8
35312,travel,20,1
57085,utility,47,11
6178,other,9,1
51862,other,26,6
20430,other,22,2
58919,other,18,2
35960,other,14,1
31126,finance,93,18
34116,other,35,5
17161,shopping,39,5
16142,news,45,12
10311,social,5,1
9399,other,28,8
39551,other,107,11
34069,other,36,8
60305,other,47,1
28089,other,38,3
16854,other,44,4
1885,other,19,2
15860,other,51,8
22653,other,34,10
38648,other,22,3
39807,other,8,1
4686,other,65,6
46717,other,18,3
43973,other,18,2
37136,other,36,9
1692,other,29,6
11726,news,12,2
16012,other,25,3
33664,games,53,20
46687,social,7,1
16247,other,38,7
49389,other,93,3
49456,other,42,8
61812,other,37,8
31741,games,32,9
66973,other,77,22
35644,news,21,4
10821,other,80,21
29538,other,20,2
7952,other,35,1
35831,other,53,11
61493,other,13,2
15656,other,36,5
57945,other,30,8
69426,other,36,1
47014,other,92,18
69672,games,7,1
26259,other,79,6
47805,news,135,28
44513,other,13,2
21458,travel,21,2
55364,other,44,9
35358,other,50,15
21453,travel,26,5
19275,other,9,1
28011,other,30,7
30105,other,70,12
27982,other,19,5
42739,other,24,1
71041,other,15,1
14239,news,17,3
21284,food,41,7
3891,games,63,23
28506,other,55,9
37983,other,19,5
30022,other,24,9
42126,food,77,12
61703,other,25,3
1515,games,54,14
34144,other,37,6
26825,other,81,12
26496,other,8,2
57687,other,52,5
51278,social,7,1
42905,social,7,1
49193,other,31,9
50689,other,28,3
23153,news,17,3
40387,other,19,1
17193,health,34,9
19047,other,79,14
30329,other,36,15
10436,social,28,4
36341,other,46,2
32281,other,39,9
65553,other,11,1
50957,other,61,13
35306,travel,49,10
63063,other,27,4
66878,utility,19,2
32100,other,11,1
39259,other,19,5
32441,other,14,5
7245,other,58,13
63842,other,29,6
64373,other,21,2
66690,other,26,4
53054,other,86,13
4923,other,51,13
19093,other,83,15
30063,other,38,1
7120,other,41,8
49802,other,40,7
56047,other,50,9
23489,other,7,1
41763,other,50,11
9512,other,25,4
22000,other,17,2
36510,other,31,5
31292,other,83,9
2951,other,30,4
58604,other,30,3
56027,other,34,6
51791,other,59,6
42601,other,11,1
48042,news,53,2
61663,other,48,10
26238,other,74,5
31843,utility,47,3
35060,other,25,1
28803,other,33,7
63906,shopping,83,16
61903,other,57,8
36170,news,45,1
34379,other,52,3
17637,games,49,13
47300,games,14,7
23418,other,29,11
49094,other,61,10
4614,other,14,2
22148,other,20,3
9779,utility,46,10
60715,other,24,7
8544,other,25,4
11766,other,5,1
58107,other,15,4
40626,social,7,1
56871,other,35,11
24066,health,45,7
39151,other,18,1
62636,other,53,5
29502,news,30,5
64885,social,12,3
55898,social,7,1
14610,other,29,5
64069,other,17,7
65948,other,97,12
62512,other,30,8
62476,other,20,4
3721,social,53,16
54538,utility,70,4
71025,other,15,3
19297,news,11,1
51817,news,133,10
30217,other,67,14
26209,other,111,15
26889,other,35,6
53594,other,12,2
20422,travel,36,5
57331,other,18,1
9700,other,70,1
62101,other,41,10
35125,other,19,1
14953,other,27,1
39825,other,17,2
4945,other,13,2
41777,news,9,1
48475,other,28,5
36667,other,41,11
45407,utility,17,2
43587,other,34,5
67337,other,18,1
55801,other,13,1
37811,other,12,4
46015,other,14,1
12439,other,18,5
62201,games,25,9
34032,other,22,6
56450,other,35,12
69071,other,37,9
63601,other,84,50
45590,other,57,15
8658,other,35,8
52138,other,54,12
70249,other,33,7
15673,other,21,4
17354,other,12,3
7961,news,18,2
26605,other,75,4
53500,other,43,11
54021,news,50,8
33731,other,17,4
21231,other,18,1
52811,other,25,6
50443,social,63,16
12949,travel,36,4
47264,other,15,2
52665,other,28,3
54809,other,97,18
52796,social,16,4
36597,other,92,11
59756,other,21,2
32244,utility,6,1
8924,other,88,20
38616,other,12,2
17121,other,37,12
10708,other,57,18
71066,other,41,12
27331,other,19,2
24896,other,32,9
43856,travel,56,17
59382,other,29,9
44369,travel,59,6
46920,other,19,5
48354,other,32,4
55524,other,62,7
48003,other,25,7
24835,food,83,10
39619,social,21,7
34942,news,45,19
36053,finance,34,6
40713,news,93,13
61021,utility,29,3
54935,other,25,5
48871,other,21,4
557,other,14,5
8605,other,19,2
20137,other,14,3
33109,shopping,64,12
11622,other,96,7
42015,other,24,6
17022,news,24,1
29756,other,28,1
37647,health,33,9
15748,social,7,2
17776,other,70,14
64888,other,62,12
58293,utility,27,4
19496,other,70,9
33312,other,38,6
30803,other,51,12
32970,other,26,13
40237,other,48,4
61802,other,71,16
23896,other,34,8
70756,travel,61,9
42026,other,128,17
33310,other,193,11
41586,food,36,11
16537,other,62,8
39134,other,18,1
57753,social,46,10
56145,games,70,13
4005,other,33,6
31273,other,40,8
14486,other,138,10
30053,other,50,8
12972,games,21,1
63467,other,53,8
57024,other,38,8
17712,travel,51,12
11481,other,92,16
66039,other,174,11
70563,other,19,5
52870,shopping,17,2
71502,other,37,5
54790,other,78,14
62790,other,14,4
21094,other,25,4
58977,other,23,2
26331,other,123,9
44202,other,34,6
21781,social,117,58
46539,travel,11,1
20796,other,25,4
32207,utility,30,9
47033,travel,29,10
38334,other,83,11
40652,other,73,11
25549,other,86,10
6264,other,21,5
36952,other,73,6
51578,other,16,4
22475,other,36,10
22591,games,10,2
52297,utility,26,3
53482,other,76,19
38726,food,135,38
36331,utility,65,5
11933,other,7,1
58771,other,8,2
50533,other,181,18
68263,other,15,3
23267,other,18,1
39868,other,119,14
49092,social,7,2
38563,other,24,1
35904,other,21,2
10267,other,30,6
56642,other,23,3
24406,other,60,5
23820,other,18,1
28667,other,61,19
59734,other,20,4
56585,news,30,1
63364,other,108,13
62533,other,65,18
1417,other,111,12
9927,other,8,3
16825,finance,113,26
62755,other,17,4
67484,other,6,1
4559,other,27,2
22627,utility,31,3
34427,other,81,18
31849,other,18,2
23252,productivity,13,1
40369,other,26,3
17641,games,49,13
27591,other,21,2
54390,productivity,53,12
66909,other,46,7
42503,other,100,20
44931,other,59,8
52196,other,61,4
309,other,106,23
49391,social,7,1
35893,other,103,15
50361,travel,19,1
36140,other,109,21
48773,games,13,3
17658,other,21,2
33289,other,73,8
3355,other,98,12
65803,other,61,10
70726,other,32,11
5073,games,27,1
21654,other,18,1
63717,other,9,1
54576,other,27,4
56716,other,31,7
62839,other,36,8
29881,social,7,1
50556,utility,28,6
48967,other,95,4
1566,other,69,18
54475,other,35,13
18944,other,58,10
30880,other,59,6
17885,other,55,10
26001,other,168,29
8691,news,59,7
17829,other,52,13
22386,other,22,7
7338,shopping,25,8
55933,health,20,4
19446,other,71,9
43865,other,25,2
35882,other,34,9
37808,other,11,4
49357,other,18,2
19216,other,68,13
8282,shopping,6,1
3555,other,33,8
38108,other,19,5
22552,other,38,13
9569,finance,69,2
51972,games,15,2
45619,other,52,7
55932,other,9,2
52702,other,45,8
21697,other,16,1
46728,other,33,12
21263,shopping,102,15
8447,other,38,7
29348,other,38,5
19368,other,43,15
22635,other,45,11
30993,other,21,3
65577,other,18,4
39958,other,77,6
50886,other,64,27
8724,other,33,10
67083,shopping,71,14
34002,utility,20,5
10642,other,109,26
42154,travel,59,9
19116,other,11,4
23128,food,54,15
70939,other,63,12
35564,other,34,6
47163,other,20,6
71860,other,12,3
53175,other,62,14
42856,other,37,2
70657,other,87,12
553,other,44,9
8564,other,62,21
71921,other,50,11
56987,games,54,17
65447,news,60,12
395,travel,73,6
42446,other,137,24
21287,social,6,1
15517,other,59,3
47398,utility,26,2
12038,news,6,1
62525,games,8,3
60284,other,16,2
24798,other,7,1
29553,utility,35,1
1216,other,67,18
28427,other,29,2
25070,news,26,2
45632,other,6,1
29338,other,22,3
21345,news,24,6
61590,other,94,21
40355,other,26,3
47413,other,16,5
59108,other,67,14
71202,utility,91,9
60601,other,31,9
42876,other,46,14
46389,other,10,1
43864,other,30,6
17598,other,51,1
47850,other,67,13
17656,other,23,5
27935,other,41,9
61228,other,44,7
4598,other,13,2
64353,other,19,5
34503,shopping,46,6
45914,other,30,6
64313,utility,46,11
60023,other,18,2
12784,other,31,7
60220,other,69,16
57567,other,12,2
39344,other,89,12
46184,other,85,6
24670,other,11,1
9156,other,33,7
16865,other,45,6
58684,other,28,8
64805,other,99,34
71416,other,59,4
59671,utility,23,2
26564,other,54,2
29897,other,88,8
67663,games,104,22
12132,other,49,8
7643,other,32,3
27618,other,26,3
33328,other,140,19
70714,social,7,2
63921,other,155,26
15818,games,32,6
39188,other,18,5
67069,other,36,3
17855,other,15,4
61261,other,43,7
63578,other,10,2
25894,other,29,7
2408,other,28,5
63506,other,17,1
58786,other,75,23
48829,other,19,1
5562,health,56,11
33456,other,40,5
66787,other,82,7
57021,other,23,6
503,other,10,1
51784,other,21,3
38449,other,66,11
21192,other,9,1
50658,other,23,1
193,other,32,6
61840,other,68,6
23873,other,42,3
63701,news,44,2
2390,other,7,1
63147,utility,84,9
13960,other,13,2
47694,other,19,4
33468,other,19,5
45269,other,58,14
28859,news,68,9
49384,other,57,9
45707,utility,32,10
21385,games,52,19
31681,other,20,4
56601,other,13,3
29586,other,74,16
29377,utility,21,3
47851,other,65,13
27902,other,14,2
66598,other,11,2
44104,other,46,8
69367,utility,21,3
54919,other,67,5
63824,utility,208,14
16378,other,44,3
1906,other,28,5
59583,productivity,59,12
61894,other,31,4
37375,other,15,2
13956,other,40,12
2860,other,43,9
67174,other,102,12
53383,travel,9,1
1849,other,14,3
56438,social,14,2
67117,other,24,2
18867,other,27,6
26691,social,15,2
19807,travel,16,3
57064,other,20,4
31546,other,50,11
64706,news,20,4
26565,other,27,2
60314,social,75,14
65673,other,23,6
54733,other,36,6
36151,other,24,4
42502,other,39,12
19528,other,179,5
48135,other,34,8
51762,other,54,5
280,news,79,5
51459,other,7,2
37539,other,36,2
35007,other,25,4
40020,finance,34,9
15059,other,45,9
51835,other,20,5
62448,other,29,7
68062,other,76,19
60805,other,30,4
16249,other,55,10
36792,other,13,1
44177,other,20,3
59565,other,42,10
28657,other,26,2
56011,other,80,2
6786,other,11,3
34636,other,19,5
40199,games,65,7
42406,other,50,16
31926,other,18,5
48459,other,19,6
10149,other,44,14
67293,social,7,2
61167,other,19,4
6591,other,28,1
58452,other,68,13
16251,other,78,19
58344,utility,154,28
40421,other,9,1
51931,other,15,1
53956,social,7,1
56177,other,48,3
33955,other,54,25
66110,other,7,1
14242,news,48,15
62513,other,34,9
45410,other,12,2
3648,other,77,23
24628,other,43,6
38569,news,17,1
64469,other,22,4
24206,games,72,3
42840,other,49,14
2799,other,13,1
31608,shopping,19,1
64699,news,40,10
29011,other,52,17
32624,other,26,3
46242,other,27,10
48169,other,16,3
18720,social,9,1
47443,other,62,8
66250,other,35,4
42205,other,49,11
62056,utility,20,2
33015,other,28,6
68989,finance,16,3
55145,other,36,8
60362,other,47,2
13207,other,27,2
13055,other,178,34
16656,other,141,21
51356,other,5,1
61778,other,90,10
65230,other,59,10
40493,other,29,4
11074,other,34,16
18321,other,25,11
66576,news,77,7
8303,other,132,5
3934,other,78,16
40307,food,27,3
1004,utility,58,19
38427,other,13,3
23597,other,14,1
55581,other,66,11
69926,other,18,2
18813,shopping,83,3
68199,other,87,5
52991,social,12,2
30151,other,15,2
20726,social,7,1
67639,other,24,5
67783,other,17,1
28359,other,9,2
16264,other,15,1
53273,shopping,15,3
3410,news,14,2
2674,other,51,3
15501,news,84,18
34806,other,54,3
54008,other,54,2
6959,other,140,12
52926,other,118,21
21163,other,78,43
13447,social,37,6
3638,other,22,4
51320,other,22,4
3039,other,41,12
58022,other,107,36
56309,social,33,2
59912,food,103,26
25705,other,28,2
7365,health,28,6
53350,other,6,1
16122,utility,19,2
56581,other,25,5
16375,other,209,15
10065,food,8,3
24309,utility,57,8
41632,other,55,17
15211,games,70,10
70278,games,22,11
49186,other,18,2
25151,other,27,9
44409,other,129,8
54960,other,62,5
39570,shopping,19,2
10618,other,22,6
10546,other,135,32
56073,other,22,6
33005,other,77,12
63945,social,10,1
18080,other,27,7
66740,finance,21,6
38060,food,18,4
55969,other,39,9
1883,other,19,4
41685,other,17,2
14752,utility,19,1
25327,other,18,2
3551,other,19,3
15996,productivity,18,4
58334,other,59,10
6318,other,17,2
16866,other,51,8
16914,other,99,7
30895,other,93,24
789,other,43,7
68119,other,19,2
29994,other,58,20
1917,other,42,3
3549,other,22,5
61116,games,38,7
63692,other,11,2
59786,other,24,10
67643,other,37,8
18893,other,9,2
52361,other,37,6
5479,other,16,4
19588,other,55,12
14566,other,29,5
45135,other,41,7
47268,other,63,3
10570,other,41,9
50301,finance,39,8
52992,social,27,4
21067,other,172,34
3925,other,15,2
3349,games,43,10
5778,health,31,1
24282,food,90,23
51474,other,32,2
59471,news,23,5
20174,other,14,4
37381,other,36,11
50653,other,45,5
55459,other,53,2
39409,other,59,16
66718,other,32,7
24592,other,44,14
1580,other,72,18
6915,shopping,28,3
1672,other,52,4
1935,other,29,7
59742,other,23,3
18240,other,47,20
48931,other,106,9
58280,shopping,7,1
35569,other,84,16
7227,news,13,4
38553,other,8,3
30989,other,92,22
62223,other,41,13
19339,utility,56,9
26579,other,20,4
2858,other,22,3
52618,news,18,3
15613,other,12,1
9351,other,19,5
4663,other,92,17
4965,games,16,2
49585,utility,47,11
71713,games,38,5
50091,food,23,5
29093,other,18,5
61480,other,8,2
55702,other,29,6
1176,other,31,6
65954,social,7,1
65904,health,94,21
53558,other,63,9
67726,other,82,13
30136,food,82,6
23800,other,29,2
44306,other,43,6
5005,other,51,11
9809,utility,53,13
8432,other,37,11
59446,other,44,6
36090,travel,84,10
29762,social,22,1
52761,food,6,1
13642,other,130,12
75,other,36,4
69231,other,8,1
62393,other,26,5
26047,other,38,9
42850,other,9,1
35689,social,17,6
17569,other,20,2
26153,other,40,7
43134,other,51,2
52132,other,91,28
4920,travel,38,8
14765,other,99,67
44965,other,77,7
68621,other,21,6
10805,other,75,10
34142,other,56,6
31114,other,11,2
18817,shopping,34,9
35772,travel,74,17
66770,other,9,2
65380,other,21,6
47584,other,30,5
37969,utility,120,12
34404,other,58,8
46185,other,81,13
55179,other,19,2
21669,other,48,5
8673,other,87,3
41250,other,17,1
60896,other,34,4
14888,other,52,9
111,other,88,15
48795,other,31,6
14506,other,46,14
10912,games,35,8
27579,other,39,7
24491,other,11,2
12672,other,22,3
14032,other,30,8
62114,other,170,39
36495,travel,53,7
70637,other,8,3
292,other,18,2
51507,utility,49,12
57145,other,23,7
43222,other,78,18
60680,other,12,3
71328,other,67,15
9430,other,16,3
56460,other,29,5
36755,other,17,5
70152,other,20,3
5230,other,50,7
8183,social,47,2
45635,other,18,3
50651,other,26,4
20304,other,99,18
28609,social,7,1
15574,other,21,6
3068,other,6,1
70934,other,84,19
43893,other,99,20
23648,other,37,8
63325,other,29,6
205,other,34,9
45559,other,48,2
31894,shopping,47,3
36027,other,16,5
48739,other,37,7
5189,other,7,1
60422,other,20,2
65093,other,71,10
8383,other,19,6
55028,games,14,2
52517,news,65,16
14421,other,26,11
3070,other,13,2
56263,travel,33,9
39092,games,49,2
58278,other,19,3
65867,other,32,8
26005,other,97,35
1387,other,70,13
26365,games,70,14
72059,other,21,1
389,travel,16,1
17771,other,22,6
40116,utility,21,3
5042,other,13,1
50200,other,31,5
13670,other,12,2
72057,other,30,10
54109,other,25,14
5905,other,16,4
53534,other,15,4
58987,other,8,3
21869,other,50,10
1800,utility,44,8
10842,other,66,15
56830,other,25,6
19175,other,74,20
56442,other,29,6
10758,other,125,24
2105,other,88,12
42941,news,33,7
33214,other,8,3
44639,finance,10,2
44275,social,21,5
61722,other,79,19
64307,utility,58,12
5768,other,115,5
27362,social,20,5
2127,other,17,3
34807,other,106,33
18492,social,32,4
59563,other,62,12
61612,health,23,4
67577,other,68,16
28001,other,18,3
58465,other,89,11
68468,other,5,1
17898,other,35,1
60960,other,27,1
69351,other,16,2
11942,other,21,6
3246,other,12,3
9469,shopping,96,14
3855,other,35,9
28235,other,48,17
44697,other,29,9
14275,games,33,5
27626,other,67,15
57125,other,12,2
48089,other,19,5
51441,other,87,12
15158,other,51,15
42926,other,12,4
40229,other,69,4
43862,other,22,2
34082,other,29,6
1370,travel,64,4
43136,other,59,24
66680,other,11,2
47493,news,88,3
21264,shopping,71,14
34552,other,66,10
20618,health,44,6
27081,other,42,13
9322,other,37,1
16894,other,15,1
68996,other,74,28
47923,other,37,9
54608,other,40,10
5780,other,56,20
17727,travel,41,10
25295,other,15,4
58995,other,66,11
43737,other,24,3
8454,other,74,12
12933,other,85,31
66638,other,20,4
66926,other,6,1
10819,other,66,12
26369,games,47,6
13058,other,117,19
41296,other,28,4
34317,news,71,4
8429,other,38,3
20097,games,22,5
22082,other,14,3
66566,other,58,2
1233,other,68,18
46597,utility,20,1
63003,other,52,7
57255,other,46,12
9988,other,56,16
53372,other,35,6
37879,other,21,2
2505,other,31,4
31528,other,17,1
71881,other,87,22
37663,other,110,23
57647,shopping,50,10
31371,other,157,15
2819,utility,42,11
64538,other,90,3
15209,games,21,1
47780,productivity,26,9
34865,social,7,1
18,other,24,4
43287,other,23,5
5456,other,21,6
69474,other,29,6
13501,other,57,3
22113,other,18,2
2497,other,38,5
6308,other,17,6
44188,other,19,4
13054,other,91,25
36674,other,29,2
14597,news,44,13
67813,other,31,6
40859,other,16,1
67114,games,49,1
28934,travel,85,17
61124,other,40,1
65760,other,13,2
30731,other,37,8
70225,games,8,2
15782,other,21,1
46611,other,15,2
40320,other,79,15
10540,news,105,12
34626,other,23,5
23478,food,35,4
29518,other,19,2
47299,news,26,6
61818,other,26,2
30283,games,30,1
58913,other,38,2
51116,other,73,11
26248,other,23,4
40775,games,51,11
34588,other,46,11
49062,other,67,10
42754,other,25,5
61037,other,29,3
61278,other,35,6
23146,other,30,7
58436,other,38,8
69384,other,57,14
46197,social,7,1
6025,other,15,2
62530,games,26,6
26404,other,16,3
20126,utility,62,9
10410,news,27,4
37264,other,6,1
11582,other,185,37
806,games,64,5
45882,other,29,3
33198,other,7,1
52,other,16,3
65418,games,17,1
55934,other,53,14
67843,other,15,2
70429,utility,46,10
69914,other,28,5
10088,other,115,6
60158,other,6,1
70519,other,19,3
35073,other,72,15
66029,other,59,13
58813,other,29,9
7067,other,66,11
9727,travel,17,1
16981,games,10,2
23786,utility,197,10
45094,other,17,1
25979,other,13,2
7384,other,22,4
42673,other,83,22
13993,other,19,4
19540,utility,52,6
57083,utility,60,14
28775,other,29,7
16244,other,50,12
12924,travel,26,2
25525,other,59,9
69195,games,24,4
65802,other,66,12
44428,other,60,11
37469,utility,20,6
56403,other,48,14
69077,games,23,1
34845,shopping,46,15
40422,other,56,7
5945,other,15,2
15669,other,14,2
48370,other,35,6
16399,other,84,29
43515,news,149,11
18916,other,6,1
52076,other,62,8
64130,other,17,1
36257,games,57,20
15011,other,123,6
9026,other,17,2
4755,other,92,8
71682,games,20,2
38929,other,37,10
53829,other,25,2
18728,other,61,10
25884,other,20,2
29524,news,21,4
27507,news,19,2
6616,other,47,12
31024,other,40,5
62851,other,122,15
71758,social,9,1
56396,other,114,25
64921,other,18,3
58644,other,95,11
31865,travel,41,5
31220,utility,18,7
4007,utility,108,21
2823,other,37,9
25674,games,26,5
15001,other,121,10
23619,other,84,12
19092,other,79,11
61540,other,8,3
60883,other,24,4
48635,finance,10,1
1733,other,24,6
20500,other,18,3
17102,utility,57,6
21095,other,28,9
39867,other,31,8
40924,news,72,18
30941,finance,121,15
37043,other,44,13
18089,other,30,8
45531,other,101,20
33959,other,37,17
60894,other,17,4
23940,other,20,3
7663,utility,83,11
30576,social,18,3
40732,other,36,4
27755,other,35,5
66257,other,20,1
18028,other,15,1
16072,other,47,14
20636,other,58,8
63282,games,51,7
55424,other,51,15
30301,food,67,14
64579,travel,41,7
56640,news,56,10
56151,other,129,13
49808,other,25,9
12701,other,46,6
7957,news,32,10
65182,social,7,2
66511,other,54,12
31956,utility,26,6
19964,other,60,7
16123,utility,135,7
57050,other,10,1
26604,other,43,3
33781,food,80,5
36374,social,15,1
44038,other,10,1
13242,other,70,14
54792,other,94,14
2997,other,50,6
2743,other,48,2
64138,other,19,5
21745,other,37,3
12050,other,14,2
8817,other,61,6
66393,travel,30,10
40035,other,26,8
46794,shopping,59,5
59460,other,18,5
46426,shopping,59,11
26701,games,67,4
16347,other,30,5
40651,other,55,8
8932,other,117,29
8636,other,8,3
62395,other,31,9
19337,utility,57,8
18134,other,59,11
10794,other,23,6
14108,food,23,5
64826,other,38,10
61602,travel,52,12
24914,other,14,2
6976,other,59,14
23316,news,18,4
64393,other,8,3
71826,other,98,23
34830,other,23,6
55442,other,55,12
51611,other,48,19
52622,news,13,3
15600,games,57,15
48480,other,9,2
4872,other,85,7
27337,other,20,2
63629,other,37,14
15020,other,55,14
11433,other,63,11
14312,other,16,3
23294,other,57,25
69506,other,51,13
52750,social,36,7
39473,other,31,2
6341,other,37,14
18601,utility,97,12
16173,other,17,2
7894,other,41,4
943,other,33,6
63375,other,27,1
32241,utility,25,1
71892,other,34,3
12850,other,82,13
40588,other,122,4
13361,other,54,14
21332,other,18,3
47922,other,35,8
38788,finance,14,2
64249,productivity,27,15
57919,other,18,4
36298,other,5,1
42925,games,22,1
11950,other,28,8
70101,other,17,7
55196,news,44,2
38351,other,24,1
21671,other,20,2
33666,other,19,5
2440,utility,8,2
22639,other,38,11
28436,other,32,2
28777,other,49,6
39633,other,7,2
68283,utility,16,1
19984,other,76,14
12285,other,94,16
70513,other,25,1
50871,other,13,6
50706,utility,32,3
26448,other,64,14
52829,other,69,7
8229,social,20,4
43093,other,23,7
37399,other,28,2
68244,other,45,3
46463,other,14,3
41764,other,63,7
14065,news,36,5
15887,other,22,4
28772,social,5,1
35507,social,106,7
7792,other,16,3
9523,health,65,9
71526,other,34,3
52469,utility,72,12
68356,other,183,37
62605,travel,28,6
44818,other,85,9
2666,other,47,10
51647,other,26,8
62948,other,30,4
46016,other,15,4
62464,other,40,9
11289,other,23,8
35472,news,49,2
6166,other,19,2
72139,other,55,17
34007,other,24,8
41805,other,18,3
46072,other,27,6
61631,shopping,27,2
42158,other,122,17
33033,travel,24,1
70397,other,11,2
43308,social,20,4
31516,other,32,5
35877,other,49,10
28136,other,19,3
22141,other,77,10
11714,food,79,17
31270,other,47,7
494,games,16,3
24706,other,61,9
1194,utility,51,4
7161,other,11,1
63505,other,53,16
6145,other,113,4
2885,other,7,2
1391,other,10,1
6336,other,56,7
41291,other,18,2
45033,other,31,12
33907,news,32,5
60660,other,20,5
48583,other,69,22
25607,other,31,5
20765,food,71,14
16695,news,45,6
26583,news,77,12
53453,other,72,13
26158,social,21,5
27854,other,43,1
45364,other,59,6
63895,other,37,8
62234,travel,82,20
58749,utility,56,21
13728,other,26,6
60477,travel,37,13
24730,games,36,7
9068,other,146,19
65869,other,78,13
62616,food,12,2
71136,finance,18,2
33719,news,6,1
8982,other,56,11
65783,other,57,2
21736,other,37,4
21897,other,6,1
25870,other,26,4
49110,other,52,8
31217,utility,29,7
7774,food,41,13
58815,utility,36,9
56198,utility,42,8
3399,finance,41,9
49053,news,150,22
11870,other,24,2
56566,other,40,3
56386,other,28,10
33531,other,39,2
4754,other,17,2
47287,other,14,2
19523,other,18,4
47257,other,34,7
7639,other,48,14
7378,other,32,7
63486,other,24,4
8876,other,116,13
42685,other,9,2
45919,other,24,5
30622,other,28,1
2186,finance,24,2
42563,food,6,1
12531,utility,19,3
16055,other,17,3
7669,games,12,2
25599,other,22,6
49699,other,41,1
24694,other,33,7
11315,other,35,8
70941,other,54,8
41701,other,25,4
70175,other,17,2
70852,games,79,14
50534,other,8,3
23534,other,25,9
63210,other,42,2
18714,productivity,17,2
32828,other,11,2
57442,other,25,6
2199,other,13,2
62963,social,16,7
65727,other,42,7
9241,other,73,8
31678,other,17,4
13973,news,46,7
11440,other,14,2
19924,social,58,15
4875,other,103,11
5664,other,44,22
1948,other,42,10
61180,other,117,17
17449,other,143,11
69958,other,8,3
44847,other,24,1
66761,other,42,13
34371,other,41,8
14860,other,22,2
34910,other,46,12
56630,other,33,7
7577,other,23,7
36332,utility,66,4
48714,other,43,14
1677,other,31,8
32552,other,56,8
71199,social,20,4
31579,other,171,27
19111,other,12,1
7211,other,50,10
8232,other,55,10
39055,shopping,26,8
62271,other,189,22
52204,other,18,4
42336,other,24,8
52941,other,29,6
31174,other,20,7
21767,other,12,1
70986,other,144,33
47188,other,75,14
55940,other,47,9
68684,social,7,1
5051,other,31,6
61977,food,41,9
3385,other,56,10
24975,other,10,2
54076,games,26,7
48894,other,34,7
6377,other,22,3
21847,other,27,1
35211,other,28,12
30470,other,28,9
58532,other,112,14
55576,utility,55,15
2970,other,23,1
7127,other,13,2
22007,other,22,5
58204,productivity,36,10
10108,other,29,6
56472,other,53,5
47858,other,87,19
36080,other,14,3
66150,travel,41,7
60923,other,30,7
4753,other,15,4
72182,other,21,3
22304,other,43,8
7702,news,30,10
3123,other,97,24
6337,other,37,2
50366,utility,184,10
24826,other,19,3
5224,other,86,18
47406,travel,20,2
16991,other,27,7
42928,other,6,1
19389,other,36,5
32218,news,26,5
59290,other,15,1
15204,games,15,3
9662,other,52,20
33220,food,65,9
31343,news,50,11
21325,other,46,9
52015,utility,25,4
6840,other,52,8
15958,utility,46,8
71706,travel,10,5
5691,other,87,21
54347,other,37,5
70484,other,65,15
71294,other,32,6
6849,other,38,2
32503,other,22,4
39673,other,22,6
10760,other,68,17
9487,news,66,9
24068,health,73,11
9388,other,19,5
55917,news,46,10
14525,other,85,2
33447,other,71,12
27174,travel,25,6
61979,food,24,8
17273,other,14,2
57655,other,25,8
10077,other,40,4
13192,other,65,19
35691,social,8,3
39138,other,31,2
58444,other,24,6
37896,other,93,20
9033,other,74,8
6835,other,18,1
37527,other,15,2
42736,other,70,10
68166,shopping,16,3
35232,other,22,6
33492,other,49,15
46164,other,233,18
35017,other,95,12
16805,other,66,32
64725,other,74,13
41793,other,44,3
62081,other,36,9
66993,travel,103,17
48176,other,39,6
5305,other,38,4
60113,news,16,2
55494,other,64,6
25115,other,19,4
9907,other,33,2
39976,other,101,19
14935,other,139,8
62732,utility,41,7
65818,other,69,3
1221,other,97,17
29723,other,22,5
11323,other,10,2
31261,other,67,11
27515,news,64,21
17034,travel,68,15
7666,utility,31,3
32892,other,25,7
21494,other,50,1
68571,utility,46,8
35024,other,63,8
20856,other,60,11
58406,other,78,9
15021,other,79,12
46226,social,34,5
69245,other,34,8
70236,other,26,7
32637,other,31,10
49206,finance,43,5
50505,other,58,9
68933,other,108,25
42013,other,26,2
56629,news,45,12
12046,other,37,7
38669,other,15,2
53208,utility,321,13
21132,other,19,5
50075,food,40,5
68693,food,21,2
38850,other,17,3
20605,health,41,6
1358,other,31,6
16796,travel,41,11
32213,other,12,3
23806,other,29,8
22815,other,26,4
37218,other,47,9
8931,other,29,5
46672,other,19,6
57756,other,13,2
58279,other,74,4
45795,productivity,21,4
27770,other,65,10
53711,other,30,10
28886,other,22,2
29879,other,59,14
25932,other,53,6
16432,utility,17,4
13297,other,14,1
36169,other,16,2
47795,news,24,5
46385,other,48,8
65444,other,88,20
42598,health,47,9
20364,other,12,2
13639,other,78,19
34127,other,71,6
10228,news,72,7
38415,other,48,8
15880,other,65,15
29701,other,39,8
64406,games,48,7
53803,other,28,7
51280,other,56,15
49598,travel,28,3
41846,travel,88,9
23408,health,22,2
1650,news,43,9
11695,health,46,12
71082,finance,14,4
21543,food,76,6
52139,social,112,16
29536,other,63,22
15472,other,14,5
8977,other,80,19
65689,utility,44,9
17740,other,52,22
30579,social,6,1
61842,other,41,6
36465,other,27,2
41246,other,87,13
42470,other,17,3
69033,other,26,1
53744,travel,42,6
69724,other,16,2
16118,food,5,1
5238,news,71,15
46046,other,102,18
35814,other,59,6
2250,other,21,1
34758,other,59,19
68410,health,8,1
35400,travel,63,23
3466,other,19,2
22601,other,30,5
70894,other,22,13
12969,other,91,25
27648,other,45,15
7262,other,32,7
40857,other,27,9
27654,other,53,15
25155,other,137,7
65262,travel,56,2
27991,other,28,5
47324,social,7,2
14106,food,18,3
2016,other,55,15
59729,other,5,1
56127,games,91,11
54194,other,25,3
1648,news,23,1
70811,shopping,33,1
54233,other,24,5
33018,other,15,1
63331,games,41,6
45877,other,33,3
37525,other,72,7
60004,other,111,15
48940,other,6,1
25236,games,21,7
46641,other,15,2
69621,other,46,10
65505,other,71,2
35789,other,39,5
64029,other,24,5
8703,travel,22,5
37834,other,18,2
45507,health,77,12
55489,other,22,3
67165,other,25,4
41491,other,33,7
7039,other,54,9
6816,social,7,1
25816,other,17,2
41592,food,66,9
29970,news,37,16
15290,other,14,1
36285,other,9,2
66345,other,72,12
57273,travel,112,20
1229,other,21,2
43291,other,82,3
47761,other,42,2
44251,other,98,17
62828,other,14,3
47777,productivity,52,19
54812,other,36,7
50963,other,36,4
19908,other,100,10
1805,other,21,6
60048,other,45,6
39822,other,178,57
21675,utility,88,16
21281,other,23,6
24209,shopping,29,9
63349,games,46,12
22981,other,90,18
18442,other,27,7
12849,other,52,6
38146,other,71,14
15253,other,52,11
8323,utility,42,8
38958,finance,23,1
23560,news,44,9
64310,utility,122,13
768,other,10,5
19935,other,62,11
9909,other,18,2
49274,other,19,6
27247,other,31,5
31358,other,29,6
58100,other,11,2
9312,games,11,1
14476,other,34,9
15820,other,16,5
35852,other,32,2
46818,social,5,1
36459,other,92,30
46548,other,19,5
31858,social,30,4
66514,other,14,2
28522,other,12,3
44424,social,7,1
40403,other,61,10
69921,travel,25,4
10823,other,88,9
61950,games,18,2
56378,other,44,12
51136,news,25,6
71107,games,26,4
44609,other,73,11
61646,other,64,9
37892,other,41,5
17554,other,28,8
9176,other,16,2
20049,other,30,5
19956,other,33,4
47474,other,23,2
70342,utility,16,6
48500,other,124,22
60121,social,49,4
71557,social,21,3
17100,other,51,13
47232,other,6,1
61517,other,55,10
16752,other,18,2
61897,other,30,5
29175,other,25,6
6720,other,53,8
71123,other,63,7
68063,other,28,11
33022,other,76,15
67899,news,19,2
37317,other,17,3
27703,productivity,18,3
35509,social,74,11
53285,games,51,5
4222,other,28,3
4781,food,48,9
50208,other,28,4
41383,other,166,56
71491,other,68,12
21634,other,28,1
2847,other,74,11
36806,shopping,20,4
19651,other,59,11
50784,other,15,2
5018,other,31,8
55012,other,84,14
55946,other,51,9
36720,other,25,6
12609,other,17,1
951,other,7,2
68683,other,15,2
67993,social,7,1
32238,utility,101,6
55704,other,52,6
25934,other,50,7
13275,other,43,8
59315,other,17,7
41529,other,34,7
27992,food,50,7
34842,shopping,42,15
11333,other,79,8
32632,utility,8,2
63962,productivity,85,27
62385,other,30,7
30230,other,16,4
30748,travel,57,15
28806,other,5,1
7572,other,33,7
42645,other,84,23
66610,other,54,12
5611,other,31,7
71022,other,93,3
16573,news,8,3
70222,other,47,20
25268,other,29,6
18971,utility,27,3
30066,travel,32,11
59185,other,19,4
7822,other,18,5
61160,other,53,3
64528,other,71,14
31434,other,58,2
28041,other,58,2
58202,travel,17,3
37694,utility,87,13
71115,other,8,2
52723,other,17,4
15992,other,41,1
22687,travel,23,6
3937,other,38,6
24178,utility,49,12
64411,games,78,13
37082,other,27,8
59004,food,49,15
4214,other,27,5
60191,other,9,2
44232,other,136,5
67183,other,38,8
9745,other,60,9
6420,other,63,10
13755,other,61,18
44155,other,24,8
6225,other,30,9
9837,travel,42,6
14388,other,13,2
30758,social,45,9
56953,other,12,2
43598,other,48,2
36831,other,24,3
19063,other,20,6
61577,games,26,7
66183,utility,76,15
44721,other,23,7
8468,games,51,2
47600,other,20,7
9058,shopping,26,3
21738,other,11,4
22983,other,89,17
67686,other,16,2
64987,shopping,19,1
23480,other,49,7
65256,other,24,8
71142,other,22,4
26680,other,16,2
12182,other,25,3
40302,food,32,4
13356,other,50,6
34097,other,20,2
56636,news,44,12
23375,games,30,5
28356,other,84,33
71740,health,85,2
64371,other,15,5
40796,other,12,2
43498,other,66,8
36433,other,82,15
51967,other,19,5
18284,food,43,12
55035,social,45,2
12019,other,6,1
8548,other,18,2
34843,shopping,81,9
42451,other,45,7
49207,other,40,7
39639,social,125,22
22,other,25,4
67391,utility,27,3
71727,other,39,4
48765,games,26,5
7960,news,51,11
33401,other,16,3
33046,other,46,13
21020,other,39,17
65297,other,14,2
69010,other,19,5
27327,other,5,1
8618,other,19,5
64856,utility,39,4
55601,other,6,1
8357,other,27,8
29112,other,8,3
11824,other,15,3
7595,other,23,4
13298,other,122,5
20983,other,21,4
66339,other,41,9
47823,news,14,5
61534,other,76,5
24364,other,11,1
66543,other,9,1
24855,other,79,6
52834,other,55,11
25087,other,59,4
54822,other,86,11
23887,other,43,12
28021,other,106,23
53087,other,24,4
37231,other,20,6
44027,social,7,1
11322,other,16,3
67029,other,134,33
61563,utility,57,8
60712,other,6,1
55123,other,24,1
10596,other,34,13
41448,productivity,53,11
9657,other,81,10
69051,other,103,21
21694,other,35,11
49666,utility,32,8
62854,other,18,5
1057,other,31,7
25005,other,84,5
26869,news,25,4
50161,utility,40,6
63123,travel,69,3
30387,other,142,28
57153,other,33,3
56940,utility,80,16
52488,news,64,18
28461,games,14,1
38171,news,53,3
35085,shopping,11,4
66200,other,34,9
33336,other,42,11
70931,other,56,9
7593,other,66,11
24650,shopping,41,7
40962,utility,62,12
30169,news,31,1
54793,other,126,22
44486,utility,21,3
64435,other,118,6
51171,other,20,2
36446,other,25,7
4862,other,13,2
1686,food,54,15
10497,other,77,11
43906,other,12,2
53824,other,96,19
65654,shopping,72,10
65405,other,113,16
34949,other,18,5
47156,other,29,7
52832,other,41,9
49191,other,14,2
50213,other,84,14
28958,other,49,10
29948,other,136,20
55282,other,23,5
8950,other,21,4
41939,other,30,2
14273,other,19,4
32535,other,129,48
28539,other,42,10
52303,other,92,3
31791,shopping,24,5
71913,other,88,8
28574,other,30,6
27516,news,27,2
53397,other,18,1
57047,other,68,11
6888,other,33,5
5308,other,8,3
29967,other,18,1
22718,games,10,1
20070,social,21,3
4428,shopping,6,1
60576,other,41,1
26105,other,26,3
13801,health,16,3
63146,utility,108,9
66556,news,48,5
6296,other,110,14
63457,social,7,1
49586,utility,72,7
36877,games,72,24
53707,other,30,1
72133,other,32,1
5501,other,42,10
19345,shopping,18,3
8795,other,7,1
11676,other,56,7
53345,other,26,7
71864,other,34,11
29766,other,83,14
27372,other,67,16
37828,other,33,7
36923,other,43,5
35862,news,66,4
58729,other,14,2
12327,health,44,11
48521,news,43,11
56841,other,14,2
47810,other,51,2
9717,other,61,13
22811,other,75,11
32980,other,83,15
58058,other,12,2
69604,other,20,5
24919,other,40,15
55444,news,23,1
45426,other,8,2
52147,social,22,2
61844,other,28,7
4156,other,38,14
54460,health,52,22
33972,other,20,2
71750,games,8,1
30049,other,51,13
65799,other,39,8
833,other,43,16
65497,other,29,6
53501,other,13,3
67771,other,34,2
46936,other,31,2
22237,other,84,11
29656,other,130,9
16536,other,35,3
41236,other,12,2
18551,other,33,7
59002,other,18,2
69066,other,75,7
57969,other,66,17
63341,other,50,10
46985,other,88,13
60404,other,19,5
22388,other,35,9
54944,other,36,10
32498,other,71,16
53264,other,37,8
15993,other,37,16
24910,other,16,1
9918,news,32,3
24980,other,24,1
59220,utility,253,14
6745,other,36,9
30489,other,18,2
37946,other,76,12
62043,other,17,7
68501,other,58,15
32228,news,56,10
34797,shopping,21,4
27480,other,29,4
48687,social,7,1
29671,other,15,2
40765,other,79,19
66179,news,64,10
1788,utility,27,4
41221,social,7,1
13587,other,25,6
67135,other,82,13
51895,other,33,13
48556,utility,31,16
4834,other,59,11
9379,other,16,3
14779,other,19,1
8478,other,20,1
86,other,15,2
23094,other,32,7
4319,other,88,24
18022,other,14,3
67201,utility,18,4
55006,other,17,2
35414,other,9,2
45096,other,5,1
71263,other,19,1
37471,utility,18,4
13611,other,29,4
8326,utility,50,6
6637,utility,31,3
20139,social,34,8
19184,other,56,16
23448,other,11,2
32943,other,26,9
37212,other,74,13
47651,utility,47,8
4037,other,165,11
19609,other,27,3
31108,social,16,4
66895,other,38,9
57360,other,16,3
22174,other,12,2
61478,other,35,4
15402,other,53,10
4237,other,11,2
32306,other,71,4
51679,other,63,13
21949,other,35,6
70483,other,42,5
51900,other,44,12
13876,news,44,9
10282,other,30,6
72141,other,37,6
28328,productivity,103,11
24050,other,21,4
60297,other,14,4
61125,other,48,5
2140,other,82,15
48067,other,66,10
60502,news,51,12
20695,other,8,3
42509,other,37,10
61863,other,37,10
60449,other,45,9
61529,other,11,2
15906,other,19,7
1865,other,9,1
71357,other,47,10
38821,other,23,5
51827,games,23,2
38554,other,24,3
69120,other,35,14
38529,other,19,5
41667,travel,22,1
35525,other,21,1
1028,utility,68,17
12516,shopping,75,19
4537,other,32,5
23393,utility,60,15
58328,other,63,11
34882,food,56,7
1093,other,48,6
31555,other,34,5
60027,social,20,4
65003,other,19,5
45191,other,100,2
22851,other,25,4
11173,other,40,15
54767,other,37,15
10246,other,15,1
51389,other,49,2
58505,social,7,1
2664,utility,43,6
25156,other,16,4
55938,other,47,8
69845,other,30,8
33052,other,31,9
30815,productivity,36,5
1861,games,43,4
16883,other,38,10
35540,other,26,2
43369,other,104,19
48877,other,16,6
30427,other,63,13
21272,food,33,5
14367,other,46,15
64403,news,79,15
71046,other,26,6
29925,social,7,1
2947,other,107,16
40272,other,38,7
58145,other,143,15
44460,food,36,3
49353,other,11,1
44711,utility,47,11
3263,other,36,15
38819,utility,38,6
68574,other,44,10
55471,other,88,8
18934,other,16,5
32948,social,7,1
42548,other,23,8
34015,travel,21,2
59584,other,12,2
22721,other,47,12
21124,other,63,9
63585,other,86,22
68845,other,18,2
11265,other,21,4
25296,other,20,5
25039,utility,59,4
58104,other,26,6
18768,other,53,18
24160,other,44,7
58537,other,126,15
69509,utility,71,12
48939,other,32,7
43454,other,44,12
21422,other,39,9
7007,travel,18,3
34488,other,35,13
57048,other,57,11
71530,other,30,3
62288,other,13,5
12491,other,30,7
35008,other,52,5
67780,other,7,2
52286,other,78,13
27121,other,67,11
6095,other,19,3
45433,other,66,10
51140,games,67,7
13218,news,47,2
70024,other,26,3
13180,health,9,1
5380,utility,60,13
17278,other,6,2
53204,other,60,19
65194,other,42,5
11301,utility,20,5
13198,other,82,20
55657,other,23,5
17758,utility,20,2
69143,other,11,4
39526,other,109,6
35328,other,65,23
8182,social,23,1
46240,other,4,1
26893,other,108,1
41466,games,43,1
56464,other,48,5
20333,other,25,2
23803,other,50,9
56041,other,24,5
55393,other,81,21
51612,other,43,19
10619,other,17,1
30104,other,73,11
3797,other,73,15
53782,other,82,20
16751,other,23,5
53831,other,59,10
44461,food,32,8
28109,other,31,2
51120,other,48,4
49972,other,49,5
69752,other,47,9
19172,other,49,11
37846,other,50,11
64843,other,14,2
17053,finance,86,22
43910,other,28,8
57554,other,16,2
5075,other,35,12
17876,other,11,3
2896,other,64,4
17644,games,19,4
61835,other,17,2
17143,shopping,49,8
43021,other,14,2
23347,other,57,6
7873,other,78,4
23413,other,22,3
61407,other,25,1
27629,other,68,8
64899,other,28,3
44647,other,31,7
23546,other,54,6
33937,other,28,8
56565,other,93,14
37246,finance,41,6
29751,other,17,2
2081,other,87,13
12647,other,21,5
46291,other,59,16
42939,other,12,1
23944,other,24,5
55558,other,15,1
41866,health,71,5
3218,other,38,8
25730,other,59,2
10164,other,22,3
10847,other,62,16
54446,other,21,5
15975,other,70,21
17419,other,48,16
65138,other,33,13
47938,other,26,8
54287,other,16,4
4280,other,99,11
20015,other,18,7
16043,other,137,17
61516,other,38,6
43918,utility,84,9
15024,other,50,13
71017,social,6,1
5785,utility,24,1
16798,travel,13,1
27128,other,26,6
52600,shopping,33,6
25505,other,38,16
69836,other,57,13
29791,other,66,8
27702,productivity,119,44
8149,games,48,9
13326,other,38,2
16673,other,41,9
7565,other,71,24
21797,utility,57,10
67621,other,56,4
1265,other,13,1
6624,other,29,7
29452,other,22,3
34088,other,59,4
62904,other,13,2
54768,other,33,7
30851,games,35,8
38310,other,6,1
58845,other,59,11
17766,other,95,20
16364,other,41,7
66180,other,8,3
60110,other,8,2
13052,other,117,19
9414,other,86,5
66225,news,48,8
19247,utility,53,19
53903,other,69,2
52823,other,42,10
71716,games,63,2
32017,games,57,2
33912,other,15,4
39105,other,12,2
5106,other,57,19
27973,shopping,21,8
67964,health,18,1
58473,other,74,15
1624,other,12,1
34853,shopping,16,1
638,social,7,1
32946,utility,25,3
22354,other,29,6
17634,games,54,7
7853,other,13,4
36633,other,28,4
40308,other,66,8
28222,other,59,16
65167,games,40,2
35674,other,45,2
55666,games,93,31
66145,travel,103,20
41717,other,26,5
62781,other,35,1
38022,other,70,4
52921,other,122,21
9175,other,41,12
62589,other,65,17
21259,other,21,4
17589,news,29,8
18856,other,5,1
71582,health,97,20
58048,other,54,11
13913,other,24,6
65730,other,46,6
20751,other,24,2
16965,other,98,22
3765,other,81,28
49000,other,51,4
4201,utility,17,1
62954,social,20,6
47621,news,67,16
54864,other,67,14
70554,games,106,18
22255,other,37,5
50362,other,20,5
35298,other,8,1
70763,travel,59,9
33979,utility,15,2
50364,utility,33,3
11910,games,13,1
66905,other,27,7
55286,health,38,2
68052,other,19,5
65352,social,52,8
58110,other,37,8
18724,social,18,3
42036,other,29,4
42410,other,8,2
17581,other,5,1
68551,other,64,6
37352,other,131,40
39287,games,37,2
13057,other,175,31
70211,other,46,19
27545,other,34,7
533,other,132,17
30953,other,16,3
69221,other,27,6
9924,other,16,2
67259,other,30,1
54836,other,29,5
44754,other,81,6
60704,social,12,3
59178,other,7,1
69907,other,33,7
57878,other,76,14
47371,other,38,4
25019,other,29,2
71572,other,24,7
67557,other,42,10
32659,other,38,3
44388,other,13,3
44645,other,119,8
5556,other,10,1
56388,other,12,2
50783,other,22,5
16379,other,23,5
3877,travel,45,7
53786,other,33,21
58068,other,52,11
26625,food,61,12
4195,other,36,8
33156,utility,61,14
53927,travel,70,29
54737,news,27,4
52351,other,39,4
35622,other,67,11
19986,other,31,8
65384,other,9,1
64581,other,96,13
46941,other,18,3
50457,other,29,6
70035,other,18,3
10776,other,13,2
52531,other,15,2
20596,other,44,11
43523,games,40,13
66014,other,26,4
41144,social,61,5
66218,other,48,4
42908,utility,52,5
67324,food,54,15
21156,other,68,37
15013,other,47,12
59676,utility,9,1
42647,other,52,11
31420,utility,133,26
26140,other,120,12
32201,other,20,2
857,games,53,7
13342,other,27,1
43606,other,13,2
24941,other,74,19
46451,other,17,2
71176,other,54,11
35228,other,67,5
36825,other,53,15
9464,shopping,49,8
25767,news,63,12
15283,other,20,5
40461,games,17,4
39519,social,7,1
7473,news,64,10
47870,social,7,1
39760,games,25,6
15904,other,16,6
66512,other,26,6
43066,social,24,3
397,other,30,1
3109,other,97,24
17936,other,33,1
68964,other,28,1
59284,other,11,2
53193,other,27,4
11164,social,8,1
16879,other,112,24
36834,other,19,2
37419,news,102,27
12378,other,30,10
46869,other,24,2
46348,other,118,13
1001,other,48,13
64532,other,32,6
16101,other,22,3
62268,other,12,5
49875,other,11,2
50864,other,57,12
52096,other,88,21
30325,other,88,21
43708,other,61,11
47211,other,154,39
23895,other,27,5
70155,other,114,18
54436,social,7,1
4029,other,48,3
32834,other,60,12
34279,other,27,5
71810,other,58,14
13624,other,8,3
934,other,19,7
9331,other,39,8
65729,other,67,11
40185,news,79,25
32267,health,28,10
47052,other,14,3
60699,utility,145,8
50912,other,8,2
49581,utility,149,8
41389,other,51,7
57424,other,129,36
53473,shopping,98,18
34275,games,42,10
57375,other,13,3
40057,other,24,5
7720,other,196,60
16526,utility,70,11
60180,food,88,23
53608,finance,33,8
24879,other,24,5
10131,utility,32,3
32864,other,19,5
33741,other,29,6
64794,other,12,2
51837,social,7,1
62782,other,17,2
29547,utility,65,13
46265,other,26,4
44575,other,16,2
34929,other,47,11
56484,other,19,1
17146,shopping,67,11
13046,other,179,34
2107,games,9,2
42697,utility,24,3
19377,other,58,1
64259,games,79,15
57437,other,36,10
8570,other,98,13
57728,other,32,10
37214,other,20,6
17191,health,15,1
2699,other,27,6
50334,other,33,4
23176,other,117,37
22662,other,47,11
1809,other,11,1
66237,other,27,8
36168,other,80,30
24482,other,20,6
40338,other,9,1
64449,other,127,7
61630,shopping,49,6
68831,other,17,3
57433,other,24,2
32636,utility,29,2
17254,other,21,3
60045,other,56,5
37554,other,27,1
13090,other,66,11
51811,news,101,10
8450,other,18,3
54477,other,30,7
48886,other,33,3
18244,other,21,5
61008,other,17,1
866,other,79,22
40359,other,72,16
53561,other,25,3
48916,other,60,8
43428,food,119,46
18986,other,29,7
4309,other,12,2
10260,finance,61,9
9739,other,19,5
58699,utility,25,1
13217,other,59,3
71820,other,8,2
38767,other,20,3
65369,other,38,10
4866,other,24,1
70558,news,34,7
68462,utility,69,3
6161,other,18,4
21973,other,94,9
55808,other,14,2
48226,other,85,14
21732,news,46,8
58312,games,90,26
63828,utility,13,2
18578,other,103,21
16956,productivity,176,7
7609,other,263,11
53496,other,64,16
49617,other,98,8
50004,travel,63,6
6824,other,28,4
31530,other,20,2
43422,food,36,19
68143,games,24,7
35609,other,48,13
9721,travel,53,7
687,other,74,20
55878,other,41,5
60370,other,30,6
70620,other,25,8
28332,productivity,41,12
36489,other,18,2
32958,other,101,24
29679,other,8,3
40075,other,16,3
63106,travel,36,5
18908,other,18,9
19234,utility,130,24
37449,other,17,3
49759,other,24,5
56352,social,25,6
59481,travel,67,56
43955,other,18,3
29974,news,105,10
65640,social,24,1
69936,other,7,1
46272,other,24,3
9393,travel,37,10
9263,social,7,1
57098,other,30,4
58734,health,51,4
46640,other,21,2
51772,other,32,4
24598,other,35,1
23490,other,28,2
2407,other,61,7
51210,other,9,2
57278,social,7,1
29453,other,22,3
55461,other,30,2
33129,games,8,1
54500,other,27,3
18865,social,34,10
57000,other,18,5
52997,social,26,3
22013,social,23,6
71211,utility,56,7
45941,travel,67,16
5599,news,6,3
52056,other,39,11
31565,utility,73,11
57,other,20,6
17732,other,16,7
60268,other,18,5
33565,other,7,2
47208,other,23,7
41849,other,9,3
48508,other,31,6
47727,other,15,2
54175,travel,45,9
56986,games,52,12
37736,news,57,15
54615,other,38,5
59448,other,30,1
65540,other,23,6
45377,news,32,7
29165,other,11,2
67870,other,46,16
800,games,17,2
38065,food,33,8
6334,other,38,15
10848,other,32,7
44621,other,37,7
17156,shopping,82,13
11665,other,48,7
35366,other,19,4
19743,utility,21,2
13550,other,54,12
54362,other,18,10
13780,other,93,17
23424,other,83,14
9902,other,26,3
59589,productivity,55,20
61882,other,46,13
20858,other,37,4
29214,other,18,5
55205,news,62,11
26751,other,18,5
19819,other,29,6
69003,utility,50,6
14130,other,45,9
55709,other,26,7
61808,other,52,12
8206,news,21,4
23697,other,37,12
59812,other,50,15
45860,other,14,2
12137,other,45,8
8094,other,59,3
63742,other,86,18
40060,other,43,6
1687,food,36,19
50655,other,55,2
67233,other,14,2
54692,other,150,16
58909,utility,21,3
47182,other,40,9
67041,utility,92,14
25038,utility,79,5
59101,other,20,3
52819,other,29,6
47142,other,62,13
35908,other,18,2
25941,other,316,1
43870,other,10,1
61805,other,49,6
62584,other,18,3
62707,other,68,6
56106,travel,29,7
71600,other,75,14
55903,productivity,21,2
54007,utility,26,5
1312,travel,6,1
35409,other,38,2
35816,other,23,5
9411,other,32,5
62044,other,17,7
55354,other,31,8
30849,other,34,11
46552,utility,221,21
13594,news,59,16
1086,other,33,6
59182,other,19,4
26802,other,93,24
23641,other,79,11
50983,other,75,2
67289,other,9,3
61600,travel,39,11
66747,games,49,12
6737,other,72,14
3945,other,38,6
648,other,19,5
25113,other,26,5
51849,other,57,9
69102,other,42,11
8940,other,61,15
863,other,48,12
34556,other,23,6
59902,utility,31,6
48859,other,22,6
462,other,14,1
58839,other,23,6
49812,other,37,16
23213,other,93,6
61293,other,73,3
57949,other,32,10
23028,other,15,5
2968,other,77,2
39805,other,16,3
21987,other,23,6
55152,other,44,15
14989,other,17,3
22628,utility,46,11
21740,other,45,18
58617,other,61,7
44062,utility,15,3
17974,other,13,2
8437,other,54,5
1272,other,33,5
3847,other,19,3
28728,games,57,12
46836,other,46,1
2771,other,32,5
1869,other,35,4
20857,other,9,1
6958,other,33,9
65833,other,16,2
27075,other,43,10
10356,other,158,28
32170,other,42,2
40940,other,37,1
56960,other,19,2
20466,utility,171,10
12679,other,47,9
20371,other,60,8
3158,other,40,9
49386,other,54,8
13375,other,133,37
61134,other,23,4
51305,other,68,10
50625,other,17,3
65645,social,53,13
53796,finance,29,7
7388,other,72,14
42572,utility,20,5
62153,utility,16,1
47848,other,56,10
46429,shopping,46,10
33947,other,37,17
14881,games,7,1
61789,other,50,8
56818,utility,20,2
31209,other,10,1
44792,travel,17,4
24763,other,17,3
71155,games,26,2
44484,other,24,5
14552,other,50,18
61928,games,71,14
43499,other,6,1
2075,other,87,13
37644,other,24,3
45978,other,8,1
456,other,80,10
36833,other,23,1
16171,other,20,2
33381,other,8,1
24845,other,6,1
24305,utility,52,12
53902,other,24,5
32261,other,45,9
32211,other,12,2
34125,food,33,5
29641,news,112,12
24665,other,52,11
59755,other,18,5
50792,other,46,21
45134,other,49,16
41493,other,49,16
47147,other,90,24
64395,news,96,19
59722,other,21,5
52949,other,24,2
1059,other,27,3
17691,other,16,4
54281,other,57,12
33170,other,46,10
39606,other,47,27
26108,other,78,16
52433,other,32,5
50509,other,35,10
51019,other,24,5
26326,other,81,14
12675,other,28,6
7019,other,14,1
31438,food,43,4
8285,shopping,50,20
62545,other,17,3
17607,news,13,3
35688,social,25,6
2717,other,44,12
45800,other,46,10
57892,games,92,23
28967,other,90,19
11631,other,27,3
44254,other,65,10
64275,other,24,5
60903,other,34,6
34995,other,20,9
44098,other,48,8
71064,other,16,3
43731,other,31,2
3960,other,55,8
42294,finance,63,15
12920,travel,115,23
29815,other,23,4
53083,other,54,14
22968,utility,53,13
31397,games,21,7
44067,other,45,1
15497,news,53,11
16435,utility,78,25
21295,other,65,9
69893,other,33,12
45655,other,56,12
45325,other,19,1
10495,other,55,7
51404,other,100,19
14379,other,22,6
24136,other,14,2
54369,other,13,2
51563,other,51,18
61129,other,41,9
24295,other,63,3
67049,other,122,32
5537,other,137,25
38195,other,57,10
65165,games,66,15
16979,other,13,6
23808,other,31,2
45642,news,94,14
64721,other,21,5
56522,other,28,2
67974,other,38,2
59030,social,23,7
61233,other,80,17
38943,productivity,24,3
52786,other,18,3
63922,other,223,53
14836,other,36,11
59385,other,27,1
55423,other,18,1
20374,shopping,51,5
11573,other,98,16
4047,other,104,10
57438,other,24,5
32251,other,32,12
12526,other,13,4
15874,other,25,3
14904,other,58,11
68454,utility,207,13
22024,other,20,1
62421,games,58,8
26838,other,38,6
71640,other,65,2
14729,other,49,5
47988,other,54,12
64245,productivity,77,19
25248,travel,52,15
27326,other,39,3
37111,utility,28,10
35849,other,40,7
39965,utility,31,4
51606,news,77,7
36914,other,46,4
3878,travel,47,11
31109,social,14,2
11111,other,33,5
35953,other,22,3
54558,travel,37,7
17912,other,38,9
4544,other,111,12
9065,other,71,8
52352,other,52,15
69862,other,42,3
50815,other,18,3
14237,other,22,3
59958,other,71,9
59327,other,19,2
4869,other,27,7
8762,other,18,3
56406,shopping,47,11
65975,other,110,6
14864,other,35,6
33924,other,21,3
43336,finance,14,1
17134,shopping,20,2
29408,other,16,2
61970,other,193,68
55413,other,61,7
30119,other,57,13
50028,other,120,15
1579,news,103,21
69916,other,48,2
60563,other,28,5
751,other,27,4
354,other,27,6
36304,other,41,8
8733,other,12,1
53721,other,140,66
12035,news,83,9
41441,other,50,7
20559,other,14,5
4535,other,37,2
24758,other,50,8
19107,other,86,15
59377,other,81,12
36045,other,65,8
62580,other,64,7
62621,food,38,6
66057,other,20,5
46145,other,67,13
29727,other,17,5
51871,other,15,1
19665,other,17,2
29917,other,14,1
54799,other,90,15
62474,other,16,6
6718,other,59,3
58235,other,59,11
52869,shopping,19,3
34884,food,93,11
10746,travel,46,7
46637,other,28,5
67660,other,81,5
46738,other,8,3
19447,other,24,3
18245,other,46,8
12794,other,37,10
10300,other,37,6
69271,other,24,7
49372,utility,29,9
36240,other,191,38
45605,other,14,4
46255,social,21,6
15681,other,88,21
30330,other,67,20
24091,other,24,1
59473,other,30,5
59034,other,21,3
58019,other,83,28
33021,other,15,3
2420,other,38,3
37443,other,32,14
52747,social,31,9
66193,other,44,7
4398,other,32,13
19560,other,18,5
20859,other,35,4
22446,other,11,4
24816,social,7,1
50700,utility,49,12
65106,shopping,18,1
68741,other,28,4
23081,other,44,8
17685,other,18,5
22261,other,48,10
54406,productivity,181,28
62765,other,11,7
47518,other,86,12
66240,other,33,13
13631,other,76,12
66189,other,103,30
59653,utility,24,7
46333,other,64,17
40605,other,67,23
52621,news,27,1
69344,other,95,19
14898,other,57,10
29459,other,28,6
9508,other,26,3
14497,other,21,9
2676,other,22,4
16572,news,86,18
23273,other,74,8
58,utility,48,11
9306,other,19,5
4233,other,78,20
322,other,26,4
3389,other,40,2
18568,social,6,1
54426,utility,17,2
70139,shopping,34,14
25732,other,63,8
16689,other,19,6
29116,food,30,6
50893,other,100,25
1468,other,55,8
71847,other,50,8
31204,other,39,7
42238,news,55,10
39937,other,56,2
31992,other,34,6
50669,other,15,3
5364,games,64,8
30400,other,72,10
69806,other,23,8
9551,other,12,3
20282,other,17,5
47407,travel,39,13
47491,utility,65,8
34348,other,33,7
63289,other,19,3
31105,other,19,5
38457,productivity,108,17
7197,other,67,6
1029,utility,40,8
30882,other,89,28
26471,other,52,6
61892,other,12,2
24865,other,37,11
57117,other,43,1
58928,utility,21,3
52317,other,36,6
39002,travel,87,7
9429,other,40,13
65460,other,77,3
3403,finance,54,11
18966,other,66,16
54936,games,13,1
58468,other,40,5
32242,utility,14,9
41824,travel,16,2
4070,other,9,1
39588,other,45,4
33987,utility,36,7
61204,other,48,10
30388,social,24,4
42311,other,23,5
9715,other,63,12
17321,social,20,4
21876,other,42,14
52722,other,22,7
50031,other,32,2
9524,health,42,10
65565,other,34,2
2883,other,17,4
66639,news,50,9
68526,other,118,32
70071,other,63,14
45699,utility,29,7
23211,other,135,18
27644,other,4,1
58501,other,10,2
51382,social,51,6
15121,other,20,1
5812,other,25,3
15050,other,14,2
11221,utility,21,2
66064,utility,26,6
43620,other,30,3
51714,other,19,7
12058,other,50,2
63622,other,19,5
48452,social,21,4
48246,other,41,14
36959,other,12,2
60827,other,111,21
48959,other,24,4
24261,utility,56,10
1243,other,30,4
4652,other,183,37
27483,other,40,15
46003,other,11,2
45762,other,166,26
41319,other,45,14
5323,news,22,2
68068,other,29,11
69633,other,24,3
34429,other,27,7
36137,social,36,7
24979,other,14,2
68392,other,87,20
48933,other,79,11
58483,other,109,11
66547,other,40,5
29483,other,25,2
18940,other,154,17
40834,other,65,14
43232,other,14,4
4384,utility,21,3
16080,social,43,6
36423,other,78,17
34310,other,30,7
43296,other,60,15
10712,other,46,17
53843,other,69,14
2602,other,68,26
6596,utility,21,1
63216,other,16,3
50529,other,124,15
55268,other,22,5
21184,other,47,5
60049,other,30,5
44088,other,33,7
19372,other,14,2
39646,social,32,5
20740,utility,48,6
22101,other,18,5
47456,other,15,5
47423,productivity,78,18
67892,other,50,8
67499,utility,44,9
19804,other,23,5
58680,other,16,6
58407,other,31,6
8889,other,12,2
33990,utility,83,13
12706,other,21,2
24695,other,17,2
70268,other,22,7
42373,other,18,4
25542,other,41,14
14214,other,21,4
27716,other,92,21
34661,other,27,6
25699,other,27,1
12857,other,12,1
5426,games,115,9
2389,other,23,2
44314,travel,29,6
62248,other,85,14
34152,other,18,5
69230,other,13,1
41168,other,42,4
40196,food,110,22
13087,other,70,25
12677,other,28,5
52902,shopping,76,26
3171,other,60,9
16915,other,60,12
56584,news,21,7
44529,games,107,4
51831,news,55,9
6478,utility,49,13
28326,productivity,113,27
65113,shopping,8,1
59062,games,21,1
27649,other,14,1
48230,other,117,23
4606,other,47,5
477,other,28,5
21744,other,47,27
3510,shopping,41,4
70361,travel,53,16
3522,other,18,1
34399,utility,40,3
48813,social,7,1
53191,shopping,23,2
65152,shopping,16,4
15206,other,19,5
44242,other,114,16
26818,other,24,2
35077,other,47,2
24952,other,35,7
44224,other,33,6
37002,news,53,6
71854,other,57,10
63952,other,13,2
67214,other,14,2
33113,shopping,82,23
4230,other,59,7
62320,other,23,6
41960,other,58,8
68466,other,34,2
10425,travel,46,10
43275,other,16,4
19284,news,60,13
39237,other,18,3
21169,other,69,10
25396,other,12,2
1516,other,41,14
44111,other,44,9
52537,other,18,5
28841,shopping,47,7
24185,utility,53,13
20106,other,28,5
22624,utility,66,12
20620,other,19,5
3421,other,25,3
49720,news,29,10
57464,other,90,5
63934,other,190,46
17913,other,49,2
53749,travel,98,13
25417,utility,33,1
37563,other,23,1
63534,other,26,5
32146,other,9,3
57645,shopping,27,6
17604,other,27,5
41920,productivity,14,2
54673,other,60,7
41750,utility,145,8
69622,other,137,7
24131,other,50,9
49003,other,20,3
20876,other,17,3
52827,other,17,2
71027,other,25,3
69197,games,42,6
11473,other,25,12
26316,other,19,5
12877,finance,67,16
18549,other,24,5
47899,news,75,21
49100,other,93,27
20869,other,85,13
18991,other,50,6
51565,other,49,12
43985,other,85,21
12633,other,60,15
72066,other,128,22
19862,other,94,18
69569,other,18,5
69412,news,18,2
27277,other,80,26
22154,other,13,2
44240,other,98,3
36979,other,65,10
4954,other,20,5
69540,other,69,25
52101,other,8,2
67808,other,40,6
57600,other,47,4
58153,other,106,11
53788,other,71,13
64216,other,9,1
29003,other,115,39
15741,other,26,6
24548,other,45,16
39833,games,19,2
50026,other,142,23
41275,other,41,4
6719,other,61,3
41934,other,22,2
21520,other,99,12
24728,games,36,7
64825,other,38,11
8424,other,31,5
49639,other,50,14
19579,other,22,4
62449,other,33,8
485,other,24,6
6416,other,62,19
60702,other,11,1
22292,other,51,12
51145,other,18,3
53653,other,32,7
70391,other,36,8
9944,other,103,24
21313,other,26,7
57904,other,27,8
55380,other,12,4
68984,other,120,34
40121,other,62,6
49364,utility,64,1
48993,other,123,15
14591,food,8,2
25386,utility,60,14
35200,games,10,2
35658,other,7,1
18831,travel,78,13
17306,other,23,6
11092,other,35,4
23599,other,14,2
44620,other,12,1
66697,other,42,8
43438,utility,20,2
5528,other,33,3
37905,other,26,3
64586,food,23,5
20043,other,38,4
49965,utility,98,13
16456,other,53,11
6821,news,32,7
41569,other,119,5
50573,games,28,2
49573,other,17,2
12624,other,22,4
61777,other,15,5
45215,other,125,13
71290,other,96,12
7500,games,9,3
17862,other,44,1
16254,other,58,16
41969,other,55,13
53638,other,77,10
18705,utility,29,4
49818,other,76,12
45738,food,32,6
64645,other,56,22
10072,food,57,17
61212,other,77,16
54875,other,115,13
8145,games,47,5
3868,other,29,2
44579,other,85,7
37958,utility,22,2
34718,other,17,2
12895,other,25,3
56199,utility,56,10
45095,other,18,5
38525,other,260,87
25365,other,10,1
62956,other,10,1
41961,other,109,8
62130,social,45,3
60789,health,14,2
8417,other,102,16
33449,other,48,17
489,other,221,3
71605,other,75,12
59031,other,20,3
60319,social,85,17
6527,travel,5,1
56141,games,43,12
48057,utility,8,2
16542,other,18,4
38279,other,12,3
67779,social,6,1
27046,other,67,8
41651,other,28,8
60599,other,12,1
25591,other,21,1
66659,other,26,2
15589,games,31,6
28993,other,113,39
49477,other,32,7
4602,other,21,3
37180,other,31,1
27242,other,58,9
22758,other,48,11
10346,other,74,8
56927,games,79,5
5918,other,15,4
62122,other,169,38
10480,other,53,13
48171,social,97,12
44608,other,52,7
17883,other,44,7
44429,other,64,6
9674,other,28,6
34999,other,80,3
53270,shopping,24,8
238,other,21,5
55531,shopping,23,5
63076,social,6,1
3108,other,27,6
37193,other,110,16
34212,other,42,10
9158,other,19,5
20464,utility,60,14
38316,other,31,7
53086,other,66,5
7980,other,8,1
26946,other,37,5
27525,other,48,5
66415,other,8,3
45542,other,186,38
38157,other,41,13
47350,other,66,8
34418,utility,24,6
50396,other,13,2
28482,other,20,2
55000,other,66,5
36464,other,42,17
71799,travel,11,2
23678,utility,52,13
37479,other,49,9
46550,utility,39,12
61772,other,70,47
46894,other,30,8
41982,other,28,5
22068,news,48,9
34708,other,129,21
46989,other,20,5
70440,other,93,10
42098,other,12,1
26954,other,27,5
30459,other,8,3
4815,other,44,2
68822,other,17,1
61170,other,21,6
56688,games,9,1
36503,utility,128,12
58671,other,27,3
19228,utility,62,17
66417,other,32,7
6698,other,33,2
70972,utility,19,4
17959,other,121,7
59444,other,52,6
25383,games,5,1
39670,other,14,3
61730,other,46,8
56300,other,49,12
2091,other,18,3
16702,other,27,1
24372,other,41,8
68376,other,18,5
36652,utility,54,7
61916,utility,44,9
32667,other,23,7
62853,other,28,1
46457,other,70,8
50528,other,27,6
56162,other,62,12
55291,social,7,1
56764,games,45,13
13463,other,21,3
20846,other,55,13
35924,games,39,7
51995,other,8,2
10317,other,14,1
63081,other,29,4
16114,other,34,9
64351,other,27,5
68290,other,40,5
41290,other,40,6
496,other,66,15
38957,other,6,1
15912,other,18,3
1429,other,29,3
27634,other,41,7
24880,other,27,9
34747,other,63,7
15356,other,35,18
50212,other,54,6
12518,shopping,25,5
57922,news,14,2
3559,other,57,8
36657,travel,52,10
50524,social,7,1
5340,other,27,12
44507,other,17,2
29198,other,27,4
57080,utility,301,7
49421,other,27,4
13842,other,17,2
61131,other,43,10
64146,other,48,8
21834,other,20,2
52284,other,24,3
42817,other,11,1
39182,other,67,15
10719,other,44,17
23549,other,75,4
66139,travel,31,5
53454,other,29,4
63054,other,78,16
44330,news,14,2
2917,other,41,3
23105,other,47,3
12221,other,19,4
61784,other,25,2
49555,other,20,4
43849,other,18,2
44190,social,9,1
5625,other,73,18
25538,other,32,7
50600,other,12,1
21452,travel,97,13
54600,other,8,2
12392,other,48,9
34044,other,28,4
9106,other,24,6
5332,productivity,63,18
10016,other,15,6
20626,other,24,11
1581,other,20,3
28504,other,53,7
61524,other,66,15
36586,other,30,5
33617,shopping,75,14
54323,shopping,99,15
36306,other,23,5
67634,other,10,2
48718,other,70,24
23449,other,19,3
72160,food,62,14
11011,other,67,23
58741,other,25,5
56576,other,66,17
807,games,64,4
16049,other,17,3
46381,other,82,14
29068,other,70,14
58031,other,32,8
7414,shopping,6,1
46990,other,19,5
48516,other,22,3
33299,other,13,2
33261,other,159,16
63844,other,56,9
28540,other,55,13
25158,other,70,7
50016,travel,13,2
23093,food,56,7
40203,other,19,5
36867,other,54,13
47985,other,40,10
10279,finance,15,5
27513,news,64,21
2182,finance,45,14
3708,other,14,2
43564,other,24,4
68293,other,63,10
46960,other,41,9
14851,news,150,22
43359,other,18,1
29685,other,16,5
32782,other,61,10
17832,other,19,5
62995,other,6,1
69045,other,108,21
27236,other,116,2
45651,other,35,3
63655,other,13,1
62367,other,90,17
72048,other,31,5
2672,other,15,3
55978,productivity,15,4
39431,other,5,1
35130,other,122,12
47260,other,17,9
42083,games,74,32
60872,other,48,6
26291,social,6,1
60066,other,121,4
32764,other,53,12
61259,other,106,7
9825,other,31,5
5506,news,72,13
40571,other,51,7
71576,social,7,1
66865,other,43,5
11819,other,8,3
41952,utility,149,8
17788,other,17,7
27243,other,19,1
7332,shopping,70,16
35482,other,30,5
68431,utility,127,23
62077,other,78,14
24788,other,46,2
54777,other,55,15
8854,other,86,10
25392,other,8,4
62797,other,113,16
3107,other,45,8
37427,other,135,21
33615,other,16,2
69132,other,17,1
45515,other,58,10
10650,other,72,16
56401,other,46,17
64939,health,27,6
27650,other,15,4
26606,other,34,3
29256,other,57,4
16243,other,54,8
36554,other,41,8
54582,other,17,7
59502,other,90,22
64202,social,50,8
32902,travel,34,1
15095,other,24,5
46706,travel,77,9
22054,news,66,17
41617,other,7,1
30931,news,110,15
33641,other,18,4
24671,other,18,3
47910,utility,22,7
69048,other,56,11
22349,other,41,7
59340,other,18,5
55189,news,68,14
22826,other,24,4
431,other,19,5
58753,news,61,8
6933,shopping,29,4
25759,other,59,17
58649,other,23,5
26211,other,33,12
27779,utility,112,8
67729,other,62,15
25343,other,32,15
23622,other,150,37
65119,health,24,3
26693,social,25,9
65207,other,25,3
50830,other,15,4
33799,other,18,3
2054,other,46,6
68871,news,68,18
17170,social,7,1
9532,health,40,10
15260,food,90,21
54709,other,49,20
53908,other,14,1
42710,other,12,3
50516,other,63,15
10427,travel,15,2
60489,other,18,4
66542,other,18,4
45879,other,8,2
12822,social,20,4
9261,utility,43,6
41971,other,21,4
34768,other,67,21
50990,other,62,2
31051,other,27,8
42692,other,11,3
4796,other,20,6
2842,other,49,11
4259,other,8,3
68613,utility,27,5
6049,health,35,9
43883,other,52,16
28801,other,62,7
3649,other,24,5
24900,other,27,2
59588,social,5,1
4809,travel,28,9
1857,other,29,8
13616,other,12,2
44811,other,23,6
62736,other,5,1
38116,other,104,23
41721,other,33,7
45834,other,38,11
12152,other,51,9
43314,other,9,1
33249,other,24,5
36218,games,95,19
66744,games,45,6
55445,other,44,11
61279,other,31,3
21801,utility,57,8
40347,other,41,9
18055,shopping,7,1
851,games,46,6
44334,other,14,2
40533,utility,60,11
31065,other,57,5
55624,other,38,6
10567,other,95,19
10786,other,9,3
54607,other,27,1
24134,other,12,1
35279,other,31,7
48384,other,18,4
16738,other,88,11
31814,other,21,8
34173,other,54,9
5045,other,50,3
66854,other,24,11
2739,other,55,8
69638,utility,31,1
46316,other,19,3
27620,other,37,5
25906,other,45,10
28040,other,17,4
41271,other,70,16
50473,food,89,8
32972,social,7,1
34435,other,61,11
2244,other,31,7
43086,other,40,11
3818,other,39,10
24121,other,143,29
37861,other,61,5
56395,other,87,27
59726,other,25,3
34834,other,53,13
34382,other,55,6
66375,other,36,12
36654,travel,29,5
28763,utility,55,1
39941,other,57,2
22146,other,31,8
47772,productivity,36,5
18764,other,86,24
48043,news,28,3
55421,other,28,5
25304,games,21,4
63753,other,43,13
16677,news,17,2
57682,other,20,3
9889,other,4,1
63064,utility,37,9
25825,other,16,3
46754,other,6,1
38730,food,58,18
66497,other,24,4
35367,other,35,1
23185,other,82,12
19781,other,11,2
6279,finance,8,2
58846,other,57,13
20042,other,37,8
41377,other,14,2
63162,news,5,1
10651,other,124,21
21936,other,72,9
38009,other,15,2
43135,other,146,16
18976,other,25,3
66052,other,46,27
51640,other,5,1
44262,social,49,12
45382,other,18,5
57663,other,15,2
9964,other,82,20
61870,other,97,12
7805,other,16,1
3004,other,29,4
26780,finance,16,8
472,utility,16,1
66626,other,32,10
47550,other,20,4
13165,finance,14,2
36520,social,7,1
16618,utility,47,11
55706,other,20,6
21009,other,49,8
1400,other,45,8
24475,finance,33,8
63721,other,17,3
68414,other,8,1
41616,other,19,7
70015,other,16,3
51585,utility,47,12
6758,other,77,5
39890,other,13,5
7928,food,43,15
32437,other,96,20
27394,other,22,2
34135,other,27,6
34093,other,71,10
47072,other,74,3
4689,other,72,4
63456,other,9,2
27237,other,29,6
3304,other,33,16
11307,utility,20,1
37385,other,34,2
18120,other,23,5
7714,other,14,2
54937,other,18,2
4997,social,15,3
23366,other,39,11
48100,other,16,2
67186,other,88,13
52983,social,22,2
52939,other,20,2
9281,other,39,9
21787,other,9,1
61564,utility,52,12
29075,news,95,33
3374,other,52,27
31788,other,15,3
54551,travel,135,12
43841,other,19,4
42364,other,46,8
61202,other,15,3
58716,other,68,2
39691,other,18,5
15256,other,27,5
35379,other,18,5
50507,other,85,17
29209,other,23,6
40764,other,52,15
51719,other,36,6
19711,news,10,2
21305,news,43,7
52302,other,67,5
6329,other,51,6
32601,utility,123,11
3803,other,57,9
51693,other,26,5
50420,other,8,1
47786,productivity,15,2
36934,other,86,15
66022,other,8,2
14786,productivity,14,1
153,other,105,11
20929,other,38,8
33008,other,31,5
25284,other,61,7
30905,other,50,7
31139,other,56,17
53171,other,18,3
29504,news,63,17
57002,other,60,10
71891,other,61,12
49958,other,42,9
5262,other,62,12
36324,other,84,20
28189,utility,48,6
39560,other,53,9
61603,health,33,5
66919,other,62,11
34268,other,64,20
69773,social,6,1
48768,other,41,9
44503,other,17,2
39916,other,18,3
69285,social,7,1
21290,other,22,3
22439,other,179,35
66368,news,60,9
11511,other,42,7
18374,finance,5,1
58141,other,71,18
25738,other,16,6
9687,other,65,13
26821,other,22,2
59199,other,30,10
56394,other,119,24
59560,other,43,9
7238,other,24,4
24124,other,71,15
21266,shopping,51,5
3644,other,33,7
1690,finance,5,1
16398,other,16,3
14270,travel,8,3
9216,other,8,3
46309,other,28,4
13596,news,21,6
11731,other,29,3
60929,other,37,6
36438,other,39,3
44703,other,29,5
60546,other,44,19
15552,other,36,7
16980,other,130,34
27598,other,38,9
50775,social,7,1
20494,other,22,2
15617,other,10,1
53288,games,29,4
35973,other,27,2
30643,other,19,5
25353,other,6,2
26556,other,43,3
58784,other,125,38
29048,other,29,6
39455,other,11,1
51374,social,27,4
18456,other,51,8
18772,other,34,11
44873,utility,94,25
65351,social,17,1
21522,other,13,2
11892,other,35,10
12315,food,55,9
53917,productivity,51,17
33856,other,15,2
66742,games,70,6
31796,other,38,14
67002,travel,52,9
70556,games,106,18
40991,other,90,22
9604,other,71,12
28262,health,78,15
46315,utility,57,17
39558,other,19,2
19023,other,24,10
69552,other,43,11
67564,travel,40,9
21963,health,26,3
49005,other,55,2
49429,other,13,6
40309,other,21,5
5168,other,63,6
5951,other,17,1
51994,travel,43,22
47309,other,30,6
38928,other,6,1
44667,other,85,6
72027,other,60,14
52220,other,33,4
45370,news,26,1
30661,other,33,7
33242,other,14,1
41933,other,76,13
45761,other,8,1
25207,other,15,5
63100,travel,21,3
16009,other,62,4
39378,other,62,8
30547,social,6,1
71831,other,59,2
37410,other,29,9
27396,other,50,27
20520,other,14,3
30262,utility,13,1
70604,utility,47,11
10002,other,61,15
44659,other,23,15
63836,other,19,2
60116,other,29,9
65958,other,82,19
19102,other,113,22
33023,social,7,1
29223,other,22,1
41139,other,48,7
45480,other,86,7
10561,social,20,4
67510,other,18,5
42667,other,12,2
59927,food,31,7
41648,other,58,15
30013,other,67,17
10609,other,87,14
606,other,46,10
38615,other,54,8
62655,other,6,1
29601,other,32,11
49393,other,47,2
25508,other,135,13
71734,other,17,2
10487,other,27,4
46296,social,7,1
34914,other,61,21
22730,other,55,13
37383,other,34,2
47089,travel,26,4
3907,news,51,15
36282,other,5,1
26705,other,24,5
21005,other,16,2
57312,other,50,3
67288,other,10,3
69662,other,22,6
35966,other,27,6
64702,news,55,11
35210,other,22,8
24800,other,7,1
27628,other,33,12
15305,social,20,4
38056,food,65,10
51295,other,23,1
2606,other,45,12
44239,other,26,5
60505,news,43,9
62785,other,19,7
50480,food,102,22
63281,other,48,8
55962,other,25,5
55296,other,22,3
28224,other,82,18
29079,social,7,1
529,other,17,1
59133,other,52,8
45247,travel,57,17
71470,shopping,16,3
28006,other,20,3
37459,other,27,1
22690,social,33,5
66317,other,72,8
14569,other,51,25
22324,other,20,4
19133,finance,46,5
29394,other,79,8
17414,other,50,18
52057,other,19,6
8436,other,52,16
50751,other,28,3
40070,other,43,2
28244,other,40,6
56381,other,22,5
51118,other,31,5
42671,other,50,14
22678,productivity,19,4
6851,shopping,64,19
11281,other,20,2
20267,games,60,3
69348,other,107,27
45457,other,17,3
11454,finance,32,4
22564,other,89,15
16857,other,8,3
28921,travel,48,11
28028,other,91,20
8446,other,41,7
57329,other,21,2
3915,news,16,2
69234,other,17,2
10554,other,51,8
2561,other,71,17
16051,other,23,8
20133,travel,19,3
10974,other,7,1
42768,games,59,12
24589,other,31,5
32899,travel,89,18
37932,other,78,19
30785,other,54,16
61896,other,42,9
62752,other,63,12
43062,social,40,14
3478,utility,20,1
40760,games,53,7
56155,other,92,8
62245,other,43,3
71301,utility,31,4
32148,other,44,9
15367,other,27,5
65672,other,29,6
59615,other,27,2
19798,other,30,6
13745,other,37,15
27851,social,60,3
61264,other,97,7
36132,other,47,10
1479,other,22,3
71611,other,53,12
41198,news,26,4
22276,other,28,7
22949,other,77,9
6555,other,36,8
26716,other,27,5
63953,other,86,3
68248,other,101,3
64693,other,16,1
10839,other,30,10
18167,other,34,12
6075,other,5,1
57296,travel,43,5
26648,other,15,6
35618,other,40,11
60949,social,7,1
39443,other,27,7
26541,other,14,3
70343,utility,22,4
12216,other,48,10
2338,other,33,7
40579,other,20,3
58642,other,102,11
60933,other,114,17
16300,travel,39,6
44515,games,49,11
54104,other,48,11
23996,other,76,11
41366,travel,91,24
35925,games,42,10
55051,utility,49,9
30816,productivity,47,6
3162,other,51,10
20704,other,18,1
51542,shopping,53,13
58169,utility,89,11
12818,games,83,9
59253,social,7,1
46380,other,21,4
44502,other,18,3
18178,other,71,13
7282,other,24,5
41901,other,7,1
5216,other,15,4
29969,news,109,10
23352,travel,68,6
341,other,82,15
8996,social,32,11
54146,other,19,3
24625,other,53,14
17580,other,13,2
25835,other,38,2
51792,other,73,15
38849,other,18,2
31747,other,17,5
10994,social,17,7
21293,food,44,17
62432,other,14,3
28514,other,51,8
48634,games,72,14
18012,other,94,11
8276,travel,84,15
62106,other,122,33
26280,other,20,6
10598,other,20,3
12807,games,35,13
48389,other,20,2
61752,other,9,2
5572,other,22,4
41532,other,37,9
55570,other,49,8
49344,other,40,7
20477,finance,8,1
66892,other,4,1
60920,other,55,21
16004,social,7,1
26634,other,18,3
20640,other,84,18
43154,shopping,86,24
16136,other,32,4
55418,other,36,8
50833,other,44,15
32666,other,22,7
60195,other,32,7
51283,other,80,16
14000,other,27,2
13986,other,20,3
33768,other,21,5
52615,other,106,21
20384,news,123,9
9971,other,8,2
45557,other,28,10
9762,other,24,4
17228,other,22,6
18421,shopping,58,14
42395,other,13,3
25600,other,6,1
3113,other,72,20
46942,other,26,5
62071,other,73,24
67082,shopping,96,12
60018,health,7,2
33250,other,17,4
63151,shopping,23,3
39167,utility,78,18
58481,other,65,4
22997,other,78,18
8079,utility,21,3
55626,other,76,13
35175,other,44,7
33951,other,60,19
57917,health,54,10
67644,other,9,1
9458,shopping,45,10
12651,health,67,9
42202,games,54,14
56754,other,126,18
39093,games,51,2
68927,other,91,17
29711,games,6,2
45956,other,27,7
56161,other,60,9
42542,other,17,3
22803,other,45,12
47481,other,49,11
22607,other,44,5
46013,utility,19,1
33273,games,93,20
31683,other,28,4
58432,other,81,16
4109,other,50,13
28458,games,35,6
7748,news,112,30
4950,utility,51,11
46704,other,108,7
20808,social,12,2
14593,other,28,4
9139,other,28,8
20479,other,167,5
39856,news,21,8
29770,other,43,11
64097,other,94,23
6731,food,44,15
45886,other,27,3
34519,other,21,5
40162,other,29,4
10042,utility,46,8
6128,other,33,9
52129,other,24,6
8915,other,21,6
35253,travel,9,1
58509,other,19,4
2254,news,43,6
11227,other,15,1
50907,other,5,1
66527,other,43,5
34323,other,30,6
61286,other,6,1
50958,other,75,13
26014,social,7,1
31424,other,70,2
57693,other,13,2
14243,other,27,8
53549,shopping,47,5
45719,other,65,2
64074,other,57,8
35812,other,21,5
22809,other,76,24
7616,other,11,1
69642,finance,22,5
43010,other,53,11
60591,other,92,23
46511,other,15,2
70648,other,25,6
50470,food,123,27
28985,other,14,2
31578,other,13,2
37249,games,20,3
52321,other,61,10
31541,other,23,3
17420,other,25,3
16453,other,15,1
44650,other,21,4
8007,other,72,13
14456,other,8,3
12916,productivity,33,4
65136,news,57,12
72061,other,18,5
22063,news,68,19
12062,other,27,8
23582,utility,64,13
17199,utility,74,6
42207,other,97,14
22913,other,118,21
16604,other,55,11
12108,other,44,2
47749,other,64,6
52371,other,46,15
65204,other,46,14
35891,other,45,13
53525,other,19,5
42531,other,17,3
44819,other,79,12
512,other,21,2
56431,other,21,3
48974,utility,54,10
27130,shopping,66,12
13250,other,18,5
34474,other,31,6
2481,other,90,51
49991,other,54,9
57496,other,90,9
14755,other,38,8
10867,other,48,9
24011,other,18,4
53375,other,42,10
42632,other,18,4
64933,other,29,1
15350,other,18,5
9789,other,18,5
62870,travel,28,3
52185,other,6,1
14049,other,23,6
34132,other,66,11
46922,other,28,1
59168,other,88,11
37645,other,42,9
6427,other,39,10
7023,other,42,10
62423,other,38,2
56875,news,43,9
13893,other,27,9
6439,other,31,5
50703,utility,47,10
2781,finance,38,7
45008,other,18,5
12720,other,10,2
58550,finance,63,10
14725,other,37,1
65089,food,86,17
30282,games,8,3
70132,shopping,32,13
24501,travel,48,9
44410,other,47,4
16507,other,65,16
16793,other,235,64
57968,other,54,13
25495,other,18,8
45229,news,48,11
35650,other,67,6
22784,travel,6,1
9329,other,16,1
44840,other,43,6
68884,news,21,6
26636,other,19,1
47691,other,23,5
66946,other,27,6
22079,other,17,2
46947,other,18,2
59527,social,23,1
4693,other,30,7
37597,news,43,11
59336,shopping,57,22
17093,social,28,12
60623,other,47,3
52165,travel,111,8
48083,travel,20,4
3394,news,20,9
5463,social,7,1
40438,finance,31,10
56511,other,123,15
54058,productivity,231,51
38380,other,28,3
69449,utility,31,5
21260,shopping,67,18
62308,social,21,1
22177,other,18,7
46406,other,171,27
36710,other,31,4
4346,utility,15,2
32609,other,18,1
53497,other,41,7
2068,other,88,23
6830,other,55,14
4958,other,17,6
39447,other,19,5
8256,games,28,7
31033,other,33,7
46424,shopping,36,8
31758,other,19,5
65761,other,39,3
348,other,6,1
68473,utility,75,12
60485,other,33,7
68397,food,58,12
38624,utility,23,5
64547,other,26,4
58014,other,97,23
3167,other,41,7
50165,food,41,9
2613,other,18,6
4726,other,9,2
70675,other,18,2
2434,other,41,3
3500,shopping,71,14
6059,other,46,16
46433,shopping,45,9
59244,news,13,1
26972,other,58,5
34074,other,29,9
40047,other,22,4
39724,other,36,6
36442,other,54,3
10010,other,73,26
58041,other,88,6
12286,other,81,11
29067,other,53,3
49316,news,16,5
11075,other,51,15
44299,travel,43,10
19021,travel,21,2
30149,other,56,13
10423,shopping,27,6
30057,other,5,1
24888,other,23,3
24408,other,10,1
6646,other,113,21
31016,other,9,1
11427,utility,36,3
60967,food,136,38
64264,games,44,8
55655,other,18,3
7243,other,63,14
70740,games,99,17
46645,other,21,6
43891,productivity,52,10
46816,shopping,33,7
7359,news,95,22
47785,productivity,68,31
20460,utility,95,9
16320,other,45,12
7528,other,53,3
40550,other,57,10
33776,other,28,1
20546,other,76,5
7471,news,53,12
27754,other,45,6
34517,other,79,11
48470,other,19,1
69691,other,44,5
69810,other,6,1
897,other,22,8
63528,games,26,6
30055,other,30,3
1617,other,41,7
47718,other,6,1
36607,other,28,3
47629,news,54,7
24604,social,20,4
58548,finance,41,4
15166,social,92,33
68665,other,40,8
31761,other,24,5
62335,other,51,9
41986,other,13,1
21677,utility,95,14
4242,other,54,11
64520,other,42,14
55648,other,41,2
70906,other,19,3
48063,shopping,22,6
64101,other,79,20
70897,other,13,1
49285,other,55,14
52432,other,45,3
30060,other,9,2
12492,other,33,7
58336,other,30,7
71765,other,23,10
68857,other,24,4
35407,other,29,6
67271,social,13,4
61553,other,51,9
70166,other,39,10
60927,other,39,4
32420,other,77,14
70477,other,43,11
63947,other,58,22
38858,travel,49,7
3768,other,23,2
18077,other,45,11
60898,other,46,14
25183,food,70,3
59436,utility,16,1
53158,other,33,7
66058,other,23,6
49744,other,41,12
71418,other,6,1
51861,other,20,8
61370,news,32,2
5175,other,31,2
7129,other,47,14
13615,other,38,10
30336,shopping,10,1
44727,other,43,9
12752,other,56,18
9459,shopping,115,15
45777,other,23,6
47366,other,16,5
20044,other,60,9
319,other,45,7
43309,other,92,15
56206,utility,31,3
24818,other,52,10
71389,other,8,3
13353,other,29,1
54579,other,11,2
58382,other,18,3
36167,other,13,2
39602,other,131,13
59767,other,14,1
49279,other,22,3
48004,other,29,6
43461,other,28,6
6867,other,18,2
2490,news,163,34
38713,utility,47,8
29405,other,19,5
61934,other,61,11
36255,other,29,6
19944,other,21,1
18830,travel,31,9
32529,health,63,2
1551,other,35,10
41568,other,86,11
47774,productivity,52,19
59289,other,25,8
13276,other,33,7
46292,other,29,9
36570,games,6,1
27602,other,42,4
15679,other,45,10
36528,games,9,2
71690,utility,63,14
69952,other,20,3
61145,other,38,10
56212,other,18,2
18708,utility,98,13
60348,other,66,6
19002,other,106,6
41882,other,48,3
47000,other,37,3
23315,social,5,1
70971,other,14,2
36316,other,72,12
53126,other,121,15
47768,other,67,6
23187,other,80,22
47125,other,66,9
50648,other,17,1
58663,productivity,68,8
4472,other,14,2
26475,other,15,3
26231,utility,31,3
14805,other,51,12
27836,other,23,6
61331,other,35,10
38593,other,45,18
31668,other,8,3
55300,news,62,9
48050,other,5,1
16010,other,55,10
69214,other,5,1
54452,other,6,1
3750,other,45,8
38156,other,19,2
34397,other,20,7
70557,news,43,8
71120,shopping,13,6
31426,other,32,11
72032,other,10,2
49198,food,57,11
68965,other,60,15
11600,other,53,6
60855,other,21,4
3034,other,60,17
71009,other,57,2
3340,other,78,11
50661,other,35,7
71019,other,5,1
62987,other,11,1
7674,other,4,1
51143,other,87,14
1978,other,31,5
8745,travel,30,6
12984,other,29,6
64011,social,7,1
25667,other,97,16
23409,health,33,7
55367,other,17,4
34924,utility,57,14
67275,social,45,9
60081,other,38,6
58184,shopping,64,10
66274,social,7,1
15745,other,8,3
17544,other,12,3
58914,other,43,2
13640,other,37,16
26277,other,20,5
51011,other,26,4
19922,social,50,12
64956,other,29,4
64140,other,93,3
2928,other,47,7
1091,other,65,23
32988,other,7,1
55954,other,71,17
6751,other,43,16
17472,other,15,2
30366,other,19,5
9118,other,86,16
41260,other,32,8
11490,other,52,12
32260,other,22,12
24028,other,40,8
58940,other,15,7
45657,other,29,4
24208,shopping,24,1
23684,other,20,5
46189,other,80,10
44654,utility,20,1
59602,other,120,5
6893,news,23,4
7397,other,64,11
42032,games,13,5
51135,other,34,6
9696,other,18,1
19445,utility,36,5
56034,other,33,8
56268,other,19,5
54240,other,19,7
11200,other,44,10
35093,other,13,5
4852,other,53,2
53915,other,24,5
44877,social,21,2
12898,other,21,1
27100,other,69,8
21506,other,51,4
14004,other,184,37
29039,other,72,7
23479,food,52,5
62109,other,54,13
56130,games,58,11
50766,other,13,1
28190,utility,67,17
13551,other,20,5
40850,other,40,11
53283,games,56,14
10562,other,70,17
14451,other,155,31
8131,other,69,13
53699,other,43,9
28192,other,5,1
53880,shopping,127,5
66230,utility,19,1
53680,other,14,3
68640,other,87,17
17262,other,34,9
11262,other,84,15
29577,other,29,6
52955,other,77,37
35727,utility,39,6
68661,other,26,4
35356,other,39,21
4372,other,17,1
68186,other,41,8
16658,other,15,2
9841,utility,36,12
42157,travel,119,7
49399,finance,134,19
45223,news,51,12
68493,other,86,23
22593,other,15,5
23361,shopping,65,13
432,other,10,1
40394,other,46,10
47097,other,102,21
57135,other,73,12
11414,other,33,9
12668,other,30,6
67036,other,105,27
70963,other,16,3
30354,other,59,12
32363,other,33,7
42533,other,24,1
362,other,60,15
59232,other,62,13
2060,other,46,6
1120,other,63,23
33219,social,6,1
55277,news,39,5
33545,other,54,8
33756,other,32,1
5129,other,44,10
30188,other,22,3
25849,other,94,17
43240,games,54,14
28500,other,69,11
63579,other,67,17
14129,other,48,9
51331,other,47,11
27235,other,156,10
35792,other,23,5
63793,other,89,11
1195,utility,72,10
4673,other,183,36
28798,utility,57,8
69397,shopping,42,7
20240,other,29,6
32891,news,73,15
36164,other,17,5
53457,other,50,9
19178,other,20,2
72137,other,33,5
58274,other,27,3
3545,other,58,26
44490,other,102,16
54840,other,83,20
5043,other,31,2
51316,utility,61,19
55456,other,141,18
25225,other,16,8
37728,news,24,1
26109,other,24,3
47861,games,14,1
20308,other,26,8
3834,other,89,20
30832,games,18,2
49957,other,47,2
32087,games,18,2
39831,food,23,4
45925,other,17,1
18803,other,6,1
23889,other,33,8
5314,other,65,2
19258,other,33,7
48386,other,31,5
45871,other,26,3
70925,other,47,8
62793,other,122,20
23596,other,52,13
19230,utility,48,9
30619,other,41,3
55578,other,31,8
56666,other,54,4
44689,other,16,1
19032,utility,78,12
66416,other,61,14
916,food,116,16
19730,other,77,17
53402,other,30,5
47360,shopping,42,5
20671,travel,68,13
31187,other,88,23
1453,other,82,16
46880,finance,39,7
4531,other,34,5
57595,other,82,10
17917,other,59,2
22454,other,65,21
31194,other,33,6
65414,other,38,13
19755,other,18,5
581,other,26,1
69644,finance,30,2
60573,other,13,3
7427,other,26,2
37528,other,23,3
37350,other,54,13
3025,finance,14,5
39446,other,27,1
59307,other,13,5
6425,other,25,4
52054,utility,23,6
58831,health,44,12
28345,utility,21,3
20255,other,11,1
61489,other,21,1
6914,shopping,91,14
17177,other,59,13
18790,games,27,7
22492,other,21,2
11721,other,18,5
60375,other,24,5
50400,other,66,9
50704,utility,47,11
27874,other,16,3
49970,other,59,10
47502,other,22,1
50423,finance,59,8
25489,other,36,15
68807,other,38,6
8318,utility,129,25
6619,other,47,12
55507,games,39,8
11715,other,26,5
71073,other,19,5
15321,news,82,20
55554,other,25,1
69055,other,58,11
4162,other,20,4
71137,other,15,1
43304,other,57,12
65840,utility,17,3
49906,news,19,1
41111,utility,30,4
57106,other,41,10
52965,other,22,3
7433,other,36,6
22444,other,6,1
35810,other,90,8
42635,news,35,10
41433,other,20,5
19194,other,117,5
21047,other,84,14
23013,other,25,4
25157,other,56,6
70357,other,8,1
37175,social,8,2
66943,shopping,17,2
10990,travel,47,5
281,news,78,4
37468,other,14,2
24931,games,46,3
59097,other,42,2
54428,other,31,8
23626,other,119,23
60084,other,118,20
23730,other,8,1
14423,other,31,14
21965,health,32,6
3920,other,33,7
50710,utility,194,7
6629,other,8,3
55537,shopping,6,1
31774,other,67,7
40368,other,29,5
26507,travel,37,8
38412,other,177,20
36940,other,11,2
7716,other,6,1
94,shopping,31,9
50136,other,37,13
66850,other,23,11
64436,other,100,9
8702,other,22,5
57642,shopping,46,14
30863,other,109,20
36245,other,180,36
50373,other,102,4
59105,other,29,6
47804,news,82,9
70729,other,39,13
45545,other,34,7
44781,travel,29,12
52350,other,43,5
56605,utility,7,2
61972,other,67,20
12593,other,93,17
44487,games,21,1
17351,other,47,3
39997,other,69,7
4033,other,177,32
64614,other,85,16
12831,games,8,3
26443,news,54,8
44363,other,21,3
45649,other,17,5
36333,other,41,7
58633,other,27,7
12638,other,18,2
46903,other,22,4
35807,other,91,8
4421,other,23,11
8068,other,18,1
9019,other,25,5
69174,other,8,2
22808,other,40,8
29494,news,99,31
39216,other,24,5
7217,other,49,6
30322,other,7,1
61135,social,7,1
64650,other,15,3
29162,other,26,8
4061,other,10,2
2124,other,20,2
38070,food,46,1
29695,other,53,8
50476,food,88,11
66377,other,79,12
55669,games,64,22
44260,other,108,15
8625,social,21,2
40753,other,50,16
68432,utility,121,13
52757,food,65,14
40000,other,12,2
16074,other,20,5
57792,other,41,15
4320,other,143,27
17595,other,13,1
22139,other,17,6
61465,news,43,9
4868,other,28,5
56105,travel,253,8
46188,other,188,14
19036,social,7,1
36179,news,54,3
71193,other,28,6
31670,other,22,7
39951,other,62,15
11643,other,67,16
22077,other,45,6
40134,other,35,7
48975,utility,68,18
57146,other,16,4
23566,other,24,5
70227,games,5,1
16050,other,47,12
66866,other,21,7
6772,other,159,16
55802,other,17,3
52906,shopping,58,12
57069,other,45,14
62562,other,27,5
2106,other,27,8
57528,other,45,13
58486,other,47,10
18264,food,58,5
70138,social,7,2
17653,other,14,4
56730,other,23,4
39857,news,11,3
51873,other,70,10
34254,other,15,3
15692,other,61,18
6693,games,5,1
56793,other,17,3
35572,other,26,3
58086,other,38,8
62222,other,108,40
43915,other,47,6
50406,other,18,5
20782,other,46,6
35230,other,21,1
71548,other,69,12
35350,other,66,20
711,other,109,24
60762,other,49,1
21547,food,25,8
32471,utility,73,5
47403,other,11,4
53646,other,92,11
20098,games,14,1
20936,other,206,71
19696,finance,39,3
66060,utility,42,10
72050,other,36,7
57108,other,43,1
13413,other,54,11
37891,utility,50,14
3056,other,46,12
30653,other,13,2
7057,other,22,6
60785,health,51,14
39648,social,56,9
29344,travel,35,6
51372,social,48,7
22209,news,18,1
17865,other,59,7
18792,games,22,2
23628,other,73,10
10210,other,29,7
51107,other,35,10
6057,other,80,11
26914,other,92,7
10814,other,48,7
40433,other,10,3
43015,other,12,4
43078,other,27,7
46006,other,38,12
63274,other,46,7
10362,other,30,8
50139,other,46,18
42760,travel,12,1
25960,shopping,73,11
24566,other,46,7
8035,other,60,11
53643,other,51,10
41559,other,32,11
8801,other,24,4
37270,other,34,8
39379,other,63,7
15316,other,14,3
49670,other,33,4
49590,other,22,9
66549,other,16,3
2638,other,33,7
46244,other,154,26
28650,other,55,3
68447,other,46,12
9931,other,16,6
46893,other,22,1
6414,other,34,3
64492,other,61,18
69728,other,25,7
1324,other,54,13
22498,productivity,27,10
19960,other,23,4
13672,other,13,1
53188,other,57,20
33354,other,90,16
12436,food,35,12
19746,other,12,1
12144,other,84,15
54165,other,46,4
48178,other,205,11
65321,other,14,3
49806,other,23,3
9751,other,31,6
32214,other,56,10
15886,other,67,8
13248,other,71,6
17325,other,36,11
37704,other,97,37
2204,other,12,2
20881,other,21,5
54474,social,20,4
29061,other,54,9
50349,other,36,8
7236,other,49,11
55790,finance,32,12
56333,utility,10,1
49267,health,99,24
47825,other,67,10
61997,other,31,5
47201,other,92,15
67579,other,113,16
66923,other,64,12
59535,other,41,8
48250,other,14,1
34086,other,77,5
68472,other,13,4
16250,other,44,15
60779,other,73,22
29997,other,9,3
31605,shopping,58,9
34604,social,27,5
35247,travel,47,2
64148,other,43,5
14514,other,29,7
60125,other,24,1
38396,news,97,5
65656,shopping,18,2
4645,other,98,19
14339,other,68,12
29598,other,23,7
41238,other,14,3
18980,other,78,28
18170,other,65,20
56006,other,39,9
2840,other,34,9
32080,other,7,1
44892,social,20,4
37511,other,19,4
44743,social,7,1
24078,health,29,6
56087,other,98,3
24030,other,18,2
50405,other,18,1
13887,other,44,1
17350,other,36,15
47770,productivity,42,17
9941,other,83,12
51530,other,24,7
45004,other,29,6
15883,other,10,3
42088,games,46,7
57898,other,42,1
55588,other,19,4
4991,social,19,6
62049,other,17,7
56765,other,75,20
29250,other,24,4
3838,other,61,10
50201,other,33,7
31115,other,19,5
27387,other,8,1
68157,food,9,1
48,other,17,3
7181,other,34,8
33660,other,123,4
18668,other,19,5
50545,other,24,3
47229,other,34,11
42940,other,14,1
44425,other,33,6
58226,food,21,4
51729,health,53,4
68700,shopping,100,18
42700,other,12,1
63312,shopping,29,5
22147,other,33,6
50236,other,26,5
25604,news,7,2
56884,social,7,1
29448,other,28,9
23030,other,4,1
10095,utility,7,1
17906,other,43,12
11587,other,50,3
40846,other,17,6
51312,other,83,15
62578,other,68,10
17889,other,6,1
58776,other,30,1
23922,other,43,8
62759,other,111,24
50607,other,38,8
37564,other,66,9
66210,other,35,2
13029,other,84,20
32378,other,21,7
33396,other,18,7
47080,travel,27,7
63184,games,34,5
52094,other,24,5
24235,other,20,1
10755,other,26,2
52304,other,73,6
23518,news,38,6
55672,other,31,2
28892,other,41,17
2704,other,39,9
62170,other,18,5
14531,other,53,2
30541,other,21,5
30054,other,44,11
43591,other,32,2
72129,other,22,2
317,other,103,11
60675,other,26,9
10385,utility,48,9
68612,utility,21,3
55410,other,35,7
32347,travel,23,10
68434,utility,67,17
36362,other,19,1
66745,games,27,1
4762,food,78,25
66423,other,27,6
11929,finance,30,8
64930,other,45,9
8225,news,44,10
749,other,70,32
32164,other,21,1
6504,other,27,4
69376,other,19,2
54507,other,62,10
41769,other,65,14
41471,social,56,9
62608,shopping,50,23
12360,other,42,16
52730,other,6,1
19070,other,30,10
4192,other,93,7
2050,other,21,2
51422,other,62,11
71253,other,45,1
9777,utility,47,8
32466,utility,20,5
40678,travel,26,9
61786,other,28,3
63752,other,54,10
37522,other,19,2
59112,other,63,10
13743,other,64,21
7490,social,46,9
44511,other,13,2
3,health,19,4
47368,other,67,2
57953,news,28,4
54852,other,66,18
31056,other,27,3
8832,other,14,4
45529,news,9,1
66707,other,29,5
23982,games,69,13
48133,other,85,9
55375,other,57,13
68058,other,48,2
62757,social,7,1
6252,other,19,7
7914,other,50,7
14428,other,16,3
20025,other,31,9
28820,other,21,7
65501,other,14,2
12056,shopping,20,4
32727,other,5,1
35010,other,52,5
51376,social,45,4
4540,other,28,5
65600,games,44,5
21191,other,9,2
47747,other,147,11
49976,other,14,2
35957,other,12,2
70784,other,138,10
49282,other,21,2
17822,games,80,14
61685,social,7,1
59682,utility,49,6
30574,social,12,1
56674,utility,20,2
70064,other,103,15
5697,other,72,19
12097,other,10,3
28202,utility,29,6
37518,other,15,1
15806,games,24,1
42980,other,64,19
25945,other,55,1
34791,other,40,2
69727,other,18,7
7870,other,20,2
30205,other,25,7
24520,finance,57,9
44773,other,60,13
30187,other,49,5
21818,other,42,14
17536,other,43,3
34948,news,40,18
61848,other,8,3
12493,other,8,1
8956,other,8,3
23583,other,15,5
16214,travel,24,5
39495,other,8,3
43549,other,6,1
11645,other,14,1
62720,social,81,3
42007,other,44,12
43163,other,11,2
20419,travel,82,11
9622,games,46,7
32790,other,15,2
42066,other,18,5
58435,other,14,1
44678,other,50,4
30711,news,48,16
61254,news,21,1
31929,news,96,28
19612,other,49,12
60843,other,53,9
16576,news,86,18
64277,utility,39,6
44211,other,33,7
54765,other,27,4
18868,other,24,7
69795,other,52,7
57928,other,24,7
12423,other,16,3
40479,other,75,5
35818,other,68,9
57210,other,45,9
44597,utility,42,8
17760,other,79,3
10245,other,29,5
7140,other,32,12
12932,travel,58,8
55488,other,25,5
49223,other,19,5
15833,shopping,34,9
65830,social,7,1
40973,other,71,12
13067,travel,19,3
16906,other,28,3
44482,games,6,2
60617,other,10,3
9643,other,22,3
59303,other,58,2
30838,other,19,3
11475,other,71,20
48144,other,36,5
60128,other,11,3
30818,productivity,92,14
52179,other,45,8
71839,other,25,3
31435,other,45,7
23470,other,47,17
2297,other,61,21
29211,other,8,3
28549,other,61,13
70325,food,20,5
70693,other,29,10
61048,other,19,1
39327,other,33,3
54414,other,18,3
17871,other,92,17
28277,other,19,3
20026,other,30,8
20629,news,77,6
28335,productivity,42,12
17675,other,22,2
11003,other,52,3
5113,other,30,10
4702,other,30,10
44083,news,10,1
16863,other,22,1
23870,other,77,16
45944,other,78,18
33437,other,55,5
46367,other,89,9
31248,other,40,9
28173,other,33,8
19458,other,30,10
5662,other,8,3
6306,other,21,6
67529,other,35,7
47934,shopping,22,10
26386,other,75,3
21576,social,9,1
1478,shopping,22,5
30773,utility,21,3
50483,food,168,17
3270,other,19,3
67017,travel,46,7
39486,utility,63,18
13367,other,55,14
68193,other,155,6
11921,other,27,12
41233,other,8,2
54690,other,121,38
13349,other,17,5
17120,other,63,9
35543,other,101,8
68241,utility,33,3
15766,other,162,24
66248,other,23,1
3610,other,53,15
22083,other,18,3
56639,other,29,7
871,other,81,23
49125,other,89,21
51560,other,26,2
65198,other,48,17
5568,other,62,12
56303,other,6,1
39622,social,48,9
50667,news,36,5
33774,other,77,15
7902,other,23,5
32288,games,24,3
63965,other,51,6
23317,news,66,7
57162,games,41,10
60122,social,31,3
5440,games,120,6
69660,other,23,1
71973,other,140,15
15264,other,72,7
59944,other,59,2
605,other,13,2
40900,other,93,16
71454,other,118,11
8040,other,8,3
16238,other,28,8
63638,other,12,3
62959,social,14,6
56259,travel,74,11
4107,other,7,1
16516,other,98,24
40252,other,42,12
30713,news,62,14
68802,games,54,7
52605,other,25,7
56991,other,49,16
6064,other,19,2
7141,other,19,5
68901,other,18,1
2554,other,74,16
25007,other,12,2
19641,other,33,7
6663,other,9,1
27257,other,33,7
34285,other,61,3
36110,shopping,74,5
22404,other,46,8
56319,other,56,6
54054,utility,97,11
32152,other,83,11
62084,other,9,1
31765,other,26,5
40110,other,48,18
42365,other,14,5
12001,other,21,2
14372,other,67,16
41536,other,57,14
17579,other,18,3
33514,other,80,14
41740,utility,243,7
40603,other,50,11
21541,other,4,1
28931,travel,37,8
60735,other,42,9
3333,other,100,26
49890,other,16,3
4797,other,26,10
18519,productivity,24,1
43673,other,46,7
16896,other,58,16
36995,news,92,31
63972,other,30,3
57271,travel,122,30
66965,other,32,18
17195,other,145,32
31842,utility,14,1
46805,shopping,80,6
52958,other,18,2
1476,other,13,2
62306,social,45,9
8292,other,66,15
45298,other,47,1
40587,other,124,3
70639,other,88,15
4899,food,65,10
37492,other,16,2
70460,other,42,5
51000,other,33,2
26317,other,22,2
46280,other,33,5
20729,other,34,8
41976,news,60,11
35556,other,80,17
14419,other,26,11
32826,other,84,33
23981,games,63,11
63727,other,40,14
5597,other,21,3
49016,other,47,8
38658,other,17,3
68255,utility,65,8
38956,other,15,3
47512,utility,69,17
61999,other,15,4
32915,utility,45,12
46073,other,52,15
55974,other,33,7
25846,other,12,1
21688,other,16,6
53839,other,88,3
54320,shopping,44,12
69859,other,83,15
58901,other,28,5
571,other,6,1
47940,other,10,2
65233,other,17,3
67157,other,46,11
17667,other,54,32
49090,social,65,14
49336,other,40,15
40703,other,42,1
31808,health,10,1
4674,utility,21,2
16539,other,27,6
66635,other,17,3
3958,other,74,16
21900,other,17,2
30558,other,32,2
3700,other,32,7
14668,other,8,1
49475,games,104,35
17316,other,38,9
55376,other,33,6
63744,other,27,4
9797,other,56,8
60955,other,18,1
64124,utility,48,8
35245,other,14,3
31933,other,25,4
8866,other,20,9
52663,other,38,9
53684,other,13,3
14097,other,19,5
1608,other,26,3
24615,other,38,11
6394,food,50,3
19281,news,64,14
9125,other,27,9
59895,other,76,35
52009,utility,22,5
63444,utility,50,6
66557,other,76,2
60040,other,21,2
19853,other,38,1
53734,travel,44,5
7116,other,16,1
40093,other,55,14
45204,other,46,7
29512,other,41,9
35982,other,20,2
50623,other,39,7
70197,social,7,1
39704,other,20,4
23160,games,10,1
23813,other,19,5
55055,other,35,7
31121,other,6,1
30021,other,64,14
71824,other,27,7
6243,utility,47,9
7059,other,84,7
30321,other,17,1
38913,news,99,26
57493,news,83,10
33047,other,52,8
69140,other,105,11
48503,other,37,9
1055,other,51,9
50372,other,50,8
43840,other,30,4
36884,other,16,3
18529,other,64,12
68211,utility,58,8
14156,other,30,3
34646,food,55,14
46335,other,30,4
13554,other,25,1
10050,news,73,14
56560,other,75,23
47045,other,153,22
8413,other,54,17
68798,games,51,7
17375,food,53,4
28928,travel,47,11
12057,other,18,4
25783,finance,23,2
38692,other,25,8
56492,other,22,2
48966,other,21,4
36251,other,89,14
51289,social,20,4
31224,utility,68,11
57090,other,128,13
35493,social,22,8
70932,other,60,10
35408,other,8,3
38940,productivity,23,3
46107,other,38,8
24162,other,44,7
6873,other,33,10
21714,other,55,9
41494,other,11,4
19290,news,64,12
22704,other,14,1
46760,shopping,90,21
35604,other,20,2
34091,other,19,2
37721,news,44,10
70799,news,40,9
29326,other,66,12
5435,games,101,13
18404,other,36,9
9457,shopping,64,12
10773,games,19,2
14810,other,86,15
52895,other,74,13
11039,news,69,16
1966,other,28,7
57714,other,84,14
42288,finance,34,5
6666,other,13,2
39040,other,15,4
19072,games,14,1
15654,other,48,9
69937,other,26,2
66501,utility,44,9
63179,games,45,5
3764,other,24,3
40279,other,22,2
62094,games,46,40
7307,other,30,3
4989,other,11,3
38292,other,14,2
8386,other,32,10
22140,other,84,14
40181,other,19,5
43774,social,99,26
71259,other,17,1
69228,other,26,7
64137,other,48,6
39901,other,23,6
35612,other,39,11
33751,games,25,13
25125,other,14,7
22555,other,41,8
38228,other,45,15
49899,other,46,10
10500,news,37,7
976,social,40,8
43048,other,117,23
58343,utility,58,13
25882,other,31,6
57113,other,22,6
43269,other,17,5
28031,other,69,14
37312,other,9,3
46173,other,162,16
48070,other,80,11
3451,social,7,2
12212,other,124,14
12525,other,10,2
47570,other,68,17
4205,other,14,2
56651,other,24,5
8180,social,28,1
66073,other,30,2
48335,games,8,4
41921,productivity,31,3
71693,utility,50,6
6706,other,37,8
19522,other,42,1
58295,utility,21,1
58366,other,18,5
44853,other,24,5
59616,other,8,1
61474,other,40,7
28750,productivity,23,2
4085,other,14,3
44259,other,9,1
15245,other,47,6
44660,other,34,18
71645,other,20,5
15940,utility,15,1
26410,other,13,6
7412,news,37,6
51641,other,64,6
69944,utility,31,5
53929,travel,8,3
54269,other,18,5
15236,other,100,22
55261,other,60,7
51839,other,16,7
45732,food,52,10
62664,other,57,2
48293,other,60,10
30839,other,61,5
66687,social,10,1
13508,other,12,2
33003,other,48,9
4547,other,40,3
61447,other,58,1
10723,other,17,2
41118,health,47,6
8649,other,21,7
43986,other,31,3
41140,social,20,4
47927,shopping,33,1
58520,other,51,8
3224,other,70,13
37978,other,18,2
33604,other,15,1
62671,other,41,6
29706,games,114,22
2937,other,38,6
21300,other,11,2
12328,health,23,4
56032,other,50,2
49431,other,50,11
59542,other,75,13
30292,food,130,10
58092,food,6,1
61852,other,28,6
47293,other,39,9
27473,other,24,5
14093,other,31,9
51550,utility,21,3
41390,other,91,7
48181,other,19,5
21428,utility,73,33
47859,games,17,4
8518,other,110,13
53418,other,71,6
2953,other,24,7
69656,finance,24,2
58770,other,27,3
7982,travel,8,3
11816,other,37,8
29226,finance,14,2
42163,other,40,13
15508,other,41,3
18486,other,48,14
43525,games,48,2
15146,other,25,6
61770,other,5,1
28633,other,42,8
26848,other,35,8
18858,other,33,18
50636,other,120,20
28851,news,56,9
28451,games,13,2
27192,other,82,8
1094,other,28,1
67973,utility,17,3
9771,other,16,3
49839,other,103,11
21791,utility,48,10
49067,other,49,12
58875,other,62,5
69294,social,12,1
53624,other,8,3
39674,other,22,9
34682,other,34,7
63304,other,18,5
2185,finance,37,1
27522,shopping,49,3
61696,other,41,7
56399,other,22,3
6628,other,62,14
42174,utility,24,2
22216,news,19,4
62743,other,19,5
44911,other,121,20
12183,other,29,9
32957,other,19,2
15622,other,27,8
19725,other,67,22
49303,other,58,5
64251,productivity,90,18
20423,travel,41,4
42914,utility,26,5
59760,other,56,5
37460,other,19,3
70007,social,32,11
35516,social,161,13
25965,other,29,8
70813,shopping,39,14
39255,other,13,2
58023,other,52,2
52099,other,51,11
21289,food,90,25
24140,other,61,10
48158,news,33,14
58554,other,21,9
33115,shopping,155,22
13628,other,23,6
68124,utility,21,2
27719,health,28,8
59928,other,57,12
64102,other,65,15
69951,shopping,99,18
13492,other,8,3
21306,other,29,4
40781,other,56,2
36542,other,21,1
41590,food,65,14
3012,other,26,3
69269,other,12,2
59339,other,22,4
59741,other,71,16
45283,social,20,6
25678,other,75,6
35300,other,34,3
55212,other,24,1
56694,other,52,7
35988,other,31,9
69073,other,104,26
27607,other,46,11
66227,other,90,32
45131,other,101,18
65479,social,13,3
10789,utility,8,2
29345,travel,16,4
62611,food,21,1
68210,utility,48,9
35434,other,30,6
7807,social,7,1
31067,other,142,10
4512,other,51,6
55174,other,18,3
7644,other,55,12
16521,other,26,8
45206,other,22,2
5209,games,34,12
33659,other,35,4
38704,other,9,1
50311,other,18,4
53115,finance,24,5
28273,other,46,8
32457,utility,84,11
2813,utility,7,2
27888,other,54,13
62957,social,55,3
16577,news,117,26
27095,other,43,14
53259,other,48,15
6789,other,9,1
36054,finance,50,13
40596,other,12,2
61096,other,90,20
54677,other,21,4
59520,other,79,3
26196,other,20,2
67153,news,17,1
54461,health,22,4
4888,food,62,7
68101,other,17,1
23116,other,32,16
4444,other,50,1
32602,utility,104,21
54823,other,122,34
714,other,108,23
70674,other,72,12
30887,other,47,12
46260,other,60,11
10710,social,7,1
919,food,130,37
70090,other,14,2
64909,utility,27,4
9537,news,103,13
69684,utility,89,13
6621,other,20,2
16541,other,35,6
44783,travel,12,1
16978,other,13,2
8293,other,10,2
3963,games,58,13
33518,other,92,26
8346,other,38,9
57974,other,8,3
28995,other,67,11
26837,other,31,6
23002,other,26,9
12247,social,5,1
11570,other,183,37
50885,other,55,18
68146,food,44,9
9545,news,27,3
49212,other,39,17
53436,shopping,81,16
24561,health,22,4
49541,other,54,10
70025,other,31,2
18157,shopping,6,1
68956,other,37,15
18031,other,28,5
69838,other,40,3
49904,other,48,9
1868,other,42,13
35054,other,25,1
53422,other,48,10
71830,other,60,7
52866,other,35,8
47439,utility,21,3
6301,other,53,10
22493,productivity,24,5
17443,shopping,72,9
56077,social,34,11
22461,other,48,12
26928,utility,50,6
29702,other,121,28
40978,food,119,8
53704,other,19,4
15070,other,20,3
52175,health,18,1
71330,other,66,13
28533,finance,69,12
60836,other,79,10
38375,other,42,8
5586,other,30,10
914,food,58,18
60867,other,18,1
60881,other,34,4
31667,other,21,6
71020,utility,20,2
72012,other,17,1
70399,other,34,7
14955,other,88,12
28599,other,46,9
61351,news,67,14
14154,other,62,15
35494,social,109,8
35890,other,191,37
32307,other,82,7
14001,other,33,7
27273,other,78,26
63634,other,19,5
27735,other,28,6
2202,other,167,10
39280,other,23,7
14633,other,8,3
70418,other,39,12
69833,other,22,2
50300,finance,27,1
36146,other,58,11
22051,news,58,9
52719,other,17,4
42675,other,14,2
17298,other,6,1
19652,other,24,1
45825,other,28,3
60796,other,27,5
38664,other,46,9
24661,other,50,10
67428,shopping,41,10
8003,other,53,13
17142,shopping,55,8
3936,other,111,36
57341,other,34,8
27347,other,30,4
70778,travel,84,15
12298,games,49,14
14883,other,8,2
14727,other,11,1
47769,social,20,4
58127,other,60,5
7199,other,77,22
6136,social,7,1
39625,other,13,2
1123,other,158,23
4302,other,116,20
19999,utility,19,7
53163,news,53,11
52289,news,17,4
10051,other,18,5
12523,other,12,1
54015,other,18,2
36010,other,36,8
27848,social,5,1
20233,other,26,4
56354,social,10,1
32121,other,35,8
36065,other,31,6
47967,travel,177,15
10220,other,50,10
7287,other,70,18
56813,other,110,46
777,other,53,13
42582,other,16,5
41710,news,39,6
9286,other,39,9
36864,travel,10,1
58140,other,50,9
61601,travel,44,11
63600,other,71,25
61873,other,43,12
14706,other,6,1
69354,other,20,8
70927,finance,14,2
10198,other,77,6
35595,other,127,47
55627,other,109,17
6400,other,72,9
66181,other,129,18
41958,utility,47,11
18119,other,20,3
72183,travel,49,7
45495,other,74,18
33998,other,17,3
32356,other,9,1
55080,news,43,10
70651,other,31,7
36655,travel,74,18
13686,other,9,2
51754,other,32,6
52816,travel,40,9
16087,social,59,9
34400,other,18,3
68948,other,72,20
32788,other,22,4
15381,other,11,2
40496,other,27,1
60248,other,25,5
60640,other,75,11
29415,other,16,6
52859,other,8,2
23643,other,75,10
67167,other,53,10
46701,travel,83,3
12642,other,72,5
35577,other,31,7
68008,other,108,26
22878,other,27,7
29971,news,44,7
56091,other,20,2
3599,other,18,7
7591,other,106,16
51634,other,30,4
55600,other,66,45
66184,other,67,11
42276,other,90,14
15666,other,40,15
51785,other,31,6
39122,other,14,4
66140,travel,44,5
66614,other,16,3
70846,games,79,13
12369,other,12,1
23003,other,7,2
11670,other,167,16
57613,other,31,8
49137,other,83,8
25998,other,35,6
4249,other,36,5
35900,other,20,1
14222,health,27,1
62325,other,29,6
45820,other,44,9
52532,other,19,5
30537,other,24,11
43140,other,44,15
4538,other,27,4
7925,food,41,11
39851,news,10,1
11081,other,13,1
12455,other,20,5
32735,finance,26,10
13746,other,64,5
32621,other,29,2
62024,other,171,6
57694,other,140,29
67730,social,7,1
36983,other,72,6
17905,other,19,4
24197,other,21,2
69913,other,22,5
53222,other,8,3
54185,other,169,41
44646,other,33,8
40417,other,21,1
54845,other,37,7
69987,utility,105,21
20002,utility,33,6
59010,food,82,23
48275,other,22,5
2562,other,23,3
14830,other,10,1
12445,utility,56,6
58651,other,115,8
1946,other,28,8
42458,other,75,9
53221,other,16,2
11261,other,51,7
41262,other,19,2
50816,travel,23,3
13047,other,92,19
26255,other,22,4
56430,other,32,4
52918,other,151,29
18717,other,31,5
10952,other,34,10
21637,other,8,3
51778,other,47,7
13318,other,97,1
30504,other,30,4
64183,shopping,52,11
7208,other,52,5
16518,other,27,4
40288,other,93,20
50357,travel,21,3
21528,other,66,21
49020,other,14,3
14280,food,44,16
63987,health,25,4
63967,other,99,21
17147,shopping,77,6
17654,other,18,5
42986,other,90,9
4927,other,51,13
62730,utility,48,11
50626,other,10,2
2480,other,95,52
7301,other,52,7
63086,other,17,3
23615,other,82,14
38325,other,36,7
326,other,19,5
63556,other,20,5
58804,other,26,10
68585,news,32,7
36738,other,131,17
31724,other,8,3
18093,other,113,13
55262,other,44,9
48048,other,73,8
46156,other,15,3
19182,other,18,3
31515,other,129,27
7969,other,55,12
24299,other,34,2
60488,other,19,5
13034,other,112,21
49145,other,95,6
21717,other,36,8
3249,other,18,1
14236,news,60,8
6841,other,53,9
28350,utility,178,11
19439,social,7,1
60070,other,27,6
37595,news,43,11
21336,other,15,2
56116,games,39,12
34691,other,14,2
46630,other,19,1
69368,other,67,10
39164,other,36,11
26314,other,74,11
48460,other,9,1
12723,productivity,42,12
68345,news,27,5
16682,news,43,12
62221,other,83,29
8427,other,40,4
50428,finance,9,1
35065,travel,49,7
61385,other,19,4
9476,other,18,5
11034,other,26,5
42310,other,17,1
15398,shopping,96,5
10409,news,87,9
66964,other,29,14
22118,other,24,5
15983,other,51,28
56760,other,62,6
8989,other,34,5
71752,health,23,1
2902,other,15,2
37661,other,19,3
55937,other,9,3
63271,other,24,6
62295,health,23,3
61034,productivity,26,6
70910,other,47,6
55869,games,91,29
18490,other,9,1
23842,other,17,2
19600,other,43,4
52256,other,60,10
28167,other,55,18
44644,other,131,8
39923,other,18,3
3740,other,66,12
67398,utility,15,1
21788,other,16,1
50315,other,99,26
5580,other,21,4
12509,shopping,47,8
49348,news,26,7
22152,other,45,7
57458,other,89,4
43152,finance,60,13
71126,utility,25,6
66301,other,27,6
51421,social,7,1
64584,food,29,9
617,other,140,13
3011,travel,38,11
33284,other,33,7
71696,utility,21,2
10274,other,21,4
46904,other,54,9
25815,other,45,5
22931,other,74,4
17861,other,16,4
45117,food,18,2
16407,other,42,6
50851,social,20,3
34191,other,12,2
60293,other,27,2
45765,other,85,10
43646,other,18,2
24722,other,58,6
40795,other,8,3
69729,other,13,2
66005,other,66,8
53634,other,46,10
2397,other,74,13
28535,finance,16,3
6829,other,79,24
23041,other,53,9
17565,other,51,3
6257,other,35,5
65494,other,42,5
55360,other,51,11
41467,games,17,1
7256,health,38,7
2191,other,38,22
20774,other,41,10
54354,other,17,3
12875,finance,20,6
13609,other,32,5
52632,games,112,28
3433,social,23,12
7456,other,19,3
24062,other,17,2
7862,other,18,3
26805,other,30,5
32409,news,21,1
50697,other,12,1
63128,social,7,1
60123,other,33,8
40102,utility,31,9
12888,news,53,15
17014,news,44,9
58972,other,60,21
13488,other,15,2
45618,other,125,14
9154,social,63,13
66224,news,47,8
61880,other,100,12
11925,social,32,7
42189,games,8,2
44133,social,6,1
70577,other,14,3
9664,other,43,14
25787,finance,33,8
7172,other,40,20
39556,other,49,6
49121,other,22,3
48301,finance,16,2
31848,utility,10,2
3786,other,21,4
23354,travel,6,1
59398,other,20,3
54773,other,65,9
31830,other,41,8
2540,other,15,1
70050,other,29,6
1740,other,63,18
69227,other,40,11
25257,other,56,12
16564,other,18,6
25904,other,45,6
58795,other,107,20
3744,other,18,1
23428,other,28,5
35028,other,101,9
24805,other,7,1
71818,other,19,2
41249,other,114,10
48658,games,96,32
42137,other,22,4
13629,other,23,6
38988,productivity,18,1
19717,other,5,1
24522,finance,85,6
50237,other,22,1
40217,other,36,5
22029,shopping,47,11
35803,other,56,3
34904,other,80,14
19109,other,8,3
4038,other,61,8
5762,other,39,6
23070,other,73,10
51739,health,44,1
33978,utility,31,6
28084,utility,36,5
23590,other,98,27
32511,other,19,6
18508,productivity,26,6
9843,travel,75,10
55859,games,85,24
69115,other,6,2
13979,other,14,6
28829,other,93,6
19114,other,20,1
17462,other,29,12
40892,other,35,6
4043,social,20,4
37807,other,13,5
71966,social,13,1
60240,other,50,29
70123,other,11,1
24757,other,49,1
2974,other,19,1
49827,other,42,7
20587,other,58,15
6213,utility,118,19
62442,other,6,1
52127,other,23,6
50375,shopping,25,3
21483,other,29,10
4818,other,159,14
4659,other,183,37
25379,other,38,11
15788,other,23,5
37380,other,34,2
44554,other,15,4
42489,other,57,10
24539,other,92,17
49054,other,25,5
41410,other,26,5
40695,news,67,11
28732,other,15,3
10960,other,56,9
58281,other,6,1
38445,productivity,42,9
58697,other,18,5
265,other,65,4
26581,other,61,17
7152,other,29,6
38854,other,10,1
48281,other,28,5
24922,other,11,1
7629,other,52,14
20003,social,7,1
67295,other,24,7
10303,other,50,17
37763,utility,20,2
12944,other,49,7
12686,other,80,15
41228,news,100,29
58499,other,14,2
60784,other,13,1
71474,other,54,13
12222,other,23,12
65399,other,14,2
9547,other,18,1
66450,utility,44,9
41779,news,15,2
63437,utility,166,28
62658,other,31,2
56138,games,101,14
67627,other,84,14
16560,other,53,8
70551,other,14,2
42875,other,16,4
26118,other,31,2
15542,news,35,5
46952,other,17,2
59781,other,64,10
10827,other,19,5
55916,utility,28,15
58395,other,37,9
3705,other,86,2
24639,other,13,3
65723,social,31,2
33966,other,18,5
29777,other,75,14
26030,games,49,19
68227,other,183,5
16091,other,37,8
11052,other,65,3
41813,other,35,2
68672,other,9,2
30349,other,54,10
67461,other,34,5
56556,other,73,6
40473,other,52,14
47711,social,6,1
59412,other,12,1
48560,other,10,2
11612,other,32,1
40208,other,19,2
68908,other,48,11
60987,other,24,5
19261,other,34,3
56546,other,24,5
36973,other,36,11
22503,other,72,17
62150,other,22,6
3472,other,31,2
51397,other,27,6
40800,other,27,6
8352,other,66,17
51820,news,61,9
10082,other,46,7
51429,social,29,1
14745,other,11,1
68529,other,80,23
66789,other,63,4
32322,other,25,3
8809,games,36,6
12160,social,20,4
29824,other,71,17
38304,other,22,4
5977,other,38,8
2809,utility,35,7
56226,health,39,11
50432,travel,67,25
45939,other,19,5
70596,other,26,4
62437,other,16,3
23911,utility,86,10
6202,other,96,12
55298,news,41,6
15410,other,33,7
50976,other,97,17
32500,other,24,6
5867,shopping,16,3
13657,other,16,9
71869,other,18,10
5464,other,24,5
34318,news,27,6
13430,other,32,5
17453,other,109,8
35502,social,32,10
34415,other,38,10
40881,other,48,12
50868,other,29,6
12733,other,26,8
34414,other,87,21
34479,other,12,2
67419,other,13,5
52882,other,29,11
46970,other,125,15
56650,other,50,6
69232,other,8,3
4710,other,40,22
56939,utility,41,8
6808,other,23,8
2375,other,58,10
66528,food,179,11
32454,utility,41,7
69957,other,23,1
4576,other,82,14
17618,other,19,5
52933,other,18,5
41731,other,146,17
6530,other,89,14
59731,other,31,10
48326,other,32,8
66506,other,22,4
24075,health,42,3
59787,other,14,1
59270,other,65,11
60274,other,34,11
25107,utility,60,6
31406,other,23,1
33593,games,48,8
27903,other,56,2
43382,news,53,7
54976,news,45,10
8374,other,32,4
2859,other,23,2
13636,other,10,1
14244,other,21,5
69857,other,41,8
33124,other,66,6
40048,other,22,3
4226,other,27,3
43252,other,78,10
4487,other,32,15
18210,other,24,4
41199,news,100,19
56969,other,58,13
45243,travel,43,17
7560,other,44,12
6450,other,17,3
45303,other,14,1
29563,other,117,20
4002,other,184,38
51006,travel,72,10
3458,games,66,2
68603,utility,18,1
68037,other,48,2
55920,news,52,12
69453,other,42,13
69125,other,179,12
22715,other,37,5
40388,other,29,2
70785,other,143,11
15364,other,27,8
36024,other,23,6
22073,utility,104,25
2932,other,34,4
70863,other,18,5
70539,games,55,13
21118,other,28,4
28505,other,8,3
17523,other,37,9
56163,other,63,12
19940,other,58,10
42937,health,22,6
20122,games,8,1
9515,other,21,9
44489,games,19,1
51427,other,29,5
11488,other,25,2
9933,other,26,4
71737,other,70,8
55136,other,41,11
45876,other,81,9
18820,shopping,62,11
41436,other,33,7
69932,other,39,9
37925,other,47,1
70414,other,42,15
58792,other,89,13
70759,other,22,3
11412,other,28,2
29513,social,7,1
22760,other,83,13
1422,other,62,16
11449,travel,33,12
71374,social,30,7
25580,other,44,8
4442,games,68,12
67949,other,22,3
64732,other,132,8
64707,news,37,6
48234,other,24,2
32954,other,14,1
66646,news,55,9
52754,other,6,1
61967,travel,53,13
31868,other,19,5
42255,games,68,12
49164,other,27,7
54096,other,25,14
56150,other,110,12
45114,other,49,8
46310,other,53,12
39582,other,39,11
40395,other,5,1
861,other,40,12
47515,other,114,15
7133,social,7,1
62118,other,47,14
7234,games,51,6
21602,other,22,10
62113,other,152,28
27407,other,38,15
25187,other,68,15
71920,other,20,4
34809,other,64,3
29306,other,54,13
6086,other,33,7
13140,other,53,4
7989,food,39,4
67390,other,30,10
65946,other,25,3
6881,other,52,10
8349,other,28,5
50832,other,66,14
20849,other,73,32
7210,other,54,10
45496,other,122,25
29122,food,26,8
7304,other,18,7
21848,other,28,5
5685,other,33,7
559,other,18,5
54125,other,13,3
62436,other,19,4
20357,shopping,62,14
67655,other,20,3
25962,other,85,20
17827,games,80,14
12750,other,89,22
31123,finance,87,30
47960,other,12,2
1846,games,43,4
39314,social,18,3
27471,other,68,10
34675,other,47,11
22478,other,27,5
23784,utility,153,5
47220,other,158,40
56784,other,191,51
12288,other,274,67
54077,games,15,2
31145,other,26,2
67971,utility,46,4
19939,other,21,1
34871,food,46,11
39781,other,23,2
45773,other,11,1
20964,other,25,3
45361,other,7,1
30131,shopping,51,10
18136,other,9,1
11644,other,52,3
36921,other,93,15
43124,other,22,3
65931,other,69,9
67763,other,22,7
8004,other,38,9
31388,other,12,4
20543,other,14,3
10258,finance,30,7
58843,news,24,3
46172,other,207,20
79,news,38,3
709,other,68,12
52826,other,6,1
56685,other,18,5
29763,other,8,3
41437,other,40,9
68020,news,52,9
8199,news,60,15
47911,other,19,2
9253,other,49,2
19877,other,22,4
62760,other,65,12
47385,health,47,3
9299,other,59,7
39392,other,98,8
32698,other,39,7
70341,utility,10,2
17540,other,18,1
58386,other,27,6
8000,other,14,2
12687,other,26,9
19310,other,26,7
66259,other,21,2
46482,utility,34,3
17824,other,97,14
30560,other,34,3
11637,other,62,26
36715,other,15,3
50739,other,104,2
24787,other,36,11
39631,shopping,68,9
33905,other,54,13
16205,travel,21,8
31871,other,44,1
69947,other,18,5
5015,other,74,17
71480,other,62,12
2313,other,78,14
48545,other,11,1
44855,other,34,7
24903,other,4,1
61622,productivity,18,4
6068,other,84,14
28638,other,70,10
23164,other,76,21
11479,other,123,19
69982,utility,111,13
45683,social,20,4
39594,other,35,8
54786,other,74,7
54441,other,81,17
15865,other,61,17
43922,utility,108,21
36261,games,26,1
23089,food,40,6
42568,other,34,7
31202,other,58,16
4980,other,22,2
49939,utility,54,13
43909,other,77,13
64969,other,66,9
54150,utility,88,5
34140,other,86,16
36470,other,69,4
64431,other,96,9
57378,other,77,15
38417,other,127,19
34673,other,122,18
35701,other,32,3
34866,other,64,7
10812,other,102,15
29077,utility,23,8
33089,travel,31,5
3350,games,103,22
64376,other,18,2
39600,other,104,7
47116,other,16,4
15879,other,19,2
24489,other,31,1
71269,other,129,47
39520,shopping,11,1
5904,other,9,1
37623,other,33,10
63040,other,31,5
39415,other,66,12
29335,other,59,16
21048,other,22,3
67169,other,84,15
58155,other,39,8
38173,news,54,3
58190,shopping,54,6
37537,other,38,9
19323,other,19,4
48784,other,23,2
70641,other,41,15
15764,other,120,14
19636,other,60,5
8672,social,47,5
30241,other,17,3
41479,travel,83,21
44787,other,19,1
32484,other,37,7
69964,other,66,13
48998,travel,83,12
59969,other,21,1
35043,other,57,9
65350,social,25,6
70969,other,34,8
37229,other,36,4
52176,health,24,2
70824,other,71,10
37557,other,23,6
2181,finance,15,2
46785,other,15,2
40656,other,63,13
56993,other,49,16
47556,other,36,9
59913,food,57,13
19157,other,29,3
23384,food,28,7
22569,other,32,7
3542,other,39,11
71493,other,101,22
46658,other,15,4
71014,utility,39,4
12820,games,15,1
30159,other,15,7
48665,games,59,11
6983,games,5,1
68671,other,69,16
4700,other,36,4
58930,utility,93,23
40740,other,26,3
25050,utility,74,3
11760,other,14,2
62233,travel,69,16
10147,other,70,21
204,food,42,12
2761,travel,40,12
30047,other,37,10
52300,other,30,4
52037,other,106,10
41348,other,58,9
18317,other,87,3
53220,other,90,3
541,other,21,3
66371,other,92,10
37717,news,53,10
22115,other,20,2
42664,other,30,8
55536,travel,14,3
52628,games,148,39
26381,health,32,9
11885,games,21,1
17975,other,8,3
60527,other,180,36
28594,travel,45,13
42734,other,54,6
14459,other,69,11
49511,other,54,13
59304,other,20,5
34183,other,34,6
48388,games,111,10
41856,other,23,3
47408,travel,14,2
3900,other,96,32
27249,other,23,2
5147,shopping,23,3
55415,social,7,1
41579,food,32,11
55986,other,58,12
6402,other,83,34
18009,other,67,10
70980,other,16,6
43978,other,12,2
58467,other,43,2
48005,other,15,4
11150,other,32,5
2738,other,73,9
2098,other,17,3
48435,other,23,5
13905,other,25,7
19800,other,29,2
31353,news,44,9
40591,other,24,4
55923,other,52,6
70724,other,23,7
33904,other,104,50
21007,other,6,1
1354,other,75,18
28278,utility,19,8
34147,games,15,2
997,other,66,16
52019,other,19,2
33796,other,23,1
13226,other,58,11
2941,other,108,16
29523,social,7,1
45082,other,62,3
8298,other,29,2
15143,other,18,5
44063,other,19,5
23047,other,8,2
60634,other,38,5
51471,other,8,3
22399,other,24,7
6052,health,46,2
7598,travel,47,8
49504,finance,23,2
59753,other,9,1
2128,other,38,6
46019,other,21,1
69491,other,42,10
31099,shopping,52,14
55318,utility,37,2
9051,shopping,37,8
30102,other,20,6
28200,utility,17,1
55372,other,98,25
56220,health,19,2
55566,other,7,3
71821,other,19,2
1642,other,65,11
4541,social,7,1
48321,finance,37,2
33529,games,13,3
65598,other,114,25
10856,other,23,3
19159,other,34,2
44331,other,33,7
2888,finance,7,2
34877,food,49,11
6147,other,29,5
42171,other,9,3
69625,other,125,14
32801,social,7,2
20992,other,12,2
70109,other,21,3
24630,other,8,3
9376,other,68,17
43371,other,45,9
2484,news,104,22
68796,other,59,13
6248,utility,49,12
46962,other,44,17
50493,other,20,1
55651,other,41,1
44807,travel,30,9
45256,travel,117,17
57140,other,77,13
46491,other,19,5
56495,other,8,2
59997,other,8,2
62972,other,54,14
7049,other,36,13
37729,news,77,38
40558,other,39,9
15117,social,14,2
17805,news,29,7
64054,other,46,10
1877,other,24,5
11140,other,41,5
41795,other,8,3
33305,other,20,5
66896,other,25,2
55738,social,27,11
34231,social,93,20
19287,news,66,12
65502,other,58,9
39382,other,24,1
49432,other,68,8
64959,other,19,4
6045,health,57,2
32906,travel,74,11
69189,other,89,21
56972,other,39,9
3033,other,48,14
11907,games,12,1
59236,news,46,10
63776,other,57,12
1793,social,7,1
6895,news,36,5
18598,other,20,7
55985,other,34,7
1954,other,18,5
71730,other,45,7
25174,other,48,8
30514,other,18,6
18393,other,29,4
6569,games,17,2
18699,other,124,82
15268,other,45,11
38230,other,76,3
55723,other,26,4
60410,other,57,13
69270,other,55,11
17503,other,54,4
15199,games,14,4
11232,food,68,12
6120,other,17,1
42128,food,31,11
60058,other,53,7
65086,food,38,4
12838,other,5,1
23207,other,28,4
17257,other,36,4
12166,other,23,5
62344,other,43,7
53661,other,35,9
44039,other,19,2
49150,other,23,5
13955,other,41,12
41130,other,18,3
17949,other,16,4
26909,other,53,14
12886,other,21,2
1443,other,61,19
70044,other,38,10
65114,other,5,1
10687,other,46,9
5987,other,44,4
16468,games,16,1
61687,shopping,70,10
18279,food,16,2
49707,other,43,14
7134,other,42,4
48809,finance,30,4
23431,other,42,6
71433,other,70,4
54384,productivity,81,18
70066,other,100,14
11937,other,19,1
16094,other,18,3
19758,other,49,3
59342,other,46,4
28603,other,84,7
48300,other,18,2
33283,games,117,27
33562,other,16,5
20828,news,64,11
43199,other,18,4
61594,other,18,2
58188,other,92,22
5046,social,35,6
26198,other,15,2
43472,other,46,9
47702,other,63,18
14561,other,28,5
16625,other,43,5
48180,other,20,4
60423,other,71,13
10924,other,78,18
44999,other,16,3
24573,other,10,1
57369,other,33,7
2291,other,56,17
28905,other,19,2
21605,travel,43,8
59838,other,33,7
45604,other,6,2
1026,utility,101,5
5798,other,99,17
16600,other,58,10
24346,health,18,6
43427,food,43,12
56822,other,28,5
41484,travel,47,11
34480,other,7,1
56230,other,33,2
4892,food,78,17
22515,other,15,1
39222,other,19,5
54572,other,38,6
17223,other,78,11
22219,news,39,11
8860,other,94,14
3529,other,20,4
38189,other,42,3
24361,other,24,10
44094,other,40,6
71720,other,38,10
37109,utility,79,6
71245,other,11,2
60310,other,14,1
30956,other,8,3
18269,food,73,19
40914,finance,41,10
17411,other,10,1
44426,other,36,7
19080,games,33,6
42906,utility,44,11
60363,other,20,4
70045,other,65,18
70506,other,19,4
29314,other,56,11
68471,social,18,6
57761,social,25,1
12718,finance,25,3
15491,other,18,5
71345,utility,45,4
42775,other,5,1
17753,other,48,10
35617,other,33,9
29012,other,65,12
40332,other,41,6
49608,other,84,17
58696,other,8,2
3081,other,39,10
65712,other,28,19
39505,games,33,2
25132,other,28,5
9678,other,45,15
37089,other,35,8
29454,productivity,88,5
38436,games,32,8
22744,other,58,15
65517,other,9,1
62964,social,36,4
41556,other,18,5
54909,other,11,2
34538,other,10,2
22110,shopping,22,2
10849,other,67,12
5461,games,19,4
68510,health,24,1
65947,other,52,12
17070,finance,123,16
36381,other,28,2
39127,other,24,3
44618,other,17,1
53567,other,52,13
54751,other,27,5
15674,other,68,17
17967,other,12,1
19617,social,38,6
36286,other,6,2
36656,travel,30,5
56031,other,17,1
48990,other,17,1
16823,finance,55,8
65284,other,78,10
21407,other,94,14
14326,other,61,9
34300,other,47,6
23374,food,54,20
32694,other,6,1
23446,other,46,6
65941,other,19,5
36897,other,28,7
18214,games,82,16
25613,utility,88,5
38224,other,129,6
57970,other,55,14
43105,other,67,11
28680,other,42,9
60536,other,17,4
57198,other,15,2
60604,other,31,8
48456,social,7,2
49183,other,45,6
28296,other,45,10
65969,other,18,4
62127,social,56,5
62867,social,6,1
52563,other,49,9
36632,social,6,1
33802,social,18,5
41565,other,48,11
54145,other,17,2
64342,other,38,5
68041,other,54,1
4215,travel,28,9
9294,other,24,6
28704,other,144,4
19903,other,51,15
60739,news,77,7
40195,other,112,23
69421,other,26,9
18180,other,45,16
66743,games,29,10
8114,other,30,6
71068,other,24,8
25477,other,80,18
51495,other,12,1
18984,other,34,1
11965,other,8,3
66306,other,55,5
58798,other,76,21
1352,other,12,1
14555,other,36,7
43046,other,51,7
54847,other,21,4
11755,other,7,2
221,other,42,10
35480,other,83,35
499,other,20,3
54913,other,93,9
31906,other,16,4
20307,other,64,12
30212,other,34,5
51070,utility,29,8
65889,other,12,2
16458,other,23,13
60230,other,40,9
15124,other,39,5
53747,travel,50,8
59687,other,5,2
65177,other,121,8
69040,other,19,5
42683,other,15,2
6498,other,51,12
40922,finance,41,11
68,other,16,5
29640,news,69,8
53807,other,25,7
43031,other,20,3
42552,other,22,7
43466,other,64,9
27548,other,101,28
64618,other,53,12
67090,shopping,125,14
63421,other,31,5
4582,news,47,3
4620,other,10,2
11159,other,12,2
60472,other,17,2
12095,social,5,1
38613,other,57,2
17961,other,121,9
35545,games,104,10
39905,other,51,8
30991,other,11,1
67697,other,14,2
39419,other,71,15
7167,other,19,2
12388,travel,21,5
1217,other,86,27
21952,other,24,8
46840,other,14,1
67747,social,7,1
61507,other,48,6
3023,finance,14,4
56720,other,160,21
21069,other,122,15
42637,other,29,6
8338,other,72,27
18977,other,62,17
30837,other,49,11
57363,other,18,3
35922,games,51,10
42361,other,16,3
60475,other,37,5
17355,other,19,3
47616,news,17,3
54661,other,15,1
68165,travel,36,8
53679,other,12,2
46652,utility,20,2
55368,other,32,4
45744,other,32,7
47820,other,29,7
41178,other,47,11
41571,other,19,2
47206,finance,45,16
20558,other,55,2
65837,social,51,16
13717,other,33,4
36068,other,38,9
9760,other,18,1
4284,other,8,3
64927,news,27,1
35177,health,55,11
65597,other,78,17
5475,other,89,8
33596,games,51,11
60638,games,29,6
29064,news,51,12
31408,other,18,3
6531,other,95,24
11867,other,17,3
48985,other,24,4
13,other,64,6
18567,other,7,1
34478,other,20,3
33345,shopping,167,10
63425,other,34,7
59071,other,21,2
48581,other,42,14
11765,other,21,7
60558,other,28,3
51285,other,32,7
32858,news,59,12
35348,other,39,11
16520,other,38,2
38448,other,49,9
3312,other,18,1
33903,other,18,5
37395,other,29,4
33494,other,64,16
71215,other,8,3
53757,other,22,3
2635,other,37,4
26569,other,45,4
67065,other,41,4
52877,other,47,14
68821,other,4,1
49111,other,24,5
15670,other,43,10
55545,other,27,9
14380,other,26,6
30353,other,30,4
6688,other,68,14
32613,other,33,10
21474,other,19,7
1130,other,155,21
9333,games,14,5
31857,travel,50,15
6650,other,26,4
40583,other,46,10
53512,shopping,19,3
38071,food,19,4
47564,other,92,8
44125,other,25,5
37987,other,28,7
2786,finance,31,2
11345,other,33,8
56096,other,36,10
41170,other,11,2
48832,other,17,2
11460,finance,45,8
31117,other,22,3
35173,other,179,34
4771,food,87,23
3600,other,18,7
31568,other,140,32
4784,food,55,21
16543,other,18,3
63340,other,35,9
42425,food,43,6
1669,other,20,2
55726,other,70,16
54667,other,24,3
23828,other,74,14
32516,other,15,5
8265,utility,18,2
43332,other,27,4
63552,other,140,19
60540,other,59,21
54189,productivity,34,11
32756,games,29,7
2125,other,40,4
5058,other,37,8
30008,other,61,9
34278,other,59,4
38997,travel,30,3
23551,social,14,2
42975,other,14,1
51969,other,18,5
61988,other,19,5
15041,shopping,50,8
45526,utility,35,6
2435,other,98,8
29260,other,68,10
27764,finance,20,4
13154,other,112,17
29874,other,54,11
4790,food,93,24
36739,other,84,13
63095,travel,46,6
25133,other,131,5
5124,other,23,7
8791,other,17,2
16172,other,26,8
57488,other,77,8
48188,other,6,1
16348,other,46,5
49072,utility,65,9
3257,other,44,8
28319,productivity,43,16
14491,other,34,10
47464,other,23,2
62880,travel,17,2
45193,other,52,1
66788,other,28,5
38382,news,44,3
24071,health,36,6
66754,other,48,21
62511,social,57,14
15134,travel,43,6
53084,other,78,18
6655,other,76,14
43455,other,8,3
63067,other,18,1
30031,other,27,8
38773,other,31,5
53911,other,28,17
45784,other,22,3
70107,other,20,3
23435,other,23,2
37544,other,25,6
36757,other,61,16
26799,other,40,8
51273,other,58,12
8300,other,36,2
40107,other,31,6
64349,other,34,11
60440,other,20,2
46258,social,44,13
22202,news,50,14
11220,utility,21,3
51460,other,44,1
56558,other,43,5
44216,utility,21,3
2260,other,64,13
67123,other,33,6
43111,other,162,42
24274,utility,56,10
53729,other,38,9
59081,games,51,7
40998,other,22,4
27950,other,34,8
52123,other,23,8
45296,other,94,27
63378,other,53,2
50552,utility,45,6
60821,other,13,2
38822,other,71,14
47442,other,59,9
58066,other,26,5
51394,other,8,1
13992,other,18,3
44592,utility,71,19
23476,other,18,5
34335,social,7,1
40679,other,64,25
19926,social,77,8
2611,other,33,8
20120,other,9,1
59357,other,11,3
70754,games,31,4
60579,other,45,1
70548,games,14,1
69243,other,31,2
37278,other,10,2
31258,other,87,22
1431,other,51,11
51864,other,53,7
8517,other,25,6
37429,other,40,12
27878,other,23,7
29241,other,45,7
64488,other,83,15
2083,other,124,25
71594,other,20,4
9280,other,23,10
49671,other,27,1
25845,other,53,15
37003,news,92,33
64983,other,40,6
67582,other,63,20
20072,other,71,26
22932,social,15,3
1184,other,125,14
26435,other,33,7
62597,other,21,6
30722,productivity,82,15
40792,other,20,6
42208,other,52,3
47031,other,15,2
39003,travel,38,8
38042,other,85,17
52806,other,28,7
12453,other,39,7
23570,other,20,6
20749,other,38,11
28280,other,27,6
19110,utility,12,3
1193,utility,71,9
2730,other,63,11
62137,other,85,3
63031,other,54,15
28628,other,32,4
70649,other,36,11
46465,other,10,4
21890,utility,119,14
52599,other,6,1
64271,games,45,10
57782,travel,14,4
42237,news,39,7
61679,other,35,7
11312,other,31,5
13693,other,31,3
15595,games,71,11
68334,news,102,27
49695,other,11,2
29912,other,72,25
14258,travel,23,8
37072,other,31,11
34284,other,24,4
54448,other,88,24
53490,other,37,3
8189,other,115,13
3643,other,46,11
57907,utility,78,6
19383,news,113,22
2584,travel,35,6
17517,other,23,2
65773,other,51,10
58560,other,36,1
43175,other,13,6
18083,other,82,15
44574,other,35,3
53962,other,50,17
48349,other,47,12
70387,other,53,22
65161,other,31,4
26831,other,53,13
42944,news,42,11
16054,other,23,6
25973,other,60,8
67576,other,53,5
18186,other,58,20
611,other,10,3
63226,health,23,3
68866,news,86,29
66245,other,29,10
48602,other,24,5
58761,other,33,7
3598,other,5,1
63172,other,32,6
59478,other,29,4
59204,other,32,13
25833,other,62,11
38099,other,56,22
64659,other,17,3
19677,other,70,12
17180,other,20,4
21827,other,6,1
24351,other,61,8
28408,other,29,6
39211,other,15,1
37156,other,29,6
27,finance,68,10
48926,utility,58,7
9846,utility,23,7
42559,other,39,8
68004,other,53,15
3498,shopping,33,3
5632,games,60,7
17583,other,5,1
65892,utility,19,1
46147,other,63,14
3817,other,27,6
68134,other,16,3
71282,other,20,1
26481,other,22,6
28625,other,40,6
61803,other,14,2
19715,other,11,5
34258,other,47,3
4153,other,32,11
68873,news,61,14
68226,other,86,8
71320,other,20,4
11387,other,66,4
52713,other,18,5
49983,other,27,10
12295,games,8,3
58906,other,60,8
71675,other,26,8
62714,other,87,9
13649,other,13,1
55715,news,20,4
62085,other,84,2
54443,other,23,5
26068,other,19,5
26907,utility,16,2
46588,other,28,5
829,other,31,1
30635,other,86,13
7383,other,30,7
5639,other,21,3
3425,other,29,3
64806,other,63,13
18172,other,20,5
4545,other,12,1
9597,other,43,8
3941,other,99,6
70453,other,105,24
10532,shopping,12,3
36173,news,26,2
27105,other,22,3
30091,other,27,5
63554,other,107,17
60016,games,8,2
25805,other,10,2
2988,other,36,8
24111,other,66,10
20800,other,52,14
39175,other,70,20
51699,travel,16,4
31167,utility,105,19
60655,other,8,3
52606,other,80,20
37029,other,72,11
62116,other,83,19
12238,other,45,2
2836,other,27,6
1536,other,103,9
61511,travel,49,6
42650,other,27,7
41255,other,35,4
58742,utility,26,5
71694,utility,46,8
32311,other,15,3
57469,other,91,4
38064,food,28,8
16710,other,53,8
66723,other,93,7
7578,other,18,6
27505,news,52,11
43570,other,24,4
14437,social,17,1
33542,other,27,5
68732,other,27,9
49726,games,50,3
58229,other,22,5
46267,other,28,6
58797,other,19,5
31896,other,29,3
40109,social,27,4
56042,other,15,4
67329,food,68,20
60344,other,14,1
13466,finance,8,3
5235,news,101,15
52362,other,28,5
22429,other,16,3
51602,other,46,17
39471,other,25,6
6222,other,132,39
52333,other,12,1
19090,other,73,10
10184,other,34,5
36658,games,35,13
63670,finance,40,9
51491,other,37,12
30394,other,56,19
30923,other,41,9
48039,other,19,5
15490,other,6,1
17442,shopping,19,3
20649,other,20,1
72166,food,39,5
67695,food,21,1
57203,other,27,5
60714,other,37,6
69484,other,35,11
60419,other,10,1
18690,other,23,8
49205,other,73,2
554,other,105,11
37281,other,24,4
6232,other,41,3
31337,news,67,11
9685,other,39,11
71674,other,28,5
66116,other,22,3
69769,other,21,1
27487,other,27,4
21721,other,52,17
55512,other,64,2
49141,games,37,9
31943,other,60,9
62756,other,55,9
28901,other,24,1
23348,other,48,9
65264,travel,33,5
37556,other,25,1
34548,other,87,16
22293,other,72,14
36205,other,30,5
35145,productivity,26,5
47712,other,31,5
25048,utility,40,8
11364,other,43,9
11504,other,12,2
46954,other,18,3
52818,travel,69,12
50402,other,4,1
6782,other,131,46
25312,other,12,2
15974,other,18,1
40675,other,20,1
23324,travel,54,11
27555,other,76,22
56428,other,42,6
21409,other,65,17
13305,utility,23,3
9589,other,28,5
50769,other,26,7
38521,other,8,2
63986,health,24,3
9015,other,99,14
20022,utility,18,4
15979,other,41,7
34567,other,31,6
21495,other,113,10
65024,utility,124,35
17852,utility,83,15
10932,other,81,9
57542,other,35,6
4482,other,17,2
38939,productivity,17,1
6111,other,87,25
7973,other,41,8
54577,other,19,5
42803,other,63,9
17924,other,32,5
63379,other,41,6
63415,finance,39,5
23645,other,8,3
22849,other,35,4
61672,other,85,25
27832,other,57,15
29296,other,23,6
63626,other,8,3
42804,other,66,19
35438,other,69,14
18698,other,37,1
38668,other,61,17
23872,other,81,14
4959,other,10,1
7815,other,29,7
28975,news,110,22
58072,other,56,7
69015,other,15,1
22779,travel,26,1
37813,other,28,3
22175,other,89,3
37170,other,95,7
66591,news,57,14
19788,other,33,15
11908,games,20,1
2943,other,33,7
27556,other,92,18
25806,other,93,14
50749,other,44,2
39957,other,37,13
2661,other,18,5
64333,other,25,7
48514,news,42,13
55274,news,25,6
6441,other,40,18
40405,other,18,4
15740,other,21,6
1069,utility,39,8
41119,health,23,1
18898,social,33,7
31630,other,53,14
55908,utility,36,9
64337,other,13,1
63611,other,23,5
24228,other,19,5
57189,other,26,8
35537,other,19,5
56877,news,47,9
3814,other,37,14
58691,other,93,24
49403,finance,26,6
27148,other,37,8
14892,other,18,1
16381,other,54,3
46860,other,36,12
1392,other,135,21
13467,other,6,1
3232,social,27,3
25758,other,50,13
69317,other,21,3
9641,other,25,5
50017,other,27,3
54395,productivity,43,5
62953,social,14,6
49473,games,31,10
69123,other,129,24
5947,other,18,3
68027,other,55,14
1033,utility,147,7
7337,shopping,18,2
43449,other,53,15
50901,other,60,8
35371,other,39,2
9470,shopping,33,6
36279,other,28,2
54422,other,32,8
34750,other,12,3
18833,other,31,2
47016,other,53,15
1275,other,31,5
48352,other,45,9
64250,productivity,22,3
72154,food,9,1
2148,other,39,4
4340,other,42,10
42720,other,10,2
32729,other,27,7
41045,other,32,3
70170,other,18,4
16014,other,34,5
31176,other,20,4
56994,other,61,11
4513,other,23,7
38774,other,25,3
19504,other,43,1
27470,other,12,6
65769,other,48,13
65171,other,13,3
12940,other,58,16
18548,other,53,11
43112,other,84,32
28853,other,33,7
59445,other,74,8
34109,utility,16,2
38595,other,39,16
28972,news,71,13
27643,shopping,12,3
50459,games,26,8
6032,other,83,22
27678,travel,52,7
66086,other,21,3
30870,other,32,5
38982,other,25,3
21131,other,29,13
8793,utility,22,7
58737,health,38,5
42624,other,19,6
60455,other,51,5
20168,utility,24,3
46777,other,46,11
53489,other,40,7
52042,other,70,11
65324,other,38,21
39242,other,34,6
1356,other,13,2
22752,other,56,15
67787,social,22,3
68523,other,50,16
25389,utility,76,19
22392,other,84,11
1238,other,14,1
41204,news,52,13
27433,other,35,5
21022,social,5,1
56714,other,28,5
40989,other,37,8
39022,other,21,2
17773,other,140,31
42852,other,21,6
12729,productivity,79,42
39353,other,22,1
3383,other,48,3
56919,other,29,11
47106,other,63,9
42198,other,22,3
40380,games,105,23
42730,other,53,2
17552,other,12,2
57616,utility,38,3
19946,other,64,9
18270,food,60,21
33393,other,19,1
16278,other,13,1
2368,other,31,1
29044,other,24,1
22206,news,48,15
21350,travel,59,9
59572,other,20,2
68099,other,32,5
7452,other,15,2
47265,other,76,2
53890,other,44,9
48693,other,36,9
24239,other,11,3
48554,other,30,10
68829,other,15,4
4483,other,26,1
60661,other,8,3
47736,social,43,12
2220,other,10,1
37673,other,47,10
15144,other,25,7
26470,other,34,7
66027,other,27,2
43045,other,47,12
54776,other,65,13
16321,other,62,12
32016,games,25,5
11708,other,12,2
29055,other,44,9
55043,utility,78,14
55002,social,7,1
18169,other,51,14
36246,other,90,21
34909,other,18,3
48977,utility,57,8
17130,other,19,3
31675,other,70,14
20375,news,58,7
11914,other,65,9
15418,other,110,25
40542,other,23,4
5682,other,27,1
53647,other,72,3
41818,other,32,8
4016,other,22,1
51494,other,32,2
28036,other,19,5
49216,other,56,9
53530,other,33,7
10366,other,114,14
32095,other,35,9
68096,other,24,2
534,other,104,8
51095,games,18,1
4010,utility,51,11
31775,other,13,2
58380,other,143,9
58551,finance,23,2
62596,other,28,1
47634,other,25,7
18645,other,34,6
24177,other,8,1
9503,shopping,29,7
62901,other,12,2
52551,other,29,6
28974,news,62,13
31626,other,67,13
9039,other,38,2
13705,other,25,8
5919,other,46,11
14746,other,47,5
46233,other,22,7
4974,games,41,7
35398,other,49,1
1621,social,7,1
36549,other,35,7
27084,other,36,7
22026,shopping,34,5
26092,games,22,3
7533,other,37,8
36553,other,57,14
15987,other,70,6
11351,other,28,3
2398,other,24,4
20985,other,8,1
35884,other,12,3
61513,other,54,10
9249,other,9,2
7501,games,50,15
52821,other,22,7
59749,other,23,10
53240,other,37,8
66688,social,8,1
70121,other,34,7
29952,other,50,9
42592,health,60,15
72201,other,23,2
3874,travel,69,13
58678,other,21,1
30696,health,25,2
55317,utility,17,2
4982,other,92,2
18773,other,33,2
34003,news,53,12
54075,games,50,2
16444,other,6,1
34539,other,8,1
65330,other,40,19
23422,other,58,9
42511,other,28,9
39593,other,56,10
35851,other,63,14
41606,other,87,6
27987,other,106,7
47254,other,36,7
49604,other,183,18
3811,other,21,3
16052,games,24,6
60006,other,163,29
38075,food,9,1
34585,other,59,13
70830,other,63,9
2259,other,52,10
38845,other,8,1
51642,other,34,9
38311,other,15,3
68617,utility,21,2
12708,other,121,37
44030,other,16,3
32889,news,61,14
40745,other,52,11
54746,other,22,2
72077,other,11,1
52848,other,23,3
5544,other,77,18
57207,other,180,50
20481,other,15,2
8410,other,104,18
44905,other,41,9
51566,other,28,8
52825,other,18,2
44745,other,38,3
15598,games,58,11
29461,other,46,11
41053,other,118,2
39084,other,19,5
15303,other,15,6
64791,other,17,2
4168,other,33,7
66500,other,21,3
19983,other,42,11
18542,other,60,11
66284,other,53,16
30061,other,20,5
9624,games,40,5
6485,utility,38,3
38422,other,58,7
29759,other,37,8
47593,other,27,9
13166,other,27,11
46484,utility,57,5
15125,travel,41,10
12999,news,23,5
44035,games,43,6
17245,other,15,2
43855,travel,60,19
38237,other,28,7
37465,other,15,1
16332,utility,22,3
40831,other,127,50
53731,other,18,1
71007,other,26,5
4759,other,24,2
26930,utility,28,3
33764,other,66,8
27066,other,40,8
6891,news,18,3
15461,social,10,2
60788,health,14,2
43375,other,52,6
11073,other,15,3
1764,other,43,10
58979,other,12,1
53778,other,24,5
40701,other,17,3
22126,travel,163,41
61922,games,62,17
22312,other,36,6
69753,other,41,11
13007,news,46,8
15555,other,88,20
69863,other,92,15
56621,other,71,19
29893,social,7,2
30936,finance,86,22
48786,other,63,13
579,other,19,2
64743,other,48,13
71377,other,11,2
54363,other,30,6
39896,other,18,2
51184,social,58,18
27759,other,18,5
32862,other,8,3
22640,other,37,13
24153,other,71,2
22512,other,17,5
15244,other,7,3
59393,social,18,2
49866,other,31,8
27366,other,109,20
54564,utility,57,8
9003,other,32,7
38827,other,64,11
70638,other,33,7
68830,other,20,6
10369,food,33,8
36294,other,15,3
8143,games,37,3
10880,other,19,2
8533,other,37,11
53378,other,21,2
41650,other,70,12
40539,other,103,21
68373,other,26,8
36955,other,39,3
53509,other,42,7
59222,shopping,88,5
49712,other,18,3
58017,other,20,1
42289,finance,87,15
30215,other,21,4
50824,health,26,1
50692,other,11,3
34118,other,74,17
55714,other,75,11
71739,other,123,18
55691,other,13,3
54666,other,39,11
69646,finance,24,5
30206,other,137,21
15881,other,98,18
18377,other,37,4
67013,other,8,1
10918,other,32,2
22866,other,30,3
17516,other,104,17
11050,other,55,3
56100,other,102,23
6543,other,84,23
70049,other,61,36
24041,other,64,12
41895,other,56,7
52909,shopping,66,15
65213,other,20,2
52976,other,30,3
26195,other,19,1
38983,other,25,3
51348,other,52,2
6216,other,18,3
71586,other,18,5
22872,other,26,6
15765,other,105,18
30092,other,26,4
60858,games,15,2
40739,food,77,10
19954,other,22,3
68006,other,20,3
9619,games,32,6
11434,other,17,3
178,other,77,18
21216,other,40,2
20284,other,81,13
756,other,21,8
56514,other,24,7
6448,other,39,6
64780,other,59,11
4128,utility,17,3
11295,utility,39,9
39864,other,35,4
48666,games,87,8
26251,other,27,4
23526,other,19,5
29719,finance,23,5
47653,other,35,7
3609,other,144,28
13384,games,30,5
32382,other,18,5
10533,news,30,11
16880,other,60,18
51620,other,44,16
57174,other,40,8
65199,other,27,4
37629,other,40,9
429,other,9,2
58751,utility,34,5
48232,other,37,8
49320,games,22,4
58352,utility,93,16
46691,travel,51,8
29467,other,26,8
63596,other,69,23
67111,other,32,2
9318,other,58,13
42252,games,79,16
745,other,116,12
6383,other,82,22
57930,other,31,2
65472,social,23,9
54881,games,41,9
42399,other,20,1
25556,other,32,2
57272,travel,63,12
6664,other,12,1
44967,other,110,9
11259,other,29,6
38041,other,61,18
48074,other,38,5
31077,other,100,15
46621,other,16,3
14254,other,40,18
27932,travel,49,9
52890,other,67,15
37716,news,81,33
41401,other,93,31
17828,other,12,3
42845,other,19,5
51115,other,25,7
9632,travel,74,16
33218,food,69,10
39775,other,42,10
56191,other,18,5
7767,food,23,6
11369,other,54,6
7066,other,65,11
293,other,54,5
58035,other,18,3
2295,other,57,18
41141,social,28,4
64432,other,57,2
8511,other,66,7
25568,other,39,1
43653,other,9,1
24748,food,104,24
48811,finance,20,3
64181,shopping,131,20
65779,other,32,10
49725,games,40,3
66906,other,9,1
53459,other,16,3
41094,other,64,16
18765,other,84,16
29630,other,90,8
57814,other,22,7
70271,social,13,2
36004,other,62,10
377,travel,56,13
54545,other,18,3
53141,other,32,6
58567,other,17,5
3409,finance,14,3
69816,utility,275,7
41334,travel,108,18
62771,other,18,5
20930,other,53,9
51063,other,19,5
23915,utility,46,8
28943,other,22,6
55716,other,69,11
59530,social,25,3
15770,news,61,10
5417,games,78,9
42023,other,50,3
18624,other,27,4
2170,travel,55,8
23398,utility,38,3
68005,other,24,4
4998,social,37,14
42682,other,9,1
71233,utility,53,8
62372,other,14,2
70579,other,37,8
42776,other,57,12
30268,other,50,10
25749,other,49,18
24053,other,30,3
46850,other,45,9
13124,other,23,4
11186,other,40,9
69551,other,24,5
27495,other,19,5
33884,other,61,8
54778,other,56,16
6684,other,15,5
21798,utility,53,13
43377,other,46,7
12117,other,70,7
14263,other,9,1
32622,other,25,2
38626,utility,22,4
17642,games,18,2
50741,other,53,13
25181,other,48,8
18086,shopping,22,6
47189,other,20,3
25025,productivity,96,5
42268,other,134,21
67326,food,55,16
32802,social,54,11
61843,other,13,5
33748,other,17,4
60837,social,7,1
1310,other,9,1
6088,social,18,3
46862,other,26,8
27911,other,21,6
20162,other,49,13
6563,games,18,5
65044,social,7,1
4988,other,10,3
54313,other,51,2
16996,other,8,3
56740,other,94,12
13347,other,80,17
39112,other,14,2
62717,other,35,3
40343,other,22,4
59945,other,70,20
9588,other,37,3
17117,other,46,11
61644,other,122,32
50317,utility,70,10
50258,news,89,7
61674,other,31,7
16833,other,29,6
4722,other,19,5
12805,games,16,1
43628,other,21,5
17087,other,67,14
21274,food,67,19
5159,other,35,5
17899,other,29,6
23798,other,12,1
9928,other,24,6
20601,other,14,1
58176,social,5,1
29555,utility,44,19
56858,news,40,12
632,other,51,3
63438,utility,56,9
43543,other,52,28
66893,finance,30,9
58442,utility,19,1
16638,social,26,10
20431,social,7,1
52817,travel,59,13
34301,other,21,3
32433,other,17,1
1921,other,22,7
18227,other,13,1
2356,other,103,19
39190,other,32,6
37633,other,36,10
60828,other,54,11
60817,other,50,2
10424,travel,42,2
26416,other,7,2
41421,other,20,3
32861,other,39,13
29222,other,46,9
4349,travel,30,9
21575,other,30,5
15688,other,64,18
27821,other,106,35
34841,other,16,3
62850,other,95,9
59887,other,24,4
37587,other,34,10
34112,utility,107,20
8728,other,16,4
54042,utility,31,3
26423,other,19,3
6505,other,16,2
5979,other,27,4
59807,other,32,8
45085,other,92,20
38020,other,49,26
61991,other,60,19
25282,other,56,12
19223,other,54,8
8693,other,37,12
37490,other,47,6
3722,social,37,5
4044,other,56,12
65725,other,61,8
67613,other,83,12
6904,other,53,15
71359,other,27,3
11968,other,78,4
9132,other,68,14
1976,other,27,1
759,other,32,8
10665,other,54,3
57483,other,8,1
44282,social,48,12
7852,other,30,11
15661,other,107,26
3266,other,116,51
31006,other,23,5
36716,other,11,2
61023,other,33,7
21092,other,28,4
38843,other,26,9
14096,other,16,2
36192,other,33,7
60173,other,101,6
12458,other,20,1
53685,other,13,3
52355,other,76,1
20149,other,16,2
47962,other,14,1
13864,other,107,7
51713,other,20,1
68950,other,100,42
53698,other,28,12
4443,other,45,11
29773,other,18,2
37874,other,30,2
36737,other,60,8
55017,other,9,1
564,social,7,1
46642,other,52,14
30308,food,32,4
57727,other,33,9
59119,other,69,14
71697,utility,21,3
33040,other,30,5
10534,shopping,23,1
6962,other,116,12
44936,other,57,5
50307,other,34,10
6764,other,17,2
56370,other,19,5
36866,travel,54,4
39644,social,46,8
52566,other,74,16
23782,food,42,12
46064,other,63,24
51222,other,19,2
62058,finance,4,1
50780,other,55,3
53113,finance,45,10
39395,other,33,2
56189,other,20,1
33126,other,27,8
61639,social,7,1
52916,other,17,2
36918,other,46,1
61246,finance,13,1
23265,other,66,21
3013,travel,15,2
15615,other,12,1
12450,other,17,5
45622,other,100,8
32427,other,104,20
9060,other,71,7
57964,other,69,12
57560,other,50,18
58943,other,15,7
18431,other,61,13
44475,other,13,1
45836,other,20,5
29033,other,41,1
24329,shopping,35,6
16230,other,19,5
66033,other,48,11
46530,other,15,4
30824,other,5,1
44527,other,19,5
8744,travel,22,2
60039,other,49,8
991,utility,83,15
2079,other,39,6
11552,other,27,1
11850,other,38,7
62569,other,12,2
4578,other,42,8
4911,food,32,4
27329,other,17,1
26169,other,64,1
61169,other,20,5
30285,games,7,2
58055,other,22,5
38091,other,40,4
43506,travel,64,12
68675,other,13,2
69380,other,39,9
13996,other,71,2
34875,food,48,13
27393,other,15,3
51408,other,11,2
43643,news,26,3
33699,other,12,2
18280,food,32,13
13167,other,22,1
6001,other,87,3
694,other,32,12
18357,finance,22,3
398,other,85,16
29911,other,75,21
47834,other,54,16
58736,health,37,5
10312,other,81,11
8069,other,13,3
32715,social,43,14
25842,other,58,17
59316,other,68,12
48428,other,22,2
47409,other,18,4
57294,travel,31,5
51454,social,75,17
63090,shopping,52,5
4533,other,42,3
69298,other,23,4
25688,other,37,6
33438,other,15,4
29991,other,81,18
29070,utility,26,5
54160,other,19,5
61837,utility,26,12
57306,travel,54,3
47853,other,52,12
54504,other,138,76
19348,food,61,16
57276,travel,46,7
35169,other,185,37
44422,other,23,4
58779,other,11,1
2657,other,18,5
17074,finance,49,9
3196,other,31,8
4423,other,23,2
48483,other,21,5
22970,health,42,7
61452,other,33,5
34154,other,23,5
40176,news,92,3
1656,other,44,9
19833,other,131,4
69788,other,61,8
64676,other,48,9
8334,other,71,27
15473,other,17,3
16192,other,9,1
1414,other,18,5
38235,other,104,5
18689,other,8,3
8023,other,70,5
70505,other,17,5
39642,social,99,18
15235,other,56,13
34650,finance,30,7
54771,other,79,11
44844,other,84,14
36785,other,13,1
4885,food,13,2
46981,other,49,10
44379,other,58,8
61471,other,38,7
36284,other,30,1
27671,other,11,1
48600,other,45,11
68386,other,83,18
52031,other,17,4
38149,other,52,10
39249,other,39,7
55612,other,37,3
42507,other,39,9
58390,other,54,11
37702,other,21,7
64212,social,41,1
19680,other,25,6
43537,utility,11,2
18503,other,29,6
69068,other,52,14
5705,other,26,3
40378,games,96,14
18649,other,24,2
5663,other,61,12
4402,other,19,2
45015,other,77,17
62744,other,18,5
55999,other,111,50
24253,other,47,3
40243,other,41,11
41402,other,74,27
12154,other,103,26
59360,other,37,8
2059,other,20,2
66739,other,30,5
34653,utility,33,3
1794,social,7,1
63576,other,22,2
37179,other,31,15
17412,other,79,23
18098,other,19,2
34670,other,72,20
69345,other,55,8
69881,other,28,8
12699,other,48,6
44624,utility,59,13
20344,news,33,3
17877,other,24,5
817,other,6,1
66291,other,15,2
71291,other,31,4
30243,other,35,1
29668,other,22,4
42241,other,29,13
11856,other,8,3
62232,travel,70,16
9824,other,36,2
19526,other,37,9
67487,other,18,5
48934,other,52,9
38023,other,14,1
71853,utility,19,1
3037,other,44,9
29005,other,106,39
68407,other,31,2
22389,games,60,7
974,social,38,4
69079,other,14,2
10125,other,15,7
18189,other,23,5
46256,social,21,6
33332,other,110,20
67325,food,63,20
70547,games,78,16
71035,other,17,5
41899,other,34,4
47872,other,14,2
30664,other,35,7
4742,other,12,2
40045,other,30,4
32629,other,24,3
61626,news,9,2
35144,other,19,2
63514,other,12,3
57632,other,46,8
49977,other,52,7
18873,other,61,13
9758,other,26,7
19255,other,16,4
43464,other,37,3
62523,games,14,3
40584,other,107,3
60327,other,17,2
72179,travel,33,8
54179,other,31,12
70642,other,65,14
20004,other,40,11
58147,other,144,16
31797,other,46,3
15995,other,47,3
51260,other,19,5
6825,other,16,2
5117,other,49,9
37239,news,46,9
35796,other,31,6
25610,utility,87,5
36320,other,43,6
32716,social,106,6
4585,news,56,10
13048,other,27,2
54375,productivity,98,7
39451,other,18,3
58679,other,19,8
64055,other,44,2
52746,social,32,8
15946,other,50,1
67682,other,33,7
56789,other,72,17
64375,other,38,11
47808,other,19,5
5160,games,33,6
60971,food,145,44
56800,other,29,1
30609,other,24,1
47117,other,44,5
72187,other,6,1
64073,shopping,22,3
52568,other,17,2
47003,other,21,1
15683,other,50,12
22962,utility,45,9
50837,other,42,13
45901,other,11,2
63650,other,67,10
60075,other,20,2
13538,other,8,2
47703,other,32,3
8897,other,19,3
22780,travel,28,8
59614,other,7,1
41566,shopping,42,10
43324,social,20,4
11224,other,36,9
69255,other,52,11
53547,shopping,58,5
45240,social,20,5
22137,other,16,1
11246,food,64,8
28434,travel,20,5
61962,other,10,3
23821,other,18,5
26414,other,34,8
56695,other,55,14
48288,other,50,16
39521,shopping,42,7
15653,other,48,9
45356,other,31,1
50045,other,44,8
31402,utility,70,6
36725,other,28,8
48890,social,7,1
12992,other,149,49
63858,other,12,4
11521,other,46,1
32781,other,42,5
39064,shopping,13,2
22183,other,49,12
8460,other,21,1
11592,shopping,34,2
44942,other,53,7
3118,other,34,6
67278,social,6,1
27205,other,14,2
16110,other,40,10
17687,other,30,1
16640,other,74,21
459,other,5,1
21342,news,15,1
29129,other,122,21
19662,utility,48,7
22342,other,18,5
27107,other,47,11
60765,other,21,2
70776,travel,68,10
70802,finance,53,3
71409,utility,57,8
6398,other,65,12
54878,games,42,10
21435,other,16,2
13929,other,23,3
68849,travel,52,13
31801,health,23,2
22268,other,25,9
11808,other,21,3
57186,other,24,3
13904,other,26,8
29915,other,91,22
63543,utility,24,1
66665,other,55,13
31378,other,114,16
19561,utility,27,5
37453,other,14,3
31719,social,7,2
2725,travel,20,6
35027,other,26,1
18102,other,43,5
13452,other,11,2
2361,other,67,10
26063,other,16,1
68131,other,31,13
66967,other,26,12
48715,other,75,26
25866,other,48,7
4273,other,33,6
43725,other,19,1
67570,utility,16,2
43441,utility,21,3
35632,travel,22,7
17711,travel,48,12
28034,other,37,12
14044,utility,20,6
31237,social,7,1
40842,other,49,11
46613,other,32,1
37077,other,19,5
14378,other,42,16
42122,food,24,8
11916,other,30,10
37100,other,32,9
5183,other,21,3
25682,other,85,5
67630,other,16,3
28026,other,84,18
4667,other,178,34
48723,other,74,9
62967,other,34,4
16810,news,118,12
2648,other,5,1
60408,other,18,5
46715,other,99,16
53085,other,60,10
68853,other,17,3
18406,other,56,13
30326,other,19,5
47576,other,18,1
37057,other,22,2
69589,news,84,8
15594,games,32,3
5199,news,63,17
43187,other,27,2
23663,utility,21,2
61716,other,60,21
69789,other,64,9
70457,other,30,5
45814,other,32,7
21344,news,8,3
61666,other,124,11
26406,other,14,2
45628,other,15,4
38169,news,55,3
46743,other,52,16
40003,other,7,2
12795,other,50,2
1006,travel,84,19
63589,other,74,26
50994,other,34,3
29372,other,93,17
53174,other,118,8
21294,other,33,4
10031,utility,48,8
1401,other,22,5
7896,other,65,3
28315,productivity,105,24
49445,social,7,1
26776,other,52,7
54961,games,32,7
35321,other,60,9
33506,other,17,2
51750,other,33,10
67795,other,45,9
48661,games,55,12
43834,other,21,2
28874,utility,21,3
13028,other,84,20
20886,other,54,11
58891,other,41,3
4539,other,53,7
47256,other,32,5
14688,other,38,2
30075,other,45,9
16018,other,48,9
36315,other,77,19
56249,other,22,4
62726,utility,98,16
19329,utility,94,11
57962,other,57,9
46825,other,28,10
28752,productivity,41,3
38715,utility,94,11
6524,other,58,14
5031,social,44,11
43467,other,64,8
31235,social,7,1
55117,other,30,2
32940,other,19,2
51951,productivity,17,1
27529,other,11,5
59757,other,22,6
64028,other,55,16
40068,other,85,8
28299,other,39,6
26457,other,21,2
53819,other,46,11
31518,utility,78,17
32882,other,9,1
9447,other,21,2
40506,other,84,10
67406,utility,81,39
3200,other,23,5
1105,finance,28,4
5581,other,25,7
1893,other,27,10
52778,other,79,3
10123,other,52,14
50199,other,17,4
41615,other,20,7
10257,social,8,3
10641,other,91,16
54521,other,45,13
21725,other,13,2
37475,other,13,4
8851,other,96,16
56129,games,45,10
64648,other,57,7
42462,other,110,15
60376,other,20,9
36160,other,35,9
45665,other,72,15
15423,other,40,9
6594,other,20,5
52937,other,20,2
53068,other,42,4
15186,utility,52,12
4570,other,64,11
12043,other,33,1
54444,other,87,23
39578,other,35,8
54494,other,32,11
18257,other,78,10
33609,other,59,6
3508,shopping,103,26
49676,productivity,134,22
666,other,87,8
35768,other,62,11
21972,other,8,3
60737,other,30,7
56160,other,18,2
10568,other,107,10
18358,finance,76,4
40691,news,22,1
34724,other,65,9
22999,other,68,6
39541,other,29,10
10622,health,26,5
67874,other,37,8
8127,other,45,12
11304,utility,87,5
64790,other,46,12
28861,news,117,11
54999,other,72,6
5693,other,36,9
33931,other,87,11
22907,other,25,5
16036,other,105,12
50494,other,61,17
66281,other,16,1
71098,other,62,15
57494,news,66,9
24842,other,76,11
25713,other,44,13
42782,other,50,24
63515,other,29,5
12440,other,18,5
28838,shopping,83,18
9943,other,86,9
7031,finance,15,1
8652,other,50,3
49997,other,28,12
24032,other,56,9
10481,other,93,9
23186,other,112,22
52154,travel,88,9
36364,other,30,1
1745,other,8,1
28601,other,16,1
9235,other,26,2
4318,travel,21,1
42794,utility,51,13
21515,other,12,3
62612,food,18,1
23044,other,18,2
53665,other,33,3
58862,other,57,16
47417,productivity,23,6
5448,other,63,14
55135,other,41,8
49788,other,18,5
4738,other,5,1
21858,other,12,2
65585,other,54,14
48844,other,20,2
67240,travel,119,7
59329,news,10,1
14353,utility,21,7
18521,productivity,32,14
27384,other,83,18
47683,news,107,6
69152,other,20,5
44643,other,45,5
5821,other,84,13
6168,other,18,3
28395,other,20,3
22928,utility,18,10
5484,other,153,20
11513,other,7,1
55906,utility,36,9
54825,games,75,14
45308,other,49,1
50555,other,12,2
26903,other,18,3
55005,other,54,6
4705,other,73,13
40149,health,37,6
10118,other,29,1
38383,news,55,4
9773,other,24,8
62842,other,41,8
52993,social,30,5
13451,games,64,16
31616,other,21,2
38751,social,23,7
37065,other,25,7
63463,other,56,8
18151,news,51,2
54972,news,34,9
44339,other,81,22
40956,utility,156,28
42891,other,36,7
34166,other,20,5
44277,other,13,2
60163,other,6,1
12897,other,19,5
57707,other,18,4
7429,other,65,8
13119,other,70,9
64357,other,31,14
37921,other,15,3
45277,other,27,3
39808,other,68,10
3110,other,81,9
10309,other,33,8
36097,social,7,1
23098,news,14,2
3244,utility,52,3
15464,other,16,5
47798,news,39,9
69110,other,26,4
58775,other,66,6
25118,other,34,10
55645,utility,20,4
38172,news,15,2
14987,other,38,9
2671,utility,46,2
23240,other,31,11
21100,other,41,12
32083,other,26,2
30739,other,43,11
1421,other,53,8
71182,other,22,6
9752,other,15,2
16481,health,13,1
1185,other,15,1
41825,other,13,2
38714,utility,86,13
11590,other,27,2
63785,other,33,7
51363,other,49,2
64793,other,87,14
26740,other,13,3
26540,other,24,9
17259,other,18,3
41416,other,37,20
25990,other,18,4
32830,other,84,33
13634,other,39,10
32365,other,35,3
44423,other,58,9
65381,other,12,3
6507,other,26,4
6127,other,47,13
49582,utility,110,16
50896,other,55,12
39156,other,19,4
6048,health,37,12
16404,other,12,4
513,other,42,8
39661,other,7,1
48249,other,125,22
9939,other,27,3
15705,other,29,5
14048,other,66,5
12205,other,23,7
35149,other,19,4
30888,other,24,5
55929,social,20,4
14351,utility,33,3
61702,other,39,9
18528,other,56,11
7966,other,58,13
39381,other,44,6
7799,other,53,10
30126,shopping,39,6
50328,other,58,3
8419,other,61,2
70817,shopping,17,2
14400,news,22,6
1683,games,56,16
54814,other,124,22
13720,other,52,9
47,other,19,2
13473,other,8,2
69390,other,17,1
35401,travel,63,23
36718,other,62,3
64171,other,18,3
50725,other,22,2
59711,other,31,4
37341,other,58,14
25628,other,50,2
49559,other,91,7
62005,other,45,8
53658,other,79,10
51200,other,55,5
10713,other,31,3
9910,other,32,2
35562,other,11,2
64819,other,36,5
70200,other,112,22
50959,other,105,20
50874,other,28,4
16797,travel,45,19
32761,other,8,2
7964,news,11,1
54706,other,23,5
6172,other,47,16
11709,food,54,9
66714,other,13,4
69930,other,52,10
31983,other,64,4
48821,other,32,11
22966,utility,69,15
17271,other,24,5
16881,other,78,14
69880,other,20,4
49281,other,32,11
62341,other,78,4
14507,other,28,5
49133,other,55,13
23034,other,7,2
47881,other,33,2
18430,other,9,1
52086,other,95,24
43742,other,117,4
27150,other,120,45
66282,social,7,1
65326,other,9,3
41913,other,69,15
62895,travel,26,3
5100,other,25,4
39544,other,156,13
22563,other,49,6
26284,other,57,13
19203,other,31,4
12935,other,68,17
14034,other,38,10
18536,social,7,1
30790,other,89,22
48622,other,19,5
38987,games,43,25
44015,productivity,11,5
53095,other,55,5
59859,other,64,17
33927,other,21,3
30762,social,78,30
9521,travel,32,4
45859,other,65,15
61251,news,49,9
19767,other,7,1
19905,other,21,8
41159,other,17,5
306,other,109,13
49809,other,15,2
32960,other,38,7
29488,other,17,2
34620,social,55,16
10547,other,91,7
44301,travel,44,7
69973,utility,71,19
53505,other,6,1
64540,other,78,7
66020,other,7,2
13834,other,15,2
25923,other,118,14
43616,other,20,2
4701,other,35,11
13644,other,160,23
38045,other,101,19
3302,other,43,11
23145,food,34,5
2346,productivity,18,2
64258,games,38,3
23521,news,78,21
61867,other,18,3
14565,games,32,6
32877,other,66,23
22778,travel,10,3
54216,other,32,6
68945,other,44,6
56017,other,27,7
71184,shopping,34,7
72064,other,32,7
49570,other,18,3
55872,other,14,2
32216,other,50,9
48217,social,7,1
47440,social,7,1
32499,other,50,8
50654,other,23,1
30014,other,40,8
37838,other,34,11
32014,games,21,1
20946,other,27,6
17049,finance,6,1
62548,other,51,33
12819,games,16,1
42913,utility,9,2
2473,other,17,3
65045,other,47,6
52174,other,28,5
24960,other,31,14
5592,social,7,1
25413,other,31,6
40952,utility,190,30
51197,other,41,6
24293,other,32,4
26028,other,6,1
41872,other,31,5
62840,other,35,6
60769,other,30,5
65327,other,7,2
58944,games,66,15
35051,finance,23,2
23793,other,24,7
36637,other,28,4
22460,other,54,2
10433,other,9,1
34247,social,6,1
10661,other,23,1
14937,other,62,3
33935,other,26,3
11984,other,19,2
46714,other,13,1
17719,travel,18,4
19558,utility,9,3
9382,other,29,3
39270,other,49,8
23086,other,50,8
51698,utility,21,3
48694,other,33,7
63624,other,14,4
9937,other,25,4
66028,other,71,19
11963,other,42,1
23376,productivity,45,12
8634,social,8,1
29043,other,26,4
21763,other,71,11
24701,other,81,8
27568,other,29,6
57558,other,34,6
21771,other,42,8
7860,travel,11,2
46703,other,47,7
26459,other,93,35
22057,news,80,21
23180,other,73,20
66295,other,20,6
21896,other,22,9
63369,other,22,3
16791,other,36,2
11381,finance,45,4
54808,other,13,1
19177,other,18,4
35246,travel,24,5
5329,other,36,8
64604,other,26,1
32664,other,18,1
24101,other,83,5
30363,other,52,9
40289,other,26,5
26097,other,18,2
63310,shopping,64,1
34837,other,22,6
53736,travel,89,8
21581,utility,17,1
44885,other,55,12
67609,news,23,5
6364,news,31,8
57036,other,51,2
14373,other,54,1
17923,other,19,1
19686,other,77,15
18742,other,11,2
22795,other,31,12
22918,other,23,1
45285,social,17,5
3520,other,46,9
55992,other,13,2
34950,news,13,4
31214,other,20,3
49558,other,141,7
38562,other,34,15
5201,news,81,23
6988,social,7,1
13070,other,27,8
72175,other,12,1
50650,other,49,1
48792,other,27,5
22762,social,20,4
45504,travel,69,25
65468,other,17,5
19980,other,40,10
31949,other,29,4
66855,other,23,11
7436,other,28,5
65631,other,11,2
28790,games,29,9
18459,health,18,6
43703,other,49,16
9074,other,86,19
42463,other,167,25
62955,social,58,22
58112,other,18,3
15439,other,49,7
41229,other,30,14
53914,other,17,5
50583,other,19,5
14336,other,29,7
21297,games,29,5
43724,other,17,1
35853,other,18,5
59669,utility,16,3
52668,other,27,7
9191,other,31,4
43759,other,7,2
61841,other,73,6
43074,other,79,18
72007,other,11,1
68658,social,20,4
2209,travel,54,13
3153,other,38,8
57136,other,73,18
34928,utility,48,6
9655,travel,20,3
5600,news,35,10
42055,other,17,1
57359,other,21,6
62878,travel,46,6
41428,other,61,11
27978,other,8,2
48395,other,19,2
36675,other,14,2
52133,other,18,5
48582,other,52,16
62951,other,57,9
12426,social,7,1
62833,other,28,5
24737,other,29,7
23636,other,72,14
40028,other,25,5
25723,other,29,6
36353,other,29,6
24673,other,14,1
3042,other,41,12
38243,other,23,5
8060,utility,85,15
65905,health,77,19
20611,health,157,5
34941,other,38,16
67534,other,4,1
46455,other,25,8
70465,other,24,5
18968,other,45,9
59688,other,81,10
1560,other,20,5
29731,other,16,1
39538,other,60,2
44370,other,31,7
33525,social,6,1
25406,food,109,18
9130,finance,6,1
64445,other,177,16
8308,other,128,47
43953,other,22,1
68122,other,39,10
71751,health,18,5
7230,games,23,5
39967,utility,16,5
41012,social,92,24
38749,other,32,11
372,travel,35,1
34542,other,53,13
4301,other,16,4
72045,other,22,1
69570,other,18,6
35461,other,15,7
68104,other,49,9
22127,other,132,34
39368,social,7,1
25685,other,37,6
9510,other,52,15
52710,other,14,4
15086,other,18,3
34006,other,25,5
69989,social,18,1
69467,travel,164,24
43270,other,16,4
43994,news,48,6
46201,utility,26,5
52552,other,50,5
15240,other,61,13
64811,other,85,20
25255,other,82,19
9631,other,22,2
17929,other,18,5
67093,shopping,44,7
34089,other,19,5
1258,other,18,1
69406,other,18,7
67386,other,31,11
32375,health,23,4
23227,other,31,9
62303,social,22,3
32084,utility,4,1
26712,other,45,7
3021,finance,16,6
59283,social,7,1
9179,other,28,5
990,utility,43,9
28402,shopping,19,4
22855,utility,51,3
56696,other,18,3
49864,other,31,8
70450,other,39,7
62322,other,18,3
57392,other,17,2
67872,other,70,20
45980,food,36,19
69388,other,46,9
10574,games,8,1
60879,other,37,6
30005,other,30,6
64036,other,45,13
3321,news,48,6
36859,other,29,11
36999,news,62,16
48313,other,21,3
60086,other,69,6
5334,productivity,39,5
10790,utility,18,5
41313,other,37,8
53242,other,14,4
9614,other,28,9
60295,other,75,8
20024,utility,94,8
36467,other,17,1
2524,other,21,3
25195,other,28,8
57835,social,55,6
59523,social,19,4
70345,utility,42,7
41468,news,24,1
25681,other,87,5
44191,social,32,10
70479,other,23,5
46581,other,53,12
62404,games,95,26
41110,other,11,1
57784,travel,83,8
40613,other,39,20
32822,other,86,25
15749,other,165,24
30874,other,102,17
22681,other,48,8
38514,other,15,4
60882,other,70,9
5622,other,48,10
7755,news,63,14
64796,other,60,5
39165,other,36,1
72042,other,53,11
4695,other,60,5
1199,utility,83,14
63526,games,8,3
19283,news,17,3
48140,other,24,2
18576,other,67,16
30395,other,41,3
6391,food,33,6
10648,other,21,4
43147,other,99,21
9200,social,6,1
33710,news,65,12
61876,social,7,1
2511,other,16,3
37865,other,92,26
38293,other,65,10
5540,other,36,11
64186,other,47,10
36830,other,7,2
6040,health,9,1
61460,other,7,1
69176,social,7,1
70401,other,67,11
30015,other,18,2
31854,travel,72,26
4877,other,129,9
11520,other,33,12
47535,other,45,15
12130,other,22,5
19294,news,37,7
20370,other,26,4
66882,other,35,9
47572,other,19,3
51584,utility,21,3
4979,other,87,2
50130,other,16,3
47921,utility,33,8
36038,other,64,10
35394,other,23,6
23708,social,7,1
36021,other,24,2
14266,travel,9,2
45414,other,6,1
35721,other,121,21
22711,other,24,4
41489,travel,63,16
1731,other,28,1
32056,other,9,2
47658,other,48,5
39991,other,8,2
5219,shopping,29,2
30328,other,41,6
16258,finance,18,2
21585,other,33,7
17006,health,13,2
54653,other,58,2
4660,other,117,17
70695,other,55,3
12122,other,101,7
62520,social,7,1
49811,other,109,13
9734,travel,27,7
64263,games,29,7
22611,other,26,4
23369,games,44,6
14661,other,69,20
70029,other,34,2
29026,other,56,10
23827,other,50,8
25623,other,110,18
2949,other,17,3
53649,other,16,2
70946,other,59,12
14690,other,32,5
40197,other,39,12
67422,other,22,7
34609,social,21,6
44353,other,16,7
1074,other,15,4
21608,other,19,2
63441,utility,42,8
7508,utility,6,1
36051,finance,8,2
7268,utility,31,3
17437,shopping,52,4
18627,other,26,8
45562,other,54,8
37819,news,5,1
68604,utility,27,5
62182,social,51,9
14587,other,66,13
35916,food,52,3
23863,other,23,9
18681,other,14,3
23814,other,27,3
30669,other,35,4
3873,travel,79,15
5696,other,48,15
54028,news,60,10
61628,shopping,14,1
20714,news,10,2
8596,other,84,9
47997,other,65,8
30708,news,63,13
48801,social,20,4
23635,other,79,11
67232,other,53,6
57432,other,71,18
55309,other,15,1
40453,utility,84,36
28475,other,57,22
23548,other,56,17
10501,news,24,7
19578,other,23,5
3961,other,17,4
14281,food,37,9
36573,other,42,25
49914,other,95,12
2651,other,12,2
44820,other,53,10
3206,other,38,7
47638,other,20,5
42599,health,78,19
40540,other,22,5
62188,social,34,3
48058,utility,8,3
12627,other,60,17
58765,other,41,11
16115,other,40,10
29293,other,33,7
52769,other,17,4
40295,other,39,9
66285,other,102,5
56371,other,37,7
68112,other,78,30
70468,other,23,4
36050,finance,14,5
5047,social,40,9
71183,shopping,34,7
37589,other,91,15
26659,social,7,1
61745,other,23,1
66922,other,40,7
58484,other,24,5
38721,other,18,4
40385,games,46,10
69614,other,65,14
53619,other,27,6
2241,utility,42,7
56254,other,21,1
47598,other,14,2
16396,other,12,1
36208,other,53,11
56261,travel,70,12
1291,other,113,36
2607,other,70,12
71546,other,62,19
28344,utility,20,2
51475,other,49,8
45641,news,126,28
29541,utility,61,22
54144,other,31,8
14460,other,121,20
6462,other,21,7
58057,other,22,3
57778,utility,50,8
71219,other,31,6
42762,travel,33,7
68566,other,46,5
71370,other,43,11
46594,other,88,6
1812,other,40,1
7660,utility,168,29
71648,other,25,6
59922,other,68,14
17073,finance,127,17
43440,utility,24,6
60642,other,53,18
31850,other,16,1
37268,other,25,6
39954,other,61,5
21121,other,19,3
26895,other,74,1
23925,shopping,38,7
43553,other,26,5
1297,other,23,6
40659,other,64,11
11752,other,31,2
14900,other,23,2
5218,shopping,25,2
56,other,18,5
9219,other,34,4
67060,other,91,4
40643,other,68,11
71174,other,56,14
3301,other,20,1
59328,other,29,1
3658,other,78,19
61890,other,18,1
36417,other,27,9
12519,other,18,3
10720,other,78,12
65065,productivity,71,1
17689,other,34,5
56923,games,169,17
19113,other,45,13
31915,other,18,5
54366,other,14,2
59497,other,19,5
40797,other,16,9
7021,other,25,1
40610,social,6,1
63907,other,50,21
66447,utility,44,9
46308,utility,65,14
53463,shopping,32,9
26229,utility,55,9
71772,other,51,7
70021,other,21,3
19365,other,49,9
68932,other,86,20
28730,games,14,1
20883,other,72,10
21521,other,84,11
11181,other,31,5
50054,games,17,7
16723,other,19,5
21975,travel,53,5
29678,other,41,20
18315,utility,13,3
45429,other,16,2
59035,other,72,19
36034,other,8,3
2139,other,52,7
1519,other,42,1
54431,other,34,6
64121,utility,44,5
1075,other,34,7
54803,other,80,12
28311,shopping,23,9
20358,other,21,1
39285,other,15,2
68161,other,77,15
22020,social,8,1
24552,other,24,3
5728,travel,71,12
12273,utility,29,11
54662,social,7,1
4527,other,18,6
64745,other,30,4
3939,other,18,6
56143,games,64,20
7386,other,25,2
8566,other,18,5
44630,other,9,1
52328,other,45,11
53835,other,64,12
57405,other,7,1
53677,other,9,2
9386,other,28,6
36020,other,43,3
55694,games,22,4
30577,other,62,11
39507,games,44,8
13486,shopping,69,20
4947,games,15,9
68841,games,32,6
13223,other,35,5
61025,utility,35,9
62047,other,28,12
69993,social,17,4
23550,other,40,3
67279,social,21,3
34976,other,86,17
260,other,19,5
2343,other,13,1
16135,other,22,3
1106,travel,54,14
38019,other,45,3
11854,other,54,8
10964,other,33,6
32586,other,28,4
22946,other,18,3
54959,other,44,6
54282,other,56,12
14233,utility,48,7
64917,other,15,5
16473,health,23,8
53954,other,62,11
69440,other,41,7
57894,other,19,5
62748,other,18,5
12931,travel,44,6
62908,social,20,4
43977,other,51,6
17249,other,81,16
31917,travel,22,8
31584,other,12,3
47193,other,48,4
8372,other,19,3
2279,other,20,3
51255,other,80,10
2391,other,42,11
45892,finance,71,8
36300,other,20,5
38431,social,12,2
18094,shopping,29,3
25586,other,23,1
24331,shopping,45,6
65862,social,15,2
33833,other,96,10
3166,other,65,12
21730,other,22,3
1099,social,11,2
36746,other,103,8
53237,other,62,16
62096,other,28,6
1080,other,18,7
35929,games,47,9
62263,other,227,23
40441,finance,30,4
24771,other,39,11
14416,other,100,23
53528,other,51,7
28676,other,7,1
52988,social,76,14
51196,other,26,4
34630,other,11,3
12926,travel,40,7
14495,other,33,7
67296,other,18,3
9639,other,17,1
62627,food,18,1
6071,other,115,7
49510,other,55,15
70026,other,28,2
16829,finance,15,2
57139,other,23,6
45547,other,38,7
8616,other,92,12
21587,other,63,22
2684,other,31,2
16349,other,22,5
49576,utility,60,14
31730,other,35,7
51653,other,11,5
71166,utility,41,6
35889,other,72,14
54834,other,80,10
60959,other,23,6
5595,news,41,10
18880,other,58,4
32271,other,53,10
21846,other,110,20
51963,other,45,12
60329,other,20,3
9164,social,71,14
31215,social,7,1
54126,other,28,3
67549,games,63,15
14505,other,14,2
65808,other,94,16
11157,other,21,3
50172,other,38,4
48654,games,56,11
769,other,82,26
61747,shopping,8,2
43877,other,61,14
67100,other,29,6
59057,other,6,1
25587,other,30,2
43374,other,57,8
48800,other,68,10
68229,other,118,3
62985,other,77,14
25598,social,7,1
11395,other,12,2
5067,other,32,8
69801,travel,37,17
18296,food,40,7
62414,games,62,7
25860,other,36,5
58803,other,36,7
68198,other,29,5
60050,utility,30,7
26309,news,37,7
65971,other,145,12
15315,other,26,10
13995,other,18,2
19197,other,47,6
34968,other,29,5
43082,other,43,2
29825,news,49,16
23573,other,50,2
20238,other,8,1
35042,other,25,5
23719,other,29,4
52414,other,32,10
12529,utility,61,23
25972,other,66,11
57977,other,22,3
49458,other,45,18
39491,other,34,9
58895,other,41,2
3204,news,23,4
18964,other,22,1
28651,other,18,12
3119,other,16,2
52549,other,18,5
60250,other,72,30
12659,health,38,8
445,other,32,5
7437,other,52,6
52875,other,80,15
29325,other,42,8
624,other,30,12
1157,other,20,1
25330,other,57,6
58461,news,57,4
64410,games,37,6
688,other,44,9
26227,utility,48,9
23822,other,35,3
4574,social,7,1
68885,news,27,4
62705,other,19,5
26611,other,66,4
55505,games,16,3
56115,games,50,2
57599,other,18,3
24925,news,49,14
50145,other,48,1
35403,travel,34,13
44536,other,27,3
62231,travel,59,14
22415,other,40,4
39407,other,46,13
5158,other,31,2
10380,other,6,1
14320,health,77,4
63969,other,56,5
9436,other,13,1
22965,utility,170,14
64672,utility,13,3
51893,other,65,16
19456,utility,13,5
23709,other,51,13
18405,other,91,18
7848,other,87,17
21734,news,57,4
49117,other,20,2
67950,other,13,2
23718,other,25,3
71413,utility,105,21
43635,other,8,2
61733,other,58,1
38327,other,79,13
57955,other,48,12
40985,food,13,3
30779,other,51,3
68423,other,73,10
57734,other,21,1
23281,travel,59,7
26392,other,20,3
7820,health,24,1
21916,health,27,1
49986,other,47,8
26649,other,57,17
30234,other,23,5
62359,other,30,11
48075,other,70,16
39770,other,20,2
51978,games,68,11
23530,other,31,2
66938,shopping,62,10
62462,social,7,1
15354,other,18,3
34035,travel,146,8
70694,other,26,4
35172,other,185,37
21316,social,7,1
41231,other,31,14
39345,other,78,9
38088,social,20,4
43507,other,66,7
50235,other,40,9
58608,other,52,5
38804,games,42,8
6024,other,22,1
20532,other,25,8
41954,utility,47,11
11306,other,17,5
60341,other,30,4
68010,other,61,5
384,productivity,106,63
15551,other,20,5
60151,other,26,2
30050,other,31,6
620,other,46,13
45608,other,43,4
20311,social,14,1
46596,other,42,2
68539,utility,39,3
7783,other,18,2
27211,other,14,2
3534,other,44,1
40757,games,45,9
30411,other,19,5
4013,utility,74,9
28990,social,7,1
35005,other,68,11
67154,other,18,3
62162,health,91,13
41878,other,54,21
14825,other,18,1
32343,other,23,10
19135,finance,25,6
57307,other,20,5
41142,other,81,8
64354,other,29,8
7898,other,63,2
22794,other,24,3
10249,other,63,18
10852,other,35,5
43201,other,8,3
58305,games,107,24
64031,other,29,5
61804,other,41,15
6617,other,30,10
36920,other,46,10
37638,other,37,8
36276,other,9,1
59080,other,40,6
34885,food,62,13
3557,other,65,23
42508,other,40,11
30543,other,34,15
5233,other,22,4
9679,other,44,3
65652,shopping,19,3
3719,social,49,12
12611,other,16,3
7269,utility,184,10
35619,other,73,24
47410,other,19,3
20950,other,14,2
23075,other,54,11
60406,other,20,7
39014,other,8,3
2709,other,39,9
60950,other,41,21
59685,other,22,5
57769,other,31,6
70354,other,15,1
43785,social,90,22
56926,games,55,1
71018,social,17,1
51940,food,34,7
55575,food,55,12
34582,other,61,13
56126,games,53,18
13858,other,58,3
53046,other,40,4
66615,other,45,12
38185,other,66,9
66422,other,69,6
66146,travel,121,23
26233,shopping,16,1
8735,other,20,4
12277,social,7,1
34162,other,13,7
51659,other,20,5
56750,other,88,8
54745,other,14,1
11873,other,56,11
62635,other,45,14
54084,other,29,3
5271,other,36,10
6924,shopping,92,11
27527,other,58,4
7971,other,31,3
40245,other,49,11
55029,other,66,16
19902,shopping,6,1
67144,news,32,13
26557,other,18,2
49728,utility,41,6
48213,other,44,5
65535,other,20,5
20887,other,32,5
70767,other,44,3
17815,other,6,1
60932,finance,5,1
16196,other,23,3
52604,other,77,9
57081,utility,51,16
35590,utility,11,1
36477,other,45,12
6386,other,16,1
48722,productivity,17,2
15375,other,59,13
616,other,35,8
22746,other,47,12
38102,other,28,5
21182,other,26,4
38369,other,34,5
26900,other,33,10
66451,utility,50,6
30174,news,146,20
663,other,59,7
45324,other,42,13
53563,other,37,6
9114,other,108,19
8204,news,59,5
30554,other,121,18
58529,other,142,19
37376,other,12,1
59743,other,71,9
58134,other,16,1
15967,utility,38,14
9625,games,46,6
52013,utility,21,3
47844,other,29,7
33055,other,59,25
67614,other,77,1
28018,other,10,1
595,other,16,3
24059,other,18,1
59472,other,62,5
7445,other,85,7
56283,other,24,1
30561,other,124,18
10413,news,32,7
21387,games,8,3
65096,other,60,9
65870,other,17,4
16493,other,13,5
14682,other,28,1
61332,other,35,5
37782,utility,130,26
44765,other,9,2
37699,other,8,3
53269,social,19,3
29318,other,77,19
58471,other,138,33
38646,other,18,1
21524,social,7,1
21914,health,8,3
34977,other,30,3
70520,other,33,7
62164,games,64,6
61769,social,5,1
2331,other,39,7
42274,other,25,1
223,other,33,8
43323,other,11,3
17407,other,54,12
39938,other,25,3
47505,other,15,2
2425,other,33,1
22545,food,105,12
23493,other,18,3
13938,other,16,4
59571,other,82,24
22346,other,49,2
60171,other,19,5
2293,other,29,2
27368,other,69,13
9916,other,25,4
3929,travel,16,1
514,other,40,12
51226,other,68,6
17344,utility,63,18
5203,other,33,4
21218,games,17,3
15341,other,26,3
29614,travel,39,7
6929,shopping,39,11
61203,news,21,2
18353,finance,143,17
28567,other,32,15
1430,other,35,8
32912,travel,86,18
11962,other,16,5
48691,other,8,1
25754,other,88,15
41697,other,19,5
42197,other,50,3
65168,games,20,3
60253,other,77,13
16741,other,28,4
10638,other,17,2
1407,other,83,10
27825,other,36,11
59701,other,32,7
7448,shopping,39,4
54063,social,109,23
48488,other,43,11
128,other,44,9
1649,other,38,7
62998,games,27,9
44596,utility,130,12
10489,other,14,2
35036,other,73,8
49789,other,30,4
44447,finance,15,2
60306,other,15,1
27810,utility,28,6
62482,other,15,3
41394,other,44,8
60030,other,73,20
32580,other,40,10
49885,other,54,11
38557,other,55,18
69493,utility,67,13
34743,other,11,4
5509,news,112,16
70541,games,42,10
31039,finance,11,1
26062,other,22,6
34150,social,21,4
54047,utility,86,19
36525,games,34,9
35215,utility,22,5
50331,other,13,2
1383,games,20,1
67276,social,42,10
61640,shopping,22,2
16698,other,39,3
10185,other,40,6
40330,other,73,14
56241,other,16,2
62377,utility,13,6
57972,other,15,1
19276,social,76,35
8949,other,129,18
49713,other,5,1
18222,games,98,20
45142,other,56,14
28753,other,19,5
8280,shopping,20,5
59677,utility,17,2
26623,food,38,12
34597,games,27,4
65756,other,52,13
68031,social,7,1
55434,social,4,1
53606,other,41,11
41528,other,19,5
44134,games,52,12
37472,utility,21,3
53689,other,61,15
69021,games,39,4
10188,other,21,2
52131,other,16,2
31552,other,152,29
11096,other,36,10
6823,finance,17,3
34087,other,69,4
13044,games,44,12
58673,other,20,1
31820,other,28,6
68557,other,16,3
68745,other,41,8
8428,other,68,22
5004,other,44,15
63924,other,64,11
36629,other,25,6
58892,other,21,1
50438,travel,34,8
15436,other,31,3
70565,other,25,2
38433,other,62,13
41584,food,72,10
53552,shopping,30,6
56312,games,37,5
16718,other,59,5
58549,finance,45,8
35621,other,10,2
29660,other,91,13
50066,other,18,5
23125,other,33,7
57100,other,33,7
19605,other,55,17
44446,finance,115,12
47801,news,82,13
57425,other,68,18
68772,other,13,2
12103,other,15,2
18547,other,54,11
43033,other,41,3
15835,shopping,99,14
68017,other,12,2
54542,other,21,4
46327,other,44,11
40969,other,179,16
64890,social,7,1
3965,other,11,2
17751,other,33,4
41964,other,77,9
53840,other,14,2
45828,other,78,18
68509,other,18,3
26296,other,14,1
24195,other,30,2
21512,other,57,8
59793,other,18,5
971,social,41,9
56337,utility,84,8
16000,other,32,7
17091,social,26,4
38923,other,22,5
57366,other,19,3
11935,other,24,1
20801,other,34,10
3188,utility,31,11
6710,other,42,1
7524,other,31,7
28807,other,5,1
67321,social,47,18
57579,other,35,5
27231,other,33,7
5410,social,80,11
41594,food,34,13
7711,other,70,10
18237,other,25,5
54072,games,49,9
65813,other,10,3
45417,games,14,1
51830,news,95,12
57983,other,16,1
42669,other,20,4
66076,other,86,3
8816,other,62,13
32316,other,26,6
25008,other,75,18
64905,utility,27,4
60626,other,32,1
49625,other,29,3
14324,other,61,9
52573,other,19,5
32984,other,11,6
35126,other,36,5
57472,other,45,5
59136,social,7,1
58685,other,22,3
71247,other,65,11
35412,other,32,15
53231,other,75,15
52422,social,19,5
47183,other,40,8
7266,utility,48,9
25642,other,37,9
24994,other,47,9
27352,other,53,3
60868,other,69,9
29482,utility,16,3
15885,other,19,5
17481,other,38,7
6487,utility,48,10
32798,social,75,17
58982,other,18,1
7051,other,9,2
71110,social,12,1
59247,news,31,8
17779,other,64,13
69461,travel,173,25
63512,other,26,9
18520,other,33,7
30897,other,90,15
7171,other,14,2
48104,other,20,3
58740,other,48,5
9285,other,49,11
6208,other,39,8
14120,other,43,8
48960,travel,73,13
45512,health,8,1
66109,other,65,6
35855,other,18,2
7131,other,18,3
31351,news,32,6
3438,other,18,5
70290,other,28,7
1845,other,54,8
69780,other,71,10
53930,other,40,5
49696,other,47,1
49002,other,43,12
71256,other,21,3
67506,shopping,18,1
66428,other,18,1
10612,travel,79,18
45675,other,20,1
40565,other,97,20
31081,other,90,12
19703,news,57,13
29838,food,62,9
2470,other,31,16
4315,other,161,12
70128,other,13,5
40264,travel,28,2
19906,other,10,2
49686,other,94,18
290,other,22,8
19782,other,25,1
59395,social,49,3
54065,social,106,23
56536,other,30,6
12267,other,31,3
64239,other,15,4
31383,other,47,5
30612,other,34,10
43307,other,18,2
71925,other,13,3
1826,other,48,11
28323,productivity,87,46
56748,other,110,7
65329,other,11,1
41719,utility,7,1
51681,other,31,5
2449,social,33,4
42859,other,70,7
65491,other,60,3
56607,other,34,7
35105,other,24,9
13923,other,40,7
32336,other,66,9
20305,other,24,5
57431,other,98,24
24126,other,138,26
58449,other,35,2
25085,utility,28,6
56377,other,85,11
58668,other,19,1
13494,other,107,20
22095,other,29,17
65587,other,34,10
58118,other,53,3
36094,travel,15,3
29985,other,94,22
5363,games,49,2
20739,utility,31,3
11419,other,46,27
9232,other,14,2
36123,other,34,5
65176,other,33,7
38069,food,27,6
6133,other,46,1
41407,other,96,25
66406,games,16,5
60080,other,20,2
36067,other,60,18
36049,other,36,7
14816,other,52,4
44939,other,26,5
58075,other,93,9
2898,other,46,23
28938,other,13,3
56121,games,75,14
23126,food,47,12
56419,social,7,1
46284,other,5,1
36221,games,78,17
16519,other,53,4
18749,other,16,2
6750,other,120,6
59730,other,49,9
48347,other,43,11
66477,other,52,7
56954,other,56,12
65317,other,33,10
40367,other,120,22
53276,games,37,2
21041,other,38,8
48119,other,40,13
7540,other,71,17
3938,other,107,32
63767,other,14,1
41980,news,51,11
29489,other,18,3
19710,news,23,6
24073,health,38,6
24646,shopping,37,2
63541,other,92,22
2316,other,86,17
58641,other,92,6
53066,other,24,6
66971,other,67,4
67672,games,55,13
58020,other,43,4
9173,other,28,1
16838,utility,44,8
5486,other,64,5
19918,social,59,15
3509,shopping,72,21
64475,other,103,10
54928,other,36,9
21346,travel,119,7
13763,news,33,10
16440,other,8,2
33771,other,35,6
41434,other,38,5
22130,other,33,8
13489,other,49,14
63355,other,18,6
44166,other,75,20
6832,other,17,2
32670,other,27,8
49167,other,19,5
38828,other,40,7
61829,other,6,1
51407,travel,18,2
57787,other,58,7
36871,games,14,2
26398,other,19,5
12244,other,14,2
17941,food,15,3
26138,other,109,23
36415,news,13,1
64591,other,43,13
30209,other,77,17
55544,other,26,8
8855,other,84,13
21652,other,28,7
53159,travel,13,2
59281,social,31,8
35019,other,47,3
55807,other,18,2
54392,productivity,110,16
53565,other,54,9
16011,other,56,12
40759,social,8,2
53008,games,38,7
3544,other,14,1
65287,social,7,1
51758,other,26,3
53182,other,23,6
39574,shopping,16,4
34530,other,138,6
65417,other,42,5
18033,other,21,6
17809,news,103,14
15515,other,27,3
63492,other,71,10
64705,news,21,7
6853,other,17,1
54272,social,20,4
43793,other,51,14
25076,news,25,4
11508,other,74,12
48763,games,37,5
47866,other,29,6
47845,other,28,2
41794,other,14,3
2834,other,64,27
55950,other,72,18
59291,other,20,3
16336,other,17,1
49132,other,75,16
22235,other,105,9
35565,other,54,15
71644,other,129,7
52617,other,14,2
68070,other,28,4
68804,games,111,33
68887,other,22,3
47773,productivity,55,8
18386,other,22,2
16647,other,19,2
31798,other,20,5
14253,other,19,4
57216,utility,238,15
71375,other,12,2
69309,other,122,11
36971,other,10,2
56397,other,72,22
11302,utility,48,8
36222,games,77,17
4680,utility,24,6
45560,other,52,15
4511,other,47,10
42437,other,78,12
14279,food,60,16
70561,other,51,10
48636,games,88,28
9819,other,15,2
57215,utility,61,14
53094,other,63,6
18298,other,18,3
62701,other,36,7
59775,other,14,1
23930,news,132,11
53569,other,172,15
17851,utility,68,16
22207,news,70,15
49524,social,7,1
6344,other,19,5
22149,other,82,15
10319,other,81,22
46716,other,17,3
39708,other,32,5
3096,other,55,8
18233,other,51,14
7620,travel,65,9
18603,utility,24,2
47996,other,60,14
23847,other,14,2
5315,other,22,4
20874,other,33,10
15893,social,7,1
64437,other,31,3
27180,other,42,10
64663,other,100,22
12306,other,19,3
15651,other,13,2
18355,finance,36,1
43558,other,38,7
29954,other,72,11
34292,other,34,5
62642,other,23,4
21596,other,29,11
38109,other,21,3
53541,shopping,42,5
10000,other,16,3
61257,other,5,1
30073,other,19,5
13069,travel,19,2
9755,other,31,6
29631,other,13,1
65278,other,27,6
62257,other,31,6
39562,other,16,3
19340,utility,121,12
48113,other,68,13
69530,other,15,1
56036,other,18,1
30866,other,9,1
63964,other,29,6
33558,other,71,5
50005,travel,48,3
9055,shopping,73,12
43851,travel,58,18
64104,other,39,9
55541,travel,59,14
1662,news,43,9
5384,other,32,6
12975,games,60,3
25903,other,31,6
12437,food,70,13
22695,news,148,20
70567,other,19,7
3002,other,8,3
24460,other,38,13
18960,other,26,2
6109,other,26,9
46549,utility,24,3
24515,finance,24,1
49068,other,49,14
34004,utility,20,6
28604,other,21,2
18584,other,24,5
58221,other,19,7
51091,other,30,7
63598,other,106,28
14981,other,33,4
46396,other,16,2
27072,other,70,9
63392,other,18,3
35420,other,38,11
52978,social,63,17
21008,other,28,2
36622,games,29,4
40280,other,87,19
15553,other,34,5
26978,other,36,6
69168,food,66,16
38270,other,100,17
61797,other,98,12
1961,other,28,7
45530,other,75,27
23681,other,41,12
14736,other,42,11
51567,other,36,8
5845,other,19,7
67205,other,18,4
51804,other,10,4
56147,games,57,19
52724,other,15,4
22975,other,53,18
57281,travel,8,3
34824,travel,61,2
47289,other,44,15
69800,other,21,2
52858,other,23,2
63923,other,177,35
4992,social,28,12
21062,other,8,3
37898,other,36,4
6144,other,29,6
31106,social,82,8
38817,other,71,14
65928,other,60,8
72164,food,26,5
49826,other,72,18
71254,shopping,30,2
62203,other,20,5
28117,other,28,4
9260,other,88,21
45218,news,66,12
17392,other,63,14
55250,other,96,17
798,other,33,9
37059,other,62,5
14412,other,39,10
32090,games,25,7
52277,other,19,3
63371,other,38,11
71173,utility,13,1
32360,other,7,2
9157,social,29,7
19812,travel,55,12
25126,other,20,3
70266,other,29,8
1066,other,54,9
16558,other,44,5
35135,other,99,20
24908,other,16,2
68913,other,99,21
17059,finance,71,15
18261,other,34,3
21873,other,34,7
44858,other,46,11
58174,utility,46,11
30453,other,17,1
48887,other,20,2
64915,other,19,2
16397,other,36,10
65902,health,52,12
33347,other,121,8
56380,other,102,19
47817,other,28,1
28913,travel,52,11
46516,other,28,7
65660,other,8,1
50083,food,32,2
16623,other,35,5
68754,other,19,1
21539,other,42,9
69555,other,10,1
9502,other,58,15
65771,other,72,14
60568,other,75,8
7811,other,132,15
59026,other,88,23
5483,other,172,10
45230,other,29,7
67855,other,37,8
49246,other,25,4
36779,other,31,2
41635,utility,21,3
49099,other,65,19
1853,other,22,3
27350,other,53,6
10637,other,38,7
55464,other,31,5
44044,other,47,16
57181,other,87,18
20506,other,29,4
53499,other,71,20
18453,other,46,13
19577,other,23,4
35238,other,38,11
47534,other,36,8
58648,other,16,3
27904,other,53,2
1353,other,31,6
57984,other,21,3
52200,other,22,8
34704,other,55,10
56806,shopping,81,16
26657,other,32,5
7808,other,17,1
5019,other,60,11
37809,other,19,5
56763,other,125,18
40382,shopping,53,7
2239,other,76,20
71221,utility,147,8
33669,other,30,3
41106,other,16,6
433,other,11,2
29227,finance,11,1
28499,other,23,3
38425,other,18,4
44483,games,8,3
57535,other,20,1
25316,games,56,5
9336,other,33,11
5198,news,56,8
9985,other,34,10
3040,other,40,11
69732,shopping,34,7
30853,other,19,5
16047,other,69,12
51911,other,33,11
69118,other,27,6
15136,travel,28,3
69959,other,17,5
26090,other,137,14
16282,other,7,2
21139,travel,24,6
48009,finance,17,1
1384,other,24,4
1565,other,58,5
59164,other,68,10
29159,other,44,6
4668,other,44,7
42721,other,14,7
10718,other,32,4
38182,other,49,6
70855,other,12,2
43729,other,19,5
665,other,16,3
1911,games,30,8
41803,other,19,3
43026,other,78,7
4414,travel,33,4
55353,other,40,14
54769,other,23,4
45276,other,25,3
56214,other,8,3
60978,food,114,16
36980,other,38,7
10919,other,32,2
50665,news,23,5
22827,other,9,2
59325,other,16,1
10490,other,25,3
57264,other,37,10
38240,other,15,4
8257,games,30,6
45404,games,50,3
59557,other,86,27
33114,shopping,119,16
6379,social,7,1
58876,other,20,3
53752,other,8,3
44955,other,31,10
65343,other,49,9
50222,other,53,16
7225,news,9,2
50078,food,64,1
39794,other,25,2
21396,other,89,4
54631,other,14,4
44670,other,40,4
6073,other,42,14
21805,other,22,7
1503,other,30,8
34515,other,18,2
18905,finance,25,6
44052,other,27,1
33627,other,7,2
13383,games,19,4
3809,other,53,2
42888,other,36,7
9014,other,165,31
62152,other,14,1
34893,other,20,1
17599,other,19,2
32638,other,43,4
7218,other,8,3
26697,social,25,9
45728,other,29,6
70461,other,68,12
29421,other,16,2
2999,other,93,17
42039,other,56,14
2964,other,37,3
2774,other,22,5
24288,food,65,14
10134,utility,47,11
58810,other,24,8
51687,travel,21,6
47615,news,55,14
36212,other,24,5
24606,other,21,4
664,other,28,8
52505,utility,6,1
44171,other,33,7
12352,other,29,4
40712,other,67,12
50752,other,52,15
66509,other,24,4
13845,other,39,2
33782,food,23,6
9008,other,15,2
50620,other,117,4
4055,other,32,6
32005,other,29,6
29934,other,25,3
33662,other,32,7
17213,other,13,1
10308,other,38,11
66398,other,47,8
70085,other,23,3
22578,other,53,14
36741,other,73,11
33702,other,34,9
10593,other,13,1
1680,other,55,8
38637,utility,22,4
42674,other,20,8
23282,social,7,1
15659,other,17,1
45012,other,173,28
44099,other,92,15
68183,other,49,11
37305,other,32,5
18282,food,71,18
4236,other,36,6
10468,other,62,24
20515,other,32,8
53439,other,47,8
26719,other,31,7
25146,games,36,4
9342,other,58,10
36319,other,20,3
7940,other,46,17
70862,other,25,3
67886,news,24,4
38459,other,32,6
22310,social,20,4
45561,other,30,4
2807,utility,7,1
17313,other,17,5
39159,other,30,9
5341,other,66,5
39204,other,82,20
20911,social,7,1
19341,food,47,11
33653,other,74,9
64768,other,64,18
8356,other,35,7
63142,utility,32,4
34014,other,28,2
56931,other,50,9
23336,other,30,10
17432,shopping,20,3
22790,other,19,5
29092,shopping,29,2
71792,other,79,8
18927,other,21,4
72010,other,39,8
37980,other,69,4
59201,finance,5,1
32220,news,83,10
12096,other,24,1
7453,other,21,2
54116,other,4,1
61610,health,20,8
41781,other,10,1
66595,news,69,16
27809,productivity,76,3
60643,other,34,6
37982,other,31,7
42468,other,74,18
69692,other,125,11
66794,other,51,6
5507,other,8,1
7627,other,15,2
62136,social,26,3
31773,food,63,8
59656,utility,37,2
36611,other,25,3
43276,other,26,5
70143,other,62,8
59061,other,119,8
35905,other,57,8
8231,other,31,8
17377,social,7,1
17261,other,58,12
11391,other,76,15
18439,other,91,20
20509,other,35,13
33039,other,20,4
4316,other,102,18
10904,other,45,2
55284,health,18,2
25867,other,19,5
13462,other,25,2
61958,other,13,3
32911,other,12,2
3857,games,24,7
49398,finance,20,2
58774,other,17,3
10544,other,51,8
3886,other,102,28
41838,travel,56,3
68102,other,79,17
28929,travel,66,13
66101,other,15,2
7249,other,19,5
38524,other,18,1
762,other,24,4
50744,other,41,2
20288,other,15,3
58230,other,40,10
4389,other,20,5
22621,utility,63,14
2668,other,23,3
6218,other,13,2
17708,other,15,1
27661,other,8,2
5641,news,69,15
26553,other,22,3
54123,other,20,6
38538,other,25,2
23333,other,228,33
64505,other,16,2
56744,other,124,30
16904,other,19,5
56421,other,15,2
58310,games,15,11
68905,other,59,15
5035,other,10,2
22241,other,53,3
22736,other,53,12
4903,food,68,9
51527,utility,99,10
5190,other,7,1
19990,other,52,8
25354,other,41,2
18071,social,20,3
18837,travel,30,9
36695,other,45,2
12585,other,8,2
28349,utility,119,11
22948,other,21,3
67745,other,95,12
38330,other,36,7
11158,other,56,4
50676,other,43,1
23406,health,33,9
71336,social,29,6
13386,games,23,3
35333,games,82,3
3709,other,20,2
44766,other,19,5
30447,utility,25,2
56360,other,33,2
51815,news,110,11
25522,other,52,10
24881,utility,21,3
66448,utility,134,26
67504,social,20,4
41774,news,26,3
14089,other,68,12
43801,other,21,4
70898,other,20,3
52565,other,24,4
13436,utility,7,1
30305,food,21,3
17396,other,33,6
65378,other,7,1
34293,other,72,10
28826,other,8,3
786,other,13,2
5708,utility,39,4
37797,other,47,11
26519,travel,58,12
31366,other,103,11
13155,other,90,16
22285,other,40,31
12734,other,38,2
62272,other,17,2
13468,other,16,1
8669,other,56,8
59255,other,55,14
61249,other,43,12
24214,shopping,86,23
29127,games,11,2
41316,utility,31,1
28796,travel,41,7
