screen_id,usability,layout_quality,visual_complexity,screen_mean
52214,5.0,3.27,3.85,4.04
17476,3.8,1.89,3.25,2.98
1165,4.4,3.44,2.91,3.5833
59041,4.7,3.31,3.7,3.9033
2844,3.21,2.31,3.63,3.05
26390,5.0,3.25,2.94,3.73
24971,5.0,3.03,3.61,3.88
19321,5.0,3.25,3.28,3.8433
58713,4.4,3.6,2.79,3.5967
16870,3.87,3.42,3.29,3.5267
54764,4.55,3.4,3.2,3.7167
58988,4.04,2.74,3.55,3.4433
68868,3.66,2.32,4.08,3.3533
46124,5.0,3.13,3.07,3.7333
15815,4.64,3.25,3.09,3.66
48987,5.0,3.11,3.1,3.7367
38037,3.44,2.31,5.0,3.5833
12105,4.4,3.08,3.65,3.71
1197,5.0,3.19,3.8,3.9967
16286,3.8,1.67,3.81,3.0933
24676,2.9,2.41,3.35,2.8867
2560,5.0,3.47,3.29,3.92
43510,5.0,3.23,3.27,3.8333
4972,5.0,3.56,3.24,3.9333
11742,4.64,3.57,4.16,4.1233
47138,4.1,2.57,3.39,3.3533
2336,5.0,3.42,3.24,3.8867
57382,3.84,2.74,3.78,3.4533
52984,5.0,3.53,3.22,3.9167
56432,5.0,3.55,3.41,3.9867
46098,3.11,2.31,3.87,3.0967
37888,5.0,3.18,3.28,3.82
24791,5.0,3.48,3.36,3.9467
39834,5.0,3.2,2.96,3.72
48913,2.9,2.27,4.3,3.1567
28655,5.0,3.32,3.44,3.92
63417,5.0,3.31,3.41,3.9067
67317,5.0,3.4,3.0,3.8
10418,5.0,3.58,3.85,4.1433
60148,3.21,2.09,3.87,3.0567
63171,4.4,3.6,2.79,3.5967
20767,5.0,3.44,3.16,3.8667
56231,3.02,2.37,3.38,2.9233
3808,5.0,3.51,3.4,3.97
32799,4.41,3.33,3.93,3.89
28634,5.0,3.51,3.02,3.8433
20505,5.0,3.46,3.33,3.93
24466,5.0,3.28,3.35,3.8767
8102,3.54,2.74,4.49,3.59
60444,3.06,2.09,3.93,3.0267
32555,5.0,3.56,4.12,4.2267
16853,4.52,3.2,3.62,3.78
16226,5.0,3.13,3.26,3.7967
35308,4.17,3.14,3.73,3.68
16480,5.0,3.37,3.05,3.8067
3400,4.34,3.1,3.91,3.7833
65930,5.0,3.41,3.3,3.9033
33029,4.04,2.74,4.05,3.61
49832,5.0,3.35,3.78,4.0433
27726,5.0,3.53,3.16,3.8967
63252,4.1,2.35,3.21,3.22
12896,3.35,2.33,3.59,3.09
58264,5.0,3.44,3.09,3.8433
40482,5.0,3.6,2.77,3.79
4555,4.47,3.39,3.78,3.88
18361,4.7,3.01,3.05,3.5867
911,4.1,3.16,2.84,3.3667
7079,5.0,3.19,3.19,3.7933
35220,5.0,3.32,3.17,3.83
15280,3.54,2.34,3.31,3.0633
46547,4.22,3.08,4.69,3.9967
29617,3.27,2.42,3.66,3.1167
64763,4.86,3.25,3.49,3.8667
51510,3.15,2.19,4.76,3.3667
50826,4.86,3.34,3.45,3.8833
68408,5.0,3.55,3.35,3.9667
66845,5.0,3.17,3.15,3.7733
34176,4.86,3.29,3.64,3.93
48130,3.8,1.95,3.62,3.1233
22954,4.7,3.24,3.21,3.7167
56632,3.44,2.31,3.74,3.1633
14665,3.1,2.22,4.07,3.13
13049,3.76,3.25,4.45,3.82
53758,3.5,2.88,2.85,3.0767
25264,5.0,3.57,3.61,4.06
6107,2.99,2.36,4.3,3.2167
29381,4.04,3.08,3.92,3.68
9905,5.0,3.46,3.23,3.8967
15340,3.44,2.25,3.4,3.03
66436,2.84,2.26,4.13,3.0767
25609,5.0,3.25,3.28,3.8433
67140,4.86,3.3,3.15,3.77
16753,5.0,3.6,3.26,3.9533
3532,5.0,3.24,3.19,3.81
28641,5.0,3.54,3.74,4.0933
40118,3.1,2.28,4.12,3.1667
51983,4.7,3.23,3.4,3.7767
65057,5.0,3.54,3.31,3.95
34368,3.44,2.38,3.89,3.2367
20968,3.8,1.98,3.25,3.01
34706,5.0,3.6,3.11,3.9033
3375,5.0,3.46,3.45,3.97
24058,5.0,3.52,3.09,3.87
54358,4.4,3.6,2.77,3.59
27880,5.0,3.0,3.29,3.7633
56461,5.0,3.58,3.78,4.12
71744,5.0,3.54,3.82,4.12
55214,5.0,3.53,3.07,3.8667
52874,5.0,3.38,3.34,3.9067
14790,5.0,3.44,3.21,3.8833
50219,4.7,3.23,3.66,3.8633
5194,3.1,2.05,4.39,3.18
21568,4.25,2.97,3.31,3.51
45392,3.44,2.39,4.53,3.4533
58223,5.0,3.18,2.82,3.6667
26385,3.54,2.37,4.09,3.3333
21012,4.47,3.49,3.81,3.9233
40664,5.0,3.38,3.22,3.8667
3528,3.87,2.76,3.88,3.5033
28107,4.47,3.28,3.51,3.7533
70985,4.14,3.48,3.05,3.5567
52267,2.99,2.35,4.14,3.16
55555,5.0,3.6,2.99,3.8633
46858,4.4,3.6,2.79,3.5967
24742,3.02,2.3,4.74,3.3533
55294,5.0,3.23,3.27,3.8333
31727,5.0,3.5,3.5,4.0
65628,3.57,2.64,4.84,3.6833
60766,4.86,3.56,3.4,3.94
61284,5.0,3.3,3.51,3.9367
13729,5.0,3.43,3.28,3.9033
25333,5.0,3.35,2.83,3.7267
64256,4.4,3.32,2.97,3.5633
12124,4.3,3.09,3.72,3.7033
63120,5.0,3.49,3.61,4.0333
31053,2.82,2.34,3.3,2.82
36688,4.7,3.2,3.58,3.8267
27926,5.0,3.41,3.13,3.8467
14426,5.0,3.51,3.29,3.9333
24148,3.96,2.64,3.69,3.43
70167,5.0,3.55,3.38,3.9767
7224,5.0,3.3,3.01,3.77
47510,4.74,3.35,4.57,4.22
67764,5.0,3.32,2.92,3.7467
5750,5.0,3.55,4.07,4.2067
30999,5.0,3.35,3.56,3.97
24252,4.7,3.21,3.23,3.7133
53347,5.0,3.13,3.26,3.7967
43113,2.87,2.31,3.56,2.9133
36338,5.0,3.53,3.97,4.1667
6836,5.0,3.55,3.3,3.95
7027,5.0,3.42,3.44,3.9533
52498,5.0,2.96,2.98,3.6467
40447,5.0,3.57,3.62,4.0633
19589,4.3,3.27,3.02,3.53
27748,3.44,2.42,3.46,3.1067
19327,5.0,3.13,3.07,3.7333
26498,4.44,3.12,3.74,3.7667
59269,5.0,3.52,3.1,3.8733
47149,2.78,2.0,4.21,2.9967
4572,4.4,3.3,2.96,3.5533
27614,3.41,2.3,4.0,3.2367
59392,5.0,3.38,3.33,3.9033
48628,5.0,3.56,3.31,3.9567
38465,3.1,2.22,4.19,3.17
69226,5.0,3.19,3.19,3.7933
48551,2.91,2.33,3.71,2.9833
36583,3.1,2.12,4.05,3.09
34197,3.54,2.13,3.59,3.0867
24725,5.0,3.5,3.3,3.9333
19243,3.8,2.32,3.63,3.25
43780,5.0,3.28,2.95,3.7433
42764,5.0,3.22,3.34,3.8533
16102,5.0,3.22,3.14,3.7867
59946,3.54,2.22,3.62,3.1267
13128,3.5,2.88,2.85,3.0767
66790,5.0,3.46,3.23,3.8967
17370,3.7,3.02,3.94,3.5533
20314,2.74,2.25,4.29,3.0933
51437,5.0,3.3,3.54,3.9467
20787,4.34,3.14,3.56,3.68
62285,5.0,3.6,3.3,3.9667
54995,5.0,3.6,3.0,3.8667
38051,5.0,3.45,3.22,3.89
49356,5.0,3.48,2.89,3.79
14255,3.81,2.87,4.43,3.7033
35616,2.94,2.51,3.83,3.0933
35410,4.4,3.6,2.98,3.66
49325,5.0,3.36,3.05,3.8033
41043,4.64,3.42,3.74,3.9333
45014,4.19,2.96,3.69,3.6133
26807,3.5,2.57,2.91,2.9933
8987,4.64,3.51,3.72,3.9567
4662,2.78,2.21,4.54,3.1767
66769,3.87,3.04,3.84,3.5833
72188,5.0,3.52,3.04,3.8533
10766,5.0,3.55,3.31,3.9533
5498,5.0,3.4,3.01,3.8033
57676,5.0,3.25,3.28,3.8433
17680,5.0,3.6,2.96,3.8533
55067,3.27,2.31,4.1,3.2267
68368,4.17,3.17,3.8,3.7133
45595,4.4,2.78,3.63,3.6033
59643,4.4,3.6,2.79,3.5967
27871,5.0,3.46,3.07,3.8433
60783,4.86,3.6,3.5,3.9867
52325,5.0,3.24,3.56,3.9333
32794,5.0,3.35,3.15,3.8333
17494,4.7,3.3,3.69,3.8967
29637,3.06,2.27,4.53,3.2867
38915,5.0,3.54,3.36,3.9667
20679,5.0,2.99,3.36,3.7833
40137,5.0,3.44,3.15,3.8633
10194,3.8,2.22,3.44,3.1533
7890,5.0,3.55,3.28,3.9433
5776,4.26,3.03,4.1,3.7967
67727,5.0,3.38,3.43,3.9367
57608,5.0,3.48,3.27,3.9167
27653,4.4,3.6,2.96,3.6533
9035,3.54,2.32,3.78,3.2133
43196,5.0,3.49,3.05,3.8467
60343,5.0,3.04,3.26,3.7667
22064,5.0,3.25,2.85,3.7
43656,4.4,3.46,2.92,3.5933
70129,5.0,3.6,3.07,3.89
17152,3.8,2.54,3.69,3.3433
67394,5.0,3.57,3.34,3.97
51293,3.66,2.15,3.89,3.2333
29946,5.0,3.6,3.0,3.8667
65557,3.11,2.06,3.28,2.8167
52187,4.01,3.03,3.45,3.4967
43655,4.4,3.6,2.9,3.6333
50209,3.5,2.88,2.85,3.0767
23363,4.64,3.06,3.33,3.6767
9801,3.8,1.76,3.16,2.9067
3493,3.15,2.17,3.83,3.05
60380,4.74,3.09,3.32,3.7167
20894,4.34,3.28,3.55,3.7233
45743,4.4,3.6,2.78,3.5933
7871,4.4,3.08,4.26,3.9133
6146,5.0,3.43,3.17,3.8667
70798,3.8,1.72,3.21,2.91
45126,3.8,2.11,3.65,3.1867
70543,3.27,2.34,3.28,2.9633
10033,5.0,3.55,4.98,4.51
49515,5.0,3.17,3.66,3.9433
31714,4.4,3.6,2.71,3.57
42440,2.99,2.14,4.19,3.1067
11286,5.0,3.44,3.57,4.0033
17513,2.84,2.33,4.27,3.1467
71230,4.4,3.02,4.23,3.8833
34257,5.0,3.56,3.92,4.16
67979,3.27,2.34,4.13,3.2467
64908,5.0,3.21,3.26,3.8233
63230,5.0,3.55,3.25,3.9333
30520,4.35,3.46,4.04,3.95
26053,5.0,3.54,3.22,3.92
13871,4.7,3.32,3.62,3.88
26139,5.0,3.57,3.43,4.0
67905,3.1,2.34,3.35,2.93
47521,5.0,3.54,3.4,3.98
7477,5.0,3.48,3.41,3.9633
15278,5.0,3.53,3.03,3.8533
15712,4.1,3.13,2.78,3.3367
58401,4.74,3.16,3.48,3.7933
42245,4.55,3.05,3.48,3.6933
63879,5.0,3.42,3.21,3.8767
14613,3.54,2.24,3.87,3.2167
9418,5.0,3.52,3.61,4.0433
60257,5.0,3.6,3.0,3.8667
45295,3.02,2.25,4.11,3.1267
60597,5.0,3.31,3.32,3.8767
18417,4.04,2.98,3.74,3.5867
18579,5.0,3.6,3.54,4.0467
5366,5.0,3.6,2.92,3.84
41533,5.0,3.15,3.47,3.8733
7470,3.8,2.26,3.31,3.1233
46393,5.0,3.34,3.45,3.93
2114,5.0,3.57,3.4,3.99
27758,5.0,3.53,2.95,3.8267
44929,4.64,3.3,3.2,3.7133
67512,4.74,3.46,3.67,3.9567
5003,4.1,2.66,3.56,3.44
38113,2.84,2.25,4.39,3.16
8539,4.7,3.16,3.25,3.7033
24203,5.0,3.55,3.49,4.0133
7122,4.86,3.48,3.2,3.8467
45739,5.0,3.5,3.17,3.89
59915,2.94,2.14,4.08,3.0533
58276,5.0,3.33,3.33,3.8867
55664,3.66,2.36,3.89,3.3033
23515,3.44,2.4,3.52,3.12
57165,4.86,2.95,3.34,3.7167
30793,2.81,2.22,4.25,3.0933
36558,4.17,3.09,4.34,3.8667
54449,2.99,2.33,3.93,3.0833
9972,4.47,3.19,3.63,3.7633
34900,5.0,3.53,3.29,3.94
3913,3.02,2.21,4.23,3.1533
69333,5.0,3.5,4.41,4.3033
44296,5.0,3.58,3.55,4.0433
39988,3.5,2.88,2.85,3.0767
18105,3.8,1.82,3.21,2.9433
26586,5.0,3.27,3.08,3.7833
25060,4.4,3.31,3.06,3.59
14287,3.81,2.81,4.12,3.58
32645,5.0,3.6,3.44,4.0133
11384,5.0,3.33,3.03,3.7867
48854,4.74,3.26,3.55,3.85
46660,2.8,2.32,4.68,3.2667
25402,3.8,1.72,3.21,2.91
48862,5.0,3.49,2.95,3.8133
24779,5.0,3.4,3.18,3.86
10485,4.26,2.77,3.79,3.6067
14764,3.5,2.88,2.85,3.0767
56828,5.0,3.39,3.33,3.9067
51682,2.94,2.4,3.54,2.96
13927,4.86,3.6,3.77,4.0767
25326,5.0,3.6,3.19,3.93
145,3.8,2.39,3.57,3.2533
69686,5.0,3.36,3.53,3.9633
12070,4.04,3.35,3.93,3.7733
667,4.7,3.01,3.05,3.5867
32158,3.54,2.35,4.43,3.44
14754,5.0,3.39,3.28,3.89
44089,5.0,3.49,2.95,3.8133
25968,2.86,2.26,4.74,3.2867
28678,4.4,3.6,2.77,3.59
54284,5.0,3.47,3.03,3.8333
4221,4.4,3.6,2.83,3.61
2436,5.0,3.29,2.86,3.7167
45735,3.66,3.0,3.75,3.47
18838,4.25,3.23,3.54,3.6733
57836,4.7,3.33,3.46,3.83
71673,3.66,2.17,3.21,3.0133
68220,4.4,3.6,2.71,3.57
47750,3.44,2.35,4.12,3.3033
48062,5.0,3.38,3.11,3.83
41356,4.1,2.88,3.33,3.4367
26274,5.0,3.5,3.47,3.99
61826,5.0,3.6,3.04,3.88
41374,5.0,3.43,3.39,3.94
63277,3.54,2.2,4.01,3.25
37076,3.66,2.02,3.28,2.9867
22840,4.86,3.33,3.7,3.9633
16322,3.35,2.2,3.65,3.0667
16497,5.0,3.18,3.97,4.05
53612,2.83,2.09,3.72,2.88
38652,3.8,1.82,3.21,2.9433
33689,5.0,3.48,3.22,3.9
38158,5.0,3.17,2.95,3.7067
37340,3.8,1.89,3.25,2.98
40981,3.81,3.11,3.99,3.6367
66980,4.86,3.32,4.13,4.1033
5822,3.21,2.12,4.76,3.3633
13618,2.63,2.29,3.26,2.7267
54561,4.7,3.18,3.77,3.8833
53198,3.7,2.92,3.48,3.3667
52762,3.17,2.09,3.72,2.9933
16585,4.0,3.41,3.97,3.7933
14043,5.0,3.3,3.36,3.8867
36777,5.0,3.51,3.48,3.9967
58168,4.55,3.54,5.0,4.3633
32736,4.4,3.6,2.79,3.5967
62838,5.0,3.6,2.94,3.8467
66843,4.4,2.69,3.33,3.4733
17349,5.0,3.51,3.81,4.1067
2663,4.1,2.41,3.5,3.3367
22912,4.7,2.99,3.35,3.68
22829,4.74,3.5,3.51,3.9167
45553,5.0,3.26,3.17,3.81
39792,4.52,3.43,3.39,3.78
1936,3.06,2.28,4.5,3.28
38034,3.21,2.26,4.39,3.2867
22412,3.27,2.19,4.12,3.1933
28682,5.0,3.45,3.29,3.9133
40687,3.21,2.2,3.6,3.0033
267,3.44,2.33,3.76,3.1767
67642,5.0,3.25,3.19,3.8133
70847,4.7,3.13,3.76,3.8633
1505,4.35,3.6,3.18,3.71
39454,3.8,2.11,3.37,3.0933
63315,5.0,3.23,3.27,3.8333
66807,3.87,2.94,4.22,3.6767
66476,5.0,3.11,3.2,3.77
46441,5.0,3.45,3.22,3.89
16555,5.0,3.23,3.27,3.8333
13358,5.0,3.21,3.05,3.7533
5312,5.0,3.01,3.28,3.7633
45822,5.0,3.57,3.49,4.02
65189,3.21,2.31,3.94,3.1533
10976,5.0,3.27,3.24,3.8367
8859,5.0,3.47,2.93,3.8
1626,3.1,2.22,3.96,3.0933
71042,5.0,3.47,3.03,3.8333
59810,3.8,1.89,3.25,2.98
66006,4.09,3.58,4.19,3.9533
2586,4.4,3.3,3.7,3.8
2123,4.14,3.24,3.69,3.69
37037,3.5,2.88,2.85,3.0767
42224,3.21,2.21,4.07,3.1633
41911,2.8,2.11,4.39,3.1
2433,5.0,3.54,3.4,3.98
6703,5.0,3.16,3.27,3.81
36680,4.0,3.55,3.78,3.7767
69503,5.0,3.41,3.14,3.85
13912,2.84,2.35,3.15,2.78
2111,5.0,3.41,3.42,3.9433
35249,5.0,3.21,3.52,3.91
1013,3.11,2.36,3.89,3.12
36007,3.66,2.1,3.28,3.0133
27767,4.22,2.92,3.79,3.6433
7106,4.4,3.6,2.78,3.5933
61791,4.7,3.2,3.61,3.8367
61859,3.35,2.08,3.47,2.9667
40218,4.17,3.34,3.84,3.7833
29123,5.0,3.6,2.85,3.8167
38106,5.0,3.6,3.03,3.8767
56134,3.02,2.17,3.98,3.0567
8109,5.0,3.41,3.42,3.9433
58313,2.85,2.28,3.98,3.0367
61746,5.0,3.29,2.86,3.7167
46782,5.0,3.6,3.01,3.87
53795,5.0,3.35,3.04,3.7967
5753,3.8,1.98,3.41,3.0633
42286,4.74,3.27,3.89,3.9667
20465,3.06,2.25,4.63,3.3133
22810,4.35,3.11,3.95,3.8033
29831,3.8,2.57,3.01,3.1267
24620,5.0,3.18,3.12,3.7667
883,5.0,3.46,3.42,3.96
13903,3.2,2.28,3.11,2.8633
48264,4.4,2.85,3.18,3.4767
58669,5.0,3.06,3.21,3.7567
45923,5.0,3.55,3.14,3.8967
14063,3.21,2.22,3.91,3.1133
59454,5.0,3.28,3.0,3.76
30913,4.4,3.6,3.2,3.7333
13825,5.0,3.45,3.22,3.89
1333,5.0,3.38,3.8,4.06
48594,4.7,3.23,3.29,3.74
41630,4.56,3.14,3.89,3.8633
43337,5.0,3.49,3.44,3.9767
70607,5.0,3.5,2.96,3.82
66271,5.0,3.25,2.94,3.73
45197,5.0,3.55,3.04,3.8633
20625,3.54,1.52,3.21,2.7567
13808,5.0,3.3,3.06,3.7867
8324,3.27,2.13,4.06,3.1533
43667,4.47,3.17,3.82,3.82
15360,5.0,3.53,3.18,3.9033
66186,3.66,2.02,3.28,2.9867
22557,4.64,3.42,3.46,3.84
14572,3.02,2.02,3.53,2.8567
49273,4.55,3.6,3.58,3.91
14539,5.0,3.25,3.28,3.8433
54672,5.0,3.57,3.47,4.0133
66853,4.04,2.61,3.09,3.2467
25781,4.64,3.18,3.52,3.78
36856,4.17,3.31,4.31,3.93
18026,5.0,3.51,3.02,3.8433
72138,4.19,3.35,3.62,3.72
6874,5.0,3.48,3.15,3.8767
47668,5.0,3.23,3.12,3.7833
26473,3.66,2.19,3.7,3.1833
48248,4.1,2.8,3.85,3.5833
49238,3.66,1.95,3.26,2.9567
12667,4.74,3.11,3.68,3.8433
50884,2.89,2.15,3.94,2.9933
15475,5.0,3.6,3.15,3.9167
3787,3.02,2.18,4.55,3.25
53486,2.97,2.18,4.18,3.11
48562,5.0,3.18,2.87,3.6833
47384,3.06,2.33,4.15,3.18
44625,5.0,3.12,4.36,4.16
31107,5.0,3.56,3.19,3.9167
71607,3.8,2.35,4.03,3.3933
27492,5.0,3.57,3.36,3.9767
23711,4.0,2.97,3.91,3.6267
54328,3.06,2.37,4.01,3.1467
57393,5.0,3.31,3.32,3.8767
30950,3.15,2.07,4.09,3.1033
26008,4.31,3.53,4.71,4.1833
27791,4.1,3.36,2.9,3.4533
36347,4.4,3.6,2.79,3.5967
18748,5.0,3.49,2.95,3.8133
9690,2.87,2.4,3.93,3.0667
5272,3.66,2.32,3.4,3.1267
30037,3.15,2.33,3.47,2.9833
40349,4.1,2.85,3.72,3.5567
31096,5.0,3.53,3.22,3.9167
71226,3.35,2.27,4.31,3.31
59706,4.7,3.08,3.28,3.6867
71688,4.35,3.28,4.09,3.9067
14861,4.7,3.01,3.05,3.5867
1062,4.4,3.6,2.79,3.5967
40412,3.21,2.15,3.48,2.9467
51020,5.0,3.57,3.55,4.04
47250,4.4,3.09,3.51,3.6667
16683,3.1,2.09,3.88,3.0233
14905,4.4,3.6,2.79,3.5967
45634,5.0,3.42,2.98,3.8
24294,5.0,3.55,3.22,3.9233
43542,5.0,3.49,3.0,3.83
9582,4.55,3.31,3.95,3.9367
18846,5.0,3.6,3.12,3.9067
71494,3.96,3.53,4.45,3.98
33353,4.7,3.17,4.58,4.15
68106,5.0,3.53,3.18,3.9033
14589,5.0,3.25,3.77,4.0067
6801,5.0,3.6,3.04,3.88
26353,3.1,2.37,4.16,3.21
34667,2.91,1.96,4.17,3.0133
29107,5.0,3.53,3.06,3.8633
20644,3.96,3.33,3.53,3.6067
39135,3.44,1.98,3.76,3.06
65034,4.86,3.54,3.78,4.06
4599,5.0,3.16,2.98,3.7133
56571,4.22,3.31,3.53,3.6867
30199,5.0,3.15,3.3,3.8167
50383,5.0,3.27,3.03,3.7667
63250,4.7,2.66,3.23,3.53
53235,4.26,2.92,3.79,3.6567
45003,5.0,3.13,3.26,3.7967
1053,4.64,3.24,3.82,3.9
54217,4.4,3.6,2.79,3.5967
63944,4.4,3.6,2.78,3.5933
46709,4.55,3.5,4.16,4.07
3000,3.02,2.25,4.3,3.19
71396,3.54,2.33,3.88,3.25
53905,4.4,3.6,3.21,3.7367
16958,5.0,3.28,3.19,3.8233
71911,5.0,3.44,3.24,3.8933
67942,3.6,3.05,3.12,3.2567
18965,2.91,1.91,4.25,3.0233
27723,4.71,3.55,3.15,3.8033
17733,4.4,3.4,3.32,3.7067
68691,5.0,3.37,3.0,3.79
17198,5.0,3.3,3.72,4.0067
59102,5.0,3.46,2.92,3.7933
9785,2.87,2.3,3.97,3.0467
20503,5.0,3.31,3.11,3.8067
28259,4.4,3.6,2.97,3.6567
2890,4.74,3.26,3.46,3.82
49913,4.7,3.14,3.49,3.7767
24127,4.86,3.26,3.35,3.8233
57482,3.02,2.28,3.64,2.98
3296,5.0,3.38,3.05,3.81
23671,3.66,2.04,3.5,3.0667
55514,5.0,3.23,3.27,3.8333
51885,4.4,3.6,3.05,3.6833
66283,3.06,2.11,3.66,2.9433
27691,4.74,3.36,3.37,3.8233
43514,2.81,2.27,4.48,3.1867
42435,3.21,2.19,4.4,3.2667
2679,4.1,2.27,3.14,3.17
69681,3.96,3.04,4.18,3.7267
69852,4.4,3.6,3.19,3.73
65839,4.7,3.14,3.87,3.9033
13372,3.15,2.11,3.87,3.0433
16195,4.4,3.6,2.79,3.5967
51888,3.54,2.2,3.65,3.13
964,5.0,3.6,2.94,3.8467
64760,4.4,3.35,2.93,3.56
28550,4.4,3.6,2.83,3.61
12936,3.06,2.26,4.04,3.12
10211,3.8,2.22,3.43,3.15
32362,4.1,2.73,3.5,3.4433
60941,3.02,2.2,4.5,3.24
18744,5.0,3.6,2.93,3.8433
5207,5.0,3.5,3.35,3.95
27565,5.0,3.46,3.03,3.83
20896,5.0,3.32,2.97,3.7633
59022,3.89,3.1,4.28,3.7567
39377,5.0,3.47,3.74,4.07
46524,5.0,3.57,3.47,4.0133
56698,5.0,3.39,3.63,4.0067
3842,5.0,3.6,3.44,4.0133
47109,2.9,2.24,3.88,3.0067
10647,4.56,2.88,3.9,3.78
9732,3.44,2.52,4.11,3.3567
15037,3.44,2.25,4.05,3.2467
7358,5.0,3.52,2.99,3.8367
68264,5.0,3.35,2.88,3.7433
55736,4.7,3.08,2.87,3.55
69597,4.47,3.51,3.58,3.8533
20009,5.0,3.44,3.45,3.9633
46137,3.44,2.32,3.2,2.9867
12390,3.8,2.33,3.45,3.1933
65098,5.0,3.44,3.05,3.83
34645,4.35,3.51,3.51,3.79
48491,3.35,2.4,3.73,3.16
46576,3.44,2.08,3.97,3.1633
19949,4.86,3.3,3.56,3.9067
38577,3.1,2.29,3.97,3.12
18522,5.0,3.46,3.48,3.98
12798,5.0,3.47,3.25,3.9067
30573,3.21,2.07,4.3,3.1933
34357,2.87,2.08,4.17,3.04
69296,3.8,2.51,3.51,3.2733
71481,3.27,2.38,3.63,3.0933
6254,5.0,2.98,3.24,3.74
9053,3.21,2.4,4.11,3.24
66764,4.7,2.96,3.13,3.5967
12676,4.7,3.17,3.54,3.8033
69292,5.0,3.46,3.47,3.9767
33930,5.0,3.54,3.09,3.8767
24092,3.44,2.24,4.06,3.2467
55114,4.17,2.99,3.32,3.4933
26683,3.84,2.66,3.61,3.37
54161,5.0,3.21,3.26,3.8233
16888,3.35,2.56,3.91,3.2733
3365,4.11,3.29,4.54,3.98
61552,5.0,3.56,3.41,3.99
47035,5.0,3.33,3.24,3.8567
68325,2.88,2.16,4.48,3.1733
67658,5.0,3.23,3.27,3.8333
37035,5.0,3.42,3.14,3.8533
9152,3.02,2.26,4.1,3.1267
5099,4.4,3.6,2.77,3.59
59545,3.1,2.19,4.1,3.13
20447,4.4,3.6,2.79,3.5967
71005,5.0,3.32,3.27,3.8633
71278,3.24,2.27,3.24,2.9167
25881,4.4,3.6,3.37,3.79
67027,4.1,2.77,3.57,3.48
20959,5.0,3.44,3.05,3.83
9309,5.0,3.25,3.19,3.8133
62780,5.0,3.46,3.27,3.91
6351,4.11,2.93,3.15,3.3967
21964,4.4,3.6,2.96,3.6533
68145,4.56,3.27,3.95,3.9267
37416,4.7,3.28,3.63,3.87
11636,5.0,3.42,4.0,4.14
22114,4.4,3.6,3.23,3.7433
58719,2.92,2.06,4.52,3.1667
70926,4.1,3.36,2.9,3.4533
3228,5.0,3.32,3.07,3.7967
61688,3.21,2.38,3.9,3.1633
71334,2.85,2.18,4.35,3.1267
37382,4.55,3.29,3.72,3.8533
62952,3.66,2.22,3.61,3.1633
54340,4.4,3.6,2.71,3.57
66994,3.96,3.22,4.29,3.8233
58615,3.8,2.19,3.39,3.1267
63509,5.0,3.13,3.27,3.8
26600,3.96,3.02,3.3,3.4267
27870,4.7,3.07,3.11,3.6267
2074,5.0,3.6,2.94,3.8467
6200,3.66,2.23,4.14,3.3433
56429,5.0,3.52,3.48,4.0
17277,5.0,3.13,3.26,3.7967
35475,5.0,3.6,3.09,3.8967
67497,5.0,3.6,3.81,4.1367
12605,4.4,3.6,2.79,3.5967
66631,4.7,3.25,3.44,3.7967
41230,3.54,2.02,3.09,2.8833
24924,4.4,3.6,2.77,3.59
23402,5.0,3.52,3.41,3.9767
63912,5.0,3.37,3.37,3.9133
70540,5.0,3.49,2.95,3.8133
40547,5.0,3.52,3.09,3.87
33397,5.0,3.32,3.13,3.8167
30370,5.0,3.11,3.15,3.7533
64169,4.55,3.48,3.74,3.9233
62493,5.0,3.16,3.27,3.81
67443,3.8,2.19,3.39,3.1267
25240,4.7,2.89,2.86,3.4833
24954,5.0,3.51,3.61,4.04
11568,2.71,2.32,5.0,3.3433
53676,3.9,2.72,3.59,3.4033
23005,4.55,3.25,3.16,3.6533
36524,3.06,2.23,4.5,3.2633
31987,4.1,3.2,3.4,3.5667
28686,4.4,2.95,3.59,3.6467
67010,5.0,3.28,3.19,3.8233
14634,5.0,3.2,3.3,3.8333
8710,4.04,2.87,3.67,3.5267
61108,5.0,3.13,3.33,3.82
28729,5.0,3.57,3.34,3.97
33487,3.66,2.17,3.81,3.2133
52356,4.47,3.21,3.49,3.7233
43773,3.02,2.3,3.61,2.9767
3660,2.87,2.1,4.18,3.05
54932,4.74,3.13,3.43,3.7667
65680,3.44,2.07,3.78,3.0967
45549,5.0,3.6,2.94,3.8467
32217,3.74,2.55,3.88,3.39
71931,4.05,2.53,3.24,3.2733
11833,4.27,3.4,3.67,3.78
17728,3.1,2.31,3.58,2.9967
67820,5.0,3.22,3.3,3.84
8941,3.44,2.56,4.18,3.3933
2752,5.0,3.49,3.34,3.9433
22059,4.64,3.21,3.7,3.85
48359,3.5,2.88,2.85,3.0767
8430,3.36,2.58,4.07,3.3367
27782,3.27,2.2,4.09,3.1867
12579,5.0,3.57,3.52,4.03
17296,5.0,3.31,3.47,3.9267
49366,5.0,3.54,2.94,3.8267
38903,3.5,2.88,2.85,3.0767
33151,3.8,2.4,3.9,3.3667
58187,3.8,2.41,3.21,3.14
61943,5.0,3.52,3.21,3.91
30920,5.0,3.06,3.28,3.78
39020,5.0,3.52,3.16,3.8933
50007,5.0,3.55,3.6,4.05
43900,2.97,2.18,4.36,3.17
17749,4.17,3.25,3.96,3.7933
35642,3.84,2.75,3.46,3.35
69326,3.46,3.23,4.03,3.5733
48085,4.64,3.42,3.63,3.8967
22821,3.8,2.36,3.82,3.3267
27058,3.44,2.27,4.0,3.2367
12953,5.0,3.56,3.47,4.01
56896,3.1,2.32,4.12,3.18
390,4.0,3.52,4.0,3.84
10100,3.44,2.36,4.0,3.2667
44438,3.44,2.34,3.33,3.0367
70996,2.85,2.32,4.28,3.15
63214,4.4,3.6,2.83,3.61
45685,5.0,3.41,3.09,3.8333
55476,3.66,2.03,3.01,2.9
57594,3.27,2.2,3.37,2.9467
72014,5.0,3.6,2.77,3.79
59065,3.24,2.44,4.35,3.3433
58748,5.0,3.41,3.51,3.9733
54386,4.44,3.18,3.93,3.85
2325,2.97,2.2,3.78,2.9833
34331,2.91,2.1,4.46,3.1567
38667,4.74,3.18,4.18,4.0333
1469,5.0,3.25,2.89,3.7133
7592,5.0,3.39,3.63,4.0067
53963,4.14,3.0,3.2,3.4467
70690,5.0,3.23,3.2,3.81
32144,4.7,3.33,3.27,3.7667
51142,5.0,3.55,3.68,4.0767
30934,4.4,3.6,2.71,3.57
9460,4.64,3.48,3.5,3.8733
65961,5.0,3.35,3.62,3.99
1835,5.0,3.27,3.15,3.8067
57615,3.44,2.22,3.86,3.1733
69360,5.0,3.31,3.11,3.8067
30056,5.0,3.54,3.4,3.98
43617,4.4,3.6,3.4,3.8
30636,2.94,2.05,4.25,3.08
54158,2.94,2.49,4.26,3.23
3716,3.65,2.61,3.79,3.35
31860,4.1,2.7,3.55,3.45
36762,5.0,3.5,2.96,3.82
56171,2.88,2.27,4.02,3.0567
2977,5.0,3.45,3.09,3.8467
46698,5.0,3.53,3.73,4.0867
18512,4.7,3.3,3.49,3.83
22927,5.0,3.46,3.17,3.8767
37944,5.0,3.6,2.76,3.7867
54037,2.8,2.02,5.0,3.2733
7202,3.54,2.37,3.93,3.28
35261,5.0,3.49,3.0,3.83
5480,4.7,3.36,4.0,4.02
59463,3.56,2.4,3.39,3.1167
69525,3.66,2.16,3.53,3.1167
21755,2.89,1.93,4.1,2.9733
5062,5.0,3.36,3.58,3.98
47630,4.7,3.09,3.18,3.6567
30096,4.41,3.18,3.56,3.7167
37016,3.06,2.19,3.89,3.0467
4628,3.8,2.17,3.5,3.1567
65033,5.0,3.47,3.4,3.9567
10023,3.15,2.15,4.15,3.15
30280,4.4,3.54,3.12,3.6867
29233,5.0,3.29,3.21,3.8333
24099,3.54,2.12,4.58,3.4133
38583,5.0,3.07,3.08,3.7167
61898,5.0,3.27,3.97,4.08
48318,4.06,2.73,4.37,3.72
50034,2.92,2.37,4.24,3.1767
5328,5.0,3.57,3.94,4.17
31557,5.0,3.52,3.33,3.95
40852,4.55,3.36,3.59,3.8333
39373,4.61,3.31,3.26,3.7267
39396,5.0,3.41,3.13,3.8467
54698,3.21,2.19,4.08,3.16
24327,3.1,2.25,4.31,3.22
43886,4.7,3.18,3.14,3.6733
41391,4.86,3.6,4.06,4.1733
62390,3.27,2.25,3.59,3.0367
69429,3.5,2.88,2.85,3.0767
8267,3.35,2.28,3.82,3.15
62534,2.75,2.03,3.83,2.87
58682,2.95,2.16,4.58,3.23
21465,4.74,3.54,3.17,3.8167
53604,4.47,3.3,3.48,3.75
15662,3.44,2.19,3.4,3.01
29024,3.35,2.34,3.76,3.15
44167,2.81,2.21,3.45,2.8233
53937,2.97,1.9,3.95,2.94
51794,5.0,3.21,3.0,3.7367
50876,5.0,3.44,3.36,3.9333
32470,3.1,2.15,3.89,3.0467
16267,4.64,3.36,3.37,3.79
6403,3.07,2.58,3.68,3.11
7782,4.7,3.21,3.36,3.7567
59659,5.0,3.56,3.26,3.94
2576,3.21,2.27,4.14,3.2067
54527,4.4,3.02,3.62,3.68
30715,3.27,1.99,4.21,3.1567
25058,4.4,3.33,3.08,3.6033
63218,4.7,3.36,3.33,3.7967
23377,4.7,3.18,3.08,3.6533
19900,5.0,3.53,3.06,3.8633
11613,2.92,2.4,3.24,2.8533
13071,4.1,3.36,2.9,3.4533
26388,4.4,2.96,3.09,3.4833
41509,3.02,2.36,4.42,3.2667
5036,5.0,3.29,3.05,3.78
66075,5.0,3.47,3.13,3.8667
60777,2.87,2.34,4.06,3.09
14878,4.7,3.2,3.29,3.73
40242,4.64,3.43,3.43,3.8333
37552,5.0,3.27,3.24,3.8367
68450,5.0,3.6,3.45,4.0167
51579,5.0,3.5,2.96,3.82
48030,4.86,3.25,3.58,3.8967
23088,5.0,3.56,3.34,3.9667
57526,5.0,3.11,3.58,3.8967
56120,4.19,3.58,3.83,3.8667
35566,5.0,3.46,3.17,3.8767
42818,3.15,2.01,3.99,3.05
36599,3.51,2.36,3.79,3.22
26335,2.88,2.38,4.68,3.3133
19916,5.0,3.16,3.27,3.81
53393,5.0,3.25,2.89,3.7133
55522,4.7,3.27,3.23,3.7333
10350,3.02,2.23,4.84,3.3633
68897,5.0,3.44,3.15,3.8633
59649,4.64,3.49,3.39,3.84
66746,5.0,3.54,3.19,3.91
60877,4.64,3.47,4.15,4.0867
68409,5.0,3.55,3.04,3.8633
17164,3.44,2.02,3.92,3.1267
61440,5.0,3.6,3.07,3.89
38250,4.74,3.14,4.04,3.9733
24696,5.0,3.35,3.25,3.8667
21883,5.0,3.48,3.15,3.8767
63066,5.0,3.33,3.18,3.8367
8148,4.4,3.03,3.17,3.5333
56093,3.27,2.36,3.25,2.96
44318,4.1,2.64,3.58,3.44
40816,3.8,2.4,3.16,3.12
13334,3.06,2.35,3.59,3.0
46885,5.0,3.53,3.06,3.8633
26662,5.0,3.6,3.58,4.06
70480,5.0,3.42,3.47,3.9633
65980,4.15,3.51,4.32,3.9933
18129,3.15,2.26,3.68,3.03
40303,3.02,2.26,4.2,3.16
18906,5.0,3.34,3.08,3.8067
62894,5.0,2.81,2.93,3.58
4083,4.4,3.6,3.05,3.6833
5420,4.1,2.83,3.89,3.6067
45198,4.4,3.6,2.78,3.5933
46979,5.0,3.49,3.44,3.9767
49299,3.5,2.88,2.85,3.0767
31175,3.15,2.34,3.8,3.0967
7662,2.97,2.36,4.14,3.1567
59914,2.87,2.28,4.25,3.1333
68823,4.74,3.57,3.98,4.0967
3942,4.7,3.18,3.74,3.8733
50441,2.91,1.84,3.59,2.78
63801,4.4,3.12,3.48,3.6667
57585,5.0,3.55,3.27,3.94
68859,4.86,3.51,3.5,3.9567
43465,5.0,3.52,3.21,3.91
38359,5.0,3.46,3.17,3.8767
64839,5.0,3.37,3.1,3.8233
69771,5.0,3.52,4.45,4.3233
46276,5.0,3.41,3.02,3.81
39628,5.0,3.49,3.05,3.8467
69190,2.85,2.21,4.17,3.0767
20737,3.54,2.21,4.01,3.2533
59181,4.86,3.47,3.56,3.9633
66815,4.74,3.57,3.41,3.9067
41482,3.5,2.74,2.92,3.0533
39902,4.1,2.47,3.42,3.33
27359,5.0,3.6,2.94,3.8467
5970,3.51,2.84,3.38,3.2433
26546,5.0,3.48,2.99,3.8233
65445,4.86,3.55,3.62,4.01
52103,5.0,3.47,2.88,3.7833
286,5.0,3.33,3.18,3.8367
60596,5.0,3.56,3.1,3.8867
61386,5.0,3.6,3.06,3.8867
44524,3.35,2.14,3.39,2.96
42153,5.0,3.46,4.18,4.2133
51393,5.0,3.22,3.04,3.7533
26041,2.81,2.39,4.79,3.33
28411,5.0,3.6,2.72,3.7733
39235,4.4,3.1,3.61,3.7033
15183,5.0,3.56,3.94,4.1667
57200,4.64,3.54,3.92,4.0333
29151,4.4,3.6,2.96,3.6533
2573,3.7,3.07,4.19,3.6533
28216,5.0,3.51,3.17,3.8933
3251,4.7,3.2,3.58,3.8267
31355,5.0,3.51,3.19,3.9
68921,2.73,2.33,4.55,3.2033
45797,4.47,3.38,3.4,3.75
15389,4.55,3.57,3.48,3.8667
19246,3.35,2.13,3.64,3.04
20141,5.0,3.55,3.32,3.9567
25511,3.15,2.34,4.31,3.2667
35508,3.35,2.35,3.3,3.0
55963,4.55,3.34,3.35,3.7467
20312,2.99,2.21,3.95,3.05
56741,3.44,2.11,3.41,2.9867
24342,5.0,2.96,3.09,3.6833
14299,5.0,3.25,3.12,3.79
37578,5.0,3.47,3.29,3.92
3711,5.0,2.96,2.88,3.6133
32200,5.0,3.6,3.29,3.9633
45949,3.57,2.72,3.95,3.4133
40915,4.74,3.42,3.68,3.9467
37635,3.44,1.81,3.56,2.9367
14144,5.0,3.03,3.25,3.76
23894,4.7,3.36,3.01,3.69
64985,2.92,2.11,3.96,2.9967
37926,5.0,3.6,3.04,3.88
35951,5.0,3.33,3.33,3.8867
69650,4.7,3.27,3.13,3.7
60862,5.0,3.4,2.84,3.7467
48589,5.0,3.38,3.17,3.85
7423,5.0,3.42,2.93,3.7833
56069,4.04,2.97,4.1,3.7033
1129,5.0,3.26,3.38,3.88
66520,4.74,3.36,3.37,3.8233
68094,5.0,3.32,3.99,4.1033
60583,3.5,2.88,2.85,3.0767
48031,5.0,3.27,3.43,3.9
35335,4.7,3.36,4.11,4.0567
41642,3.74,2.73,4.12,3.53
10371,3.27,2.37,3.33,2.99
72210,5.0,3.55,3.14,3.8967
33536,5.0,3.48,3.05,3.8433
29956,4.37,3.51,4.23,4.0367
59805,4.35,3.18,3.8,3.7767
35983,3.8,1.72,3.21,2.91
66315,3.7,3.09,3.56,3.45
68836,5.0,3.33,3.23,3.8533
7868,2.86,2.18,4.35,3.13
65169,3.44,2.33,3.8,3.19
37857,4.64,3.44,3.68,3.92
45670,4.86,3.34,3.81,4.0033
59427,4.22,3.51,4.03,3.92
5857,5.0,3.41,2.97,3.7933
46171,3.1,2.27,4.09,3.1533
6278,4.86,3.36,3.58,3.9333
49804,4.1,2.7,3.41,3.4033
69225,5.0,3.28,3.28,3.8533
24799,5.0,3.6,2.89,3.83
42417,5.0,3.1,2.96,3.6867
24731,4.64,3.53,3.57,3.9133
28294,5.0,3.27,3.65,3.9733
38986,5.0,3.55,3.23,3.9267
42225,3.21,2.36,4.46,3.3433
11923,4.1,3.16,2.84,3.3667
35906,3.15,2.34,4.13,3.2067
32526,5.0,3.51,3.03,3.8467
54278,5.0,3.51,3.81,4.1067
5491,4.4,3.6,2.79,3.5967
62667,3.54,2.34,3.62,3.1667
369,4.86,3.31,3.57,3.9133
57903,3.84,2.56,3.69,3.3633
21135,4.4,3.6,2.83,3.61
65489,2.78,2.15,4.64,3.19
41002,3.95,3.24,3.91,3.7
70617,5.0,3.37,3.42,3.93
18533,3.78,3.18,4.23,3.73
51088,5.0,3.4,2.96,3.7867
45391,5.0,3.25,3.14,3.7967
1177,5.0,3.15,3.17,3.7733
69778,5.0,3.5,3.52,4.0067
36237,2.76,2.18,4.69,3.21
49074,3.8,2.21,3.92,3.31
47332,2.86,2.18,4.75,3.2633
53881,5.0,3.54,4.12,4.22
11803,5.0,3.49,3.33,3.94
15596,5.0,3.38,2.95,3.7767
5249,4.44,2.82,3.0,3.42
38503,4.4,3.6,2.66,3.5533
19067,3.06,1.98,3.3,2.78
67162,3.27,2.17,3.95,3.13
40630,5.0,3.39,3.17,3.8533
22283,5.0,3.46,3.02,3.8267
13338,5.0,3.23,3.27,3.8333
27429,5.0,3.17,3.15,3.7733
35257,5.0,3.49,3.49,3.9933
3193,5.0,3.33,3.13,3.82
24196,5.0,3.44,3.09,3.8433
4020,3.21,2.21,3.59,3.0033
3190,4.64,3.4,3.53,3.8567
32608,5.0,3.44,3.21,3.8833
60299,4.4,3.25,2.95,3.5333
68034,5.0,3.53,3.18,3.9033
35260,3.44,2.15,3.36,2.9833
28659,5.0,3.4,3.18,3.86
59714,4.1,3.36,2.84,3.4333
7733,5.0,3.6,3.72,4.1067
64922,5.0,3.56,3.36,3.9733
38011,5.0,3.6,3.29,3.9633
26861,5.0,3.53,3.39,3.9733
65117,2.93,2.24,4.05,3.0733
1547,4.74,3.13,4.33,4.0667
41208,2.91,2.11,4.26,3.0933
11280,2.99,2.24,3.59,2.94
59517,4.12,3.12,3.21,3.4833
45746,5.0,3.48,3.1,3.86
13465,5.0,3.09,3.14,3.7433
7778,4.7,3.19,3.4,3.7633
33414,5.0,3.41,3.38,3.93
25032,3.8,2.06,3.71,3.19
53,5.0,3.58,3.55,4.0433
14578,5.0,3.38,3.5,3.96
61619,2.99,2.4,3.88,3.09
8107,5.0,3.6,2.8,3.8
53098,3.5,2.88,2.85,3.0767
12698,4.4,3.18,2.8,3.46
59850,3.44,2.09,3.88,3.1367
12048,5.0,3.57,3.41,3.9933
7637,4.1,2.66,3.39,3.3833
26548,2.81,2.2,3.91,2.9733
23390,2.99,2.36,4.17,3.1733
65396,3.02,2.36,4.15,3.1767
11343,4.41,3.09,3.8,3.7667
51030,5.0,3.2,3.18,3.7933
20281,3.84,2.49,3.12,3.15
2600,3.44,2.0,3.77,3.07
18445,4.4,3.6,2.91,3.6367
41415,5.0,3.47,3.29,3.92
54311,5.0,3.1,3.88,3.9933
17670,5.0,3.55,3.27,3.94
47308,5.0,3.58,3.63,4.07
7526,4.74,3.52,3.7,3.9867
24636,2.83,2.22,4.31,3.12
40855,4.64,3.3,3.39,3.7767
56310,5.0,3.31,3.51,3.94
27149,5.0,3.21,3.26,3.8233
60666,5.0,3.6,2.94,3.8467
34624,5.0,3.37,3.16,3.8433
21318,5.0,3.16,3.16,3.7733
49988,5.0,3.55,3.63,4.06
50070,2.87,2.38,4.62,3.29
8501,4.7,3.11,3.25,3.6867
59451,4.4,3.6,2.9,3.6333
57527,3.21,2.34,3.41,2.9867
1768,4.4,3.37,3.1,3.6233
61398,4.04,3.56,3.29,3.63
6409,4.4,3.6,2.79,3.5967
21046,3.15,2.08,4.3,3.1767
8560,3.8,2.19,3.39,3.1267
30753,5.0,3.53,3.38,3.97
9347,4.7,2.87,3.15,3.5733
48233,3.8,2.1,3.56,3.1533
11691,4.55,3.11,3.28,3.6467
71218,2.94,2.21,4.03,3.06
30807,4.7,3.17,3.31,3.7267
48038,5.0,3.6,3.46,4.02
54801,4.44,3.23,3.69,3.7867
69844,2.75,2.32,3.9,2.99
8164,2.95,2.33,3.85,3.0433
35015,4.44,3.03,4.0,3.8233
36416,4.41,3.3,3.69,3.8
72130,5.0,3.27,3.15,3.8067
57317,4.47,3.46,3.26,3.73
23328,5.0,3.54,3.81,4.1167
15093,5.0,3.44,3.05,3.83
49086,5.0,3.41,3.14,3.85
55711,5.0,3.22,2.93,3.7167
9126,5.0,3.44,2.99,3.81
51424,5.0,3.11,3.2,3.77
26265,4.74,3.44,3.89,4.0233
16835,4.4,3.6,2.9,3.6333
56170,5.0,3.25,3.28,3.8433
6103,4.55,3.54,3.91,4.0
30132,5.0,3.02,2.83,3.6167
66121,4.7,3.26,3.52,3.8267
55273,3.27,2.28,4.07,3.2067
49609,4.7,3.27,4.14,4.0367
63152,4.74,3.26,4.89,4.2967
18109,4.4,2.95,3.38,3.5767
62546,3.7,3.34,3.72,3.5867
47430,2.92,2.3,4.11,3.11
61701,2.97,2.1,4.32,3.13
12746,3.02,2.36,3.86,3.08
33244,5.0,3.37,3.0,3.79
45297,4.4,3.6,2.83,3.61
38462,5.0,3.25,3.28,3.8433
53773,5.0,3.6,2.96,3.8533
3473,4.64,3.56,3.41,3.87
14599,3.06,2.36,3.12,2.8467
43547,4.4,3.03,3.57,3.6667
52844,4.86,3.44,3.59,3.9633
32856,2.85,2.16,4.29,3.1
10841,5.0,3.33,3.24,3.8567
66063,4.35,3.07,3.81,3.7433
37920,4.4,3.6,2.79,3.5967
64298,4.25,3.26,4.09,3.8667
42549,5.0,3.55,3.39,3.98
17095,5.0,3.32,3.33,3.8833
38810,4.4,2.99,3.7,3.6967
8325,4.55,3.47,4.95,4.3233
34208,5.0,3.51,3.55,4.02
51977,5.0,3.23,3.27,3.8333
68832,4.64,3.53,3.56,3.91
6472,4.56,3.24,3.68,3.8267
40502,4.4,3.6,2.96,3.6533
56795,5.0,3.54,3.35,3.9633
20324,5.0,3.49,3.29,3.9267
38965,5.0,3.37,3.44,3.9367
219,5.0,3.6,3.03,3.8767
5852,5.0,3.47,3.3,3.9233
44553,4.4,3.6,2.79,3.5967
8607,3.15,2.21,4.21,3.19
53019,4.4,3.6,2.79,3.5967
28115,4.74,3.34,3.45,3.8433
50643,5.0,3.13,3.26,3.7967
63333,4.41,3.4,4.32,4.0433
70621,2.99,1.73,3.85,2.8567
45668,4.4,3.22,3.13,3.5833
61197,4.61,3.39,4.0,4.0
42068,3.54,2.14,3.19,2.9567
40845,4.41,3.11,3.66,3.7267
3897,2.93,2.21,3.61,2.9167
64522,4.7,3.25,3.65,3.8667
5835,5.0,3.16,3.08,3.7467
49108,3.15,2.17,3.9,3.0733
27981,4.4,3.0,4.26,3.8867
31560,2.97,2.24,4.17,3.1267
66208,5.0,3.34,3.03,3.79
26426,5.0,3.52,3.37,3.9633
64848,3.8,2.4,3.15,3.1167
71601,3.24,2.2,4.1,3.18
15799,5.0,3.35,3.41,3.92
28706,4.47,3.48,3.54,3.83
68158,4.7,3.04,3.53,3.7567
39946,3.06,2.31,4.07,3.1467
26328,3.5,2.88,2.85,3.0767
5961,3.84,2.61,3.39,3.28
40835,5.0,3.55,3.39,3.98
47679,5.0,3.37,2.94,3.77
50302,4.7,3.29,3.23,3.74
54236,3.66,2.24,3.0,2.9667
3525,5.0,3.08,3.08,3.72
32543,3.15,2.36,4.08,3.1967
11903,5.0,3.38,3.44,3.94
42813,3.74,2.65,4.02,3.47
66162,3.54,2.21,3.63,3.1267
31783,4.4,2.51,3.43,3.4467
22290,5.0,3.46,3.23,3.8967
42368,3.48,2.93,3.41,3.2733
24222,5.0,3.56,3.3,3.9533
3372,3.66,2.38,3.74,3.26
62647,4.74,3.54,3.63,3.97
27284,3.27,2.35,3.58,3.0667
32803,2.95,2.21,4.21,3.1233
28765,5.0,3.28,3.0,3.76
68074,4.86,3.13,4.33,4.1067
49340,4.47,3.6,3.49,3.8533
56423,3.84,2.65,3.97,3.4867
68061,3.27,2.52,4.03,3.2733
28526,5.0,3.44,3.55,3.9967
46784,5.0,3.6,2.96,3.8533
10679,4.4,3.4,3.13,3.6433
4424,4.4,3.44,2.96,3.6
7544,5.0,3.6,3.43,4.01
22881,5.0,3.34,3.29,3.8767
1571,5.0,3.56,3.61,4.0567
2617,4.4,3.6,2.79,3.5967
57634,5.0,3.6,3.16,3.92
37038,4.64,3.29,3.63,3.8533
42438,4.41,3.28,4.31,4.0
46745,3.5,2.88,2.85,3.0767
60109,5.0,3.6,3.39,3.9967
26106,5.0,3.44,3.15,3.8633
55710,5.0,3.57,3.69,4.0867
41582,4.26,2.84,3.38,3.4933
52745,4.4,3.35,2.88,3.5433
57095,5.0,3.54,4.13,4.2233
42590,4.01,3.39,4.93,4.11
39765,5.0,3.35,2.93,3.76
62337,3.65,2.48,3.92,3.35
11133,3.21,2.31,3.8,3.1067
16246,3.14,2.72,3.47,3.11
29684,3.15,2.04,3.84,3.01
2487,5.0,3.2,2.91,3.7033
36911,4.4,3.6,3.07,3.69
55806,5.0,3.37,3.1,3.8233
26293,4.7,3.36,3.24,3.7667
30432,3.66,2.37,3.56,3.1967
53944,2.91,2.08,4.65,3.2133
48425,5.0,3.5,3.46,3.9867
34633,4.64,3.51,3.11,3.7533
41396,5.0,3.35,3.19,3.8467
46634,3.27,2.42,3.68,3.1233
4516,5.0,3.43,3.59,4.0067
33016,5.0,3.33,3.34,3.89
3828,3.21,2.31,3.84,3.12
59326,3.8,2.3,3.59,3.23
46445,5.0,3.29,3.1,3.7967
32195,5.0,3.49,3.28,3.9233
3354,2.85,2.15,4.41,3.1367
5653,5.0,3.27,3.15,3.8067
40138,5.0,3.52,3.38,3.9667
28165,4.35,3.28,3.51,3.7133
30457,4.4,3.01,3.17,3.5267
26806,5.0,3.55,3.31,3.9533
2543,5.0,3.27,3.41,3.8933
18084,5.0,3.27,3.18,3.8167
57711,4.86,3.4,3.33,3.8633
22972,4.55,3.32,3.17,3.68
31059,5.0,3.52,3.15,3.89
18007,3.8,2.38,4.58,3.5867
59130,4.86,3.43,4.12,4.1367
45528,2.86,2.05,3.58,2.83
7713,4.7,3.2,3.5,3.8
60358,5.0,3.57,3.37,3.98
55681,3.5,2.88,2.85,3.0767
22516,3.66,2.14,3.34,3.0467
22909,5.0,3.58,3.5,4.0267
24535,2.76,2.21,4.62,3.1967
58850,3.06,2.25,4.18,3.1633
42124,5.0,3.4,3.29,3.8967
2854,4.4,3.6,2.79,3.5967
57929,5.0,3.6,2.97,3.8567
48932,3.06,2.07,4.21,3.1133
60232,4.37,3.57,3.82,3.92
44742,4.4,3.2,2.84,3.48
49380,4.4,3.6,2.79,3.5967
28977,4.83,3.43,3.81,4.0233
16725,4.3,3.39,3.33,3.6733
64968,4.86,3.49,3.81,4.0533
23068,4.3,3.08,4.12,3.8333
29803,5.0,3.52,3.21,3.91
25230,5.0,3.23,3.07,3.7667
3413,5.0,3.6,3.1,3.9
22119,4.1,3.36,2.9,3.4533
3018,5.0,3.6,2.84,3.8133
10934,4.26,3.55,4.32,4.0433
56838,5.0,3.5,3.4,3.9667
9895,5.0,3.31,3.11,3.8067
18466,5.0,3.34,3.61,3.9833
28394,5.0,3.6,3.49,4.03
1303,5.0,3.54,3.33,3.9567
1364,5.0,3.23,3.05,3.76
46627,3.35,2.14,4.14,3.21
29556,4.7,3.22,3.33,3.75
56185,2.97,1.89,3.85,2.9033
7297,5.0,3.45,3.57,4.0067
18448,5.0,3.25,2.85,3.7
5212,4.4,3.55,3.22,3.7233
67266,4.06,3.6,3.81,3.8233
59762,4.7,3.24,3.21,3.7167
42594,3.95,2.85,4.05,3.6167
16876,5.0,3.41,3.42,3.9433
6753,3.8,1.85,3.56,3.07
10817,4.7,3.14,3.22,3.6867
47932,3.44,2.15,3.36,2.9833
29059,4.64,3.35,3.98,3.99
41151,4.4,2.95,4.46,3.9367
41745,3.54,2.24,3.84,3.2067
39274,5.0,3.36,3.58,3.98
32825,3.27,2.13,3.59,2.9967
22468,3.35,1.97,3.2,2.84
8608,5.0,3.45,3.22,3.89
13418,3.27,2.14,3.45,2.9533
26876,4.53,3.04,3.6,3.7233
72068,5.0,3.38,3.16,3.8467
66846,5.0,3.15,3.14,3.7633
41687,2.98,2.3,4.07,3.1167
17649,5.0,3.08,3.32,3.8
64276,5.0,3.1,4.34,4.1467
14370,5.0,3.25,2.85,3.7
36660,4.64,3.21,3.26,3.7033
42654,4.56,3.23,3.82,3.87
14961,3.15,2.18,3.13,2.82
48110,5.0,3.49,2.95,3.8133
5156,4.7,3.28,3.69,3.89
55452,5.0,3.42,4.23,4.2167
13583,5.0,3.38,3.11,3.83
20241,4.1,2.86,3.65,3.5367
20018,3.8,2.19,3.39,3.1267
63532,5.0,3.44,3.05,3.83
47241,4.4,2.61,3.54,3.5167
7606,4.11,3.24,4.21,3.8533
30279,4.4,3.6,2.83,3.61
15685,3.02,1.97,4.1,3.03
26602,5.0,3.41,3.79,4.0667
17920,3.85,3.16,4.09,3.7
46925,5.0,3.48,2.94,3.8067
6050,5.0,3.39,3.23,3.8733
37659,3.5,2.88,2.85,3.0767
50013,5.0,3.37,3.71,4.0267
49339,5.0,3.46,2.87,3.7767
62202,4.4,3.6,2.83,3.61
50819,4.64,3.35,3.52,3.8367
25121,5.0,3.52,4.22,4.2467
61266,4.7,3.11,3.04,3.6167
4461,3.27,2.08,3.4,2.9167
9067,2.97,2.24,4.79,3.3333
39929,5.0,3.4,3.13,3.8433
69872,3.35,2.32,4.02,3.23
39429,3.64,3.08,4.19,3.6367
29876,5.0,3.13,3.64,3.9233
6673,3.8,2.09,3.18,3.0233
48867,4.14,3.52,3.15,3.6033
38516,5.0,3.6,3.14,3.9133
30382,2.89,2.35,4.47,3.2367
47599,3.95,3.6,3.33,3.6267
51012,4.4,3.6,2.77,3.59
14019,3.66,2.31,3.38,3.1167
5025,4.55,3.23,3.86,3.88
8283,3.8,1.72,3.21,2.91
58945,3.06,2.33,4.27,3.22
16634,5.0,3.42,3.03,3.8167
7516,5.0,3.32,3.42,3.9133
60394,3.21,2.6,4.27,3.36
23950,5.0,3.49,3.05,3.8467
51315,2.94,2.1,4.42,3.1533
24150,5.0,3.44,3.26,3.9
27733,5.0,3.35,3.36,3.9033
53700,5.0,3.51,3.08,3.8633
15425,5.0,3.55,3.27,3.94
20602,4.4,3.1,3.65,3.7167
2608,3.95,2.88,3.73,3.52
21742,4.4,3.12,3.21,3.5767
46544,4.7,3.26,3.35,3.77
15025,2.28,2.37,4.74,3.13
20571,5.0,3.46,3.33,3.93
10160,5.0,3.57,3.24,3.9367
3717,4.4,3.6,2.79,3.5967
870,4.35,3.22,3.5,3.69
55633,5.0,3.41,3.52,3.9767
49194,5.0,3.25,3.14,3.7967
41184,3.66,2.72,4.11,3.4967
29499,3.1,2.31,4.16,3.19
12157,5.0,3.55,3.75,4.1
25526,4.4,3.6,2.84,3.6133
29304,5.0,3.13,3.26,3.7967
56774,5.0,3.12,3.34,3.82
28960,2.95,2.26,4.32,3.1767
56537,5.0,3.58,4.03,4.2033
66698,4.26,2.83,3.82,3.6367
40157,3.8,1.72,3.21,2.91
14775,4.1,2.66,4.79,3.85
55508,4.47,3.42,3.39,3.76
25662,3.1,2.28,4.36,3.2467
70888,3.5,2.88,2.85,3.0767
27728,5.0,3.39,3.35,3.9133
62028,4.7,3.32,3.7,3.9067
62235,4.86,3.2,3.42,3.8267
51279,3.66,2.31,3.54,3.17
48944,4.25,3.28,3.61,3.7133
53753,5.0,3.27,3.09,3.7867
63053,3.66,2.36,3.41,3.1433
71519,4.74,3.09,3.09,3.64
23299,5.0,3.41,3.19,3.8667
3825,3.44,2.37,4.28,3.3633
17694,4.4,3.6,2.91,3.6367
46075,5.0,3.56,3.55,4.0367
25069,4.19,3.51,3.62,3.7733
5285,3.8,2.35,3.8,3.3167
20005,5.0,3.31,3.22,3.8433
69867,4.74,3.33,3.68,3.9167
27792,5.0,3.28,2.95,3.7433
64593,5.0,3.28,3.09,3.79
19531,5.0,3.52,4.35,4.29
9899,5.0,3.35,3.93,4.0933
13978,3.41,2.33,3.24,2.9933
21189,4.34,2.92,3.45,3.57
62319,5.0,3.46,3.23,3.8967
30526,3.66,2.18,3.06,2.9667
9538,3.32,2.18,3.96,3.1533
59512,3.87,3.01,3.47,3.45
64430,5.0,3.37,3.6,3.99
47637,5.0,3.51,3.28,3.93
70720,5.0,3.45,3.11,3.8533
29334,3.15,2.36,4.03,3.18
39193,3.06,2.2,3.77,3.01
18330,2.83,2.32,4.23,3.1267
41108,5.0,3.47,3.09,3.8533
55590,3.1,1.91,3.55,2.8533
30293,4.74,3.55,4.41,4.2333
56326,3.44,2.44,4.0,3.2933
36769,5.0,3.51,3.13,3.88
72207,5.0,3.55,3.23,3.9267
28250,5.0,3.56,3.44,4.0
43189,5.0,3.53,3.44,3.99
45786,3.44,2.17,3.91,3.1733
42781,4.41,3.42,3.26,3.6967
39107,3.35,2.46,4.23,3.3467
15380,4.4,2.77,3.3,3.49
49455,4.74,3.47,3.39,3.8667
12674,4.64,3.29,3.58,3.8367
68674,3.1,2.11,4.38,3.1967
38719,3.02,2.27,3.75,3.0133
58564,2.97,2.3,3.63,2.9667
31561,2.92,2.19,4.37,3.16
49831,5.0,3.24,3.6,3.9467
26739,5.0,3.13,3.26,3.7967
11702,5.0,3.32,3.17,3.83
16131,4.4,3.6,2.79,3.5967
25325,2.74,2.25,4.29,3.0933
8392,5.0,3.38,3.28,3.8867
54618,4.1,3.36,2.9,3.4533
65184,3.96,2.8,3.09,3.2833
66750,3.11,2.32,3.52,2.9833
48001,5.0,3.27,3.2,3.8233
48780,4.44,3.2,3.53,3.7233
7707,4.7,3.12,3.47,3.7633
11365,3.02,2.12,4.23,3.1233
60530,2.68,2.31,5.0,3.33
54496,4.4,3.6,2.83,3.61
64227,3.35,2.34,3.86,3.1833
28073,5.0,3.5,3.4,3.9667
48064,5.0,3.41,3.09,3.8333
12696,5.0,3.5,3.52,4.0067
60416,3.65,2.59,3.77,3.3367
5998,5.0,3.32,3.49,3.9367
2183,4.41,3.05,3.48,3.6467
41219,3.06,2.34,4.23,3.21
4438,4.47,3.2,3.69,3.7867
53082,3.27,2.2,3.93,3.1333
394,3.66,2.26,3.96,3.2933
70396,5.0,3.6,2.94,3.8467
28653,4.86,3.5,3.73,4.03
2227,3.66,2.37,4.27,3.4333
48673,4.41,3.43,3.71,3.85
3899,2.99,2.21,3.72,2.9733
51929,3.77,3.04,3.83,3.5467
63757,4.74,3.25,3.05,3.68
42652,5.0,3.0,3.13,3.71
16125,2.97,2.25,4.37,3.1967
4119,4.02,3.31,3.5,3.61
33290,4.56,3.01,3.79,3.7867
37154,4.4,3.6,3.25,3.75
32348,4.41,3.1,3.15,3.5533
31445,5.0,3.37,3.1,3.8233
54353,5.0,3.52,3.05,3.8567
17026,3.24,2.37,4.46,3.3567
66580,5.0,3.52,3.94,4.1533
20850,5.0,3.34,3.64,3.9933
32120,5.0,3.52,2.99,3.8367
37378,5.0,2.98,3.31,3.7633
55947,3.41,2.18,3.95,3.18
42886,5.0,3.5,3.06,3.8533
29310,4.7,3.28,3.8,3.9267
53838,4.7,3.35,4.35,4.1333
7369,5.0,3.38,3.28,3.8867
36646,4.4,3.44,3.28,3.7067
63703,5.0,3.55,3.07,3.8733
60251,5.0,3.54,3.28,3.94
46425,4.55,3.0,3.75,3.7667
12434,4.4,3.6,2.77,3.59
40207,4.7,3.33,3.98,4.0033
15908,5.0,3.32,2.97,3.7633
3099,2.84,2.35,3.77,2.9867
26871,5.0,3.47,3.51,3.9933
31632,5.0,3.6,3.12,3.9067
17768,4.4,3.32,3.47,3.73
61033,4.1,3.36,2.9,3.4533
36883,5.0,2.94,2.99,3.6433
67045,2.86,2.32,4.95,3.3767
44115,4.47,3.38,3.51,3.7867
64473,2.89,2.33,4.38,3.2
10069,2.9,2.4,3.54,2.9467
53504,5.0,3.48,2.94,3.8067
67320,4.4,3.6,2.83,3.61
45948,3.74,2.72,3.87,3.4433
40648,3.27,2.24,4.16,3.2233
3748,5.0,3.4,3.03,3.81
13620,4.4,3.6,2.9,3.6333
22665,5.0,3.46,3.17,3.8767
44348,5.0,3.53,3.17,3.9
34184,5.0,3.44,4.16,4.2
51110,5.0,3.48,2.89,3.79
60003,2.94,1.91,4.14,2.9967
43069,4.4,3.6,2.79,3.5967
51308,4.4,3.6,3.05,3.6833
39389,3.66,2.58,3.51,3.25
6022,4.74,3.6,3.65,3.9967
13433,5.0,3.13,3.05,3.7267
2367,3.54,2.17,3.27,2.9933
27886,5.0,3.22,3.35,3.8567
46357,5.0,3.08,3.16,3.7467
18757,4.14,2.87,3.62,3.5433
71131,5.0,3.53,3.43,3.9867
2930,4.64,3.57,4.27,4.16
39131,4.7,3.29,3.36,3.7833
68105,5.0,3.19,4.16,4.1167
56238,5.0,3.58,3.45,4.01
42160,5.0,3.37,3.16,3.8433
18132,4.4,3.6,2.79,3.5967
11913,5.0,3.25,2.94,3.73
51596,5.0,3.42,3.36,3.9267
50203,5.0,3.25,3.28,3.8433
62739,3.47,2.5,3.43,3.1333
26044,2.8,2.39,4.79,3.3267
56966,4.47,3.6,3.54,3.87
20691,4.86,3.24,3.93,4.01
30736,3.66,2.04,3.5,3.0667
46472,5.0,3.5,3.12,3.8733
10906,5.0,3.44,3.15,3.8633
4656,4.01,3.49,4.44,3.98
37133,3.75,2.7,3.55,3.3333
16255,3.5,2.81,3.13,3.1467
9682,2.81,2.37,3.94,3.04
65541,5.0,3.51,3.08,3.8633
70147,5.0,3.31,3.42,3.91
17611,3.21,2.08,3.86,3.05
40616,5.0,3.45,3.36,3.9367
7483,5.0,3.49,3.11,3.8667
1786,3.15,2.14,3.91,3.0667
52854,4.35,3.0,4.07,3.8067
64937,5.0,3.37,3.1,3.8233
20387,4.4,3.38,3.22,3.6667
43061,5.0,3.48,2.99,3.8233
71453,5.0,3.15,3.14,3.7633
57421,4.07,3.14,4.19,3.8
2954,5.0,3.55,3.43,3.9933
4374,4.55,3.08,3.58,3.7367
56682,3.15,1.88,3.5,2.8433
28322,5.0,3.02,2.99,3.67
37615,3.75,3.01,3.66,3.4733
65104,3.57,2.67,4.16,3.4667
41984,2.94,2.27,4.78,3.33
41328,5.0,3.31,3.11,3.8067
26320,5.0,3.6,2.71,3.77
40322,5.0,3.45,3.32,3.9233
4650,2.71,2.36,4.89,3.32
197,4.7,3.15,3.45,3.7667
35542,5.0,3.53,3.01,3.8467
22853,2.75,1.92,3.18,2.6167
70764,3.8,2.21,3.73,3.2467
49540,3.8,2.59,3.59,3.3267
43702,5.0,3.09,2.88,3.6567
59349,5.0,3.51,3.27,3.9267
68014,4.7,3.14,3.33,3.7233
19115,5.0,3.11,3.07,3.7267
66991,4.83,3.47,3.81,4.0367
14680,5.0,3.45,3.41,3.9533
28525,5.0,3.52,3.1,3.8733
61041,5.0,3.11,3.02,3.71
62159,3.15,2.11,4.71,3.3233
66380,5.0,3.3,3.06,3.7867
37582,5.0,3.44,3.2,3.88
32777,3.8,1.98,3.25,3.01
71575,3.8,2.13,3.39,3.1067
62020,5.0,3.31,3.45,3.92
43661,4.86,3.31,3.3,3.8233
27893,3.84,2.8,3.48,3.3733
6417,2.86,2.3,3.7,2.9533
10154,3.21,2.07,3.61,2.9633
28968,2.58,2.28,4.47,3.11
58026,5.0,3.49,3.61,4.0333
29953,4.55,3.55,4.06,4.0533
65286,5.0,3.52,3.1,3.8733
48769,5.0,3.23,3.27,3.8333
48311,5.0,3.25,2.99,3.7467
53670,4.86,3.29,3.1,3.75
42514,4.1,2.72,3.09,3.3033
67067,5.0,3.46,3.17,3.8767
19982,4.44,2.78,3.47,3.5633
39667,3.15,2.04,3.49,2.8933
45697,5.0,3.37,3.21,3.86
42132,5.0,3.37,3.72,4.03
33119,2.99,2.33,4.71,3.3433
32294,5.0,3.44,3.34,3.9267
4654,2.68,2.31,5.0,3.33
60401,5.0,3.41,3.59,4.0
46001,4.74,3.38,4.1,4.0733
35138,4.12,3.51,4.36,3.9967
40238,4.86,3.18,3.44,3.8267
71466,5.0,3.57,3.41,3.9933
31527,2.81,2.35,3.81,2.99
67335,2.9,2.4,3.54,2.9467
22735,3.24,2.78,3.98,3.3333
56190,5.0,3.44,3.16,3.8667
26015,4.55,3.54,4.79,4.2933
47797,3.27,2.24,3.98,3.1633
35504,5.0,3.6,2.95,3.85
25671,4.7,3.3,3.73,3.91
66479,3.15,2.32,3.69,3.0533
61256,5.0,3.6,3.26,3.9533
37309,5.0,3.2,3.01,3.7367
12909,3.4,2.64,4.02,3.3533
31228,4.1,2.74,3.17,3.3367
59251,4.74,3.26,3.89,3.9633
9649,5.0,3.42,3.39,3.9367
56671,3.02,2.3,3.58,2.9667
70184,4.26,3.34,3.86,3.82
63549,4.1,2.82,4.45,3.79
35389,5.0,3.23,3.16,3.7967
3570,5.0,3.18,2.87,3.6833
53926,5.0,3.21,3.05,3.7533
62304,5.0,3.6,3.7,4.1
64184,2.74,2.3,4.61,3.2167
53112,4.4,3.08,3.52,3.6667
20264,4.4,3.03,3.02,3.4833
42877,5.0,3.48,3.5,3.9933
12454,4.74,3.55,3.59,3.96
18446,3.5,2.88,2.85,3.0767
43302,4.74,3.53,3.51,3.9267
48968,3.81,2.9,3.96,3.5567
32268,5.0,2.98,2.86,3.6133
67340,5.0,3.44,3.2,3.88
16709,5.0,3.47,4.16,4.21
67624,5.0,3.13,3.26,3.7967
65772,4.6,3.41,3.38,3.7967
39264,5.0,2.85,2.9,3.5833
16665,4.14,2.8,3.86,3.6
44826,4.74,3.48,4.09,4.1033
69995,5.0,3.6,3.44,4.0133
40331,3.02,2.35,3.91,3.0933
11009,4.4,3.41,2.97,3.5933
57780,3.54,2.32,3.79,3.2167
1967,5.0,3.41,3.58,3.9967
37260,5.0,3.13,3.26,3.7967
67418,4.4,3.51,3.23,3.7133
53284,4.7,3.33,3.72,3.9167
20436,2.6,2.35,4.65,3.2
15010,2.8,2.27,4.63,3.2333
41157,5.0,3.17,3.36,3.8433
61637,5.0,3.41,3.37,3.9267
27756,4.4,2.8,3.47,3.5567
32678,5.0,3.13,2.92,3.6833
51148,5.0,3.34,3.29,3.8767
55890,4.04,2.72,3.88,3.5467
36466,4.74,3.42,3.48,3.88
52981,3.06,2.07,4.07,3.0667
15373,4.7,3.19,3.4,3.7633
66211,5.0,3.46,3.53,3.9967
32006,3.41,2.38,3.86,3.2167
66246,5.0,3.45,3.18,3.8767
54621,5.0,3.2,2.91,3.7033
66679,5.0,3.57,4.49,4.3533
45360,5.0,3.58,4.19,4.2567
35313,4.4,3.25,2.94,3.53
791,5.0,3.44,3.48,3.9733
31125,3.59,2.95,4.06,3.5333
51396,5.0,3.37,3.05,3.8067
57550,5.0,3.44,3.09,3.8433
68541,5.0,3.6,2.97,3.8567
60186,4.55,3.34,3.55,3.8133
42400,5.0,3.51,3.02,3.8433
67509,4.1,3.36,2.8,3.42
45851,4.64,3.57,4.27,4.16
12381,5.0,3.53,3.59,4.04
50735,4.25,3.27,3.17,3.5633
14567,4.3,3.34,3.5,3.7133
25753,3.15,2.35,3.82,3.1067
51686,3.74,2.41,3.39,3.18
55281,5.0,3.25,3.33,3.86
7070,5.0,3.16,3.03,3.73
29261,4.55,3.21,3.66,3.8067
8770,5.0,3.54,3.36,3.9667
59378,3.27,2.34,4.3,3.3033
16070,4.25,3.28,3.4,3.6433
38837,2.97,2.26,4.26,3.1633
16587,2.92,2.29,4.05,3.0867
60242,5.0,3.49,2.95,3.8133
51845,3.46,1.8,3.08,2.78
56593,5.0,3.4,3.51,3.97
67521,5.0,3.44,3.0,3.8133
16721,5.0,3.09,3.61,3.9
39488,5.0,3.51,3.82,4.11
21232,5.0,3.16,3.06,3.74
55967,4.17,3.22,3.48,3.6233
30004,4.41,3.26,3.83,3.8333
69567,4.4,3.6,2.9,3.6333
11919,5.0,3.28,2.95,3.7433
13059,5.0,3.54,3.65,4.0633
31739,5.0,3.17,3.11,3.76
62541,3.02,2.25,4.45,3.24
1375,5.0,3.56,3.9,4.1533
2963,3.8,2.36,3.73,3.2967
33970,4.4,3.6,2.85,3.6167
34988,4.26,3.36,3.48,3.7
3863,3.27,2.2,3.81,3.0933
19759,4.53,3.2,3.39,3.7067
26348,3.66,2.38,3.88,3.3067
452,2.97,2.35,4.38,3.2333
37401,5.0,3.13,3.16,3.7633
8923,3.35,2.22,4.13,3.2333
55078,5.0,3.29,3.66,3.9833
62311,4.7,3.18,3.33,3.7367
22156,5.0,3.4,3.18,3.86
21487,3.21,2.11,4.11,3.1433
21821,4.4,3.6,2.79,3.5967
15291,4.86,3.4,3.7,3.9867
50240,5.0,3.38,3.43,3.9367
67412,4.4,3.44,2.96,3.6
9346,3.54,1.72,3.84,3.0333
50906,2.92,2.18,3.5,2.8667
55190,2.86,2.28,4.32,3.1533
26137,4.7,2.95,3.29,3.6467
43018,5.0,3.49,2.95,3.8133
70141,2.89,2.01,3.66,2.8533
48529,5.0,3.25,3.66,3.97
19602,4.4,3.23,3.02,3.55
25572,5.0,3.3,2.96,3.7533
40598,4.1,3.36,2.9,3.4533
52121,4.4,3.47,3.04,3.6367
26966,3.96,3.14,3.59,3.5633
40492,5.0,3.25,3.28,3.8433
27094,4.41,3.09,4.09,3.8633
54155,5.0,3.37,2.99,3.7867
10624,5.0,3.23,3.16,3.7967
69291,4.4,3.02,3.82,3.7467
63097,4.55,3.55,3.69,3.93
4087,5.0,3.23,3.16,3.7967
69430,4.4,3.6,2.9,3.6333
29277,5.0,3.2,3.13,3.7767
54817,4.74,3.45,3.91,4.0333
46199,4.1,3.36,3.33,3.5967
20658,5.0,3.23,3.27,3.8333
14945,4.7,3.16,3.51,3.79
39370,5.0,3.38,3.11,3.83
7371,4.4,3.6,2.92,3.64
33144,3.54,2.36,4.4,3.4333
48807,5.0,3.56,3.55,4.0367
29989,2.74,2.25,4.08,3.0233
52186,5.0,3.6,2.94,3.8467
38200,5.0,3.29,3.4,3.8967
55692,5.0,3.6,3.12,3.9067
26717,5.0,3.06,3.44,3.8333
40326,5.0,3.21,3.05,3.7533
6579,5.0,3.48,3.15,3.8767
30167,4.7,3.22,3.17,3.6967
23381,5.0,3.25,3.5,3.9167
35610,5.0,3.34,3.14,3.8267
66309,3.15,2.21,4.06,3.14
42043,5.0,3.55,3.39,3.98
17168,3.44,2.31,4.57,3.44
2591,5.0,3.44,3.05,3.83
35397,2.82,2.22,4.07,3.0367
47803,5.0,3.52,2.99,3.8367
34,2.94,2.28,4.17,3.13
47979,2.86,2.38,3.97,3.07
29782,3.8,2.3,3.77,3.29
56299,4.56,3.17,3.71,3.8133
29744,5.0,3.37,3.16,3.8433
11441,4.7,3.09,3.29,3.6933
64803,4.64,3.28,3.73,3.8833
53545,4.4,3.52,3.15,3.69
36348,5.0,3.42,3.2,3.8733
28403,5.0,3.5,3.68,4.06
10548,3.44,2.26,3.66,3.12
8333,3.7,2.79,3.6,3.3633
67056,5.0,3.6,3.05,3.8833
55409,2.84,2.27,4.13,3.08
61434,5.0,3.16,3.32,3.8267
5925,3.8,2.56,3.31,3.2233
13249,5.0,3.55,3.04,3.8633
70004,3.44,2.29,3.34,3.0233
50019,5.0,3.55,3.6,4.05
5928,2.71,2.32,3.76,2.93
42961,4.1,3.36,2.9,3.4533
64980,3.66,2.09,3.57,3.1067
6961,4.64,3.53,4.1,4.09
69532,4.4,3.03,3.68,3.7033
29181,5.0,3.48,2.94,3.8067
61269,5.0,3.47,3.67,4.0467
6271,4.64,3.44,3.18,3.7533
25403,3.1,2.11,3.92,3.0433
50059,3.8,2.17,3.81,3.26
6293,3.44,2.54,4.28,3.42
3357,2.84,2.22,4.32,3.1267
24705,4.74,3.33,3.23,3.7667
52040,5.0,3.49,3.44,3.9767
22824,5.0,3.6,3.51,4.0367
51001,4.7,3.05,3.87,3.8733
26756,5.0,3.48,2.89,3.79
54826,3.5,2.88,2.85,3.0767
59934,4.7,3.16,3.08,3.6467
57689,5.0,3.38,3.05,3.81
60700,4.7,3.16,3.57,3.81
53626,5.0,3.6,2.87,3.8233
55016,3.8,1.98,3.25,3.01
65340,5.0,3.55,3.63,4.06
19148,5.0,3.38,2.95,3.7767
51484,5.0,3.44,3.04,3.8267
1651,5.0,3.25,3.59,3.9467
69566,5.0,3.51,3.08,3.8633
51438,5.0,3.29,3.21,3.8333
52771,5.0,3.47,3.24,3.9033
12648,5.0,3.23,3.27,3.8333
30615,3.75,3.57,3.5,3.6067
62074,5.0,3.04,3.02,3.6867
3931,5.0,3.04,2.87,3.6367
12206,4.86,3.21,3.22,3.7633
48289,3.8,2.47,3.51,3.26
3437,5.0,3.33,3.44,3.9233
5843,4.4,3.47,2.93,3.6
18783,5.0,3.11,3.25,3.7867
16046,5.0,3.23,3.27,3.8333
69940,5.0,3.4,3.87,4.09
29736,3.8,1.89,3.25,2.98
31892,5.0,3.42,3.2,3.8733
59424,5.0,3.53,3.13,3.8867
37616,5.0,3.44,3.42,3.9533
21864,4.55,3.41,3.37,3.7767
23485,5.0,3.55,3.04,3.8633
18829,3.96,2.83,3.41,3.4
61948,5.0,3.52,3.21,3.91
45745,4.47,3.53,3.48,3.8267
6777,5.0,3.31,3.11,3.8067
34430,3.54,2.24,3.98,3.2533
45155,4.4,3.07,3.72,3.73
43272,5.0,3.6,3.55,4.05
70189,4.41,3.5,3.67,3.86
2827,4.74,3.47,3.08,3.7633
64831,3.15,1.95,3.49,2.8633
21104,5.0,3.25,2.93,3.7267
27193,5.0,3.4,3.06,3.82
70223,5.0,3.54,3.12,3.8867
64458,4.8,3.29,3.55,3.88
7302,3.8,2.42,3.38,3.2
41945,4.7,3.27,3.03,3.6667
63213,3.66,3.34,3.51,3.5033
29739,5.0,3.39,3.73,4.04
59364,4.56,3.28,3.57,3.8033
67387,3.27,2.16,3.64,3.0233
327,5.0,3.55,3.28,3.9433
63073,4.4,3.47,2.93,3.6
17717,3.15,2.32,3.8,3.09
41086,4.86,3.39,3.73,3.9933
1504,5.0,3.4,3.06,3.82
19395,5.0,3.46,3.17,3.8767
59846,3.57,2.68,3.87,3.3733
25117,5.0,3.52,4.26,4.26
66729,5.0,3.12,3.31,3.81
54739,5.0,3.5,3.67,4.0567
57906,5.0,3.57,3.58,4.05
54624,5.0,3.13,3.26,3.7967
36461,4.4,3.6,2.77,3.59
65817,3.27,2.25,3.98,3.1667
63094,3.44,2.15,3.36,2.9833
4688,4.7,3.28,3.82,3.9333
34426,5.0,3.44,3.0,3.8133
16064,4.44,2.89,3.41,3.58
6220,4.64,3.38,3.34,3.7867
36270,5.0,3.04,2.97,3.67
10920,4.34,2.91,3.81,3.6867
27722,4.55,3.33,3.13,3.67
4557,2.97,2.21,4.32,3.1667
18267,5.0,3.44,3.76,4.0667
40204,3.21,2.38,3.52,3.0367
34605,5.0,3.55,3.29,3.9467
54529,5.0,3.41,3.44,3.95
59516,5.0,3.52,3.22,3.9133
545,4.64,3.57,3.63,3.9467
27578,4.17,3.26,4.38,3.9367
48625,5.0,3.27,3.9,4.0567
35376,4.7,3.24,3.5,3.8133
64301,5.0,3.5,3.51,4.0033
52160,5.0,3.48,3.15,3.8767
72015,5.0,3.34,3.08,3.8067
34784,2.94,2.37,4.28,3.1967
17292,4.74,3.46,3.93,4.0433
54650,5.0,3.57,3.55,4.04
25687,4.4,3.09,4.16,3.8833
41279,5.0,3.4,3.72,4.04
11650,5.0,3.49,2.95,3.8133
50895,4.86,3.49,3.71,4.02
68331,4.64,3.42,3.83,3.9633
724,3.35,2.14,3.39,2.96
47152,4.55,3.52,3.57,3.88
31971,5.0,3.35,3.46,3.9367
70338,3.5,2.88,2.85,3.0767
50283,3.44,2.36,3.78,3.1933
24856,3.54,2.34,4.77,3.55
52850,5.0,3.58,3.8,4.1267
14235,3.1,2.22,3.76,3.0267
51966,5.0,3.51,3.72,4.0767
64404,4.14,2.9,3.9,3.6467
40799,5.0,3.29,3.45,3.9133
69925,4.4,3.6,2.97,3.6567
56417,4.56,3.24,3.53,3.7767
30171,5.0,3.48,3.71,4.0633
52945,5.0,3.47,3.24,3.9033
37151,4.64,3.15,4.15,3.98
17811,4.47,3.44,4.16,4.0233
19336,3.21,2.22,3.91,3.1133
13011,3.44,1.97,3.97,3.1267
7435,3.8,2.34,3.41,3.1833
12465,5.0,3.46,2.87,3.7767
3031,5.0,3.44,2.99,3.81
42708,5.0,3.49,3.0,3.83
1778,5.0,3.44,3.28,3.9067
16511,5.0,3.51,3.18,3.8967
25755,3.02,1.98,4.19,3.0633
68527,2.81,2.27,4.26,3.1133
45629,2.55,2.07,3.63,2.75
19064,5.0,3.37,3.16,3.8433
35894,5.0,3.39,3.4,3.93
40131,5.0,3.35,3.15,3.8333
34757,5.0,3.37,3.05,3.8067
54377,3.36,2.67,4.25,3.4267
7622,2.97,2.34,4.45,3.2533
59146,5.0,3.53,3.48,4.0033
56128,3.27,2.28,4.22,3.2567
7417,5.0,3.6,3.37,3.99
458,4.1,2.82,3.95,3.6233
37863,4.2,2.95,3.3,3.4833
48793,4.47,3.51,3.51,3.83
59085,3.8,2.29,4.82,3.6367
58065,5.0,3.5,3.52,4.0067
20445,5.0,3.56,3.55,4.0367
68406,5.0,3.23,3.27,3.8333
37579,5.0,3.43,3.61,4.0133
53292,4.1,2.84,3.98,3.64
16620,3.96,2.85,4.86,3.89
65030,5.0,3.41,3.14,3.85
42496,4.47,3.28,4.14,3.9633
50628,3.71,2.61,3.64,3.32
37140,4.4,2.9,3.18,3.4933
71919,4.4,3.6,2.79,3.5967
7752,3.02,2.24,4.22,3.16
28770,4.35,3.41,4.31,4.0233
12161,5.0,3.13,2.83,3.6533
5569,5.0,3.4,2.91,3.77
34728,3.66,2.32,3.4,3.1267
24593,5.0,3.56,3.63,4.0633
39470,5.0,3.44,2.99,3.81
39549,3.66,2.2,4.04,3.3
7694,3.44,1.89,3.38,2.9033
25843,4.7,3.35,4.58,4.21
66443,2.82,1.98,4.83,3.21
34238,4.7,3.33,3.7,3.91
16642,5.0,3.45,3.27,3.9067
55388,3.27,2.35,4.42,3.3467
34531,5.0,3.57,4.18,4.25
4607,5.0,3.44,3.25,3.8967
6946,4.04,3.04,4.27,3.7833
52630,2.97,2.13,4.25,3.1167
33983,3.1,1.77,3.75,2.8733
14039,3.66,2.19,3.4,3.0833
36504,3.21,2.22,3.91,3.1133
28501,3.66,1.88,4.05,3.1967
22805,4.4,3.05,3.88,3.7767
18179,5.0,3.13,3.18,3.77
760,4.7,3.05,3.19,3.6467
65962,4.44,2.92,3.32,3.56
64426,3.8,1.88,3.9,3.1933
40200,5.0,3.55,3.42,3.99
16155,4.4,3.0,4.22,3.8733
53867,5.0,3.54,3.32,3.9533
24221,2.76,2.35,4.49,3.2
52369,4.55,3.15,3.5,3.7333
52218,4.86,3.24,4.08,4.06
49400,4.1,2.29,3.28,3.2233
11402,4.4,3.6,2.72,3.5733
13357,3.35,2.06,3.56,2.99
61965,5.0,3.45,3.41,3.9533
3236,5.0,3.4,2.79,3.73
2631,5.0,3.53,3.33,3.9533
18427,3.06,2.13,3.53,2.9067
61976,4.7,3.06,3.2,3.6533
47344,5.0,3.36,3.15,3.8367
23787,5.0,3.48,3.85,4.11
8991,5.0,3.34,3.76,4.0333
6479,3.35,2.23,4.59,3.39
60556,3.06,2.61,4.19,3.2867
46686,4.86,3.22,3.04,3.7067
23912,3.8,2.4,3.99,3.3967
48736,4.71,3.44,4.28,4.1433
2451,5.0,3.49,2.95,3.8133
6365,3.06,2.37,4.06,3.1633
8404,5.0,3.49,3.11,3.8667
25620,3.15,2.02,3.65,2.94
8380,5.0,3.32,2.97,3.7633
61181,4.4,3.6,2.84,3.6133
19915,5.0,3.13,3.26,3.7967
62076,4.4,3.6,2.92,3.64
6939,4.4,3.6,2.79,3.5967
49330,5.0,3.57,3.54,4.0367
1017,2.93,2.32,4.06,3.1033
28598,5.0,3.18,3.25,3.81
66620,4.4,3.6,2.79,3.5967
19702,4.4,2.85,3.0,3.4167
18685,4.7,3.14,3.54,3.7933
4580,5.0,2.98,3.1,3.6933
26757,5.0,3.32,3.13,3.8167
6269,5.0,3.45,3.19,3.88
21784,4.7,3.31,3.46,3.8233
17389,4.01,3.45,4.79,4.0833
53746,2.87,2.28,4.36,3.17
67139,5.0,3.5,3.08,3.86
11698,4.55,3.44,3.13,3.7067
18805,5.0,3.51,3.08,3.8633
10981,5.0,3.51,3.02,3.8433
33956,2.91,2.18,3.73,2.94
62158,5.0,3.45,3.16,3.87
62063,3.27,2.09,3.67,3.01
25964,4.26,3.44,4.33,4.01
48889,3.1,2.24,4.42,3.2533
31689,5.0,3.46,3.17,3.8767
11044,5.0,3.29,3.4,3.8967
2177,3.17,2.05,3.03,2.75
27777,4.74,3.29,3.58,3.87
13485,4.86,3.51,3.43,3.9333
18482,2.85,2.25,4.01,3.0367
59051,5.0,3.6,2.94,3.8467
37975,5.0,3.05,3.3,3.7833
44834,4.86,3.3,3.46,3.8733
17623,3.27,2.16,3.9,3.11
5931,5.0,3.58,3.91,4.1633
14257,5.0,3.38,3.29,3.89
41591,5.0,3.53,3.38,3.97
39772,5.0,3.55,3.35,3.9667
61410,4.7,3.18,3.2,3.6933
342,4.7,3.01,3.05,3.5867
44024,3.66,2.28,3.95,3.2967
49184,4.17,3.12,4.42,3.9033
17334,2.89,1.92,4.77,3.1933
40022,4.64,3.42,3.42,3.8267
43406,5.0,3.42,3.08,3.8333
24867,4.74,3.49,3.24,3.8233
7382,4.14,3.01,3.31,3.4867
50596,4.55,3.28,3.59,3.8067
12890,5.0,3.47,3.39,3.9533
58109,5.0,3.51,3.14,3.8833
61738,5.0,3.48,2.94,3.8067
69887,5.0,3.6,2.92,3.84
67170,3.35,2.2,3.96,3.17
53607,4.41,3.19,3.63,3.7433
44534,4.74,3.44,3.79,3.99
30135,3.44,2.07,4.07,3.1933
40398,4.86,3.28,3.55,3.8967
52528,5.0,3.31,3.32,3.8767
12055,5.0,3.38,3.23,3.87
14056,4.4,2.92,4.04,3.7867
41761,4.1,3.36,2.9,3.4533
65919,3.54,2.26,4.04,3.28
36714,4.4,3.02,3.64,3.6867
38329,3.8,2.47,3.75,3.34
55427,4.4,3.28,3.05,3.5767
17268,5.0,2.98,3.31,3.7633
42553,3.8,2.41,3.21,3.14
57130,5.0,2.95,2.9,3.6167
69945,4.0,2.79,3.53,3.44
39481,2.91,1.97,4.76,3.2133
14920,3.27,2.03,3.99,3.0967
69312,5.0,3.44,3.24,3.8933
15400,4.1,2.84,3.24,3.3933
31547,4.3,3.42,3.88,3.8667
50159,5.0,3.25,3.24,3.83
19965,5.0,3.29,2.91,3.7333
14392,4.41,3.57,3.49,3.8233
18443,5.0,3.5,3.41,3.97
28439,5.0,3.23,3.02,3.75
5122,5.0,3.56,3.71,4.09
51801,4.86,3.27,3.03,3.72
48675,5.0,3.5,3.57,4.0233
46304,3.66,2.04,3.19,2.9633
57114,5.0,2.98,2.91,3.63
31795,4.44,3.22,3.93,3.8633
35368,5.0,3.08,3.14,3.74
49417,2.99,2.31,3.78,3.0267
45138,4.7,3.18,3.29,3.7233
29722,4.01,3.39,4.06,3.82
40136,5.0,3.44,3.15,3.8633
43522,5.0,3.53,3.59,4.04
49960,4.7,3.03,3.52,3.75
38600,4.19,3.57,3.35,3.7033
16630,5.0,3.46,3.17,3.8767
62347,2.85,2.17,3.68,2.9
56459,4.64,2.97,3.4,3.67
17672,4.56,3.11,3.3,3.6567
66276,5.0,3.51,2.98,3.83
53280,4.1,2.71,3.61,3.4733
53047,4.26,3.0,3.99,3.75
67888,3.54,2.34,3.77,3.2167
60812,5.0,3.44,3.09,3.8433
46504,5.0,3.5,3.31,3.9367
57683,5.0,3.42,3.81,4.0767
67081,4.0,3.17,3.82,3.6633
24449,5.0,3.48,3.16,3.88
38594,5.0,3.6,3.52,4.04
39993,5.0,3.35,3.36,3.9033
68581,4.4,3.6,2.97,3.6567
2530,3.8,1.72,3.21,2.91
37514,4.7,2.8,3.07,3.5233
32712,4.4,3.6,2.79,3.5967
64639,5.0,3.57,3.53,4.0333
40123,3.8,2.59,3.48,3.29
36541,5.0,3.13,2.81,3.6467
37648,5.0,3.49,3.17,3.8867
58257,3.5,2.88,2.85,3.0767
1637,4.4,3.6,2.78,3.5933
30842,4.64,3.43,3.35,3.8067
38362,5.0,3.16,3.19,3.7833
30840,4.86,3.36,3.37,3.8633
54049,4.56,3.04,3.89,3.83
27068,3.84,2.63,3.62,3.3633
34953,5.0,3.51,3.6,4.0367
7877,4.4,3.06,3.79,3.75
20301,4.74,3.34,3.13,3.7367
55474,4.1,2.84,3.46,3.4667
7083,5.0,3.42,2.85,3.7567
41458,4.7,3.18,3.06,3.6467
14483,3.35,2.28,4.62,3.4167
16124,3.02,2.21,4.32,3.1833
64914,5.0,3.55,3.28,3.9433
15696,3.87,2.92,3.73,3.5067
16257,4.04,2.97,3.39,3.4667
3871,5.0,3.5,2.96,3.82
16471,5.0,3.25,3.05,3.7667
59245,5.0,3.27,3.15,3.8067
58861,3.02,2.32,3.6,2.98
34854,3.8,1.82,3.21,2.9433
63571,5.0,3.32,3.17,3.83
18693,5.0,3.6,3.18,3.9267
46819,5.0,3.3,3.06,3.7867
13998,2.71,2.32,5.0,3.3433
48740,4.64,3.33,3.65,3.8733
47164,5.0,3.13,3.27,3.8
4717,5.0,3.23,3.02,3.75
32110,5.0,3.25,3.28,3.8433
54346,4.86,3.39,3.69,3.98
18183,3.54,2.11,3.35,3.0
37310,4.7,3.16,3.58,3.8133
33645,3.8,2.41,3.21,3.14
67585,2.58,2.36,4.58,3.1733
54064,2.99,2.07,4.45,3.17
72072,5.0,3.4,2.96,3.7867
59596,3.06,2.33,4.16,3.1833
38101,2.8,2.38,3.47,2.8833
67238,5.0,3.47,3.24,3.9033
7038,4.4,3.44,2.96,3.6
57698,4.4,3.42,2.9,3.5733
13422,4.4,3.6,2.79,3.5967
8306,2.6,2.34,4.62,3.1867
8927,2.97,2.27,4.28,3.1733
30836,5.0,3.48,3.33,3.9367
3353,4.74,3.46,3.3,3.8333
16959,4.4,3.12,3.22,3.58
48168,3.27,2.25,4.89,3.47
43634,4.7,3.3,3.38,3.7933
24260,5.0,3.56,3.37,3.9767
20461,5.0,3.54,4.1,4.2133
53444,2.97,2.23,4.25,3.15
41965,5.0,3.3,3.64,3.98
25034,2.94,2.06,4.22,3.0733
65918,3.8,2.26,4.12,3.3933
17285,5.0,3.47,3.85,4.1067
33423,4.86,3.3,3.69,3.95
65796,5.0,3.13,3.13,3.7533
46812,4.1,2.66,3.59,3.45
34545,5.0,3.27,3.03,3.7667
17700,5.0,3.5,3.4,3.9667
60387,4.86,3.26,3.58,3.9
28684,5.0,3.54,3.65,4.0633
47935,3.8,2.0,3.18,2.9933
2515,5.0,3.23,3.89,4.04
6326,5.0,3.38,3.68,4.02
38535,3.8,2.4,3.18,3.1267
6578,5.0,3.52,3.5,4.0067
47112,2.9,2.13,3.59,2.8733
607,4.41,3.39,3.62,3.8067
9193,3.1,2.54,3.77,3.1367
51055,2.79,2.26,4.06,3.0367
50501,2.85,2.22,4.55,3.2067
54659,5.0,3.51,3.14,3.8833
52471,3.35,2.22,3.66,3.0767
46845,3.5,2.88,2.85,3.0767
11725,5.0,3.44,3.05,3.83
50210,3.54,2.26,3.89,3.23
7123,5.0,3.5,2.96,3.82
5352,4.35,3.52,3.53,3.8
64767,5.0,3.19,3.44,3.8767
55935,2.92,2.14,4.12,3.06
27909,5.0,3.47,2.98,3.8167
8345,3.7,2.63,3.52,3.2833
22178,5.0,3.6,2.98,3.86
28313,3.2,2.33,4.21,3.2467
56520,3.66,2.27,3.55,3.16
60373,4.7,3.07,3.22,3.6633
30618,4.74,3.47,3.67,3.96
70741,3.5,2.88,2.85,3.0767
32773,5.0,3.51,2.97,3.8267
3348,3.66,2.84,3.92,3.4733
10384,4.47,3.4,4.32,4.0633
22264,5.0,3.44,3.28,3.9067
67350,5.0,3.41,3.71,4.04
19610,3.23,2.58,3.88,3.23
47454,4.56,3.2,3.73,3.83
53484,3.27,2.24,3.95,3.1533
36665,5.0,3.56,3.34,3.9667
14667,5.0,3.4,3.18,3.86
19509,4.26,2.91,3.07,3.4133
59006,4.4,3.6,2.83,3.61
51807,3.35,2.36,4.67,3.46
12025,5.0,3.57,3.43,4.0
16160,4.1,2.49,3.1,3.23
59337,5.0,3.4,3.01,3.8033
45133,2.89,2.13,4.35,3.1233
24455,5.0,3.58,3.73,4.1033
35069,5.0,3.35,3.62,3.99
37908,3.1,2.56,3.48,3.0467
40132,3.88,3.3,4.11,3.7633
32836,5.0,3.32,3.13,3.8167
20623,3.44,1.73,3.2,2.79
34699,5.0,3.6,3.03,3.8767
30789,3.54,2.31,3.8,3.2167
5773,2.94,2.27,4.26,3.1567
8343,4.35,3.25,3.76,3.7867
61335,3.17,2.35,4.14,3.22
72127,5.0,3.35,3.78,4.0433
47536,4.35,3.01,3.99,3.7833
49345,4.55,3.44,4.27,4.0867
15671,4.47,3.48,3.89,3.9467
68278,4.55,3.32,3.17,3.68
13498,5.0,3.23,3.27,3.8333
20512,4.4,2.98,3.55,3.6433
20624,3.44,1.7,3.19,2.7767
59862,4.4,3.6,2.77,3.59
50758,5.0,3.42,3.15,3.8567
13304,5.0,3.6,2.75,3.7833
54599,4.16,3.12,3.4,3.56
1545,4.64,3.3,4.07,4.0033
28242,3.32,2.34,3.57,3.0767
39452,5.0,3.6,3.72,4.1067
53799,5.0,3.42,3.08,3.8333
38184,4.7,3.09,3.9,3.8967
42226,5.0,3.58,3.47,4.0167
5006,4.7,3.01,3.05,3.5867
852,4.1,2.59,3.06,3.25
37536,5.0,3.19,3.09,3.76
28307,2.98,2.03,3.45,2.82
24481,4.56,3.05,3.19,3.6
59892,5.0,3.41,3.18,3.8633
43959,4.1,2.41,3.18,3.23
17633,3.66,2.32,4.05,3.3433
33121,3.51,2.56,3.97,3.3467
38584,4.7,3.11,3.04,3.6167
17446,3.44,2.29,4.57,3.4333
28991,4.4,3.03,3.5,3.6433
54853,3.36,2.56,3.69,3.2033
54870,3.1,2.21,4.62,3.31
49148,4.74,3.29,3.22,3.75
42283,3.35,2.27,4.18,3.2667
44886,3.78,3.1,3.97,3.6167
54174,4.4,3.6,3.36,3.7867
30582,4.4,3.6,2.91,3.6367
13017,5.0,3.3,3.41,3.9033
24797,5.0,3.6,2.89,3.83
36312,4.7,3.17,3.35,3.74
49538,2.94,2.13,4.69,3.2533
13655,5.0,3.43,3.51,3.98
10521,5.0,3.42,3.51,3.9767
23722,5.0,3.42,3.65,4.0233
30122,5.0,3.6,3.41,4.0033
7377,5.0,3.11,3.07,3.7267
24163,3.8,2.11,3.4,3.1033
60695,3.44,2.38,5.0,3.6067
19176,2.95,2.17,3.82,2.98
60484,3.5,2.88,2.85,3.0767
27104,5.0,3.35,3.2,3.85
29385,5.0,3.42,3.68,4.0333
31979,3.66,2.15,3.62,3.1433
18032,4.7,3.19,3.22,3.7033
10524,5.0,3.49,2.84,3.7767
43000,5.0,3.47,3.74,4.07
9817,4.4,3.6,2.71,3.57
38628,5.0,3.52,3.16,3.8933
21871,5.0,3.05,3.2,3.75
18637,4.4,2.96,3.04,3.4667
35325,2.79,2.25,3.92,2.9867
45288,4.44,3.02,3.26,3.5733
56579,4.74,3.11,3.41,3.7533
9677,5.0,3.56,3.48,4.0133
43176,4.86,3.42,3.24,3.84
46967,5.0,3.57,3.45,4.0067
65010,5.0,3.4,3.18,3.86
54228,4.55,3.42,3.57,3.8467
63194,4.35,3.58,3.47,3.8
3368,5.0,3.55,3.5,4.0167
14833,5.0,3.15,3.39,3.8467
36441,5.0,3.31,3.42,3.91
66849,5.0,3.6,2.94,3.8467
59070,4.4,3.3,3.61,3.77
12825,5.0,3.53,3.27,3.9333
39009,5.0,3.04,3.02,3.6867
11229,5.0,3.32,3.07,3.7967
40503,4.41,3.49,4.2,4.0333
70719,3.35,2.15,3.2,2.9
15207,5.0,3.22,4.06,4.0933
66871,5.0,3.52,3.15,3.89
30873,4.4,3.6,2.79,3.5967
48035,4.4,3.6,3.38,3.7933
38545,4.4,3.6,2.77,3.59
47893,3.57,2.75,3.94,3.42
36913,2.87,2.15,4.27,3.0967
56948,5.0,3.51,3.81,4.1067
52275,5.0,3.2,3.72,3.9733
37758,4.4,2.96,3.09,3.4833
29389,3.35,2.19,3.58,3.04
17718,4.4,2.74,3.8,3.6467
36951,5.0,3.19,3.04,3.7433
11371,5.0,3.57,3.39,3.9867
31766,3.44,2.28,3.22,2.98
21611,3.21,2.34,3.5,3.0167
62889,5.0,3.48,3.31,3.93
7517,4.7,3.28,3.48,3.82
50777,4.4,3.6,3.14,3.7133
40534,3.51,2.57,4.29,3.4567
6493,3.35,2.21,3.89,3.15
55649,5.0,3.44,3.14,3.86
70630,3.8,1.98,3.25,3.01
34189,3.15,2.47,4.2,3.2733
15911,3.27,2.21,3.77,3.0833
3904,4.4,3.48,3.27,3.7167
65739,5.0,3.42,3.19,3.87
17115,4.7,3.24,3.1,3.68
8815,4.4,2.98,3.68,3.6867
38976,3.02,2.21,3.98,3.07
4889,3.75,2.99,4.1,3.6133
36645,3.8,2.12,3.29,3.07
44702,2.94,2.05,3.87,2.9533
15270,5.0,3.54,3.59,4.0433
36345,4.4,2.42,3.17,3.33
9753,5.0,3.31,3.29,3.8667
30706,2.88,2.3,4.4,3.1933
59319,5.0,3.32,3.17,3.83
32754,3.8,1.72,3.21,2.91
24868,5.0,3.29,3.38,3.89
32331,3.24,2.03,4.0,3.09
61490,4.4,3.6,2.96,3.6533
21340,3.44,2.23,3.62,3.0967
15116,3.21,2.22,3.91,3.1133
43844,4.4,3.6,3.33,3.7767
51810,3.51,2.24,3.72,3.1567
17645,3.44,2.16,3.9,3.1667
45140,5.0,3.51,3.08,3.8633
43807,5.0,3.6,3.32,3.9733
23052,4.35,3.4,4.01,3.92
69715,3.8,2.12,3.17,3.03
61298,4.4,3.06,3.16,3.54
3338,5.0,3.6,3.38,3.9933
33484,4.7,3.18,3.77,3.8833
58117,4.4,3.6,2.77,3.59
64067,4.4,3.6,2.79,3.5967
52716,4.4,2.96,3.09,3.4833
63803,4.4,2.96,3.09,3.4833
19923,3.74,2.53,3.6,3.29
25853,5.0,3.46,3.28,3.9133
16889,2.72,2.29,4.69,3.2333
19820,4.7,3.3,4.19,4.0633
27132,2.98,2.11,3.22,2.77
23264,4.14,2.91,3.79,3.6133
21722,4.4,3.6,2.79,3.5967
49750,3.32,2.27,3.76,3.1167
20316,3.35,2.2,3.81,3.12
60233,4.34,3.21,3.45,3.6667
60170,5.0,3.23,3.27,3.8333
53352,4.55,3.51,3.77,3.9433
15043,5.0,3.37,3.43,3.9333
2197,5.0,3.6,3.63,4.0767
61051,4.12,3.08,3.82,3.6733
51467,5.0,3.41,3.35,3.92
42801,5.0,3.38,3.34,3.9067
40777,3.35,2.23,3.97,3.1833
59863,4.7,3.01,3.05,3.5867
47294,5.0,3.42,3.27,3.8967
60213,3.96,2.78,3.6,3.4467
48282,3.84,2.54,3.77,3.3833
39811,2.8,2.37,4.84,3.3367
55032,5.0,3.58,3.44,4.0067
70903,5.0,3.51,3.38,3.9633
68191,4.1,2.82,4.16,3.6933
47339,4.4,2.78,3.17,3.45
52507,5.0,3.5,2.96,3.82
51959,3.15,2.13,3.69,2.99
51231,3.32,2.57,4.05,3.3133
31628,5.0,3.04,3.18,3.74
67003,5.0,3.46,3.6,4.02
51423,5.0,3.48,3.42,3.9667
31094,5.0,3.4,3.18,3.86
2015,3.1,2.22,4.39,3.2367
39229,5.0,3.54,3.2,3.9133
14559,5.0,3.5,3.58,4.0267
41121,4.74,3.28,3.23,3.75
39399,4.64,3.35,3.89,3.96
5170,5.0,3.5,4.14,4.2133
30216,3.02,1.89,3.83,2.9133
62552,4.7,3.24,3.42,3.7867
28417,5.0,3.53,3.4,3.9767
49043,5.0,3.1,3.46,3.8533
13753,3.66,1.75,3.23,2.88
33547,5.0,3.53,3.17,3.9
4363,5.0,3.32,3.07,3.7967
14968,4.1,2.44,3.01,3.1833
30714,3.8,3.03,3.66,3.4967
40633,4.14,2.98,3.98,3.7
40016,5.0,3.51,3.07,3.86
12508,4.12,3.56,3.91,3.8633
13809,5.0,3.6,3.36,3.9867
34614,4.7,3.21,3.41,3.7733
6491,3.66,2.28,3.95,3.2967
29243,3.8,2.33,3.12,3.0833
15138,5.0,3.29,3.07,3.7867
52620,5.0,3.6,3.42,4.0067
7680,4.4,2.8,3.19,3.4633
66434,2.76,2.16,4.65,3.19
16062,5.0,3.25,2.98,3.7433
50590,4.52,3.6,3.58,3.9
49209,5.0,3.41,3.19,3.8667
43614,5.0,3.22,3.04,3.7533
35599,5.0,3.13,3.07,3.7333
40692,5.0,3.59,4.27,4.2867
48343,5.0,3.37,3.21,3.86
46692,3.75,3.0,4.17,3.64
6227,5.0,3.45,3.16,3.87
5887,5.0,3.44,3.57,4.0033
69106,5.0,3.42,3.2,3.8733
12743,4.3,3.49,4.31,4.0333
39877,3.14,2.77,3.39,3.1
69905,5.0,3.4,3.13,3.8433
63443,5.0,3.6,3.81,4.1367
47788,4.14,2.9,3.17,3.4033
53101,3.44,2.15,3.73,3.1067
22705,3.06,2.28,4.07,3.1367
31511,4.22,3.58,4.63,4.1433
49923,3.8,1.89,3.25,2.98
41553,4.7,2.92,3.52,3.7133
43247,4.26,3.37,4.21,3.9467
20143,5.0,3.33,3.44,3.9233
1412,3.21,2.49,4.36,3.3533
3993,3.8,2.64,3.91,3.45
16953,4.17,3.33,4.35,3.95
63521,5.0,3.4,3.13,3.8433
69304,3.44,2.15,3.36,2.9833
65280,4.7,3.23,3.92,3.95
32998,4.74,3.23,3.52,3.83
57274,3.35,2.08,4.11,3.18
15618,3.8,2.31,3.76,3.29
4345,5.0,3.57,3.62,4.0633
52759,2.89,2.26,4.26,3.1367
21656,4.74,3.37,3.33,3.8133
12630,4.4,3.6,2.78,3.5933
26577,5.0,3.44,3.15,3.8633
56814,5.0,3.53,3.27,3.9333
8602,5.0,3.28,3.93,4.07
39208,3.44,2.28,3.64,3.12
44709,3.27,2.02,3.65,2.98
44622,5.0,3.29,3.46,3.9167
50267,3.54,2.4,3.73,3.2233
20712,3.8,2.24,3.5,3.18
34312,5.0,3.6,2.93,3.8433
34868,5.0,3.3,3.61,3.97
70507,5.0,3.53,3.07,3.8667
28970,3.02,2.4,4.16,3.1933
35808,3.54,2.16,4.16,3.2867
37189,3.02,2.25,4.42,3.23
61187,3.06,2.19,3.38,2.8767
32663,5.0,3.47,3.25,3.9067
54896,5.0,3.58,3.97,4.1833
49447,2.87,2.2,3.76,2.9433
13482,4.31,3.44,3.5,3.75
62110,2.88,2.05,4.24,3.0567
51654,3.1,2.31,3.53,2.98
5283,5.0,3.23,3.13,3.7867
32436,4.55,3.58,3.76,3.9633
1441,5.0,3.49,2.9,3.7967
32113,5.0,3.19,3.54,3.91
16333,5.0,3.6,3.24,3.9467
46919,5.0,3.55,3.28,3.9433
54863,4.05,3.06,4.12,3.7433
3573,4.4,2.98,3.75,3.71
29046,5.0,3.49,3.34,3.9433
26844,4.76,3.36,3.2,3.7733
57865,4.74,3.17,3.53,3.8133
6620,3.5,2.88,2.86,3.08
53433,4.55,3.6,3.1,3.75
69740,4.7,3.01,3.07,3.5933
49769,5.0,3.57,3.33,3.9667
67565,3.74,2.62,3.56,3.3067
20114,4.8,3.44,3.52,3.92
32351,4.35,3.38,3.42,3.7167
15444,5.0,3.47,3.61,4.0267
48504,3.8,2.19,3.39,3.1267
53921,2.97,2.17,3.66,2.9333
1945,3.15,2.3,4.37,3.2733
70437,5.0,3.23,3.27,3.8333
33405,3.35,2.15,3.94,3.1467
30703,4.4,3.6,2.77,3.59
9165,5.0,3.49,3.5,3.9967
56251,5.0,3.2,3.01,3.7367
5381,3.8,2.19,3.39,3.1267
36103,3.96,3.17,3.21,3.4467
18615,4.4,2.9,3.73,3.6767
8619,5.0,3.5,3.41,3.97
569,5.0,3.52,3.37,3.9633
71846,4.74,3.16,3.69,3.8633
15658,4.7,3.38,3.28,3.7867
30657,4.35,3.31,4.11,3.9233
9138,3.15,2.28,4.02,3.15
35104,5.0,3.6,3.14,3.9133
52538,2.84,2.38,3.92,3.0467
62260,5.0,3.3,3.2,3.8333
32001,4.74,3.41,3.09,3.7467
63657,5.0,3.52,3.77,4.0967
18543,5.0,3.6,2.94,3.8467
54352,5.0,3.32,3.02,3.78
56528,4.7,3.3,3.79,3.93
64734,5.0,3.6,3.4,4.0
7488,4.4,3.6,2.82,3.6067
58860,5.0,3.22,3.04,3.7533
55370,5.0,3.42,3.51,3.9767
70119,5.0,3.4,3.18,3.86
44852,3.35,2.26,3.69,3.1
16270,4.4,3.6,2.79,3.5967
52752,5.0,3.41,3.25,3.8867
54376,3.87,2.88,4.06,3.6033
38148,4.35,3.4,4.14,3.9633
43717,5.0,3.53,3.27,3.9333
34187,4.44,3.13,3.89,3.82
11191,4.74,3.53,3.62,3.9633
34233,3.8,1.66,3.24,2.9
30610,5.0,3.4,3.75,4.05
22169,4.4,3.6,2.9,3.6333
24357,5.0,3.55,3.28,3.9433
32888,5.0,3.44,2.81,3.75
7520,4.74,3.52,3.7,3.9867
60615,3.4,2.55,3.95,3.3
42262,4.26,3.11,4.07,3.8133
22938,4.56,3.15,2.91,3.54
25172,3.44,2.16,3.81,3.1367
19198,5.0,3.4,3.18,3.86
20474,3.54,2.25,3.93,3.24
15164,4.7,2.98,3.3,3.66
29778,3.44,2.37,3.6,3.1367
65735,5.0,3.38,3.22,3.8667
62045,5.0,3.17,2.95,3.7067
16789,4.7,3.14,3.45,3.7633
9756,3.54,1.99,3.47,3.0
60926,4.7,3.1,3.4,3.7333
45768,2.75,2.3,4.56,3.2033
65131,5.0,3.58,3.55,4.0433
58852,3.02,2.25,4.19,3.1533
68298,5.0,3.6,3.48,4.0267
44860,3.8,1.89,3.25,2.98
12517,3.15,2.14,4.08,3.1233
7821,5.0,3.55,3.28,3.9433
32565,5.0,3.56,4.32,4.2933
67766,5.0,3.54,3.65,4.0633
60624,5.0,3.34,3.19,3.8433
50770,4.55,3.35,4.38,4.0933
18759,4.7,3.29,3.73,3.9067
49407,5.0,3.52,3.31,3.9433
35106,5.0,3.6,3.14,3.9133
2043,5.0,3.57,3.49,4.02
20944,5.0,3.44,3.4,3.9467
22218,2.8,2.33,4.54,3.2233
6489,4.7,3.18,3.77,3.8833
55899,5.0,3.4,3.18,3.86
6094,5.0,3.39,3.17,3.8533
51259,5.0,3.46,3.37,3.9433
63384,4.7,3.36,3.38,3.8133
69516,4.41,3.36,3.44,3.7367
21164,2.84,1.97,3.83,2.88
57705,3.8,3.41,3.02,3.41
39102,4.64,3.31,3.05,3.6667
12911,5.0,3.47,3.08,3.85
37315,5.0,3.49,3.05,3.8467
34336,2.89,2.23,4.49,3.2033
54741,5.0,3.54,3.42,3.9867
57602,5.0,3.48,3.97,4.15
25931,4.1,2.67,3.92,3.5633
3952,4.7,3.1,3.66,3.82
50318,4.56,3.23,3.39,3.7267
29094,5.0,3.16,3.27,3.81
59738,4.86,3.45,3.41,3.9067
59489,2.81,2.25,4.13,3.0633
61773,4.52,3.46,3.78,3.92
39813,3.8,2.26,3.83,3.2967
25698,3.8,2.35,3.62,3.2567
45384,5.0,3.47,2.93,3.8
26037,4.64,3.34,3.19,3.7233
30650,3.15,2.12,4.04,3.1033
63358,5.0,3.13,3.7,3.9433
61809,5.0,3.57,3.76,4.11
41127,3.54,2.34,3.85,3.2433
696,4.4,2.26,3.0,3.22
65130,5.0,3.6,2.72,3.7733
23061,5.0,3.34,3.61,3.9833
34561,4.86,3.6,2.98,3.8133
54859,4.4,3.51,3.07,3.66
47714,5.0,3.44,3.52,3.9867
39281,5.0,3.36,3.26,3.8733
4063,5.0,3.29,3.1,3.7967
60840,3.54,2.28,3.65,3.1567
28900,4.7,3.26,3.01,3.6567
61418,2.99,2.07,4.08,3.0467
35426,4.1,3.16,2.84,3.3667
43340,5.0,3.42,3.26,3.8933
44916,5.0,3.37,2.94,3.77
37836,5.0,3.37,3.26,3.8767
20932,5.0,3.54,3.26,3.9333
63930,5.0,3.54,3.33,3.9567
2341,5.0,3.6,3.04,3.88
62885,5.0,3.39,3.12,3.8367
49903,4.47,3.57,3.3,3.78
19248,3.8,2.27,3.5,3.19
67548,3.66,2.33,3.83,3.2733
26711,4.74,3.47,3.5,3.9033
13470,5.0,3.23,3.27,3.8333
52338,3.02,2.31,4.6,3.31
41861,4.86,3.43,3.46,3.9167
67620,3.5,2.82,3.61,3.31
34769,2.87,2.13,3.97,2.99
46705,5.0,3.49,3.0,3.83
71578,5.0,3.37,3.89,4.0867
8752,5.0,3.42,3.15,3.8567
57065,2.91,2.17,3.72,2.9333
65826,3.15,2.33,3.74,3.0733
44196,5.0,3.49,3.05,3.8467
66176,5.0,3.51,3.14,3.8833
18352,3.27,2.37,3.51,3.05
29111,5.0,3.51,3.29,3.9333
15591,4.7,2.87,3.44,3.67
8577,2.75,2.12,3.43,2.7667
20806,5.0,3.3,2.96,3.7533
28285,5.0,3.32,3.53,3.95
39852,5.0,3.51,2.93,3.8133
6968,5.0,3.53,3.34,3.9567
44031,4.1,2.74,3.35,3.3967
9185,5.0,3.47,3.14,3.87
64871,4.7,3.16,3.29,3.7167
39091,2.99,2.2,4.19,3.1267
16158,4.1,3.29,3.29,3.56
7444,5.0,3.32,3.48,3.9333
69999,5.0,3.13,3.1,3.7433
24898,4.4,3.01,4.19,3.8667
6392,5.0,3.21,3.05,3.7533
39966,3.8,2.52,3.36,3.2267
68355,3.27,2.11,4.12,3.1667
33392,4.4,2.99,3.46,3.6167
71314,5.0,3.23,3.22,3.8167
1175,4.1,2.8,3.49,3.4633
3758,4.7,3.26,3.47,3.81
13562,2.84,2.21,4.76,3.27
36404,5.0,3.6,3.03,3.8767
43285,4.7,3.2,3.29,3.73
34932,2.89,2.31,4.32,3.1733
25823,5.0,3.55,3.39,3.98
35705,5.0,3.25,3.28,3.8433
15452,4.4,2.92,3.61,3.6433
34992,4.64,3.29,3.77,3.9
25051,5.0,3.58,4.27,4.2833
1187,5.0,3.23,3.07,3.7667
3126,5.0,3.46,2.87,3.7767
71335,5.0,3.4,3.57,3.99
16624,5.0,3.48,3.8,4.0933
65393,4.55,3.41,4.58,4.18
57297,5.0,3.52,3.78,4.1
52989,3.66,2.2,3.93,3.2633
32477,3.8,2.27,3.35,3.14
62242,3.44,2.4,3.81,3.2167
19795,3.8,2.14,3.61,3.1833
192,5.0,3.13,2.99,3.7067
12581,5.0,3.27,3.25,3.84
29230,3.8,2.32,3.04,3.0533
70476,4.25,3.3,3.78,3.7767
64787,3.27,2.13,4.0,3.1333
41342,5.0,3.1,2.96,3.6867
56102,4.1,2.68,3.66,3.48
64875,5.0,3.52,3.16,3.8933
19271,4.4,3.6,2.95,3.65
60150,4.01,3.35,4.77,4.0433
56690,4.4,3.6,2.92,3.64
41132,4.7,3.23,3.25,3.7267
39791,2.85,2.29,4.0,3.0467
5061,5.0,3.38,3.22,3.8667
10315,5.0,3.41,3.54,3.9833
69711,5.0,3.3,3.01,3.77
15306,5.0,3.53,3.43,3.9867
11258,5.0,3.42,3.24,3.8867
2713,5.0,3.55,3.09,3.88
24487,4.4,3.6,2.92,3.64
65120,5.0,3.32,3.17,3.83
20040,4.64,3.5,3.4,3.8467
46330,3.06,2.01,3.71,2.9267
72011,3.84,2.65,3.55,3.3467
8010,5.0,3.51,2.98,3.83
8505,3.8,1.72,3.21,2.91
44935,5.0,2.84,2.88,3.5733
3813,5.0,3.32,3.38,3.9
17467,4.1,3.36,3.23,3.5633
61295,3.44,2.94,4.54,3.64
8653,5.0,3.51,2.97,3.8267
25944,5.0,3.6,2.92,3.84
30107,3.51,1.94,3.72,3.0567
18160,3.66,3.49,3.42,3.5233
13168,5.0,3.27,3.13,3.8
25995,3.24,2.75,4.7,3.5633
37907,3.96,2.65,3.5,3.37
975,4.4,3.57,3.64,3.87
62402,5.0,3.4,3.29,3.8967
51121,4.7,3.18,3.46,3.78
40342,3.21,2.24,4.38,3.2767
142,5.0,3.43,3.38,3.9367
17444,5.0,3.4,2.96,3.7867
6523,5.0,3.51,3.13,3.88
69669,3.5,2.88,2.85,3.0767
43149,5.0,3.4,3.24,3.88
49377,5.0,3.44,2.81,3.75
45539,5.0,3.28,3.19,3.8233
11083,4.4,3.6,2.79,3.5967
51734,5.0,3.53,3.9,4.1433
44162,4.26,3.04,3.67,3.6567
47994,2.99,2.29,3.52,2.9333
26203,5.0,3.26,3.26,3.84
5754,3.1,2.12,3.75,2.99
19632,5.0,3.48,3.16,3.88
295,4.37,3.53,3.97,3.9567
38542,4.4,3.44,2.96,3.6
10094,3.27,2.74,4.31,3.44
50579,5.0,3.47,2.88,3.7833
336,4.4,3.03,2.93,3.4533
26120,3.1,2.38,3.82,3.1
47729,5.0,3.56,3.47,4.01
37682,5.0,3.53,3.5,4.01
22649,5.0,3.48,3.15,3.8767
5398,5.0,3.36,3.26,3.8733
54238,4.1,2.72,3.05,3.29
8847,4.55,3.42,3.23,3.7333
44669,4.1,2.65,4.1,3.6167
3411,5.0,3.35,2.88,3.7433
14515,3.35,2.34,3.56,3.0833
44832,2.81,2.27,4.63,3.2367
46043,3.35,2.26,4.17,3.26
7667,5.0,3.36,3.2,3.8533
6194,4.4,2.99,4.07,3.82
43651,5.0,3.29,3.16,3.8167
46674,4.41,3.44,3.32,3.7233
11340,4.0,3.27,3.08,3.45
36009,5.0,3.47,3.19,3.8867
67568,4.4,3.48,3.05,3.6433
41197,3.02,2.24,4.25,3.17
12901,4.4,3.6,2.71,3.57
51982,5.0,3.23,3.27,3.8333
35775,2.74,2.29,4.42,3.15
34894,5.0,3.38,3.33,3.9033
26947,4.7,3.1,3.55,3.7833
59414,5.0,3.32,3.39,3.9033
11071,4.1,3.16,2.84,3.3667
33887,3.28,2.83,3.76,3.29
62069,3.21,2.04,3.67,2.9733
14508,3.27,2.37,3.37,3.0033
3308,4.26,2.75,3.68,3.5633
26156,5.0,3.31,3.27,3.86
58466,3.54,2.26,4.02,3.2733
53468,4.64,3.37,3.56,3.8567
51485,5.0,3.23,3.01,3.7467
16962,3.84,2.9,4.38,3.7067
60966,3.06,2.15,4.52,3.2433
48453,5.0,3.44,3.0,3.8133
58634,3.35,2.37,4.39,3.37
60017,5.0,3.57,3.86,4.1433
323,5.0,3.13,3.13,3.7533
18910,4.64,3.13,3.08,3.6167
12950,3.35,2.13,4.32,3.2667
33569,5.0,3.37,2.78,3.7167
46163,5.0,3.49,3.93,4.14
8387,5.0,3.6,3.06,3.8867
63700,5.0,3.57,3.55,4.04
52495,5.0,3.35,3.14,3.83
21822,4.35,3.53,3.61,3.83
64827,3.15,2.1,4.5,3.25
61491,4.22,3.41,3.36,3.6633
55299,5.0,3.44,3.11,3.85
40821,4.4,2.77,2.89,3.3533
56053,5.0,3.38,3.01,3.7967
41734,4.11,3.31,4.45,3.9567
51720,3.8,2.24,3.75,3.2633
22316,5.0,3.15,3.2,3.7833
63555,3.02,2.24,4.55,3.27
19001,3.8,2.36,4.48,3.5467
14229,4.8,3.3,3.41,3.8367
57383,4.4,2.93,3.96,3.7633
61296,5.0,3.6,2.76,3.7867
7267,3.8,2.4,3.97,3.39
40376,5.0,3.26,3.4,3.8867
12451,4.1,2.85,4.13,3.6933
29634,3.21,2.34,4.84,3.4633
23541,3.15,2.3,3.85,3.1
12918,4.74,3.58,3.5,3.94
62225,3.06,2.07,3.91,3.0133
23397,4.37,3.43,4.62,4.14
68430,4.55,3.36,4.4,4.1033
12801,3.21,1.99,3.44,2.88
31061,3.44,2.33,4.01,3.26
71500,4.37,3.57,3.55,3.83
30695,4.4,3.27,3.04,3.57
44163,4.74,3.55,3.79,4.0267
3651,2.85,2.33,3.62,2.9333
63838,5.0,3.37,3.0,3.79
45975,5.0,3.0,2.79,3.5967
41405,4.47,3.13,3.69,3.7633
26927,2.75,2.02,5.0,3.2567
12427,4.4,3.6,2.83,3.61
59795,5.0,3.25,3.28,3.8433
52805,5.0,3.53,2.9,3.81
22884,3.8,2.35,3.89,3.3467
29176,4.4,3.6,2.83,3.61
3388,5.0,3.5,2.96,3.82
66873,4.7,3.15,3.17,3.6733
61597,3.35,2.13,3.7,3.06
13170,5.0,3.47,3.14,3.87
671,4.4,3.23,3.73,3.7867
53374,5.0,3.37,3.42,3.93
32264,5.0,2.74,3.02,3.5867
2831,3.35,2.38,3.74,3.1567
18338,2.79,2.26,4.14,3.0633
62741,2.87,2.38,3.55,2.9333
34572,4.7,3.24,3.62,3.8533
39060,5.0,3.25,2.89,3.7133
68678,4.7,3.02,3.28,3.6667
3662,2.85,2.27,4.37,3.1633
59157,4.41,3.42,4.18,4.0033
39227,5.0,3.51,3.44,3.9833
69019,4.1,2.76,3.11,3.3233
35738,5.0,3.41,3.07,3.8267
3272,4.4,3.6,2.79,3.5967
22619,4.47,3.41,4.95,4.2767
4293,3.8,1.71,3.19,2.9
5585,3.66,2.26,3.3,3.0733
43009,4.26,3.4,3.58,3.7467
34532,5.0,3.58,3.79,4.1233
70914,2.72,2.17,4.32,3.07
62610,4.86,3.38,3.85,4.03
44399,3.75,2.86,4.34,3.65
27865,5.0,3.54,3.31,3.95
62879,5.0,3.32,3.12,3.8133
15514,5.0,3.6,3.02,3.8733
5810,4.56,3.08,3.42,3.6867
38212,4.4,3.04,3.05,3.4967
15289,5.0,3.38,3.17,3.85
38625,5.0,3.4,3.18,3.86
49754,5.0,3.29,3.39,3.8933
891,4.7,3.24,3.37,3.77
22180,5.0,3.4,3.18,3.86
46130,5.0,3.38,3.06,3.8133
29655,3.8,1.76,3.16,2.9067
31454,3.35,1.66,3.87,2.96
7462,3.35,2.36,4.02,3.2433
15358,3.06,2.09,3.93,3.0267
31964,4.7,3.06,3.75,3.8367
53737,3.06,2.29,4.27,3.2067
29769,3.1,2.08,3.75,2.9767
3045,4.26,3.39,3.81,3.82
9123,2.89,2.06,4.05,3.0
49764,3.21,2.37,3.87,3.15
57485,5.0,3.41,3.95,4.12
38318,3.8,2.45,3.76,3.3367
21250,3.11,2.75,4.05,3.3033
55658,4.1,2.81,3.27,3.3933
39501,5.0,3.35,3.14,3.83
3352,2.9,2.42,4.16,3.16
39702,3.02,2.27,3.76,3.0167
12828,5.0,3.51,3.33,3.9467
58082,3.35,2.36,4.0,3.2367
67360,3.54,2.35,3.79,3.2267
70065,5.0,3.6,3.03,3.8767
33584,3.1,2.01,3.91,3.0067
50580,4.22,3.24,3.77,3.7433
38926,3.1,2.27,4.02,3.13
28409,5.0,3.38,3.06,3.8133
52217,4.7,3.27,4.3,4.09
62249,3.21,2.2,4.03,3.1467
13837,5.0,3.47,3.13,3.8667
15023,5.0,3.55,3.66,4.07
54418,4.1,3.36,2.9,3.4533
52095,5.0,3.32,2.92,3.7467
37024,4.44,3.41,3.85,3.9
34276,5.0,3.6,3.62,4.0733
44012,5.0,3.52,3.04,3.8533
62875,5.0,3.5,2.96,3.82
59570,4.74,3.23,3.64,3.87
54925,5.0,3.16,3.08,3.7467
980,5.0,3.17,3.27,3.8133
12054,4.4,3.02,3.73,3.7167
19583,4.6,3.2,3.13,3.6433
66004,4.86,3.47,3.46,3.93
5009,3.8,2.17,3.55,3.1733
54846,4.4,3.32,3.28,3.6667
61624,5.0,3.58,3.69,4.09
9475,5.0,3.55,3.28,3.9433
12294,5.0,3.48,3.36,3.9467
8978,5.0,3.48,3.73,4.07
1449,5.0,3.34,3.87,4.07
25837,5.0,3.6,3.19,3.93
61446,5.0,3.41,4.3,4.2367
52673,4.7,2.89,3.59,3.7267
34472,5.0,3.42,3.14,3.8533
34205,5.0,3.3,3.26,3.8533
35497,3.66,2.0,3.24,2.9667
47514,4.74,3.35,4.58,4.2233
12141,3.1,2.35,3.83,3.0933
4994,3.15,2.29,3.28,2.9067
20354,5.0,3.52,3.21,3.91
54905,4.64,3.6,3.05,3.7633
39895,5.0,3.47,3.4,3.9567
34754,2.92,1.84,3.69,2.8167
34816,3.02,2.4,4.04,3.1533
39504,3.27,2.36,3.86,3.1633
60414,2.92,2.1,4.03,3.0167
15147,5.0,3.36,3.05,3.8033
47924,5.0,3.32,3.22,3.8467
19204,4.74,3.37,4.04,4.05
4504,5.0,3.42,3.33,3.9167
34509,5.0,3.33,3.44,3.9233
36499,2.97,2.06,4.24,3.09
30981,5.0,2.85,3.0,3.6167
52964,5.0,3.6,2.99,3.8633
28692,3.77,2.9,4.03,3.5667
26688,3.44,2.29,3.34,3.0233
17610,2.94,2.24,4.66,3.28
11705,3.66,2.31,3.48,3.15
58664,2.87,2.19,4.06,3.04
22570,4.7,3.36,3.85,3.97
43101,5.0,3.2,3.51,3.9033
44305,3.95,3.06,4.16,3.7233
35781,3.7,2.95,3.83,3.4933
70191,4.74,3.09,3.64,3.8233
47169,4.3,3.32,3.81,3.81
17879,4.17,2.97,4.33,3.8233
27554,2.86,2.32,4.15,3.11
6122,4.74,2.82,3.4,3.6533
27437,5.0,3.25,2.89,3.7133
56600,5.0,3.32,3.07,3.7967
39649,3.8,2.14,3.55,3.1633
2438,5.0,3.5,2.91,3.8033
50395,4.86,3.46,3.72,4.0133
29142,2.88,2.27,3.86,3.0033
55965,4.4,2.67,3.36,3.4767
70421,3.66,2.25,3.85,3.2533
42615,5.0,3.42,3.36,3.9267
23440,2.99,2.06,4.12,3.0567
18207,5.0,3.44,3.36,3.9333
1907,2.83,2.07,4.22,3.04
66278,5.0,3.37,2.99,3.7867
14959,5.0,3.18,2.92,3.7
40025,3.21,2.29,3.53,3.01
21662,3.24,2.31,4.26,3.27
69278,2.67,2.17,4.53,3.1233
57190,2.95,2.61,3.9,3.1533
39573,5.0,3.5,3.06,3.8533
15891,4.7,3.21,3.81,3.9067
63494,3.21,2.21,4.03,3.15
55104,5.0,3.6,3.05,3.8833
65804,2.99,2.35,4.07,3.1367
31348,3.32,2.29,3.63,3.08
54215,3.06,2.08,4.22,3.12
33257,4.11,3.29,4.54,3.98
56951,4.86,3.37,3.22,3.8167
1434,3.35,2.32,3.69,3.12
46415,4.74,3.15,3.73,3.8733
45921,4.7,3.33,3.31,3.78
2944,5.0,3.44,3.75,4.0633
68818,5.0,3.41,3.48,3.9633
30034,3.66,2.37,3.38,3.1367
66187,4.1,3.36,2.9,3.4533
2063,5.0,3.58,3.55,4.0433
57093,3.44,2.35,4.63,3.4733
56952,5.0,3.6,2.96,3.8533
71109,4.4,3.6,2.96,3.6533
56364,5.0,3.13,3.26,3.7967
52106,4.47,3.49,3.99,3.9833
2176,5.0,3.44,2.81,3.75
62388,3.66,2.24,3.48,3.1267
34167,3.8,2.19,3.39,3.1267
43732,5.0,3.44,3.05,3.83
25033,2.94,2.03,4.25,3.0733
9144,2.76,2.13,4.1,2.9967
23496,5.0,3.39,3.28,3.89
62284,3.5,2.88,2.85,3.0767
19278,3.8,1.72,3.21,2.91
9372,2.75,1.79,3.1,2.5467
62180,3.8,2.29,3.74,3.2767
42795,5.0,3.17,3.0,3.7233
11727,3.8,2.4,3.2,3.1333
34130,5.0,3.23,3.27,3.8333
46667,4.47,3.51,4.2,4.06
47824,3.8,1.72,3.21,2.91
34625,5.0,3.52,3.38,3.9667
41003,3.8,2.3,4.18,3.4267
63039,4.0,3.47,4.01,3.8267
46522,5.0,3.2,3.12,3.7733
18671,5.0,3.25,3.28,3.8433
504,5.0,3.16,3.08,3.7467
8163,4.4,3.6,2.78,3.5933
15772,3.41,2.23,3.95,3.1967
14399,5.0,3.16,3.27,3.81
9254,5.0,3.26,3.92,4.06
36505,5.0,3.6,3.28,3.96
57441,3.35,2.12,3.63,3.0333
5756,4.25,3.06,3.28,3.53
41741,3.06,2.25,4.65,3.32
44809,4.44,3.09,3.38,3.6367
3731,5.0,3.47,3.45,3.9733
60824,2.85,2.29,4.46,3.2
37227,5.0,3.28,3.35,3.8767
6436,4.74,3.08,3.34,3.72
47984,3.8,2.36,3.5,3.22
14938,4.4,3.43,3.38,3.7367
18392,2.84,2.25,4.0,3.03
31158,3.02,2.05,4.34,3.1367
52438,3.8,1.89,3.25,2.98
14966,3.8,1.98,3.25,3.01
39898,4.4,3.6,2.79,3.5967
40909,5.0,3.5,3.63,4.0433
54968,3.8,2.55,4.19,3.5133
44283,2.9,2.36,4.42,3.2267
33063,5.0,3.16,3.11,3.7567
18575,3.06,2.22,3.78,3.02
67901,5.0,3.6,3.26,3.9533
6474,5.0,3.44,3.09,3.8433
61561,4.25,3.2,4.76,4.07
46502,3.27,2.25,3.81,3.11
52254,5.0,3.5,3.4,3.9667
48820,3.66,2.27,3.5,3.1433
22299,5.0,3.6,2.9,3.8333
60726,4.1,2.84,4.27,3.7367
18620,5.0,3.16,3.22,3.7933
38756,5.0,3.13,3.0,3.71
43338,5.0,3.41,3.3,3.9033
7001,2.92,2.25,4.41,3.1933
67246,5.0,3.41,3.43,3.9467
13699,5.0,3.39,3.88,4.09
64892,2.92,2.3,4.04,3.0867
18316,4.4,3.35,2.93,3.56
44327,3.06,2.32,3.83,3.07
20326,5.0,3.15,3.17,3.7733
30296,5.0,3.4,3.01,3.8033
21110,5.0,3.6,3.81,4.1367
20927,4.86,3.47,3.6,3.9767
31582,5.0,3.24,3.5,3.9133
71609,3.54,2.37,3.94,3.2833
56938,2.99,2.08,4.65,3.24
25109,5.0,3.13,2.94,3.69
33171,5.0,3.23,3.27,3.8333
44376,5.0,3.6,3.11,3.9033
69036,5.0,3.13,3.26,3.7967
29040,4.74,3.36,3.59,3.8967
65829,3.06,2.13,4.04,3.0767
15285,5.0,3.6,3.16,3.92
26754,4.86,3.18,3.45,3.83
23203,3.8,2.32,4.35,3.49
51945,5.0,3.27,3.43,3.9
850,4.1,2.74,3.37,3.4033
28401,5.0,3.47,3.29,3.92
18382,5.0,3.25,2.94,3.73
51277,3.1,2.0,3.84,2.98
7672,5.0,3.44,3.0,3.8133
50553,3.15,2.41,3.95,3.17
45352,5.0,3.37,3.0,3.79
16269,5.0,3.5,3.19,3.8967
43320,5.0,3.47,3.81,4.0933
52326,5.0,3.39,3.61,4.0
21401,4.17,2.96,3.8,3.6433
49069,4.1,2.55,3.38,3.3433
48362,5.0,3.52,3.04,3.8533
20426,3.35,2.3,4.19,3.28
21571,4.25,2.94,3.32,3.5033
53598,4.4,2.93,3.47,3.6
51229,5.0,3.5,3.06,3.8533
5767,3.66,2.35,3.75,3.2533
69478,5.0,3.28,3.44,3.9067
49943,3.27,2.21,3.9,3.1267
32615,5.0,3.5,3.26,3.92
65609,3.27,2.2,4.94,3.47
70889,2.84,2.31,4.37,3.1733
47288,5.0,3.46,3.07,3.8433
12753,5.0,3.32,3.23,3.85
64491,2.84,2.33,4.49,3.22
66977,5.0,3.52,3.36,3.96
11880,3.74,2.78,3.92,3.48
15428,3.15,2.0,3.72,2.9567
1302,5.0,3.49,3.44,3.9767
52354,4.35,3.1,3.62,3.69
60935,3.8,2.07,3.87,3.2467
48097,3.84,2.73,3.97,3.5133
27734,4.4,2.93,3.44,3.59
5306,4.1,2.84,3.34,3.4267
24138,4.4,3.6,3.38,3.7933
60670,2.88,2.17,3.62,2.89
47816,5.0,3.21,3.37,3.86
37683,5.0,3.45,3.11,3.8533
50776,5.0,3.52,3.2,3.9067
52189,4.86,3.42,3.5,3.9267
12002,3.8,2.26,2.92,2.9933
43040,5.0,3.6,3.05,3.8833
68639,3.17,1.98,4.17,3.1067
5142,4.47,3.48,4.03,3.9933
46136,5.0,3.38,3.06,3.8133
29399,5.0,3.21,3.26,3.8233
52382,3.8,1.72,3.21,2.91
30166,4.7,3.32,4.69,4.2367
42027,3.27,2.24,3.85,3.12
2639,5.0,3.55,3.35,3.9667
6310,3.27,2.17,4.08,3.1733
63268,4.1,3.16,2.84,3.3667
5532,5.0,3.44,3.59,4.01
37017,3.5,2.88,2.85,3.0767
29880,5.0,3.53,3.22,3.9167
40126,4.7,3.14,3.38,3.74
14887,5.0,3.37,3.55,3.9733
55582,4.4,3.6,2.83,3.61
13994,5.0,3.23,3.27,3.8333
20673,5.0,2.96,3.35,3.77
39219,2.78,1.98,4.21,2.99
37624,4.4,3.6,2.79,3.5967
42127,4.7,3.0,3.32,3.6733
40809,4.64,3.44,3.79,3.9567
23698,3.35,1.86,3.54,2.9167
32795,4.7,3.17,3.19,3.6867
9224,4.86,3.56,3.72,4.0467
19639,5.0,3.6,2.94,3.8467
30844,4.35,3.31,3.82,3.8267
912,2.99,2.27,4.45,3.2367
8961,5.0,3.54,3.76,4.1
31330,5.0,3.23,3.27,3.8333
58544,5.0,3.5,3.17,3.89
66768,5.0,3.38,3.13,3.8367
33133,3.8,2.4,3.13,3.11
36540,5.0,3.25,3.28,3.8433
1874,3.21,2.29,3.88,3.1267
60260,5.0,3.37,3.22,3.8633
899,3.5,2.88,2.85,3.0767
44138,4.1,2.66,3.32,3.36
47168,4.3,3.13,3.72,3.7167
17137,5.0,3.47,3.97,4.1467
31290,3.54,2.29,3.95,3.26
26192,5.0,3.6,3.63,4.0767
40949,4.1,3.36,2.9,3.4533
1820,3.1,2.16,4.35,3.2033
27910,4.26,3.6,2.91,3.59
39869,2.99,2.21,4.06,3.0867
26587,4.7,3.29,4.05,4.0133
19401,5.0,3.55,3.23,3.9267
16488,3.8,2.4,3.97,3.39
13359,5.0,3.52,3.57,4.03
29430,5.0,3.4,3.57,3.99
35576,4.74,3.58,3.7,4.0067
67,5.0,3.19,3.21,3.8
50611,4.4,3.6,3.45,3.8167
37800,2.88,2.3,3.32,2.8333
26607,4.7,3.33,4.23,4.0867
6707,3.5,2.88,2.85,3.0767
69496,3.27,2.07,3.67,3.0033
20770,4.71,3.42,3.58,3.9033
637,5.0,3.28,2.95,3.7433
31934,3.02,2.34,3.62,2.9933
71524,5.0,3.25,3.28,3.8433
48152,2.99,2.29,3.91,3.0633
57701,3.8,3.47,3.09,3.4533
30852,5.0,3.49,3.34,3.9433
22806,5.0,3.4,3.79,4.0633
7454,4.4,2.94,3.29,3.5433
20748,4.86,3.26,3.51,3.8767
43054,3.06,2.05,4.24,3.1167
44123,5.0,3.32,3.33,3.8833
4097,5.0,3.6,3.49,4.03
43084,5.0,3.31,3.52,3.9433
680,5.0,3.13,2.89,3.6733
30591,5.0,3.4,3.18,3.86
4300,5.0,3.37,3.05,3.8067
11516,5.0,3.13,3.26,3.7967
16041,4.64,3.54,3.25,3.81
3619,5.0,3.55,3.53,4.0267
43516,3.84,2.69,3.89,3.4733
4035,5.0,3.2,2.79,3.6633
26130,3.54,2.35,4.15,3.3467
24456,5.0,3.6,2.76,3.7867
48540,3.15,2.07,3.54,2.92
33603,5.0,3.35,3.09,3.8133
13222,4.35,3.53,3.58,3.82
13355,5.0,3.35,3.3,3.8833
28876,5.0,3.6,3.19,3.93
42851,5.0,3.6,2.99,3.8633
49424,4.74,3.55,3.09,3.7933
68217,5.0,3.51,3.81,4.1067
65627,3.02,2.02,4.16,3.0667
53253,1.97,2.06,3.46,2.4967
5451,5.0,3.08,3.21,3.7633
41224,5.0,3.6,3.28,3.96
29152,5.0,3.41,3.25,3.8867
45577,5.0,3.39,3.81,4.0667
10552,5.0,3.38,3.61,3.9967
65910,5.0,3.32,2.97,3.7633
17235,5.0,3.42,3.26,3.8933
38645,4.3,3.23,3.87,3.8
18943,4.4,2.99,3.39,3.5933
68225,5.0,3.49,2.95,3.8133
9456,4.86,3.31,3.45,3.8733
58124,3.28,2.8,3.84,3.3067
819,3.35,2.25,3.77,3.1233
60466,5.0,3.52,3.0,3.84
36823,3.5,2.88,2.85,3.0767
34436,3.8,2.3,3.96,3.3533
13006,3.44,2.05,3.89,3.1267
36653,5.0,3.44,3.34,3.9267
134,5.0,3.52,3.1,3.8733
47705,5.0,3.37,3.31,3.8933
47179,4.4,3.6,2.83,3.61
2310,4.86,3.25,4.02,4.0433
34229,4.14,3.39,4.03,3.8533
9451,5.0,3.31,3.5,3.9367
29333,3.06,2.1,3.87,3.01
14922,5.0,3.54,4.5,4.3467
35716,3.15,2.06,4.17,3.1267
43431,2.86,2.21,4.25,3.1067
3992,4.7,3.31,3.54,3.85
60498,3.27,2.38,3.82,3.1567
46397,5.0,3.45,3.01,3.82
28769,4.47,3.21,3.79,3.8233
64496,3.02,2.25,4.26,3.1767
51147,4.4,3.6,2.96,3.6533
54986,5.0,3.5,2.96,3.82
50346,3.06,2.26,4.15,3.1567
17942,2.89,2.2,4.16,3.0833
18595,2.99,1.96,3.81,2.92
16479,5.0,3.37,2.99,3.7867
36229,3.66,1.83,3.14,2.8767
34888,5.0,3.15,3.35,3.8333
62467,5.0,3.37,3.27,3.88
32722,5.0,3.51,3.03,3.8467
46911,3.1,2.22,4.47,3.2633
34416,3.54,2.18,3.68,3.1333
59894,4.4,3.31,3.27,3.66
19676,5.0,3.4,3.71,4.0367
23372,4.7,3.17,3.07,3.6467
49755,4.64,3.42,3.8,3.9533
43756,4.4,2.85,3.6,3.6167
36700,5.0,3.38,2.95,3.7767
43165,4.44,3.2,3.64,3.76
8988,5.0,3.27,3.43,3.9
1301,4.4,3.6,2.84,3.6133
12617,3.54,2.15,4.51,3.4
19163,5.0,3.55,3.61,4.0533
57204,5.0,3.43,3.33,3.92
32330,4.1,2.77,3.75,3.54
63057,4.4,3.02,3.45,3.6233
41427,5.0,3.33,3.08,3.8033
44400,5.0,3.56,3.37,3.9767
40335,5.0,3.25,3.28,3.8433
20001,5.0,3.2,3.18,3.7933
5001,5.0,3.32,3.02,3.78
68928,2.86,2.35,4.48,3.23
44170,3.02,2.06,3.38,2.82
8142,4.4,3.07,3.73,3.7333
31969,3.8,2.32,3.56,3.2267
71369,3.15,2.43,3.86,3.1467
50472,5.0,3.51,3.44,3.9833
31250,3.44,2.27,3.72,3.1433
9370,3.02,2.11,3.95,3.0267
36171,4.4,3.55,3.25,3.7333
50678,5.0,3.58,3.91,4.1633
589,4.74,3.47,3.56,3.9233
65612,4.7,3.01,3.05,3.5867
29993,4.64,3.11,3.63,3.7933
49189,5.0,3.0,2.84,3.6133
32541,4.7,3.29,3.82,3.9367
43629,4.7,3.18,3.27,3.7167
64695,5.0,3.6,3.01,3.87
43791,3.24,2.19,4.09,3.1733
45272,4.4,3.54,3.3,3.7467
42528,4.7,3.25,3.49,3.8133
56893,4.7,3.01,3.05,3.5867
47246,5.0,2.95,3.25,3.7333
30025,3.21,2.16,3.92,3.0967
41495,3.8,2.28,3.74,3.2733
63862,4.7,3.36,3.45,3.8367
11097,4.86,3.25,3.91,4.0067
34592,3.4,2.76,4.18,3.4467
32222,3.8,2.14,3.45,3.13
54589,5.0,3.22,3.25,3.8233
17369,5.0,3.09,3.22,3.77
37680,2.81,2.34,3.5,2.8833
48564,5.0,3.18,2.87,3.6833
30530,5.0,3.54,3.22,3.92
6258,5.0,3.43,3.22,3.8833
69283,4.74,3.41,3.68,3.9433
57978,5.0,3.57,3.53,4.0333
67492,3.15,2.21,4.36,3.24
55548,3.21,2.26,3.82,3.0967
51549,5.0,3.51,3.08,3.8633
11749,2.9,2.29,4.71,3.3
49388,4.86,3.57,3.72,4.05
41477,4.86,3.11,3.09,3.6867
27786,2.92,2.01,4.77,3.2333
5336,5.0,3.42,3.32,3.9133
61718,3.5,2.88,2.85,3.0767
61294,5.0,3.42,2.98,3.8
48220,4.7,3.31,3.23,3.7467
48149,3.44,2.0,3.9,3.1133
25238,3.95,3.41,3.31,3.5567
57718,4.3,3.07,3.27,3.5467
13416,4.44,2.9,3.87,3.7367
48550,4.41,2.94,3.18,3.51
41853,5.0,3.5,3.16,3.8867
21517,5.0,3.44,2.94,3.7933
44719,3.54,2.37,3.73,3.2133
51533,5.0,3.25,3.32,3.8567
7510,5.0,3.29,3.21,3.8333
50909,5.0,3.44,3.04,3.8267
61195,5.0,3.19,3.09,3.76
65527,4.7,3.07,3.72,3.83
35324,4.4,3.49,3.05,3.6467
19928,3.27,2.29,3.56,3.04
64248,4.4,3.6,3.8,3.9333
55008,5.0,3.15,3.6,3.9167
26223,2.89,1.89,4.78,3.1867
12094,3.44,2.15,3.36,2.9833
47841,2.87,2.36,3.9,3.0433
56384,3.44,2.11,3.53,3.0267
17387,4.26,3.49,3.77,3.84
22865,5.0,3.37,3.29,3.8867
11241,3.06,2.26,3.92,3.08
39322,5.0,3.27,3.2,3.8233
30921,5.0,3.04,3.22,3.7533
37843,3.15,2.3,3.71,3.0533
20178,5.0,3.43,3.6,4.01
37461,5.0,3.44,3.0,3.8133
55703,4.4,3.6,2.78,3.5933
23690,4.1,2.25,3.79,3.38
37285,5.0,3.53,3.43,3.9867
43274,5.0,3.59,3.89,4.16
72155,3.7,3.0,3.75,3.4833
50371,3.35,2.34,3.86,3.1833
70676,2.92,2.23,3.82,2.99
41287,3.15,2.37,3.85,3.1233
67535,5.0,3.34,2.98,3.7733
65983,4.7,2.95,3.45,3.7
58674,4.44,2.82,3.59,3.6167
58119,5.0,3.58,3.74,4.1067
14145,4.14,3.13,4.26,3.8433
56703,5.0,3.54,3.61,4.05
19229,5.0,3.51,3.81,4.1067
44362,5.0,3.54,3.47,4.0033
23923,4.86,3.26,3.26,3.7933
47108,2.9,2.11,3.6,2.87
31785,5.0,3.4,3.18,3.86
53816,4.4,3.6,2.72,3.5733
41724,5.0,2.9,3.19,3.6967
44797,5.0,3.56,3.59,4.05
35115,4.86,3.34,3.98,4.06
30925,5.0,3.05,3.25,3.7667
21693,4.11,3.28,3.44,3.61
40498,3.8,1.72,3.21,2.91
70096,3.2,2.27,3.06,2.8433
4532,5.0,3.37,3.61,3.9933
32922,3.21,2.14,4.07,3.14
4618,5.0,3.58,3.69,4.09
33688,4.74,3.42,3.11,3.7567
54711,3.62,3.03,4.46,3.7033
60998,5.0,3.06,3.28,3.78
67210,3.8,2.59,3.43,3.2733
8249,5.0,3.6,3.35,3.9833
55009,3.8,2.19,3.39,3.1267
52526,3.5,2.88,2.86,3.08
72063,4.12,3.57,4.58,4.09
55925,5.0,3.46,3.79,4.0833
27717,2.87,2.28,4.02,3.0567
50282,5.0,3.53,3.42,3.9833
42123,5.0,3.44,3.0,3.8133
22953,5.0,3.51,3.37,3.96
26491,5.0,3.48,3.26,3.9133
28714,4.55,3.46,3.28,3.7633
46926,5.0,3.52,3.04,3.8533
2995,5.0,3.35,3.46,3.9367
25071,3.8,2.27,3.41,3.16
29891,4.4,2.79,3.43,3.54
60944,3.54,2.13,3.85,3.1733
29358,4.55,3.04,3.06,3.55
56652,4.37,3.57,3.5,3.8133
2392,2.98,2.17,3.99,3.0467
55686,4.4,3.6,2.79,3.5967
56658,5.0,3.55,3.57,4.04
42464,2.89,2.11,4.66,3.22
31159,5.0,3.44,3.1,3.8467
41814,5.0,3.5,2.96,3.82
33341,2.15,1.76,4.2,2.7033
47085,3.06,2.33,4.05,3.1467
71520,4.55,3.47,4.23,4.0833
71593,5.0,3.44,3.26,3.9
62498,5.0,3.04,2.87,3.6367
57733,5.0,3.6,3.42,4.0067
28324,2.78,2.37,4.41,3.1867
29286,5.0,3.6,2.82,3.8067
18162,5.0,3.52,3.27,3.93
47898,5.0,3.27,3.15,3.8067
54759,2.84,2.27,3.39,2.8333
45988,4.7,2.98,3.39,3.69
35294,4.7,3.03,3.03,3.5867
691,3.95,3.01,4.23,3.73
36269,5.0,3.42,3.14,3.8533
64027,3.06,2.27,4.08,3.1367
8441,3.27,2.61,3.79,3.2233
992,2.94,2.24,4.27,3.15
63096,5.0,3.28,3.28,3.8533
19823,5.0,3.38,3.38,3.92
29445,5.0,3.23,3.27,3.8333
12810,5.0,3.48,2.94,3.8067
7904,5.0,3.48,3.05,3.8433
57262,4.26,3.52,3.48,3.7533
15295,5.0,3.45,3.16,3.87
33192,4.35,3.35,3.3,3.6667
70895,5.0,3.43,3.46,3.9633
39408,4.55,3.33,3.99,3.9567
53388,4.64,3.58,3.84,4.02
27161,5.0,3.55,3.04,3.8633
59415,3.27,2.19,3.97,3.1433
41767,3.06,2.18,4.54,3.26
24344,5.0,3.35,3.09,3.8133
2358,4.86,3.53,4.0,4.13
64670,4.7,3.04,3.28,3.6733
8443,3.5,2.88,2.85,3.0767
28178,4.35,3.24,3.51,3.7
71478,3.44,2.34,4.19,3.3233
47190,4.4,3.6,2.79,3.5967
56109,3.15,2.24,3.66,3.0167
2821,2.87,2.04,3.97,2.96
19179,4.7,3.27,2.97,3.6467
17346,4.55,3.35,4.06,3.9867
5063,4.7,3.2,3.59,3.83
59001,3.35,2.18,4.19,3.24
48762,5.0,3.48,3.37,3.95
26043,5.0,3.38,3.22,3.8667
26240,3.66,1.97,3.73,3.12
13369,4.01,3.38,4.74,4.0433
54335,5.0,3.19,3.52,3.9033
69671,4.4,3.6,3.0,3.6667
45192,4.26,3.41,3.41,3.6933
25120,5.0,3.54,3.2,3.9133
52124,3.8,2.19,3.39,3.1267
25611,5.0,3.16,3.18,3.78
13490,4.19,3.47,3.66,3.7733
16699,5.0,3.46,3.57,4.01
37483,3.77,2.73,4.06,3.52
32150,5.0,3.6,3.0,3.8667
57467,4.1,2.85,4.3,3.75
4134,3.8,2.29,3.64,3.2433
16726,3.44,1.97,3.54,2.9833
55036,5.0,3.13,3.26,3.7967
60919,3.44,2.42,3.46,3.1067
19191,3.8,1.72,3.21,2.91
1031,5.0,3.47,3.71,4.06
46442,4.4,2.51,3.08,3.33
9731,5.0,3.37,3.27,3.88
20655,4.7,3.34,3.51,3.85
37067,3.84,2.7,3.64,3.3933
53164,4.11,3.1,3.91,3.7067
907,5.0,3.37,3.61,3.9933
6796,2.85,2.36,4.74,3.3167
41558,5.0,3.44,3.34,3.9267
41670,5.0,3.4,2.96,3.7867
53024,5.0,3.39,3.33,3.9067
23396,3.8,2.4,3.97,3.39
59954,5.0,3.56,3.19,3.9167
29253,4.4,3.55,3.76,3.9033
31452,4.3,3.37,3.33,3.6667
29132,3.21,2.36,4.74,3.4367
8826,3.06,2.32,3.54,2.9733
13949,5.0,3.15,3.6,3.9167
69839,4.7,3.03,3.38,3.7033
60797,5.0,3.13,2.86,3.6633
16001,5.0,3.45,3.16,3.87
5313,5.0,3.58,3.72,4.1
47937,3.8,2.02,3.23,3.0167
25574,3.02,2.35,4.14,3.17
45485,4.34,3.0,3.37,3.57
58855,3.1,2.13,4.85,3.36
57822,4.4,3.52,3.25,3.7233
66124,5.0,3.6,3.01,3.87
12488,4.26,2.58,3.17,3.3367
70172,4.64,3.22,3.92,3.9267
70737,3.27,1.74,3.66,2.89
8329,5.0,3.24,3.6,3.9467
37785,2.86,1.98,4.81,3.2167
68203,4.2,3.18,3.23,3.5367
65294,5.0,3.52,3.15,3.89
21877,4.15,3.52,3.27,3.6467
70622,3.81,3.08,3.14,3.3433
12409,2.9,2.4,3.54,2.9467
652,4.1,3.36,2.9,3.4533
36436,4.47,3.3,3.2,3.6567
62035,5.0,3.49,2.95,3.8133
42880,5.0,3.26,3.44,3.9
22587,3.1,2.12,3.89,3.0367
59515,5.0,3.56,3.35,3.97
67503,5.0,3.39,3.5,3.9633
71021,5.0,3.4,3.18,3.86
29386,5.0,3.41,3.48,3.9633
67792,5.0,3.55,3.04,3.8633
125,5.0,3.41,3.71,4.04
10617,5.0,3.32,3.33,3.8833
29942,5.0,3.35,3.25,3.8667
47559,3.66,2.41,3.43,3.1667
49775,4.7,3.08,3.17,3.65
17222,5.0,3.37,3.37,3.9133
71191,4.25,3.04,4.07,3.7867
32462,3.44,2.39,3.46,3.0967
29072,5.0,3.32,3.17,3.83
40179,4.1,2.68,3.17,3.3167
52346,3.1,1.99,3.35,2.8133
45995,5.0,3.6,2.87,3.8233
44723,3.1,2.33,4.23,3.22
42789,2.94,1.98,3.12,2.68
68664,3.54,2.01,3.28,2.9433
1896,3.21,2.36,3.85,3.14
66169,4.86,3.6,3.51,3.99
4343,3.66,2.22,4.89,3.59
41041,2.99,2.35,4.44,3.26
28288,5.0,3.35,2.98,3.7767
22987,4.74,3.18,3.6,3.84
63370,3.35,2.02,3.76,3.0433
17562,5.0,3.44,3.21,3.8833
32189,5.0,3.55,3.34,3.9633
71759,5.0,3.53,3.83,4.12
58355,3.54,2.34,3.93,3.27
40450,3.84,2.69,3.6,3.3767
5289,5.0,3.6,3.19,3.93
27210,5.0,3.4,3.06,3.82
57543,4.4,3.6,2.96,3.6533
2258,4.74,3.36,3.96,4.02
10930,5.0,3.3,3.15,3.8167
58721,5.0,2.99,3.2,3.73
32585,4.19,3.42,3.28,3.63
62204,5.0,3.54,3.19,3.91
2973,5.0,3.56,3.33,3.9633
47548,4.31,3.37,3.82,3.8333
8194,5.0,3.53,3.17,3.9
60053,5.0,3.52,3.31,3.9433
23008,5.0,3.11,3.12,3.7433
21856,5.0,3.6,3.0,3.8667
50340,4.05,3.2,4.08,3.7767
66487,5.0,3.16,2.98,3.7133
52171,5.0,3.29,3.55,3.9467
69180,4.74,3.42,4.07,4.0767
36982,5.0,2.98,3.1,3.6933
64613,2.76,2.03,3.62,2.8033
38420,2.99,2.28,4.4,3.2233
44156,4.47,3.22,3.34,3.6767
31965,5.0,3.35,2.93,3.76
15802,4.26,3.44,3.93,3.8767
36669,4.55,3.32,4.2,4.0233
5430,5.0,3.52,3.64,4.0533
16388,3.66,2.54,4.54,3.58
22494,4.7,3.16,3.46,3.7733
19387,2.92,2.24,4.26,3.14
71533,5.0,3.55,3.09,3.88
31679,4.4,3.6,2.9,3.6333
26595,4.7,2.84,3.06,3.5333
10454,5.0,3.33,3.23,3.8533
27493,3.54,2.13,3.32,2.9967
35541,5.0,3.3,3.05,3.7833
25809,4.4,3.6,3.03,3.6767
3968,4.7,3.21,3.41,3.7733
59822,3.66,2.23,3.65,3.18
27881,2.89,2.3,4.08,3.09
3211,4.4,2.56,2.92,3.2933
30156,4.41,3.39,3.85,3.8833
48489,3.8,2.39,4.38,3.5233
57805,5.0,3.36,3.15,3.8367
47860,4.4,3.6,2.83,3.61
10763,3.29,2.14,3.35,2.9267
27541,4.0,3.12,3.91,3.6767
53210,3.02,2.36,4.15,3.1767
34033,5.0,3.42,3.73,4.05
55894,3.65,2.69,4.04,3.46
25855,5.0,3.59,4.08,4.2233
14136,3.8,1.72,3.21,2.91
54212,3.02,2.02,4.36,3.1333
17907,3.44,2.16,3.88,3.16
40884,4.61,3.58,4.12,4.1033
30469,4.4,3.6,2.96,3.6533
20771,5.0,3.51,2.98,3.83
36977,5.0,3.38,3.11,3.83
55425,3.1,2.17,3.61,2.96
43318,5.0,3.0,2.96,3.6533
70837,5.0,3.23,3.02,3.75
69049,2.87,2.29,4.57,3.2433
68563,3.06,2.25,3.84,3.05
56572,5.0,3.57,3.4,3.99
60865,5.0,3.43,3.43,3.9533
3075,3.44,2.2,3.6,3.08
8108,4.64,3.19,4.24,4.0233
17856,5.0,3.37,3.54,3.97
52170,5.0,3.32,3.58,3.9667
7040,4.64,3.55,3.24,3.81
29730,5.0,3.34,2.98,3.7733
34544,5.0,3.51,3.69,4.0667
50565,5.0,3.6,3.28,3.96
24822,3.66,2.35,3.95,3.32
24713,3.54,2.04,3.48,3.02
1892,4.7,3.29,3.88,3.9567
41713,4.4,3.29,2.96,3.55
20337,4.7,3.21,3.41,3.7733
40216,3.5,2.88,2.86,3.08
5944,4.7,3.23,3.24,3.7233
49979,4.4,3.6,2.79,3.5967
34912,4.4,3.6,2.79,3.5967
37639,3.06,1.96,3.66,2.8933
56469,5.0,3.49,3.05,3.8467
46358,4.74,3.23,3.4,3.79
7014,3.06,2.17,4.27,3.1667
4124,5.0,3.55,3.31,3.9533
60059,4.86,3.27,3.35,3.8267
45627,5.0,3.55,4.88,4.4767
62938,2.81,2.29,4.74,3.28
53953,3.8,2.0,3.13,2.9767
64513,5.0,3.26,3.33,3.8633
24662,4.41,3.23,3.69,3.7767
60338,5.0,2.9,2.87,3.59
2656,5.0,3.25,2.94,3.73
54982,4.74,3.58,3.69,4.0033
59880,5.0,3.51,3.13,3.88
4932,4.4,3.6,2.85,3.6167
67555,5.0,3.12,3.29,3.8033
9349,4.74,3.15,3.25,3.7133
15468,5.0,3.18,3.17,3.7833
44799,4.7,3.32,3.19,3.7367
39680,4.35,3.19,3.4,3.6467
44959,5.0,3.2,3.3,3.8333
56586,5.0,3.3,3.06,3.7867
8524,4.7,3.29,3.59,3.86
15237,4.44,3.13,3.44,3.67
70467,2.8,2.39,4.32,3.17
4732,4.7,3.04,3.36,3.7
17534,4.4,3.07,3.1,3.5233
14113,5.0,3.52,3.15,3.89
64723,5.0,3.55,3.44,3.9967
46262,5.0,3.48,3.26,3.9133
6953,4.17,3.28,4.28,3.91
43519,5.0,3.58,3.74,4.1067
23587,4.4,3.6,2.83,3.61
4785,5.0,3.5,2.96,3.82
45575,3.15,2.17,3.62,2.98
20063,5.0,3.6,3.02,3.8733
8212,5.0,3.6,3.23,3.9433
7789,4.8,3.4,3.61,3.9367
66385,3.06,1.9,4.07,3.01
44465,5.0,3.6,3.05,3.8833
9419,4.7,3.05,3.45,3.7333
17786,2.79,2.31,4.86,3.32
9781,4.74,3.53,3.88,4.05
23799,5.0,3.43,3.33,3.92
57440,3.44,2.01,3.59,3.0133
832,4.26,2.42,3.04,3.24
42453,3.02,2.15,4.64,3.27
16104,3.8,1.89,3.25,2.98
69290,5.0,3.49,3.81,4.1
43837,5.0,3.54,3.41,3.9833
39596,4.7,3.33,4.24,4.09
63362,2.88,2.21,4.15,3.08
13711,5.0,3.5,3.87,4.1233
4012,3.35,2.21,3.89,3.15
18815,4.1,2.74,3.47,3.4367
44025,4.7,3.18,3.77,3.8833
37610,5.0,3.53,3.18,3.9033
40323,5.0,3.35,3.68,4.01
47304,5.0,3.4,3.21,3.87
1386,2.75,2.27,4.2,3.0733
46971,3.74,2.79,4.7,3.7433
40672,5.0,3.38,3.99,4.1233
54525,4.7,3.27,3.44,3.8033
6324,4.1,2.63,3.73,3.4867
30566,5.0,3.35,3.52,3.9567
57831,3.06,2.03,3.81,2.9667
11431,5.0,3.54,3.25,3.93
36356,5.0,3.25,3.45,3.9
27042,4.26,3.55,3.96,3.9233
63904,4.4,3.6,2.88,3.6267
10180,3.51,2.37,3.95,3.2767
7729,5.0,3.6,3.81,4.1367
24632,5.0,3.23,3.27,3.8333
48211,5.0,3.6,2.9,3.8333
14891,3.8,2.36,3.77,3.31
13009,4.56,3.03,3.66,3.75
38165,2.97,2.33,4.49,3.2633
33064,5.0,3.6,3.17,3.9233
56376,4.7,3.17,3.53,3.8
14269,5.0,3.13,3.26,3.7967
4586,5.0,3.48,3.59,4.0233
1402,4.7,3.24,3.8,3.9133
68992,5.0,3.48,2.89,3.79
14601,4.7,3.1,3.6,3.8
41317,5.0,3.01,3.39,3.8
12102,3.8,2.59,3.72,3.37
29244,5.0,3.16,3.16,3.7733
37194,3.21,2.25,4.39,3.2833
22151,3.32,2.36,4.64,3.44
60813,5.0,3.23,3.27,3.8333
19043,5.0,3.55,3.22,3.9233
9712,4.1,2.66,3.06,3.2733
52358,3.96,2.89,3.71,3.52
58232,5.0,3.08,3.14,3.74
52744,3.1,2.27,4.27,3.2133
37939,3.06,1.99,4.03,3.0267
34962,3.8,1.89,3.25,2.98
72126,4.71,3.5,3.68,3.9633
35471,5.0,3.46,3.52,3.9933
39788,4.22,3.17,3.81,3.7333
67336,4.4,3.6,2.92,3.64
7046,3.96,2.5,3.19,3.2167
69766,4.1,2.82,4.04,3.6533
35155,3.27,2.14,3.6,3.0033
35035,4.4,3.6,2.79,3.5967
1537,4.86,3.0,3.77,3.8767
55157,3.35,2.21,3.95,3.17
53790,4.74,3.18,3.44,3.7867
67646,4.86,3.4,3.8,4.02
9698,5.0,3.6,2.91,3.8367
18884,5.0,3.44,3.08,3.84
53202,5.0,3.16,3.27,3.81
66737,4.41,3.52,3.31,3.7467
3328,5.0,3.55,3.17,3.9067
17931,3.8,2.32,3.04,3.0533
22053,4.03,3.24,3.6,3.6233
45611,3.66,2.35,4.39,3.4667
36178,4.1,2.82,3.32,3.4133
45,5.0,3.42,3.08,3.8333
18516,5.0,3.25,3.21,3.82
58146,4.7,3.33,4.19,4.0733
24940,4.41,3.14,4.31,3.9533
6511,3.35,2.17,3.45,2.99
10207,5.0,3.49,2.95,3.8133
59972,4.55,3.32,3.83,3.9
1149,4.47,3.19,3.72,3.7933
29935,4.86,3.17,3.34,3.79
40709,4.7,3.36,3.72,3.9267
54570,5.0,3.19,3.04,3.7433
57574,5.0,3.46,3.58,4.0133
46067,5.0,3.24,4.13,4.1233
38190,3.54,2.05,3.56,3.05
45246,3.02,2.34,4.47,3.2767
3527,5.0,3.49,3.5,3.9967
64360,4.7,3.11,3.41,3.74
25376,3.5,2.88,2.85,3.0767
26562,4.4,3.09,3.36,3.6167
40566,3.8,2.17,3.75,3.24
3318,2.84,2.3,4.74,3.2933
20485,3.8,2.33,3.72,3.2833
28487,2.91,2.47,4.22,3.2
22725,4.4,3.06,3.71,3.7233
67688,3.21,2.14,3.81,3.0533
57958,3.21,2.26,3.88,3.1167
60577,5.0,3.37,3.44,3.9367
17576,5.0,3.28,3.0,3.76
12131,4.4,3.06,3.21,3.5567
63420,4.7,3.33,3.52,3.85
53687,5.0,3.6,3.12,3.9067
37870,4.74,3.52,4.08,4.1133
50585,5.0,3.44,3.05,3.83
6061,5.0,3.38,3.33,3.9033
68301,3.81,2.98,4.04,3.61
68642,5.0,3.52,3.49,4.0033
11035,3.35,2.04,4.09,3.16
26127,2.86,2.24,4.64,3.2467
23838,5.0,3.29,3.1,3.7967
14492,4.86,3.21,3.0,3.69
16747,5.0,3.57,3.28,3.95
49200,2.94,2.32,4.48,3.2467
1222,2.9,2.04,4.39,3.11
39660,5.0,3.39,3.17,3.8533
49440,5.0,3.27,3.09,3.7867
5447,4.15,3.4,4.1,3.8833
56555,3.8,2.08,3.33,3.07
675,5.0,3.16,3.01,3.7233
13224,4.86,3.3,3.64,3.9333
26380,4.7,3.28,3.82,3.9333
58980,4.34,3.01,3.36,3.57
12945,3.75,2.89,4.09,3.5767
36754,4.86,3.11,3.65,3.8733
39181,4.5,3.25,3.43,3.7267
2572,3.06,2.2,4.13,3.13
45767,5.0,3.51,3.48,3.9967
8106,5.0,3.48,4.68,4.3867
5986,2.94,2.02,4.18,3.0467
66974,4.7,3.3,3.35,3.7833
61289,5.0,3.52,3.43,3.9833
13771,5.0,3.51,3.18,3.8967
19357,2.97,2.3,4.35,3.2067
4341,3.21,2.27,4.89,3.4567
29373,4.4,2.99,3.46,3.6167
25707,5.0,3.6,2.78,3.7933
63865,5.0,3.4,3.18,3.86
70416,3.35,1.9,3.49,2.9133
58379,3.8,2.1,3.06,2.9867
48056,4.44,2.8,3.71,3.65
31272,4.4,3.44,3.4,3.7467
48139,3.62,3.02,4.0,3.5467
49449,4.86,3.42,4.01,4.0967
8537,5.0,3.46,3.31,3.9233
54510,2.07,2.15,5.0,3.0733
71608,3.66,2.36,4.21,3.41
31422,3.02,2.36,4.15,3.1767
25891,3.27,2.38,3.82,3.1567
30144,3.24,2.12,3.84,3.0667
67757,5.0,3.13,3.26,3.7967
7856,5.0,3.49,2.95,3.8133
53688,3.84,2.56,3.58,3.3267
44521,5.0,3.52,3.78,4.1
24836,5.0,3.5,3.01,3.8367
375,4.7,3.16,4.46,4.1067
30067,4.4,3.6,2.77,3.59
28448,3.84,2.73,3.64,3.4033
9556,4.4,3.6,2.79,3.5967
46844,4.1,3.36,2.86,3.44
4906,4.56,3.31,3.95,3.94
68038,5.0,3.29,3.61,3.9667
58635,3.06,2.38,4.69,3.3767
70063,4.34,3.02,3.95,3.77
21825,4.4,3.6,2.96,3.6533
51344,4.1,2.84,3.38,3.44
54886,3.32,2.2,3.97,3.1633
38389,4.1,2.8,3.63,3.51
46789,4.7,3.18,3.14,3.6733
42895,5.0,3.42,3.08,3.8333
13114,4.1,2.64,3.42,3.3867
33056,3.35,2.05,3.77,3.0567
52527,3.35,2.17,3.38,2.9667
54429,3.8,2.07,3.87,3.2467
35384,5.0,3.01,3.22,3.7433
6190,2.94,2.26,3.3,2.8333
44732,4.55,3.6,3.37,3.84
31262,3.65,2.66,4.07,3.46
56117,3.02,2.13,3.9,3.0167
37668,4.55,3.24,3.88,3.89
37149,3.75,2.71,3.63,3.3633
20020,4.25,3.15,3.31,3.57
30030,2.85,2.2,4.23,3.0933
35084,5.0,3.6,3.21,3.9367
22438,2.66,2.3,5.0,3.32
59861,3.02,2.32,3.72,3.02
45652,5.0,3.53,3.27,3.9333
41412,5.0,3.44,3.23,3.89
26145,2.99,2.14,4.07,3.0667
6605,4.64,3.26,4.04,3.98
25101,5.0,3.09,3.19,3.76
30082,4.1,2.82,3.31,3.41
66569,5.0,3.48,3.63,4.0367
56811,4.1,2.62,3.45,3.39
19681,5.0,3.44,3.44,3.96
63169,5.0,3.53,3.17,3.9
40710,3.5,2.88,2.85,3.0767
70285,4.4,3.6,2.72,3.5733
13853,4.4,3.6,2.79,3.5967
47214,2.78,1.85,4.66,3.0967
37445,4.4,2.85,3.49,3.58
37679,3.87,2.87,3.69,3.4767
46878,4.4,3.6,2.79,3.5967
45104,5.0,3.52,3.2,3.9067
18953,3.65,2.65,3.22,3.1733
3588,5.0,3.6,3.39,3.9967
8933,3.54,2.37,3.48,3.13
27074,3.02,2.34,4.01,3.1233
23656,5.0,3.38,3.11,3.83
32149,5.0,3.56,3.47,4.01
52794,5.0,3.51,3.08,3.8633
15297,4.4,3.37,2.99,3.5867
70786,4.74,3.24,3.33,3.77
39885,5.0,3.2,3.01,3.7367
65908,2.88,2.24,4.31,3.1433
34760,2.87,1.9,4.05,2.94
16204,4.64,3.26,3.22,3.7067
45514,3.35,2.32,3.88,3.1833
8780,5.0,3.25,3.03,3.76
9932,2.88,2.32,3.92,3.04
22845,5.0,3.25,2.94,3.73
13428,5.0,3.13,2.94,3.69
27985,5.0,2.58,4.38,3.9867
35136,5.0,3.54,4.63,4.39
54580,5.0,3.6,3.49,4.03
49921,4.1,3.26,3.42,3.5933
49785,5.0,3.23,3.27,3.8333
12655,2.92,1.84,3.9,2.8867
67586,5.0,3.56,3.44,4.0
14875,3.5,2.88,2.85,3.0767
22700,2.97,2.21,4.03,3.07
63098,5.0,3.53,3.12,3.8833
60328,5.0,3.45,3.97,4.14
83,5.0,3.6,3.09,3.8967
57911,5.0,3.4,3.06,3.82
54435,4.4,3.6,2.79,3.5967
46974,5.0,3.58,3.85,4.1433
24574,5.0,3.4,3.29,3.8967
41788,5.0,3.39,3.29,3.8933
24020,3.77,3.26,3.85,3.6267
67327,3.02,2.13,3.95,3.0333
69785,5.0,3.42,3.37,3.93
32326,3.24,2.29,4.22,3.25
30239,5.0,3.47,2.98,3.8167
69901,5.0,3.27,3.04,3.77
11008,5.0,3.6,2.95,3.85
24204,3.8,2.32,3.42,3.18
22818,3.44,2.02,3.71,3.0567
59037,3.28,2.75,4.05,3.36
17850,3.51,2.61,4.29,3.47
59384,4.14,2.94,4.68,3.92
59856,3.27,2.21,3.9,3.1267
41758,3.8,1.71,3.19,2.9
70250,3.1,2.31,3.88,3.0967
26249,5.0,3.37,3.26,3.8767
56075,3.95,2.77,3.58,3.4333
49888,4.44,2.97,3.58,3.6633
7136,4.4,3.6,2.96,3.6533
23727,5.0,3.31,3.31,3.8733
36414,4.7,3.04,3.35,3.6967
7033,5.0,3.42,3.45,3.9567
26046,2.81,2.38,4.79,3.3267
4655,2.71,2.31,5.0,3.34
31517,3.27,2.31,4.05,3.21
61253,4.4,3.6,2.83,3.61
28980,5.0,3.4,3.06,3.82
35354,3.21,2.0,3.58,2.93
40936,5.0,3.11,3.09,3.7333
45362,5.0,3.23,3.27,3.8333
52914,5.0,3.47,3.04,3.8367
34016,3.15,2.47,3.72,3.1133
7802,3.96,2.68,4.18,3.6067
71417,3.21,2.33,3.94,3.16
34039,5.0,3.56,3.52,4.0267
43995,5.0,3.5,3.65,4.05
68246,5.0,3.55,3.31,3.9533
42996,5.0,3.6,2.79,3.7967
40921,5.0,3.25,3.19,3.8133
16597,5.0,3.35,3.09,3.8133
62988,5.0,3.38,3.39,3.9233
57779,4.56,3.14,4.04,3.9133
839,3.15,2.34,3.68,3.0567
60324,5.0,3.5,3.06,3.8533
65436,5.0,3.39,3.33,3.9067
31389,4.04,3.25,2.89,3.3933
70244,5.0,3.49,2.95,3.8133
23644,2.84,2.27,4.44,3.1833
34739,5.0,3.4,3.24,3.88
30864,5.0,3.52,3.26,3.9267
37521,5.0,3.18,2.87,3.6833
13042,4.34,3.24,3.1,3.56
47222,5.0,3.44,3.16,3.8667
66995,5.0,3.44,3.62,4.02
24850,4.4,3.6,2.79,3.5967
59023,2.92,2.38,4.02,3.1067
19787,3.35,2.6,3.53,3.16
1107,5.0,3.56,3.61,4.0567
71428,5.0,2.98,2.86,3.6133
46624,5.0,3.19,3.79,3.9933
48586,5.0,3.39,3.12,3.8367
48261,4.7,2.83,3.47,3.6667
57630,5.0,3.54,3.64,4.06
37742,5.0,3.01,3.27,3.76
29741,3.17,2.17,3.76,3.0333
20283,4.47,3.46,3.75,3.8933
23198,5.0,3.19,3.04,3.7433
32124,4.1,2.75,3.49,3.4467
25398,2.81,2.29,4.65,3.25
35303,3.35,1.98,3.27,2.8667
47674,5.0,3.11,3.09,3.7333
65011,3.24,2.29,4.01,3.18
26444,4.7,3.09,3.18,3.6567
43118,5.0,3.44,3.62,4.02
46460,3.1,2.14,4.49,3.2433
53274,5.0,3.5,3.47,3.99
5531,4.44,3.08,3.83,3.7833
32611,5.0,3.36,3.26,3.8733
27214,5.0,3.4,3.06,3.82
60435,4.7,3.03,3.09,3.6067
64243,3.5,2.88,2.85,3.0767
42441,4.7,3.01,3.05,3.5867
57849,4.4,3.6,2.77,3.59
8082,5.0,3.6,3.03,3.8767
58915,4.4,3.06,3.14,3.5333
42575,4.4,3.6,2.79,3.5967
40578,5.0,3.21,3.59,3.9333
21347,5.0,3.31,3.27,3.86
58455,3.1,2.26,3.73,3.03
62471,5.0,3.49,2.95,3.8133
33561,5.0,3.4,3.06,3.82
21439,5.0,3.41,3.07,3.8267
19347,2.88,2.38,4.09,3.1167
57649,4.86,3.41,3.97,4.08
46196,5.0,3.6,3.37,3.99
42422,3.8,2.28,3.37,3.15
22449,4.4,3.35,3.09,3.6133
70446,5.0,3.37,3.1,3.8233
68670,4.86,3.2,3.85,3.97
4592,4.01,3.02,3.78,3.6033
52376,3.8,2.46,3.99,3.4167
13919,2.91,2.09,4.26,3.0867
44701,5.0,3.34,3.39,3.91
12234,3.15,2.32,3.62,3.03
65387,3.15,2.29,4.26,3.2333
65880,3.66,2.19,3.95,3.2667
14979,5.0,3.51,3.28,3.93
64001,4.1,3.36,3.04,3.5
7355,3.66,2.48,3.59,3.2433
13213,5.0,3.44,3.05,3.83
60494,3.8,2.39,3.56,3.25
10411,3.8,1.75,3.2,2.9167
37422,3.35,2.3,3.83,3.16
19192,5.0,3.32,3.02,3.78
6561,3.02,2.36,3.71,3.03
51643,5.0,3.6,3.06,3.8867
25523,3.74,2.67,3.8,3.4033
1454,3.8,2.28,3.41,3.1633
56787,4.1,2.55,3.91,3.52
20153,4.7,3.36,3.27,3.7767
1061,5.0,3.6,3.73,4.11
2469,5.0,3.49,3.33,3.94
43533,5.0,3.2,3.18,3.7933
40278,4.44,3.03,3.72,3.73
34889,5.0,3.3,3.06,3.7867
14031,3.21,1.94,3.71,2.9533
7827,2.79,2.31,4.79,3.2967
52108,5.0,3.6,3.46,4.02
5415,4.4,3.09,4.21,3.9
5068,5.0,3.54,3.51,4.0167
70137,2.85,2.0,4.21,3.02
8288,5.0,3.34,3.5,3.9467
53631,5.0,3.6,3.0,3.8667
42396,3.51,2.39,3.56,3.1533
11040,3.27,2.2,3.85,3.1067
10426,4.64,3.4,3.51,3.85
45264,4.47,3.43,3.61,3.8367
72062,5.0,3.39,3.17,3.8533
37356,4.7,3.11,3.56,3.79
10788,4.4,3.4,2.84,3.5467
11101,3.15,2.32,3.71,3.06
45032,5.0,3.31,3.21,3.84
57765,4.25,2.99,3.47,3.57
28420,3.5,2.88,2.85,3.0767
45520,4.7,3.21,3.41,3.7733
29219,5.0,3.6,2.82,3.8067
11127,4.44,3.51,3.37,3.7733
43299,5.0,3.48,2.99,3.8233
63656,5.0,3.29,3.1,3.7967
56211,3.5,2.88,2.85,3.0767
54601,4.7,3.36,3.46,3.84
38623,5.0,3.52,3.37,3.9633
63192,2.99,2.28,4.03,3.1
69949,5.0,3.51,2.97,3.8267
22109,4.7,3.32,3.42,3.8133
17197,3.8,2.47,3.93,3.4
70514,3.8,2.07,3.57,3.1467
16457,3.44,2.16,3.2,2.9333
44728,4.7,2.5,3.18,3.46
200,3.02,2.19,3.94,3.05
71151,5.0,3.08,3.03,3.7033
22933,5.0,3.44,3.05,3.83
50915,4.7,3.14,3.28,3.7067
44856,5.0,3.13,3.26,3.7967
26872,4.14,3.1,3.64,3.6267
63826,5.0,3.4,3.01,3.8033
33697,4.44,2.95,3.36,3.5833
27901,5.0,3.32,3.38,3.9
62469,5.0,3.25,3.17,3.8067
36430,5.0,3.49,3.0,3.83
15294,5.0,3.39,3.17,3.8533
3488,3.8,2.26,3.31,3.1233
37013,2.87,2.24,4.07,3.06
40455,3.84,2.66,3.61,3.37
47370,3.96,2.72,3.69,3.4567
26287,5.0,3.55,3.28,3.9433
56173,5.0,3.53,3.06,3.8633
25131,5.0,3.57,4.02,4.1967
30036,5.0,3.42,3.1,3.84
5526,4.86,3.27,3.22,3.7833
64677,5.0,3.46,3.63,4.03
65952,5.0,3.53,3.81,4.1133
15391,5.0,3.51,3.19,3.9
53215,5.0,3.51,3.81,4.1067
6661,5.0,3.51,3.02,3.8433
52985,5.0,3.6,3.47,4.0233
60197,4.64,3.57,3.62,3.9433
1210,4.56,3.34,4.18,4.0267
16273,5.0,3.48,3.26,3.9133
36969,5.0,3.35,2.88,3.7433
35269,3.66,2.56,3.35,3.19
71117,4.12,3.31,3.59,3.6733
46586,4.41,3.4,3.4,3.7367
41577,4.47,3.46,3.41,3.78
8341,3.8,2.64,3.54,3.3267
52048,5.0,3.32,3.02,3.78
10634,5.0,3.13,3.26,3.7967
56529,5.0,3.58,3.92,4.1667
21582,5.0,3.28,3.53,3.9367
15518,5.0,3.52,2.99,3.8367
43150,2.93,2.51,4.13,3.19
65791,5.0,3.58,3.55,4.0433
38833,2.99,2.22,4.07,3.0933
52635,3.06,2.32,3.53,2.97
7493,3.5,2.88,2.85,3.0767
32225,5.0,3.25,3.25,3.8333
47426,5.0,2.79,3.01,3.6
66594,3.06,2.22,3.69,2.99
16386,5.0,3.43,3.3,3.91
69029,5.0,3.44,3.16,3.8667
44958,5.0,3.54,4.03,4.19
70594,3.8,2.27,4.4,3.49
12840,5.0,3.6,2.94,3.8467
25382,3.5,2.88,2.85,3.0767
2418,2.87,2.07,4.46,3.1333
69434,4.4,3.6,2.8,3.6
67239,5.0,3.4,3.99,4.13
55863,2.84,1.96,3.95,2.9167
68549,3.5,2.68,3.22,3.1333
47487,5.0,3.38,3.22,3.8667
41546,2.97,2.14,4.22,3.11
28176,4.35,3.24,3.51,3.7
13094,4.86,3.39,3.45,3.9
14980,4.74,3.47,3.48,3.8967
55283,5.0,3.54,3.86,4.1333
28808,4.4,3.32,2.77,3.4967
69315,4.4,3.6,2.78,3.5933
7284,3.27,2.09,3.61,2.99
47281,5.0,3.54,3.01,3.85
53538,5.0,3.58,4.03,4.2033
12172,4.7,3.32,3.44,3.82
9362,4.04,3.31,3.37,3.5733
66130,4.4,3.1,3.63,3.71
30988,5.0,3.51,2.97,3.8267
11036,5.0,3.42,3.48,3.9667
8065,5.0,3.17,3.15,3.7733
48775,4.4,3.6,2.99,3.6633
19671,5.0,3.34,3.81,4.05
5973,5.0,3.6,3.42,4.0067
64180,2.76,2.29,4.51,3.1867
57151,4.64,3.35,3.09,3.6933
64193,5.0,3.4,3.25,3.8833
36513,5.0,3.53,3.23,3.92
15150,5.0,3.49,3.23,3.9067
29996,5.0,3.55,3.53,4.0267
20956,5.0,3.18,3.44,3.8733
47307,5.0,3.6,2.9,3.8333
26115,3.8,2.11,3.76,3.2233
4748,2.97,2.31,4.12,3.1333
6510,3.35,2.22,3.44,3.0033
66056,4.3,3.46,3.42,3.7267
35927,5.0,2.92,3.54,3.82
54784,3.06,2.27,3.51,2.9467
69145,4.7,3.01,3.43,3.7133
45821,3.8,1.72,3.21,2.91
32252,3.27,2.18,3.68,3.0433
35558,5.0,3.6,2.76,3.7867
59936,5.0,3.57,3.33,3.9667
58923,4.4,3.6,2.79,3.5967
19346,5.0,3.52,3.42,3.98
62189,5.0,3.35,3.41,3.92
5563,4.4,3.6,2.79,3.5967
57902,5.0,3.55,3.28,3.9433
15257,5.0,3.57,3.51,4.0267
43207,3.54,2.32,3.58,3.1467
59298,4.4,3.6,2.96,3.6533
33162,4.4,3.6,2.79,3.5967
13589,5.0,3.32,3.12,3.8133
16540,2.88,2.22,4.39,3.1633
39069,5.0,3.6,3.47,4.0233
2557,4.4,3.6,2.92,3.64
65360,4.1,3.22,3.08,3.4667
15094,3.66,2.27,3.14,3.0233
32819,3.66,2.23,3.7,3.1967
49945,4.4,3.6,2.93,3.6433
60815,5.0,3.44,3.05,3.83
50519,4.41,3.44,3.42,3.7567
49307,5.0,3.48,3.31,3.93
36419,3.8,2.34,3.63,3.2567
61127,5.0,3.51,3.5,4.0033
31872,5.0,3.46,2.87,3.7767
1196,4.1,2.79,3.19,3.36
51878,5.0,3.41,3.18,3.8633
28316,3.17,2.06,3.48,2.9033
61757,2.94,2.3,4.02,3.0867
39931,5.0,3.22,3.39,3.87
42577,5.0,3.46,3.47,3.9767
25279,3.8,2.37,3.81,3.3267
33786,4.64,3.49,3.83,3.9867
46608,5.0,3.36,3.36,3.9067
35021,4.4,3.6,3.38,3.7933
38708,3.35,2.31,3.85,3.17
22551,3.02,1.91,3.5,2.81
54943,5.0,3.19,3.2,3.7967
48704,4.26,2.99,3.96,3.7367
53718,3.7,2.8,4.37,3.6233
35317,2.78,2.26,4.33,3.1233
15739,5.0,3.56,3.34,3.9667
6101,5.0,3.23,3.62,3.95
50831,3.15,2.64,3.41,3.0667
29752,4.3,3.6,3.86,3.92
62661,5.0,3.1,3.25,3.7833
26488,5.0,3.01,3.33,3.78
57175,3.41,2.16,4.2,3.2567
14921,3.35,2.0,4.01,3.12
15479,3.06,2.33,4.11,3.1667
27952,3.1,2.22,3.72,3.0133
20428,4.56,3.32,4.12,4.0
35312,5.0,3.04,3.17,3.7367
57085,3.35,2.31,3.85,3.17
6178,4.4,3.44,2.96,3.6
51862,5.0,3.44,3.23,3.89
20430,5.0,3.47,3.4,3.9567
58919,5.0,3.44,3.1,3.8467
35960,5.0,3.6,2.8,3.8
31126,4.19,3.48,4.24,3.97
34116,5.0,3.56,3.69,4.0833
17161,4.7,3.14,3.78,3.8733
16142,3.27,1.87,3.62,2.92
10311,4.4,3.6,2.77,3.59
9399,4.86,3.2,3.2,3.7533
39551,3.35,2.37,4.59,3.4367
34069,3.96,2.34,3.49,3.2633
60305,5.0,3.57,3.38,3.9833
28089,5.0,3.53,3.77,4.1
16854,5.0,3.35,3.67,4.0067
1885,5.0,3.53,3.16,3.8967
15860,4.86,3.16,3.79,3.9367
22653,4.64,2.94,3.31,3.63
38648,5.0,3.41,3.09,3.8333
39807,5.0,3.25,2.8,3.6833
4686,4.4,2.78,4.13,3.77
46717,5.0,3.21,3.05,3.7533
43973,5.0,3.13,3.1,3.7433
37136,4.74,3.29,3.28,3.77
1692,4.1,2.59,3.47,3.3867
11726,5.0,3.37,2.89,3.7533
16012,5.0,3.38,3.38,3.92
33664,3.24,2.33,3.49,3.02
46687,4.4,3.6,2.79,3.5967
16247,4.7,3.25,3.61,3.8533
49389,5.0,3.58,4.03,4.2033
49456,4.86,3.57,3.54,3.99
61812,3.66,2.02,3.28,2.9867
31741,4.74,3.42,3.29,3.8167
66973,2.91,2.22,3.98,3.0367
35644,5.0,3.47,3.18,3.8833
10821,2.92,2.22,4.33,3.1567
29538,5.0,3.39,3.33,3.9067
7952,5.0,3.56,3.21,3.9233
35831,4.55,3.47,3.81,3.9433
61493,5.0,3.38,3.05,3.81
15656,5.0,3.17,3.43,3.8667
57945,4.26,3.03,3.38,3.5567
69426,5.0,3.56,3.17,3.91
47014,2.79,2.31,4.23,3.11
69672,4.4,3.6,2.79,3.5967
26259,3.8,2.35,4.32,3.49
47805,2.84,2.23,4.8,3.29
44513,5.0,3.49,3.0,3.83
21458,5.0,3.33,3.03,3.7867
55364,4.74,3.57,3.4,3.9033
35358,3.1,2.26,3.62,2.9933
21453,5.0,3.49,3.28,3.9233
19275,4.4,3.6,2.96,3.6533
28011,4.7,3.17,3.43,3.7667
30105,3.17,2.18,4.07,3.14
27982,5.0,3.53,3.06,3.8633
42739,5.0,3.6,2.95,3.85
71041,5.0,3.6,2.97,3.8567
14239,4.1,3.2,3.2,3.5
21284,4.83,3.46,3.59,3.96
3891,2.29,2.13,3.69,2.7033
28506,4.44,3.26,3.77,3.8233
37983,5.0,3.23,3.27,3.8333
30022,3.54,2.34,3.11,2.9967
42126,3.27,2.24,3.72,3.0767
61703,5.0,3.43,3.59,4.0067
1515,3.15,2.11,3.87,3.0433
34144,5.0,3.18,3.76,3.98
26825,3.67,2.98,4.23,3.6267
26496,4.1,3.36,2.9,3.4533
57687,4.4,3.04,3.9,3.78
51278,4.4,3.6,2.79,3.5967
42905,4.4,3.6,2.79,3.5967
49193,3.54,2.22,3.49,3.0833
50689,5.0,3.55,3.15,3.9
23153,4.4,3.44,3.3,3.7133
40387,5.0,3.53,3.32,3.95
17193,4.74,3.48,3.57,3.93
19047,3.15,2.36,3.79,3.1
30329,2.94,2.36,3.38,2.8933
10436,5.0,3.35,3.41,3.92
36341,5.0,3.51,3.32,3.9433
32281,3.54,1.9,3.25,2.8967
65553,4.4,3.47,2.98,3.6167
50957,4.41,3.3,3.88,3.8633
35306,4.34,3.02,3.77,3.71
63063,4.7,3.1,3.61,3.8033
66878,5.0,3.45,3.16,3.87
32100,5.0,3.6,2.98,3.86
39259,5.0,3.23,3.27,3.8333
32441,5.0,3.2,2.91,3.7033
7245,3.21,2.3,3.85,3.12
63842,3.8,1.72,3.21,2.91
64373,4.7,3.23,3.61,3.8467
66690,5.0,3.38,3.39,3.9233
53054,3.21,2.22,4.39,3.2733
4923,4.41,3.13,3.52,3.6867
19093,3.1,2.11,4.2,3.1367
30063,5.0,3.56,3.24,3.9333
7120,3.96,2.61,3.38,3.3167
49802,5.0,3.35,3.79,4.0467
56047,4.74,3.54,3.73,4.0033
23489,5.0,3.6,2.89,3.83
41763,3.65,2.54,3.83,3.34
9512,5.0,3.32,3.38,3.9
22000,5.0,3.35,3.09,3.8133
36510,5.0,3.42,3.49,3.97
31292,3.54,2.28,3.88,3.2333
2951,4.7,3.17,3.48,3.7833
58604,5.0,3.32,3.38,3.9
56027,3.8,2.19,3.84,3.2767
51791,4.7,3.31,3.65,3.8867
42601,5.0,3.35,2.98,3.7767
48042,5.0,3.52,3.54,4.02
61663,4.04,2.97,4.02,3.6767
26238,3.8,2.6,4.06,3.4867
31843,5.0,3.6,3.59,4.0633
35060,5.0,3.49,3.01,3.8333
28803,3.8,1.89,3.25,2.98
63906,4.26,3.55,3.99,3.9333
61903,3.96,2.78,3.74,3.4933
36170,5.0,3.6,3.36,3.9867
34379,4.7,3.31,3.85,3.9533
17637,3.81,2.89,3.66,3.4533
47300,5.0,3.1,3.01,3.7033
23418,4.55,3.6,3.1,3.75
49094,4.34,3.15,3.88,3.79
4614,5.0,3.5,3.12,3.8733
22148,5.0,3.6,3.54,4.0467
9779,3.44,2.31,3.84,3.1967
60715,5.0,3.42,3.27,3.8967
8544,5.0,3.32,3.22,3.8467
11766,4.4,3.6,2.82,3.6067
58107,4.4,3.51,3.13,3.68
40626,4.4,3.6,2.79,3.5967
56871,3.65,2.4,3.53,3.1933
24066,4.4,3.0,3.41,3.6033
39151,5.0,3.6,2.94,3.8467
62636,5.0,3.52,3.49,4.0033
29502,4.1,2.74,3.53,3.4567
64885,5.0,3.48,2.94,3.8067
55898,4.4,3.6,2.79,3.5967
14610,5.0,3.31,3.42,3.91
64069,3.8,2.15,3.25,3.0667
65948,4.47,3.43,4.23,4.0433
62512,3.96,2.65,3.32,3.31
62476,4.7,2.87,3.28,3.6167
3721,3.96,3.23,3.6,3.5967
54538,5.0,3.28,3.97,4.0833
71025,5.0,3.51,3.13,3.88
19297,4.4,3.6,3.25,3.75
51817,3.44,2.36,4.68,3.4933
30217,3.15,2.13,3.78,3.02
26209,4.14,3.55,4.26,3.9833
26889,5.0,3.36,3.69,4.0167
53594,4.7,3.01,3.05,3.5867
20422,5.0,3.06,3.43,3.83
57331,5.0,3.6,2.94,3.8467
9700,5.0,3.6,3.65,4.0833
62101,4.64,3.4,3.95,3.9967
35125,5.0,3.31,3.16,3.8233
14953,5.0,3.24,3.29,3.8433
39825,5.0,3.6,3.51,4.0367
4945,5.0,3.49,2.95,3.8133
41777,4.4,3.6,3.17,3.7233
48475,5.0,3.4,3.25,3.8833
36667,4.55,3.57,3.48,3.8667
45407,4.7,3.28,3.15,3.71
43587,5.0,3.35,3.36,3.9033
67337,5.0,3.6,2.94,3.8467
55801,5.0,3.38,3.05,3.81
37811,4.7,3.36,2.89,3.65
46015,5.0,3.4,2.96,3.7867
12439,5.0,3.21,3.26,3.8233
62201,3.54,2.01,3.49,3.0133
34032,5.0,3.35,3.46,3.9367
56450,4.47,3.44,3.48,3.7967
69071,4.61,2.88,3.65,3.7133
63601,3.7,3.13,3.89,3.5733
45590,4.3,3.5,3.85,3.8833
8658,4.26,2.88,3.58,3.5733
52138,4.37,3.06,3.71,3.7133
70249,3.8,1.89,3.25,2.98
15673,5.0,3.47,3.18,3.8833
17354,5.0,3.25,2.94,3.73
7961,5.0,3.21,3.0,3.7367
26605,4.7,3.32,3.97,3.9967
53500,3.35,2.3,3.66,3.1033
54021,4.86,3.54,3.51,3.97
33731,3.2,2.15,3.04,2.7967
21231,5.0,3.13,3.05,3.7267
52811,4.4,3.06,3.38,3.6133
50443,2.91,1.84,3.59,2.78
12949,4.1,2.65,3.49,3.4133
47264,4.4,3.23,3.07,3.5667
52665,4.7,2.86,3.46,3.6733
54809,2.99,2.5,4.23,3.24
52796,5.0,3.51,2.98,3.83
36597,3.35,2.26,4.08,3.23
59756,5.0,3.4,3.18,3.86
32244,4.4,3.6,2.83,3.61
8924,2.94,2.3,4.3,3.18
38616,4.7,3.01,3.05,3.5867
17121,3.27,2.26,3.6,3.0433
10708,2.66,2.23,3.85,2.9133
71066,4.37,3.6,3.27,3.7467
27331,5.0,3.6,3.27,3.9567
24896,4.74,3.51,3.34,3.8633
43856,3.02,2.35,3.78,3.05
59382,4.44,2.97,3.16,3.5233
44369,4.1,2.79,3.71,3.5333
46920,5.0,3.23,3.27,3.8333
48354,5.0,3.08,3.39,3.8233
55524,5.0,3.46,3.63,4.03
48003,5.0,3.38,3.28,3.8867
24835,3.44,2.52,4.2,3.3867
39619,5.0,3.2,3.18,3.7933
34942,2.9,2.09,3.89,2.96
36053,5.0,3.56,3.36,3.9733
40713,4.41,3.3,4.4,4.0367
61021,5.0,3.31,3.63,3.98
54935,5.0,3.38,3.12,3.8333
48871,5.0,3.07,3.18,3.75
557,5.0,3.4,2.96,3.7867
8605,5.0,3.38,3.11,3.83
20137,5.0,3.4,3.01,3.8033
33109,3.57,2.6,3.96,3.3767
11622,5.0,3.09,4.43,4.1733
42015,5.0,3.31,3.21,3.84
17022,5.0,3.6,3.0,3.8667
29756,5.0,3.55,3.04,3.8633
37647,4.74,3.35,3.4,3.83
15748,4.1,3.16,2.84,3.3667
17776,3.15,1.96,4.23,3.1133
64888,3.27,2.26,3.84,3.1233
58293,5.0,3.6,3.24,3.9467
19496,3.54,2.36,3.92,3.2733
33312,5.0,3.42,3.77,4.0633
30803,3.27,2.48,3.79,3.18
32970,4.41,3.55,3.23,3.73
40237,4.7,3.18,3.34,3.74
61802,3.06,2.38,3.93,3.1233
23896,3.66,2.39,3.36,3.1367
70756,3.54,2.29,4.04,3.29
42026,3.02,2.37,4.47,3.2867
33310,3.35,2.33,4.89,3.5233
41586,3.35,2.32,3.54,3.07
16537,3.66,2.17,3.74,3.19
39134,5.0,3.44,3.0,3.8133
57753,3.74,2.39,3.9,3.3433
56145,3.21,2.26,3.92,3.13
4005,3.8,2.6,3.25,3.2167
31273,3.66,2.22,3.73,3.2033
14486,3.44,2.29,4.57,3.4333
30053,4.56,3.22,3.73,3.8367
12972,5.0,3.6,2.97,3.8567
63467,3.66,2.27,4.07,3.3333
57024,4.86,3.38,3.61,3.95
17712,3.27,2.56,3.58,3.1367
11481,4.26,3.46,4.23,3.9833
66039,3.35,2.3,4.89,3.5133
70563,5.0,3.23,3.27,3.8333
52870,5.0,3.52,3.15,3.89
71502,5.0,3.56,3.34,3.9667
54790,4.35,3.56,4.05,3.9867
62790,4.1,2.58,2.96,3.2133
21094,5.0,3.1,3.33,3.81
58977,5.0,3.54,3.36,3.9667
26331,4.74,3.45,4.74,4.31
44202,5.0,3.56,3.57,4.0433
21781,2.78,2.26,4.42,3.1533
46539,5.0,3.6,2.77,3.79
20796,4.4,2.67,3.28,3.45
32207,3.84,2.6,3.11,3.1833
47033,4.64,3.41,3.52,3.8567
38334,3.35,2.33,3.94,3.2067
40652,3.35,2.28,4.1,3.2433
25549,3.44,2.35,4.02,3.27
6264,4.7,3.16,3.13,3.6633
36952,4.4,3.1,3.68,3.7267
51578,4.1,2.7,3.08,3.2933
22475,4.04,2.93,3.38,3.45
22591,4.1,3.36,3.08,3.5133
52297,5.0,3.49,3.23,3.9067
53482,2.97,2.2,4.19,3.12
38726,2.81,2.25,4.7,3.2533
36331,4.1,2.58,3.87,3.5167
11933,5.0,3.6,2.73,3.7767
58771,4.1,3.36,2.9,3.4533
50533,2.79,2.26,5.0,3.35
68263,5.0,3.41,3.18,3.8633
23267,5.0,3.6,2.94,3.8467
39868,3.15,2.08,4.65,3.2933
49092,4.1,3.16,2.84,3.3667
38563,5.0,3.6,3.0,3.8667
35904,5.0,3.33,3.39,3.9067
10267,5.0,3.37,3.32,3.8967
56642,5.0,3.48,3.41,3.9633
24406,5.0,3.58,3.66,4.08
23820,5.0,3.44,3.16,3.8667
28667,3.57,3.39,3.51,3.49
59734,5.0,3.53,3.17,3.9
56585,5.0,3.6,3.06,3.8867
63364,4.41,3.44,4.33,4.06
62533,2.99,2.36,4.03,3.1267
1417,3.27,2.5,4.52,3.43
9927,3.5,2.88,2.85,3.0767
16825,2.86,2.18,4.43,3.1567
62755,3.8,2.15,3.25,3.0667
67484,4.4,3.6,2.78,3.5933
4559,5.0,3.55,3.29,3.9467
22627,5.0,3.6,3.81,4.1367
34427,2.99,2.35,4.34,3.2267
31849,4.4,3.6,3.26,3.7533
23252,5.0,3.6,2.79,3.7967
40369,4.4,3.01,3.13,3.5133
17641,3.51,2.74,3.66,3.3033
27591,5.0,3.53,3.45,3.9933
54390,3.87,2.88,4.07,3.6067
66909,4.83,3.51,3.79,4.0433
42503,2.94,2.02,4.31,3.09
44931,4.86,3.48,3.55,3.9633
52196,5.0,3.58,3.73,4.1033
309,2.84,2.33,4.26,3.1433
49391,4.4,3.6,2.79,3.5967
35893,3.1,2.32,4.34,3.2533
50361,5.0,3.45,3.01,3.82
36140,2.92,2.3,4.5,3.24
48773,3.8,3.01,3.0,3.27
17658,5.0,3.4,3.39,3.93
33289,4.86,3.39,4.1,4.1167
3355,3.97,3.26,4.13,3.7867
65803,3.44,2.1,4.09,3.21
70726,4.55,3.38,3.24,3.7233
5073,5.0,3.6,3.03,3.8767
21654,5.0,3.37,3.21,3.86
63717,5.0,3.44,2.86,3.7667
54576,5.0,3.55,3.14,3.8967
56716,5.0,3.55,3.33,3.96
62839,3.66,1.82,3.28,2.92
29881,4.4,3.6,2.79,3.5967
50556,3.8,2.2,3.36,3.12
48967,5.0,3.57,4.0,4.19
1566,2.99,2.34,3.85,3.06
54475,3.21,2.12,3.27,2.8667
18944,4.34,3.22,3.8,3.7867
30880,5.0,3.58,3.55,4.0433
17885,3.74,2.47,3.93,3.38
26001,2.84,2.3,4.74,3.2933
8691,4.7,3.27,3.86,3.9433
17829,3.51,2.61,3.9,3.34
22386,5.0,3.15,3.14,3.7633
7338,4.86,3.43,3.22,3.8367
55933,5.0,3.46,3.07,3.8433
19446,4.74,3.42,4.24,4.1333
43865,5.0,3.15,3.28,3.81
35882,4.74,3.39,3.36,3.83
37808,4.7,3.36,2.88,3.6467
49357,5.0,3.52,2.94,3.82
19216,3.21,2.17,4.21,3.1967
8282,4.4,3.6,2.83,3.61
3555,4.86,3.47,3.3,3.8767
38108,5.0,3.16,3.27,3.81
22552,3.21,2.14,3.66,3.0033
9569,5.0,3.58,3.54,4.04
51972,5.0,3.51,3.07,3.86
45619,4.7,3.31,4.06,4.0233
55932,4.7,2.74,2.81,3.4167
52702,4.56,3.14,3.84,3.8467
21697,5.0,3.6,2.98,3.86
46728,4.47,3.47,3.19,3.71
21263,3.1,2.36,4.17,3.21
8447,5.0,3.16,3.61,3.9233
29348,4.7,3.1,3.77,3.8567
19368,3.02,2.3,3.5,2.94
22635,3.35,2.03,3.68,3.02
30993,5.0,3.27,3.24,3.8367
65577,5.0,3.44,3.16,3.8667
39958,4.1,2.86,3.77,3.5767
50886,2.85,2.16,3.96,2.99
8724,3.74,2.63,3.3,3.2233
67083,3.75,2.94,4.24,3.6433
34002,3.8,2.43,3.23,3.1533
10642,2.86,2.23,4.45,3.18
42154,3.84,2.67,4.02,3.51
19116,5.0,3.6,2.98,3.86
23128,3.1,2.04,3.71,2.95
70939,3.27,2.27,3.96,3.1667
35564,5.0,3.6,3.31,3.97
47163,5.0,3.18,3.17,3.7833
71860,5.0,3.37,2.99,3.7867
53175,3.15,2.2,3.95,3.1
42856,5.0,3.56,3.39,3.9833
70657,3.27,2.34,4.13,3.2467
553,3.54,2.34,3.83,3.2367
8564,4.12,3.08,4.05,3.75
71921,4.55,3.04,3.62,3.7367
56987,4.22,3.26,3.76,3.7467
65447,4.37,3.6,3.56,3.8433
395,3.8,2.34,3.95,3.3633
42446,2.88,2.1,4.88,3.2867
21287,4.4,3.6,2.78,3.5933
15517,5.0,3.24,3.5,3.9133
47398,5.0,3.01,3.23,3.7467
12038,4.4,3.6,2.72,3.5733
62525,3.5,2.88,2.85,3.0767
60284,5.0,3.51,3.08,3.8633
24798,5.0,3.6,2.89,3.83
29553,5.0,3.52,3.37,3.9633
1216,2.86,2.02,4.2,3.0267
28427,4.7,3.26,3.26,3.74
25070,5.0,3.33,3.23,3.8533
45632,4.4,3.6,2.83,3.61
29338,5.0,3.41,3.09,3.8333
21345,5.0,3.48,3.27,3.9167
61590,2.92,2.27,4.31,3.1667
40355,5.0,3.49,3.34,3.9433
47413,5.0,3.51,2.98,3.83
59108,3.75,2.91,4.1,3.5867
71202,4.74,3.28,3.96,3.9933
60601,3.54,2.55,3.49,3.1933
42876,4.05,3.21,3.53,3.5967
46389,4.4,3.6,2.92,3.64
43864,5.0,3.27,3.32,3.8633
17598,5.0,3.6,3.63,4.0767
47850,4.41,3.56,3.78,3.9167
17656,5.0,3.48,3.41,3.9633
27935,3.54,2.13,3.32,2.9967
61228,5.0,3.35,3.72,4.0233
4598,5.0,3.49,2.95,3.8133
64353,5.0,3.23,3.27,3.8333
34503,4.4,2.88,3.63,3.6367
45914,4.4,2.84,3.53,3.59
64313,3.35,2.34,3.95,3.2133
60023,4.7,3.13,3.31,3.7133
12784,4.4,3.03,3.54,3.6567
60220,3.06,2.2,3.91,3.0567
57567,5.0,3.25,2.99,3.7467
39344,4.17,2.95,4.26,3.7933
46184,5.0,3.52,4.11,4.21
24670,4.4,3.22,2.98,3.5333
9156,4.4,2.99,3.46,3.6167
16865,5.0,3.54,3.41,3.9833
58684,4.86,3.55,3.46,3.9567
64805,2.71,2.24,4.25,3.0667
71416,5.0,3.55,3.55,4.0333
59671,5.0,3.3,3.26,3.8533
26564,5.0,3.6,3.5,4.0333
29897,3.66,1.8,4.25,3.2367
67663,2.85,2.17,4.45,3.1567
12132,4.86,3.46,3.82,4.0467
7643,5.0,3.42,3.71,4.0433
27618,5.0,3.49,3.5,3.9967
33328,2.9,2.02,4.69,3.2033
70714,4.1,3.16,2.84,3.3667
63921,2.67,2.33,4.84,3.28
15818,5.0,3.38,3.45,3.9433
39188,5.0,3.13,3.26,3.7967
67069,5.0,3.06,3.28,3.78
17855,5.0,3.41,3.28,3.8967
61261,5.0,3.24,3.66,3.9667
63578,5.0,3.32,2.92,3.7467
25894,3.8,2.26,3.31,3.1233
2408,4.1,2.58,3.46,3.38
63506,5.0,3.27,3.09,3.7867
58786,2.89,2.03,4.18,3.0333
48829,5.0,3.45,3.06,3.8367
5562,3.65,2.53,3.94,3.3733
33456,4.4,3.01,3.52,3.6433
66787,3.8,2.31,4.08,3.3967
57021,5.0,3.42,3.15,3.8567
503,5.0,3.46,3.03,3.83
51784,5.0,3.47,3.18,3.8833
38449,3.65,2.71,4.14,3.5
21192,5.0,3.29,2.86,3.7167
50658,5.0,3.6,2.99,3.8633
193,4.7,3.01,3.5,3.7367
61840,5.0,3.5,3.58,4.0267
23873,5.0,3.47,3.39,3.9533
63701,5.0,3.57,3.3,3.9567
2390,5.0,3.6,2.73,3.7767
63147,4.61,3.2,4.37,4.06
13960,5.0,3.49,2.95,3.8133
47694,5.0,3.45,3.22,3.89
33468,5.0,3.23,3.27,3.8333
45269,3.15,2.06,3.85,3.02
28859,3.41,2.24,4.06,3.2367
49384,4.74,3.6,3.74,4.0267
45707,3.44,2.09,3.34,2.9567
21385,2.97,2.39,3.59,2.9833
31681,5.0,3.53,3.23,3.92
56601,5.0,3.17,2.95,3.7067
29586,3.06,2.14,4.11,3.1033
29377,5.0,3.53,3.08,3.87
47851,3.21,2.62,3.82,3.2167
27902,4.4,3.4,3.22,3.6733
66598,5.0,3.35,2.88,3.7433
44104,3.96,2.61,3.84,3.47
69367,5.0,3.4,3.18,3.86
54919,5.0,3.14,3.99,4.0433
63824,3.15,2.27,4.68,3.3667
16378,5.0,3.57,3.56,4.0433
1906,4.7,3.21,3.41,3.7733
59583,3.27,2.12,3.65,3.0133
61894,5.0,3.33,3.49,3.94
37375,5.0,3.32,2.97,3.7633
13956,4.47,3.32,3.47,3.7533
2860,3.54,2.04,3.76,3.1133
67174,4.47,3.42,4.38,4.09
53383,5.0,3.6,2.96,3.8533
1849,3.8,2.82,3.06,3.2267
56438,5.0,3.6,2.96,3.8533
67117,5.0,3.54,3.05,3.8633
18867,5.0,3.5,3.24,3.9133
26691,5.0,3.41,3.18,3.8633
19807,5.0,3.25,3.14,3.7967
57064,5.0,3.39,3.23,3.8733
31546,4.25,3.16,3.67,3.6933
64706,5.0,3.39,3.17,3.8533
26565,5.0,3.6,3.08,3.8933
60314,3.06,2.34,3.81,3.07
65673,5.0,3.3,3.31,3.87
54733,3.8,2.32,3.28,3.1333
36151,5.0,3.25,3.37,3.8733
42502,3.27,2.11,3.57,2.9833
19528,4.4,3.02,4.63,4.0167
48135,3.66,2.43,3.52,3.2033
51762,5.0,3.21,3.87,4.0267
280,5.0,3.42,4.32,4.2467
51459,4.1,3.16,2.89,3.3833
37539,5.0,2.98,3.38,3.7867
35007,5.0,3.26,3.43,3.8967
40020,4.74,3.48,3.41,3.8767
15059,4.74,3.57,3.41,3.9067
51835,5.0,3.25,3.28,3.8433
62448,5.0,3.41,3.37,3.9267
68062,2.97,2.36,3.92,3.0833
60805,5.0,3.32,3.22,3.8467
16249,3.44,2.59,3.77,3.2667
36792,4.4,3.6,3.16,3.72
44177,5.0,3.32,3.12,3.8133
59565,4.64,3.47,3.6,3.9033
28657,5.0,3.44,3.5,3.98
56011,4.7,3.17,3.75,3.8733
6786,4.4,3.6,2.98,3.66
34636,5.0,3.23,3.27,3.8333
40199,3.8,2.25,3.87,3.3067
42406,4.26,3.32,3.78,3.7867
31926,5.0,3.21,3.05,3.7533
48459,5.0,3.23,3.01,3.7467
10149,3.15,2.05,3.62,2.94
67293,4.1,3.16,2.84,3.3667
61167,5.0,3.38,3.16,3.8467
6591,5.0,3.55,3.04,3.8633
58452,3.21,2.15,3.85,3.07
16251,2.97,2.35,3.99,3.1033
58344,2.76,2.01,5.0,3.2567
40421,5.0,3.44,2.91,3.7833
51931,5.0,3.51,3.18,3.8967
53956,4.4,3.6,2.79,3.5967
56177,5.0,3.54,3.6,4.0467
33955,2.87,2.09,3.45,2.8033
66110,5.0,3.6,2.73,3.7767
14242,3.1,2.22,3.76,3.0267
62513,3.54,2.39,3.36,3.0967
45410,4.7,3.01,3.05,3.5867
3648,2.89,2.27,3.93,3.03
24628,5.0,3.6,3.5,4.0333
38569,5.0,3.52,2.99,3.8367
64469,3.8,2.75,3.4,3.3167
24206,4.7,3.34,3.62,3.8867
42840,4.35,3.26,3.66,3.7567
2799,5.0,3.17,3.0,3.7233
31608,5.0,3.38,3.27,3.8833
64699,3.32,2.33,3.58,3.0767
29011,3.02,2.27,3.9,3.0633
32624,4.7,3.14,3.13,3.6567
46242,4.64,3.39,3.29,3.7733
48169,4.4,2.94,3.24,3.5267
18720,4.4,3.44,2.96,3.6
47443,3.66,2.31,3.52,3.1633
66250,5.0,3.44,3.16,3.8667
42205,3.35,2.11,3.87,3.11
62056,5.0,3.46,3.17,3.8767
33015,5.0,3.25,3.41,3.8867
68989,5.0,3.42,3.03,3.8167
55145,3.66,2.17,3.54,3.1233
60362,5.0,3.54,3.38,3.9733
13207,5.0,3.55,3.29,3.9467
13055,2.71,2.36,4.89,3.32
16656,2.81,2.28,4.76,3.2833
51356,4.4,3.6,2.77,3.59
61778,3.44,2.32,4.42,3.3933
65230,3.44,2.45,3.76,3.2167
40493,4.4,3.07,3.21,3.56
11074,4.26,3.23,3.31,3.6
18321,2.75,1.9,3.22,2.6233
66576,3.8,2.38,3.98,3.3867
8303,5.0,3.47,4.35,4.2733
3934,3.06,2.22,4.05,3.11
40307,5.0,3.39,3.5,3.9633
1004,2.97,2.23,3.59,2.93
38427,5.0,3.06,2.9,3.6533
23597,5.0,3.4,3.27,3.89
55581,3.35,2.29,3.93,3.19
69926,5.0,3.52,3.05,3.8567
18813,5.0,3.48,4.04,4.1733
68199,5.0,3.52,4.08,4.2
52991,5.0,3.37,2.89,3.7533
30151,5.0,3.04,2.92,3.6533
20726,4.4,3.6,2.79,3.5967
67639,5.0,3.31,3.05,3.7867
67783,5.0,3.02,3.09,3.7033
28359,5.0,3.44,2.86,3.7667
16264,5.0,3.23,3.07,3.7667
53273,5.0,3.51,3.18,3.8967
3410,4.4,3.4,3.12,3.64
2674,4.1,2.47,3.58,3.3833
15501,2.93,2.3,3.89,3.04
34806,5.0,3.57,3.61,4.06
54008,5.0,3.57,3.61,4.06
6959,4.17,3.32,4.64,4.0433
52926,2.92,2.06,4.54,3.1733
21163,2.78,2.08,4.05,2.97
13447,3.8,2.34,3.71,3.2833
3638,4.7,3.17,3.35,3.74
51320,5.0,3.47,3.14,3.87
3039,4.47,3.22,3.64,3.7767
58022,2.81,2.15,4.38,3.1133
56309,5.0,3.56,3.3,3.9533
59912,2.86,2.25,4.34,3.15
25705,5.0,3.4,3.2,3.8667
7365,5.0,3.45,3.2,3.8833
53350,4.4,3.6,2.83,3.61
16122,5.0,3.53,3.43,3.9867
56581,5.0,3.38,3.12,3.8333
16375,3.7,3.01,4.53,3.7467
10065,3.5,2.88,2.85,3.0767
24309,3.66,2.28,3.95,3.2967
41632,3.02,2.07,3.72,2.9367
15211,4.52,3.3,4.23,4.0167
70278,3.95,3.22,3.09,3.42
49186,5.0,3.21,3.05,3.7533
25151,4.74,3.5,3.14,3.7933
44409,4.86,3.47,4.69,4.34
54960,5.0,3.49,3.84,4.11
39570,5.0,3.23,3.16,3.7967
10618,5.0,3.47,3.3,3.9233
10546,2.79,2.17,4.86,3.2733
56073,5.0,3.41,3.25,3.8867
33005,3.57,2.72,3.93,3.4067
63945,5.0,3.46,2.92,3.7933
18080,5.0,3.24,3.24,3.8267
66740,5.0,3.47,3.03,3.8333
38060,4.7,3.2,3.1,3.6667
55969,3.54,2.25,3.62,3.1367
1883,5.0,3.31,3.16,3.8233
41685,4.4,3.6,3.46,3.82
14752,5.0,3.45,3.16,3.87
25327,5.0,3.29,3.05,3.78
3551,5.0,3.45,3.16,3.87
15996,5.0,3.37,3.1,3.8233
58334,3.44,2.17,4.02,3.21
6318,5.0,3.27,3.15,3.8067
16866,4.86,3.55,3.47,3.96
16914,5.0,3.47,4.2,4.2233
30895,2.88,2.2,4.45,3.1767
789,5.0,3.27,3.45,3.9067
68119,5.0,3.31,3.22,3.8433
29994,2.94,2.11,3.59,2.88
1917,5.0,3.53,3.39,3.9733
3549,5.0,3.47,3.25,3.9067
61116,5.0,3.45,3.29,3.9133
63692,5.0,3.22,2.98,3.7333
59786,4.64,3.31,3.11,3.6867
67643,4.86,3.37,3.44,3.89
18893,4.1,3.2,2.86,3.3867
52361,5.0,3.56,3.55,4.0367
5479,4.4,3.51,3.08,3.6633
19588,3.17,2.12,3.77,3.02
14566,5.0,3.41,3.52,3.9767
45135,4.7,3.09,3.74,3.8433
47268,4.7,3.32,3.53,3.85
10570,4.74,3.4,3.59,3.91
50301,4.86,3.35,3.62,3.9433
52992,4.1,3.0,3.56,3.5533
21067,2.75,2.16,5.0,3.3033
3925,5.0,3.32,3.07,3.7967
3349,4.34,3.13,3.45,3.64
5778,5.0,3.55,3.54,4.03
24282,2.89,2.26,4.27,3.14
51474,4.7,3.27,3.29,3.7533
59471,5.0,3.36,3.15,3.8367
20174,5.0,3.4,2.96,3.7867
37381,3.95,3.17,3.54,3.5533
50653,5.0,3.6,3.68,4.0933
55459,5.0,3.57,3.49,4.02
39409,3.06,2.04,4.07,3.0567
66718,5.0,3.29,3.71,4.0
24592,3.15,2.11,3.72,2.9933
1580,2.99,2.36,3.94,3.0967
6915,5.0,3.3,3.62,3.9733
1672,5.0,3.52,3.38,3.9667
1935,3.8,2.45,3.79,3.3467
59742,5.0,3.36,3.05,3.8033
18240,4.14,3.48,3.38,3.6667
48931,4.31,3.18,4.21,3.9
58280,4.4,3.4,2.89,3.5633
35569,4.26,3.47,4.16,3.9633
7227,5.0,3.06,2.95,3.67
38553,3.5,2.88,2.85,3.0767
30989,2.74,2.25,4.23,3.0733
62223,3.21,2.02,3.64,2.9567
19339,3.54,2.12,3.94,3.2
26579,4.4,3.39,3.07,3.62
2858,5.0,3.15,3.35,3.8333
52618,5.0,3.37,3.05,3.8067
15613,5.0,3.48,2.99,3.8233
9351,4.7,2.84,3.11,3.55
4663,4.01,3.49,4.29,3.93
4965,5.0,3.42,3.03,3.8167
49585,3.35,2.31,3.85,3.17
71713,5.0,3.45,3.29,3.9133
50091,4.7,3.12,3.36,3.7267
29093,5.0,3.13,3.26,3.7967
61480,4.7,3.18,2.95,3.61
55702,3.8,1.82,3.21,2.9433
1176,5.0,3.46,3.33,3.93
65954,4.4,3.6,2.79,3.5967
65904,2.87,2.15,4.46,3.16
53558,3.54,2.2,4.01,3.25
67726,4.11,3.1,4.19,3.8
30136,3.6,2.02,4.03,3.2167
23800,5.0,2.97,3.26,3.7433
44306,3.8,2.24,3.87,3.3033
5005,4.44,3.38,3.68,3.8333
9809,3.11,2.22,3.65,2.9933
8432,4.55,3.56,3.5,3.87
59446,4.7,3.07,3.62,3.7967
36090,4.04,2.8,4.05,3.63
29762,5.0,2.96,3.09,3.6833
52761,4.4,3.6,2.83,3.61
13642,3.87,2.9,4.55,3.7733
75,5.0,3.48,3.33,3.9367
69231,5.0,3.42,2.85,3.7567
62393,5.0,3.49,3.34,3.9433
26047,3.54,2.25,3.61,3.1333
42850,4.4,3.6,2.96,3.6533
35689,5.0,3.35,3.25,3.8667
17569,5.0,3.11,3.17,3.76
26153,5.0,3.18,3.79,3.99
43134,5.0,3.52,3.47,3.9967
52132,2.41,2.35,3.91,2.89
4920,4.86,3.38,3.5,3.9133
14765,2.67,2.37,4.09,3.0433
44965,5.0,3.29,4.04,4.11
68621,5.0,3.47,3.08,3.85
10805,4.52,3.6,3.97,4.03
34142,5.0,3.35,3.99,4.1133
31114,5.0,3.22,2.93,3.7167
18817,4.74,3.39,3.57,3.9
35772,3.02,2.25,4.01,3.0933
66770,4.4,3.29,2.81,3.5
65380,5.0,3.4,3.13,3.8433
47584,5.0,3.46,3.27,3.91
37969,3.27,2.28,4.71,3.42
34404,4.56,3.02,3.91,3.83
46185,3.81,2.83,4.34,3.66
55179,5.0,3.38,3.16,3.8467
21669,5.0,3.45,3.55,4.0
8673,5.0,3.58,3.97,4.1833
41250,5.0,3.44,3.09,3.8433
60896,5.0,3.15,3.47,3.8733
14888,4.74,3.44,3.8,3.9933
111,4.3,3.23,4.19,3.9067
48795,3.8,2.22,3.49,3.17
14506,3.15,2.34,3.42,2.97
10912,4.86,3.56,3.27,3.8967
27579,5.0,3.42,3.83,4.0833
24491,4.4,3.6,2.98,3.66
12672,5.0,3.35,3.35,3.9
14032,4.86,3.18,3.59,3.8767
62114,2.81,2.3,4.74,3.2833
36495,4.4,2.99,4.07,3.82
70637,3.5,2.88,2.85,3.0767
292,5.0,3.44,3.16,3.8667
51507,4.37,3.51,3.87,3.9167
57145,5.0,3.6,3.15,3.9167
43222,2.99,2.46,4.2,3.2167
60680,5.0,3.37,3.05,3.8067
71328,3.02,2.3,3.78,3.0333
9430,5.0,3.51,3.08,3.8633
56460,5.0,3.36,3.31,3.89
36755,4.7,3.2,3.04,3.6467
70152,5.0,3.6,3.28,3.96
5230,4.7,3.22,3.78,3.9
8183,5.0,3.39,3.64,4.01
45635,5.0,3.52,3.05,3.8567
50651,4.7,3.25,3.39,3.78
20304,2.99,2.16,3.93,3.0267
28609,4.4,3.6,2.79,3.5967
15574,4.7,3.16,3.18,3.68
3068,4.4,3.6,2.83,3.61
70934,2.97,2.38,4.31,3.22
43893,2.94,2.19,4.51,3.2133
23648,3.66,2.02,3.28,2.9867
63325,3.8,1.72,3.21,2.91
205,4.44,3.07,3.47,3.66
45559,5.0,3.57,3.39,3.9867
31894,5.0,3.39,3.59,3.9933
36027,5.0,3.42,2.98,3.8
48739,5.0,3.45,3.6,4.0167
5189,4.4,3.4,2.89,3.5633
60422,5.0,3.32,3.28,3.8667
65093,3.44,2.38,3.77,3.1967
8383,5.0,3.38,3.01,3.7967
55028,5.0,3.3,2.91,3.7367
52517,4.26,3.32,4.18,3.92
14421,3.35,2.08,3.39,2.94
3070,5.0,3.49,2.95,3.8133
56263,3.54,1.98,3.61,3.0433
39092,5.0,3.57,3.45,4.0067
58278,5.0,3.45,3.01,3.82
65867,3.66,2.09,3.45,3.0667
26005,2.81,2.39,4.39,3.1967
1387,3.21,2.24,4.02,3.1567
26365,3.15,2.34,3.97,3.1533
72059,5.0,3.4,3.18,3.86
389,5.0,3.6,3.03,3.8767
17771,5.0,3.28,3.14,3.8067
40116,5.0,3.4,3.18,3.86
5042,5.0,3.6,3.11,3.9033
50200,5.0,3.37,3.54,3.97
13670,5.0,3.25,2.99,3.7467
72057,4.64,3.27,3.38,3.7633
54109,4.35,3.49,3.12,3.6533
5905,5.0,3.08,2.98,3.6867
53534,4.4,3.23,3.02,3.55
58987,3.5,2.88,2.85,3.0767
21869,4.64,3.6,3.62,3.9533
1800,4.56,3.07,3.46,3.6967
10842,3.7,3.06,3.93,3.5633
56830,4.1,2.66,3.43,3.3967
19175,2.94,2.36,3.59,2.9633
56442,5.0,3.46,3.47,3.9767
10758,2.88,2.34,4.66,3.2933
2105,3.27,2.38,4.14,3.2633
42941,5.0,3.3,3.61,3.97
33214,3.5,2.88,2.85,3.0767
44639,5.0,3.32,2.92,3.7467
44275,5.0,3.2,3.13,3.7767
61722,2.65,2.35,4.27,3.09
64307,3.27,2.11,4.07,3.15
5768,3.8,2.27,4.51,3.5267
27362,5.0,3.39,3.02,3.8033
2127,5.0,3.27,3.04,3.77
34807,2.78,2.31,4.21,3.1
18492,5.0,3.56,3.87,4.1433
59563,4.47,3.37,4.0,3.9467
61612,5.0,3.42,3.31,3.91
67577,2.98,2.03,3.74,2.9167
28001,4.4,3.04,3.31,3.5833
58465,3.24,2.35,3.99,3.1933
68468,4.4,3.6,2.77,3.59
17898,5.0,3.6,3.21,3.9367
60960,5.0,3.6,3.03,3.8767
69351,5.0,3.42,3.29,3.9033
11942,4.4,3.6,3.13,3.71
3246,4.4,3.6,3.1,3.7
9469,3.75,2.99,4.06,3.6
3855,4.44,2.72,3.32,3.4933
28235,4.22,3.37,3.71,3.7667
44697,4.74,3.31,3.31,3.7867
14275,5.0,3.56,3.46,4.0067
27626,3.1,2.36,4.1,3.1867
57125,5.0,3.25,3.15,3.8
48089,5.0,3.38,3.06,3.8133
51441,4.47,3.52,4.24,4.0767
15158,3.1,2.24,3.68,3.0067
42926,5.0,3.25,2.89,3.7133
40229,4.7,3.34,3.8,3.9467
43862,5.0,3.15,3.25,3.8
34082,4.1,2.54,3.21,3.2833
1370,5.0,3.53,3.91,4.1467
43136,2.53,2.04,3.71,2.76
66680,4.1,3.36,3.04,3.5
47493,4.7,3.33,4.19,4.0733
21264,4.35,3.36,3.98,3.8967
34552,3.44,2.29,3.77,3.1667
20618,5.0,3.41,3.83,4.08
27081,3.21,2.1,3.49,2.9333
9322,5.0,3.6,3.18,3.9267
16894,5.0,3.51,3.02,3.8433
68996,2.84,2.0,3.64,2.8267
47923,3.54,2.1,3.39,3.01
54608,4.64,3.56,3.47,3.89
5780,2.94,2.08,3.84,2.9533
17727,3.44,2.4,3.48,3.1067
25295,4.4,3.04,3.23,3.5567
58995,4.14,3.15,3.98,3.7567
43737,5.0,3.31,3.16,3.8233
8454,3.27,2.12,4.27,3.22
12933,2.79,2.28,4.27,3.1133
66638,5.0,3.53,3.33,3.9533
66926,4.4,3.6,2.83,3.61
10819,4.47,3.22,3.93,3.8733
26369,4.7,3.3,3.64,3.88
13058,2.78,2.21,4.63,3.2067
41296,5.0,3.4,3.51,3.97
34317,5.0,3.26,3.98,4.08
8429,5.0,3.42,3.56,3.9933
20097,4.4,2.99,3.19,3.5267
22082,5.0,3.4,3.06,3.82
66566,5.0,3.53,3.59,4.04
1233,2.86,1.99,4.11,2.9867
46597,5.0,3.46,3.17,3.8767
63003,4.1,2.72,3.85,3.5567
57255,4.47,3.3,3.74,3.8367
9988,3.06,2.2,3.84,3.0333
53372,3.8,2.04,3.53,3.1233
37879,5.0,3.53,3.34,3.9567
2505,5.0,3.46,3.6,4.02
31528,5.0,3.52,3.04,3.8533
71881,2.91,2.17,4.34,3.14
37663,2.89,2.23,4.41,3.1767
57647,4.34,3.14,3.88,3.7867
31371,3.1,2.37,4.68,3.3833
2819,3.35,1.97,3.49,2.9367
64538,4.4,2.98,4.11,3.83
15209,5.0,3.4,3.24,3.88
47780,4.14,2.9,3.18,3.4067
34865,4.4,3.6,2.79,3.5967
18,5.0,3.48,3.27,3.9167
43287,4.7,3.24,3.2,3.7133
5456,5.0,3.4,3.03,3.81
69474,5.0,3.17,3.42,3.8633
13501,5.0,3.58,3.53,4.0367
22113,4.4,3.52,3.31,3.7433
2497,4.1,2.77,3.61,3.4933
6308,5.0,3.35,2.99,3.78
44188,5.0,3.16,3.11,3.7567
13054,2.82,2.25,4.28,3.1167
36674,5.0,3.55,3.16,3.9033
14597,3.51,2.82,3.25,3.1933
67813,5.0,3.24,3.39,3.8767
40859,5.0,2.99,2.98,3.6567
67114,5.0,3.2,3.4,3.8667
28934,3.02,2.28,4.11,3.1367
61124,5.0,3.42,3.31,3.91
65760,5.0,3.38,3.0,3.7933
30731,3.66,2.02,3.28,2.9867
70225,4.1,3.36,2.9,3.4533
15782,5.0,3.6,2.97,3.8567
46611,5.0,3.41,2.97,3.7933
40320,3.1,2.31,3.9,3.1033
10540,3.27,2.32,4.2,3.2633
34626,4.7,3.24,3.2,3.7133
23478,5.0,3.52,3.37,3.9633
29518,5.0,3.6,3.16,3.92
47299,5.0,3.55,3.34,3.9633
61818,5.0,3.17,3.28,3.8167
30283,5.0,3.55,3.27,3.94
58913,5.0,3.56,3.29,3.95
51116,4.55,3.54,3.79,3.96
26248,4.7,3.24,3.78,3.9067
40775,3.35,2.45,3.73,3.1767
34588,3.95,2.97,3.9,3.6067
49062,3.44,2.3,4.1,3.28
42754,5.0,3.43,3.06,3.83
61037,5.0,3.46,3.1,3.8533
61278,5.0,3.56,3.63,4.0633
23146,4.4,3.12,3.17,3.5633
58436,3.66,2.14,3.5,3.1
69384,4.35,3.11,3.79,3.75
46197,4.4,3.6,2.79,3.5967
6025,5.0,3.32,3.07,3.7967
62530,5.0,3.22,3.5,3.9067
26404,5.0,3.51,2.98,3.83
20126,4.74,3.31,4.1,4.05
10410,5.0,3.44,3.24,3.8933
37264,4.4,3.6,2.72,3.5733
11582,2.71,2.31,5.0,3.34
806,5.0,3.53,4.02,4.1833
45882,5.0,3.46,3.47,3.9767
33198,4.4,3.6,2.79,3.5967
52,5.0,3.34,3.03,3.79
65418,5.0,3.44,3.04,3.8267
55934,4.26,3.2,3.91,3.79
67843,5.0,3.32,3.02,3.78
70429,3.44,2.31,3.84,3.1967
69914,4.7,3.21,3.41,3.7733
10088,4.1,2.86,4.35,3.77
60158,4.4,3.37,2.83,3.5333
70519,5.0,3.38,3.16,3.8467
35073,4.3,3.42,3.88,3.8667
66029,3.21,2.19,3.65,3.0167
58813,4.44,3.12,3.37,3.6433
7067,4.55,3.54,3.62,3.9033
9727,5.0,3.44,3.09,3.8433
16981,5.0,3.32,2.87,3.73
23786,3.44,2.31,5.0,3.5833
45094,5.0,3.52,3.04,3.8533
25979,5.0,3.6,3.05,3.8833
7384,5.0,3.41,3.35,3.92
42673,2.91,2.23,4.09,3.0767
13993,5.0,3.38,3.11,3.83
19540,5.0,3.44,3.43,3.9567
57083,3.15,2.12,4.14,3.1367
28775,4.1,2.78,3.42,3.4333
16244,3.27,2.23,3.73,3.0767
12924,5.0,3.55,3.39,3.98
25525,4.47,3.53,3.92,3.9733
69195,5.0,3.42,3.48,3.9667
65802,3.27,2.25,3.98,3.1667
44428,4.55,3.3,3.77,3.8733
37469,5.0,3.25,3.28,3.8433
56403,4.35,3.54,3.6,3.83
69077,5.0,3.11,3.2,3.77
34845,3.1,2.16,3.53,2.93
40422,4.4,3.0,3.73,3.71
5945,5.0,3.41,3.18,3.8633
15669,5.0,3.5,3.06,3.8533
48370,5.0,3.44,3.21,3.8833
16399,2.84,2.27,3.95,3.02
43515,3.35,2.28,4.62,3.4167
18916,4.4,3.6,2.83,3.61
52076,4.56,3.22,3.95,3.91
64130,5.0,3.52,3.04,3.8533
36257,4.14,3.38,3.74,3.7533
15011,4.4,3.09,4.27,3.92
9026,4.7,3.03,3.04,3.59
4755,3.66,2.26,4.08,3.3333
71682,5.0,3.39,3.12,3.8367
38929,3.32,2.25,3.23,2.9333
53829,5.0,3.43,3.17,3.8667
18728,4.04,3.07,3.83,3.6467
25884,5.0,3.32,3.23,3.85
29524,4.4,3.05,3.34,3.5967
27507,5.0,3.53,3.27,3.9333
6616,3.27,2.34,3.43,3.0133
31024,5.0,3.53,3.58,4.0367
62851,3.1,2.27,4.42,3.2633
71758,5.0,3.44,2.91,3.7833
56396,2.82,2.2,4.5,3.1733
64921,5.0,3.44,3.05,3.83
58644,3.24,2.37,4.31,3.3067
31865,4.4,2.85,3.74,3.6633
31220,3.8,2.17,3.16,3.0433
4007,2.92,2.19,4.6,3.2367
2823,4.74,3.11,3.39,3.7467
25674,5.0,3.38,3.28,3.8867
15001,3.74,2.85,4.3,3.63
23619,3.27,2.25,4.37,3.2967
19092,3.35,2.29,4.32,3.32
61540,3.5,2.88,2.85,3.0767
60883,5.0,3.37,3.37,3.9133
48635,4.4,3.6,2.92,3.64
1733,5.0,3.37,3.27,3.88
20500,5.0,3.21,3.05,3.7533
17102,3.8,2.54,3.79,3.3767
21095,4.14,2.92,3.25,3.4367
39867,3.66,2.35,3.75,3.2533
40924,2.99,2.24,3.67,2.9667
30941,3.1,2.25,4.72,3.3567
37043,3.21,1.99,3.72,2.9733
18089,4.56,3.22,3.38,3.72
45531,2.94,2.28,4.53,3.25
33959,3.02,2.02,3.28,2.7733
60894,5.0,3.27,3.09,3.7867
23940,5.0,3.46,3.28,3.9133
7663,4.55,3.41,4.3,4.0867
30576,4.7,2.89,3.05,3.5467
40732,5.0,3.33,3.8,4.0433
27755,4.4,2.96,3.42,3.5933
66257,5.0,3.6,3.23,3.9433
18028,5.0,3.6,2.86,3.82
16072,3.15,1.92,3.49,2.8533
20636,4.86,3.55,3.75,4.0533
63282,3.8,2.18,3.89,3.29
55424,3.1,2.21,3.58,2.9633
30301,3.15,2.23,3.94,3.1067
64579,3.8,2.2,3.59,3.1967
56640,3.44,2.1,3.84,3.1267
56151,3.21,2.13,4.75,3.3633
49808,4.74,3.15,3.17,3.6867
12701,4.1,2.82,3.63,3.5167
7957,3.44,2.31,3.45,3.0667
65182,4.1,3.16,2.84,3.3667
66511,4.47,3.5,3.45,3.8067
31956,5.0,3.55,3.23,3.9267
19964,5.0,3.39,3.82,4.07
16123,5.0,3.51,4.86,4.4567
57050,4.4,3.6,2.92,3.64
26604,5.0,3.53,3.76,4.0967
33781,5.0,3.56,3.8,4.12
36374,5.0,3.41,3.13,3.8467
44038,5.0,3.32,2.97,3.7633
13242,4.35,3.48,4.02,3.95
54792,3.15,2.22,4.31,3.2267
2997,5.0,3.38,3.57,3.9833
2743,5.0,3.57,3.55,4.04
64138,5.0,3.23,3.27,3.8333
21745,5.0,3.52,3.28,3.9333
12050,5.0,3.2,3.01,3.7367
8817,3.8,2.26,3.83,3.2967
66393,3.44,2.21,3.38,3.01
40035,4.86,3.22,3.07,3.7167
46794,5.0,3.43,3.92,4.1167
59460,5.0,3.13,3.26,3.7967
46426,4.55,3.1,3.97,3.8733
26701,5.0,3.5,3.78,4.0933
16347,5.0,3.41,3.43,3.9467
40651,4.71,3.4,3.88,3.9967
8932,2.84,2.32,4.58,3.2467
8636,3.8,2.94,2.8,3.18
62395,4.74,3.46,3.39,3.8633
19337,3.66,2.28,3.95,3.2967
18134,4.55,3.29,4.02,3.9533
10794,5.0,3.42,3.15,3.8567
14108,5.0,3.42,3.26,3.8933
64826,3.44,2.22,3.35,3.0033
61602,3.27,2.24,3.85,3.12
24914,5.0,3.5,2.96,3.82
6976,3.15,2.35,3.76,3.0867
23316,4.1,2.8,3.26,3.3867
64393,3.5,2.88,2.9,3.0933
71826,2.89,2.3,4.24,3.1433
34830,5.0,3.42,3.15,3.8567
55442,4.37,3.14,3.83,3.78
51611,4.17,3.02,3.81,3.6667
52622,5.0,3.6,3.05,3.8833
15600,4.3,3.38,3.63,3.77
48480,5.0,3.13,2.91,3.68
4872,3.8,2.32,4.11,3.41
27337,5.0,3.46,3.28,3.9133
63629,3.45,2.35,3.28,3.0267
15020,3.28,2.6,3.83,3.2367
11433,4.25,3.34,3.8,3.7967
14312,5.0,3.16,3.08,3.7467
23294,2.87,2.13,3.69,2.8967
69506,4.41,3.35,3.42,3.7267
52750,4.83,3.41,3.38,3.8733
39473,5.0,3.55,3.28,3.9433
6341,4.35,3.3,3.44,3.6967
18601,3.87,2.74,3.86,3.49
16173,5.0,3.35,3.09,3.8133
7894,5.0,3.53,3.38,3.97
943,5.0,3.6,3.3,3.9667
63375,5.0,3.6,3.03,3.8767
32241,5.0,3.6,3.12,3.9067
71892,5.0,3.31,3.47,3.9267
12850,3.41,2.83,4.14,3.46
40588,4.7,3.35,4.52,4.19
13361,3.15,2.11,3.87,3.0433
21332,5.0,3.44,3.05,3.83
47922,3.66,2.4,3.27,3.11
38788,5.0,3.5,3.01,3.8367
64249,4.3,3.44,3.08,3.6067
57919,5.0,3.29,3.1,3.7967
36298,4.4,3.6,2.77,3.59
42925,5.0,3.54,3.14,3.8933
11950,4.86,3.35,3.09,3.7667
70101,5.0,3.27,2.99,3.7533
55196,5.0,3.57,3.4,3.99
38351,5.0,3.6,3.0,3.8667
21671,5.0,3.39,3.17,3.8533
33666,5.0,3.23,3.27,3.8333
2440,4.1,3.36,2.9,3.4533
22639,4.25,2.95,3.61,3.6033
28436,5.0,3.6,3.18,3.9267
28777,5.0,3.46,3.61,4.0233
39633,4.1,3.16,2.84,3.3667
68283,5.0,2.99,2.98,3.6567
19984,4.05,3.12,3.92,3.6967
12285,2.76,2.31,4.25,3.1067
70513,5.0,3.6,3.01,3.87
50871,4.7,2.82,2.9,3.4733
50706,5.0,3.56,3.71,4.09
26448,3.15,2.22,3.96,3.11
52829,5.0,3.52,3.75,4.09
8229,3.8,2.19,3.39,3.1267
43093,3.07,2.76,3.15,2.9933
37399,5.0,3.55,3.3,3.95
68244,5.0,3.54,3.26,3.9333
46463,5.0,3.4,2.91,3.77
41764,5.0,3.56,3.9,4.1533
14065,5.0,3.52,3.54,4.02
15887,5.0,3.41,3.14,3.85
28772,4.4,3.6,2.77,3.59
35507,3.8,2.37,4.05,3.4067
7792,4.4,2.51,3.08,3.33
9523,4.74,3.47,3.76,3.99
71526,4.4,3.44,3.47,3.77
52469,3.27,2.28,3.99,3.18
68356,2.71,2.32,5.0,3.3433
62605,3.8,2.25,3.41,3.1533
44818,4.74,3.5,4.11,4.1167
2666,4.52,3.21,3.8,3.8433
51647,4.86,3.33,3.28,3.8233
62948,5.0,3.55,3.48,4.01
46016,4.4,2.75,3.02,3.39
62464,3.41,2.37,3.52,3.1
11289,4.56,2.99,3.15,3.5667
35472,5.0,3.54,3.61,4.05
6166,5.0,3.53,3.22,3.9167
72139,3.62,3.37,3.62,3.5367
34007,3.96,2.59,3.27,3.2733
41805,5.0,3.37,3.1,3.8233
46072,4.4,3.02,3.4,3.6067
61631,5.0,3.24,3.35,3.8633
42158,3.02,2.35,4.63,3.3333
33033,5.0,3.6,3.0,3.8667
70397,5.0,3.6,2.93,3.8433
43308,3.8,2.19,3.39,3.1267
31516,4.4,2.73,3.45,3.5267
35877,4.64,3.4,3.61,3.8833
28136,5.0,3.01,3.11,3.7067
22141,3.32,2.31,4.3,3.31
11714,3.85,3.13,3.9,3.6267
31270,4.1,2.7,3.7,3.5
494,5.0,3.25,3.08,3.7767
24706,4.44,3.08,3.83,3.7833
1194,5.0,3.3,3.73,4.01
7161,5.0,3.09,2.88,3.6567
63505,3.06,2.11,3.54,2.9033
6145,5.0,3.46,4.38,4.28
2885,5.0,3.6,2.79,3.7967
1391,5.0,3.46,3.03,3.83
6336,5.0,3.25,3.68,3.9767
41291,5.0,3.21,3.21,3.8067
45033,4.47,3.19,3.17,3.61
33907,3.56,2.22,3.39,3.0567
60660,5.0,3.46,3.02,3.8267
48583,2.91,2.28,3.75,2.98
25607,4.7,3.31,3.75,3.92
20765,3.45,2.58,4.24,3.4233
16695,5.0,3.48,3.52,4.0
26583,3.27,2.35,3.83,3.15
53453,3.21,2.13,4.25,3.1967
26158,4.76,3.2,3.13,3.6967
27854,5.0,3.6,3.29,3.9633
45364,5.0,3.53,3.6,4.0433
63895,4.56,3.3,3.5,3.7867
62234,2.94,2.28,4.19,3.1367
58749,2.92,2.3,3.73,2.9833
13728,4.7,2.71,3.23,3.5467
60477,3.21,2.14,3.44,2.93
24730,5.0,3.37,3.38,3.9167
9068,2.97,2.28,4.75,3.3333
65869,4.41,3.42,4.31,4.0467
62616,5.0,3.48,2.94,3.8067
71136,5.0,3.29,3.21,3.8333
33719,4.4,3.6,2.83,3.61
8982,4.25,2.91,3.68,3.6133
65783,5.0,3.58,3.53,4.0367
21736,5.0,3.45,3.39,3.9467
21897,4.4,3.6,2.72,3.5733
25870,4.1,2.66,3.34,3.3667
49110,4.86,2.87,3.43,3.72
31217,3.8,1.97,3.31,3.0267
7774,4.41,3.43,3.43,3.7567
58815,3.54,2.05,3.49,3.0267
56198,3.66,2.27,3.91,3.28
3399,4.74,3.22,3.74,3.9
49053,2.8,2.28,4.74,3.2733
11870,5.0,3.54,3.05,3.8633
56566,5.0,3.6,3.37,3.99
56386,4.64,3.35,3.2,3.73
33531,5.0,3.53,3.2,3.91
4754,5.0,3.44,3.04,3.8267
47287,5.0,3.6,3.01,3.87
19523,5.0,3.06,3.0,3.6867
47257,4.4,3.06,3.52,3.66
7639,3.15,2.58,3.86,3.1967
7378,3.8,1.66,3.24,2.9
63486,4.1,3.19,3.37,3.5533
8876,3.11,2.11,4.62,3.28
42685,5.0,3.6,2.86,3.82
45919,5.0,3.42,3.11,3.8433
30622,5.0,3.5,3.2,3.9
2186,5.0,3.31,3.05,3.7867
42563,4.4,3.6,2.83,3.61
12531,5.0,3.38,3.16,3.8467
16055,4.4,3.04,3.25,3.5633
7669,5.0,3.25,2.99,3.7467
25599,5.0,3.09,3.14,3.7433
49699,5.0,3.4,3.64,4.0133
24694,5.0,3.35,3.25,3.8667
11315,4.86,3.12,3.27,3.75
70941,3.96,2.62,3.92,3.5
41701,5.0,3.38,3.22,3.8667
70175,5.0,3.35,3.36,3.9033
70852,3.15,2.31,4.11,3.19
50534,3.5,2.88,2.85,3.0767
23534,3.54,2.23,3.28,3.0167
63210,5.0,3.53,3.33,3.9533
18714,5.0,3.35,3.09,3.8133
32828,5.0,3.09,2.88,3.6567
57442,4.1,2.6,3.49,3.3967
2199,4.4,3.38,3.0,3.5933
62963,5.0,3.34,2.98,3.7733
65727,3.8,2.37,3.7,3.29
9241,4.86,3.54,3.74,4.0467
31678,4.4,3.35,3.04,3.5967
13973,5.0,3.51,3.69,4.0667
11440,5.0,3.5,3.06,3.8533
19924,3.1,2.28,3.64,3.0067
4875,3.35,2.36,4.44,3.3833
5664,4.11,3.35,3.51,3.6567
1948,3.74,2.55,3.44,3.2433
61180,3.92,3.35,4.63,3.9667
17449,3.35,2.28,4.62,3.4167
69958,3.5,2.88,2.85,3.0767
44847,4.4,3.6,3.11,3.7033
66761,3.21,2.37,3.39,2.99
34371,4.86,3.5,3.8,4.0533
14860,5.0,3.47,3.19,3.8867
34910,3.27,2.28,3.74,3.0967
56630,3.8,1.89,3.25,2.98
7577,5.0,3.54,3.26,3.9333
36332,4.1,2.46,3.93,3.4967
48714,3.15,2.11,3.61,2.9567
1677,4.86,3.01,3.28,3.7167
32552,4.86,3.5,3.99,4.1167
71199,3.8,2.19,3.39,3.1267
31579,2.81,2.17,4.89,3.29
19111,4.4,3.6,2.99,3.6633
7211,2.84,2.37,3.62,2.9433
8232,3.44,2.25,4.09,3.26
39055,3.66,2.08,3.23,2.99
62271,2.91,2.35,4.79,3.35
52204,5.0,3.29,3.0,3.7633
42336,4.86,3.31,3.42,3.8633
52941,3.8,1.72,3.21,2.91
31174,4.4,3.04,3.12,3.52
21767,5.0,3.6,3.05,3.8833
70986,2.82,2.33,4.78,3.31
47188,3.45,2.66,4.23,3.4467
55940,3.41,2.16,3.91,3.16
68684,4.4,3.6,2.79,3.5967
5051,4.7,3.09,3.6,3.7967
61977,4.74,3.16,3.48,3.7933
3385,3.74,2.83,3.78,3.45
24975,5.0,3.18,2.97,3.7167
54076,3.2,2.24,3.55,2.9967
48894,5.0,3.52,3.31,3.9433
6377,5.0,3.41,3.09,3.8333
21847,5.0,3.6,3.14,3.9133
35211,3.27,2.1,3.25,2.8733
30470,3.54,1.85,3.25,2.88
58532,3.15,2.38,4.53,3.3533
55576,4.3,3.55,3.72,3.8567
2970,5.0,3.54,3.2,3.9133
7127,5.0,3.49,2.95,3.8133
22007,5.0,3.54,3.25,3.93
58204,3.44,2.21,3.33,2.9933
10108,5.0,3.41,3.63,4.0133
56472,5.0,3.34,3.91,4.0833
47858,2.97,2.38,3.97,3.1067
36080,5.0,3.5,3.12,3.8733
66150,5.0,3.4,3.64,4.0133
60923,5.0,3.46,3.64,4.0333
4753,4.4,3.32,3.07,3.5967
72182,5.0,3.33,3.13,3.82
22304,3.66,2.27,3.45,3.1267
7702,3.44,1.89,3.27,2.8667
3123,2.88,2.1,4.07,3.0167
6337,5.0,3.56,3.34,3.9667
50366,3.44,2.53,5.0,3.6567
24826,5.0,3.31,3.22,3.8433
5224,2.99,2.09,4.02,3.0333
47406,5.0,3.53,3.23,3.92
16991,4.7,3.05,3.4,3.7167
42928,4.4,3.6,2.72,3.5733
19389,5.0,3.37,3.75,4.04
32218,3.8,2.18,3.44,3.14
59290,5.0,3.6,2.97,3.8567
15204,5.0,3.41,3.07,3.8267
9662,2.94,2.08,3.69,2.9033
33220,4.14,3.03,3.97,3.7133
31343,3.35,2.29,3.73,3.1233
21325,4.74,3.54,3.69,3.99
52015,5.0,3.43,3.22,3.8833
6840,4.11,3.01,3.64,3.5867
15958,3.66,2.28,3.95,3.2967
71706,2.96,2.12,2.92,2.6667
5691,3.82,3.01,4.03,3.62
54347,5.0,3.49,3.23,3.9067
70484,4.0,3.3,3.92,3.74
71294,4.4,3.08,3.39,3.6233
6849,5.0,3.56,3.45,4.0033
32503,5.0,3.15,3.19,3.78
39673,4.2,3.15,3.14,3.4967
10760,3.02,2.26,4.11,3.13
9487,4.74,3.35,4.14,4.0767
24068,3.35,2.34,3.68,3.1233
9388,5.0,3.23,3.27,3.8333
55917,3.32,2.22,3.69,3.0767
14525,5.0,3.58,3.9,4.16
33447,4.37,3.42,3.82,3.87
27174,4.1,2.77,3.22,3.3633
61979,4.86,3.31,3.21,3.7933
17273,5.0,3.4,3.01,3.8033
57655,4.71,3.26,3.06,3.6767
10077,5.0,3.56,3.52,4.0267
13192,2.97,2.27,3.76,3.0
35691,3.5,2.88,2.85,3.0767
39138,5.0,3.55,3.28,3.9433
58444,5.0,3.42,3.27,3.8967
37896,2.94,2.41,4.03,3.1267
9033,3.66,2.34,3.85,3.2833
6835,5.0,3.21,3.16,3.79
37527,5.0,3.41,3.02,3.81
42736,4.64,3.28,4.02,3.98
68166,4.7,3.36,3.19,3.75
35232,5.0,3.28,3.19,3.8233
33492,3.7,3.34,3.72,3.5867
46164,2.99,2.31,4.74,3.3467
35017,3.27,2.36,4.16,3.2633
16805,3.72,3.11,3.88,3.57
64725,3.21,2.38,3.9,3.1633
41793,5.0,3.54,3.3,3.9467
62081,3.54,2.36,3.28,3.06
66993,3.32,2.72,4.34,3.46
48176,4.7,3.11,3.46,3.7567
5305,4.4,3.01,3.45,3.62
60113,5.0,3.42,3.08,3.8333
55494,3.8,2.51,3.7,3.3367
25115,5.0,3.53,3.32,3.95
9907,5.0,3.43,3.56,3.9967
39976,4.17,3.06,4.16,3.7967
14935,3.66,2.23,4.89,3.5933
62732,3.8,2.3,3.8,3.3
65818,5.0,3.58,3.7,4.0933
1221,3.02,2.18,4.49,3.23
29723,5.0,3.09,3.09,3.7267
11323,5.0,3.32,2.87,3.73
31261,3.35,2.25,3.89,3.1633
27515,2.92,2.05,3.91,2.96
17034,3.1,2.32,3.95,3.1233
7666,5.0,3.51,3.81,4.1067
32892,5.0,3.43,3.17,3.8667
21494,5.0,3.24,3.41,3.8833
68571,3.66,2.28,3.95,3.2967
35024,4.56,3.23,3.74,3.8433
20856,3.24,2.07,3.87,3.06
58406,4.14,2.67,3.89,3.5667
15021,3.27,2.06,3.95,3.0933
46226,5.0,3.56,3.36,3.9733
69245,4.26,2.83,3.41,3.5
70236,5.0,3.33,3.44,3.9233
32637,4.64,3.15,3.33,3.7067
49206,5.0,3.47,3.5,3.99
50505,4.44,3.24,3.64,3.7733
68933,2.87,2.37,4.39,3.21
42013,5.0,3.55,3.23,3.9267
56629,3.27,2.18,3.57,3.0067
12046,4.1,2.69,3.55,3.4467
38669,5.0,3.51,3.07,3.86
53208,3.21,2.35,5.0,3.52
21132,5.0,3.6,3.06,3.8867
50075,5.0,3.35,3.68,4.01
68693,5.0,3.4,3.18,3.86
38850,5.0,3.44,3.15,3.8633
20605,4.8,3.46,3.85,4.0367
1358,5.0,3.51,3.44,3.9833
16796,4.25,3.05,3.59,3.63
32213,5.0,3.48,2.89,3.79
23806,4.86,3.26,3.47,3.8633
22815,5.0,3.49,3.6,4.03
37218,3.54,2.07,3.85,3.1533
8931,5.0,3.31,3.37,3.8933
46672,5.0,3.01,3.22,3.7433
57756,5.0,3.49,2.95,3.8133
58279,4.7,3.23,3.85,3.9267
45795,4.7,3.29,3.24,3.7433
27770,4.64,3.02,3.76,3.8067
53711,3.74,2.51,3.27,3.1733
28886,4.1,2.98,3.19,3.4233
29879,3.15,2.04,3.92,3.0367
25932,4.4,2.88,3.86,3.7133
16432,4.1,2.72,3.04,3.2867
13297,5.0,3.5,2.91,3.8033
36169,5.0,3.42,3.14,3.8533
47795,3.56,2.64,3.53,3.2433
46385,3.96,2.85,3.92,3.5767
65444,4.08,3.55,3.93,3.8533
42598,4.44,3.03,3.91,3.7933
20364,5.0,3.48,2.94,3.8067
13639,2.97,2.17,3.84,2.9933
34127,5.0,3.42,3.87,4.0967
10228,4.53,3.26,3.94,3.91
38415,4.26,3.0,3.81,3.69
15880,4.3,3.34,3.87,3.8367
29701,3.51,1.9,3.67,3.0267
64406,4.4,2.97,3.86,3.7433
53803,5.0,3.0,3.09,3.6967
51280,3.1,2.0,3.84,2.98
49598,5.0,3.55,3.67,4.0733
41846,3.41,2.32,4.14,3.29
23408,5.0,3.54,3.19,3.91
1650,3.84,2.65,3.92,3.47
11695,4.47,3.27,3.37,3.7033
71082,5.0,3.1,3.06,3.72
21543,5.0,3.47,3.66,4.0433
52139,3.06,2.34,4.64,3.3467
29536,2.8,2.24,3.74,2.9267
15472,4.1,2.38,3.01,3.1633
8977,4.17,3.32,3.91,3.8
65689,3.54,2.34,3.93,3.27
17740,2.91,2.24,3.59,2.9133
30579,4.4,3.6,2.78,3.5933
61842,5.0,3.43,3.32,3.9167
36465,5.0,3.44,3.19,3.8767
41246,3.21,2.11,4.4,3.24
42470,5.0,3.11,3.15,3.7533
69033,5.0,3.49,3.23,3.9067
53744,3.8,2.13,3.75,3.2267
69724,5.0,3.34,3.19,3.8433
16118,4.4,3.6,2.77,3.59
5238,3.1,2.1,4.03,3.0767
46046,2.99,2.3,4.49,3.26
35814,4.4,2.79,3.81,3.6667
2250,5.0,3.2,3.08,3.76
34758,4.17,3.01,3.65,3.61
68410,4.4,3.6,3.01,3.67
35400,2.89,2.22,3.85,2.9867
3466,5.0,3.38,3.11,3.83
22601,5.0,3.32,3.27,3.8633
70894,2.61,1.57,3.14,2.44
12969,2.77,2.28,3.96,3.0033
27648,4.3,3.41,3.36,3.69
7262,3.8,1.66,3.24,2.9
40857,3.54,2.19,3.24,2.99
27654,4.3,3.44,3.44,3.7267
25155,4.4,3.07,4.51,3.9933
65262,5.0,3.47,3.52,3.9967
27991,4.7,3.21,3.41,3.7733
47324,4.1,3.16,2.84,3.3667
14106,5.0,3.44,3.05,3.83
2016,3.1,2.2,3.93,3.0767
59729,4.4,3.6,2.77,3.59
56127,4.55,3.52,4.28,4.1167
54194,5.0,3.32,3.28,3.8667
1648,5.0,3.48,3.36,3.9467
70811,5.0,3.6,3.09,3.8967
54233,5.0,3.37,3.16,3.8433
33018,5.0,3.51,3.07,3.86
63331,4.7,3.16,3.74,3.8667
45877,5.0,3.35,3.72,4.0233
37525,3.8,2.38,4.04,3.4067
60004,3.1,2.3,4.63,3.3433
48940,4.4,3.6,2.83,3.61
25236,4.4,3.53,3.24,3.7233
46641,5.0,3.51,3.07,3.86
69621,4.04,2.72,3.79,3.5167
65505,5.0,3.52,3.61,4.0433
35789,4.7,2.97,3.62,3.7633
64029,5.0,3.31,3.32,3.8767
8703,3.8,2.27,3.3,3.1233
37834,5.0,3.52,3.21,3.91
45507,3.27,2.35,3.93,3.1833
55489,5.0,3.09,3.19,3.76
67165,4.1,2.38,3.17,3.2167
41491,3.63,2.32,3.3,3.0833
7039,4.74,3.13,3.76,3.8767
6816,4.4,3.6,2.79,3.5967
25816,5.0,3.52,3.25,3.9233
41592,3.54,2.25,3.98,3.2567
29970,3.06,2.32,3.39,2.9233
15290,5.0,3.2,3.06,3.7533
36285,4.7,2.89,2.91,3.5
66345,3.27,2.34,3.78,3.13
57273,2.94,2.34,4.48,3.2533
1229,4.7,3.29,2.97,3.6533
43291,5.0,3.58,3.93,4.17
47761,5.0,3.53,3.33,3.9533
44251,3.02,2.4,4.45,3.29
62828,5.0,3.5,3.01,3.8367
47777,3.57,2.66,3.8,3.3433
54812,5.0,3.21,3.64,3.95
50963,4.1,2.72,3.8,3.54
19908,3.44,2.58,4.15,3.39
1805,5.0,3.47,3.13,3.8667
60048,5.0,3.41,3.99,4.1333
39822,3.85,3.57,4.84,4.0867
21675,2.98,2.07,4.3,3.1167
21281,5.0,3.17,3.31,3.8267
24209,4.74,3.41,3.58,3.91
63349,3.27,2.22,3.37,2.9533
22981,2.99,2.21,4.11,3.1033
18442,5.0,3.55,3.4,3.9833
12849,5.0,3.44,3.38,3.94
38146,4.35,3.4,4.14,3.9633
15253,4.55,3.36,3.96,3.9567
8323,3.66,2.27,3.91,3.28
38958,5.0,3.54,3.26,3.9333
23560,4.74,3.44,3.62,3.9333
64310,4.41,3.42,4.68,4.17
768,5.0,3.18,2.92,3.7
19935,4.55,3.26,3.68,3.83
9909,5.0,3.13,3.0,3.71
49274,5.0,3.45,3.11,3.8533
27247,5.0,3.46,3.39,3.95
31358,3.8,1.82,3.21,2.9433
58100,5.0,3.35,2.93,3.76
9312,4.4,3.6,2.98,3.66
14476,4.74,3.35,3.52,3.87
15820,4.7,3.18,2.98,3.62
35852,5.0,3.25,3.39,3.88
46818,4.4,3.6,2.82,3.6067
36459,2.79,1.96,4.39,3.0467
46548,5.0,3.16,3.27,3.81
31858,4.7,3.17,3.53,3.8
66514,5.0,3.2,2.96,3.72
28522,5.0,3.37,3.05,3.8067
44424,4.4,3.6,2.79,3.5967
40403,4.64,3.23,3.67,3.8467
69921,4.4,3.26,3.28,3.6467
10823,4.74,3.3,4.41,4.15
61950,5.0,3.52,3.16,3.8933
56378,4.47,3.15,3.51,3.71
51136,4.5,3.02,3.28,3.6
71107,5.0,3.28,3.34,3.8733
44609,4.55,3.37,3.63,3.85
61646,3.84,2.84,3.91,3.53
37892,5.0,3.36,3.53,3.9633
17554,4.56,3.25,3.15,3.6533
9176,5.0,3.6,3.19,3.93
20049,5.0,3.27,3.32,3.8633
19956,5.0,3.52,3.35,3.9567
47474,5.0,3.42,3.1,3.84
70342,5.0,3.51,2.98,3.83
48500,2.85,2.08,4.43,3.12
60121,5.0,3.54,3.51,4.0167
71557,5.0,3.47,3.18,3.8833
17100,3.21,2.18,3.79,3.06
47232,4.4,3.6,2.83,3.61
61517,4.64,3.42,3.83,3.9633
16752,4.7,3.28,3.16,3.7133
61897,5.0,3.46,3.43,3.9633
29175,5.0,3.43,3.28,3.9033
6720,4.56,3.1,3.44,3.7
71123,4.7,3.25,3.59,3.8467
68063,4.25,3.31,3.3,3.62
33022,3.1,2.33,3.87,3.1
67899,5.0,3.38,3.11,3.83
37317,5.0,3.52,3.2,3.9067
27703,5.0,3.52,2.94,3.82
35509,3.35,2.36,3.85,3.1867
53285,4.1,2.8,3.79,3.5633
4222,4.7,3.36,3.25,3.77
4781,3.54,2.31,3.81,3.22
50208,4.4,3.4,3.41,3.7367
41383,2.26,2.37,4.74,3.1233
71491,3.27,2.38,4.0,3.2167
21634,5.0,3.55,3.04,3.8633
2847,4.55,3.18,4.17,3.9667
36806,5.0,3.53,3.17,3.9
19651,4.55,3.58,3.71,3.9467
50784,5.0,3.6,3.07,3.89
5018,4.86,3.55,3.6,4.0033
55012,3.15,2.15,4.05,3.1167
55946,3.41,2.18,3.95,3.18
36720,5.0,3.43,3.12,3.85
12609,5.0,2.94,2.99,3.6433
951,4.1,3.16,2.84,3.3667
68683,5.0,3.41,3.02,3.81
67993,5.0,3.4,2.89,3.7633
32238,3.8,2.1,4.21,3.37
55704,5.0,3.55,3.69,4.08
25934,4.7,3.05,3.99,3.9133
13275,4.86,3.34,3.66,3.9533
59315,5.0,3.02,2.99,3.67
41529,5.0,3.35,3.47,3.94
27992,4.7,3.22,3.62,3.8467
34842,3.02,2.17,3.49,2.8933
11333,4.86,3.42,3.9,4.06
32632,4.1,3.36,2.9,3.4533
63962,2.27,2.38,3.96,2.87
62385,4.1,3.27,3.43,3.6
30230,5.0,3.34,2.98,3.7733
30748,3.1,2.15,3.69,2.98
28806,4.4,3.32,2.77,3.4967
7572,4.1,2.67,3.61,3.46
42645,2.84,2.33,4.21,3.1267
66610,3.87,2.63,3.61,3.37
5611,5.0,3.51,3.28,3.93
71022,5.0,3.58,4.03,4.2033
16573,3.5,2.88,2.85,3.0767
70222,2.1,2.19,3.54,2.61
25268,3.8,1.72,3.21,2.91
18971,4.7,3.31,3.5,3.8367
30066,4.25,3.18,3.24,3.5567
59185,5.0,3.31,3.01,3.7733
7822,5.0,3.13,3.26,3.7967
61160,5.0,3.55,3.49,4.0133
64528,3.06,2.22,4.14,3.14
31434,5.0,3.58,3.49,4.0233
28041,5.0,3.58,3.54,4.04
58202,4.4,3.44,2.99,3.61
37694,3.51,2.57,4.29,3.4567
71115,4.1,3.36,2.9,3.4533
52723,5.0,3.6,3.09,3.8967
15992,5.0,3.6,3.38,3.9933
22687,5.0,3.11,3.1,3.7367
3937,4.7,3.1,3.66,3.82
24178,3.57,2.68,3.87,3.3733
64411,3.11,2.33,3.94,3.1267
37082,4.56,3.26,3.35,3.7233
59004,3.1,2.14,3.72,2.9867
4214,5.0,3.39,3.29,3.8933
60191,4.4,3.6,2.96,3.6533
44232,3.8,2.58,4.5,3.6267
67183,3.96,2.59,3.72,3.4233
9745,4.74,3.3,3.56,3.8667
6420,4.64,3.49,4.06,4.0633
13755,2.99,2.1,4.15,3.08
44155,4.86,3.48,3.11,3.8167
6225,4.14,2.79,3.38,3.4367
9837,3.8,2.13,3.75,3.2267
14388,5.0,3.49,3.05,3.8467
30758,4.74,3.38,3.94,4.02
56953,4.7,3.01,3.05,3.5867
43598,5.0,3.51,3.6,4.0367
36831,5.0,3.37,3.21,3.86
19063,5.0,3.46,3.17,3.8767
61577,3.8,2.13,3.28,3.07
66183,4.22,3.34,4.03,3.8633
44721,4.7,2.99,3.2,3.63
8468,4.7,3.25,3.73,3.8933
47600,4.4,3.6,3.23,3.7433
9058,4.1,2.72,3.5,3.44
21738,5.0,3.6,2.83,3.81
22983,3.02,2.23,4.1,3.1167
67686,5.0,3.51,3.03,3.8467
64987,5.0,3.38,3.38,3.92
23480,5.0,3.34,3.56,3.9667
65256,4.86,3.54,3.58,3.9933
71142,4.1,2.69,3.35,3.38
26680,4.4,3.6,3.03,3.6767
12182,4.7,3.19,3.38,3.7567
40302,5.0,3.42,3.55,3.99
13356,5.0,3.26,3.83,4.03
34097,5.0,3.18,3.12,3.7667
56636,3.27,2.18,3.56,3.0033
23375,5.0,3.37,3.38,3.9167
28356,2.82,2.32,4.05,3.0633
71740,5.0,3.58,3.8,4.1267
64371,4.4,3.6,3.07,3.69
40796,5.0,3.6,2.89,3.83
43498,3.66,2.21,3.88,3.25
36433,3.1,2.14,4.08,3.1067
51967,5.0,3.16,3.27,3.81
18284,3.27,2.33,3.4,3.0
55035,5.0,3.57,3.41,3.9933
12019,4.4,3.37,2.83,3.5333
8548,5.0,3.21,3.0,3.7367
34843,4.01,2.77,3.86,3.5467
42451,5.0,3.13,3.78,3.97
49207,5.0,3.25,3.52,3.9233
39639,2.85,1.97,4.66,3.16
22,5.0,3.49,3.28,3.9233
67391,4.7,3.31,3.5,3.8367
71727,5.0,3.53,3.57,4.0333
48765,5.0,3.44,3.39,3.9433
7960,3.35,2.18,3.89,3.14
33401,5.0,3.42,3.03,3.8167
33046,3.21,2.34,3.74,3.0967
21020,3.92,3.11,3.3,3.4433
65297,5.0,3.4,2.96,3.7867
69010,5.0,3.53,3.01,3.8467
27327,4.4,3.6,2.77,3.59
8618,5.0,3.23,3.27,3.8333
64856,5.0,3.38,3.2,3.86
55601,4.4,3.6,2.93,3.6433
8357,4.86,3.08,3.35,3.7633
29112,3.5,2.88,2.85,3.0767
11824,5.0,3.41,3.13,3.8467
7595,5.0,3.42,3.52,3.98
13298,5.0,3.55,4.21,4.2533
20983,5.0,3.27,3.08,3.7833
66339,3.54,2.37,3.59,3.1667
47823,4.7,3.06,2.91,3.5567
61534,5.0,3.19,4.19,4.1267
24364,5.0,3.6,2.98,3.86
66543,5.0,3.13,2.75,3.6267
24855,5.0,3.56,4.27,4.2767
52834,3.73,2.71,3.98,3.4733
25087,5.0,3.43,3.5,3.9767
54822,3.35,2.56,4.23,3.38
23887,3.57,2.62,3.4,3.1967
28021,2.89,2.32,4.42,3.21
53087,4.1,2.76,3.53,3.4633
37231,5.0,3.25,3.28,3.8433
44027,4.4,3.6,2.79,3.5967
11322,4.4,2.51,3.08,3.33
67029,2.82,2.23,4.79,3.28
61563,3.66,2.28,3.95,3.2967
60712,4.4,3.6,2.72,3.5733
55123,5.0,3.25,3.27,3.84
10596,4.41,3.44,3.52,3.79
41448,4.55,3.57,3.65,3.9233
9657,3.44,2.09,4.23,3.2533
69051,2.87,2.29,4.55,3.2367
21694,4.55,3.2,3.21,3.6533
49666,4.86,3.42,3.29,3.8567
62854,5.0,3.13,3.26,3.7967
1057,5.0,3.37,3.33,3.9
25005,5.0,3.55,4.1,4.2167
26869,4.1,3.36,3.33,3.5967
50161,4.7,2.97,3.47,3.7133
63123,5.0,3.11,3.7,3.9367
30387,2.8,2.34,4.61,3.25
57153,4.7,3.28,3.14,3.7067
56940,3.06,1.94,4.33,3.11
52488,2.99,1.94,4.02,2.9833
28461,5.0,3.4,2.96,3.7867
38171,5.0,3.55,3.65,4.0667
35085,4.4,3.47,2.93,3.6
66200,4.74,3.11,3.41,3.7533
33336,3.95,3.02,3.44,3.47
70931,3.54,2.17,3.94,3.2167
7593,4.44,3.54,4.14,4.04
24650,4.7,3.19,3.69,3.86
40962,3.27,2.15,4.1,3.1733
30169,5.0,3.6,3.07,3.89
54793,2.91,2.24,4.51,3.22
44486,5.0,3.4,3.18,3.86
64435,3.6,2.36,4.32,3.4267
51171,5.0,3.46,3.44,3.9667
36446,5.0,3.26,3.43,3.8967
4862,5.0,3.38,3.0,3.7933
1686,3.1,2.11,3.92,3.0433
10497,4.55,3.33,4.14,4.0067
43906,5.0,3.37,2.99,3.7867
53824,2.97,2.24,4.43,3.2133
65654,3.44,2.36,3.99,3.2633
65405,4.26,3.46,4.12,3.9467
34949,5.0,3.13,3.26,3.7967
47156,5.0,3.36,3.31,3.89
52832,3.54,2.13,3.32,2.9967
49191,5.0,3.3,3.17,3.8233
50213,3.06,2.22,4.21,3.1633
28958,4.34,3.33,3.51,3.7267
29948,4.08,3.54,4.81,4.1433
55282,5.0,3.23,3.26,3.83
8950,5.0,3.33,3.13,3.82
41939,5.0,3.6,3.43,4.01
14273,5.0,3.53,3.06,3.8633
32535,2.58,2.35,4.64,3.19
28539,3.44,2.2,3.7,3.1133
52303,5.0,3.52,4.13,4.2167
31791,4.7,3.13,3.32,3.7167
71913,3.96,2.83,3.88,3.5567
28574,4.4,3.03,3.32,3.5833
27516,5.0,3.55,3.35,3.9667
53397,5.0,3.52,3.16,3.8933
57047,3.24,2.34,4.11,3.23
6888,4.7,3.28,3.35,3.7767
5308,3.5,2.88,2.85,3.0767
29967,5.0,3.52,3.16,3.8933
22718,4.4,3.6,2.97,3.6567
20070,5.0,3.4,3.29,3.8967
4428,4.4,3.6,2.88,3.6267
60576,5.0,3.4,3.43,3.9433
26105,5.0,3.44,3.34,3.9267
13801,5.0,3.25,3.14,3.7967
63146,4.61,3.42,4.6,4.21
66556,4.4,2.92,3.6,3.64
6296,3.15,2.34,4.35,3.28
63457,4.4,3.6,2.79,3.5967
49586,5.0,3.5,4.15,4.2167
36877,4.08,3.54,3.62,3.7467
53707,5.0,3.13,3.43,3.8533
72133,5.0,3.51,3.39,3.9667
5501,4.34,3.09,3.6,3.6767
19345,5.0,3.44,3.26,3.9
8795,4.4,3.4,2.94,3.58
11676,5.0,3.17,3.78,3.9833
53345,5.0,3.55,3.23,3.9267
71864,3.24,2.07,3.31,2.8733
29766,3.06,2.1,3.99,3.05
27372,3.06,1.75,3.99,2.9333
37828,3.8,1.89,3.25,2.98
36923,3.8,2.4,3.45,3.2167
35862,5.0,3.58,3.46,4.0133
58729,5.0,3.3,2.96,3.7533
12327,3.35,2.27,3.67,3.0967
48521,4.55,2.95,3.66,3.72
56841,5.0,3.5,3.01,3.8367
47810,5.0,3.57,3.58,4.05
9717,3.21,1.96,3.94,3.0367
22811,3.35,2.19,4.07,3.2033
32980,4.3,3.52,3.73,3.85
58058,4.7,3.01,3.05,3.5867
69604,5.0,3.25,3.28,3.8433
24919,3.1,2.22,3.47,2.93
55444,5.0,3.48,3.26,3.9133
45426,4.1,3.36,2.8,3.42
52147,5.0,3.41,3.4,3.9367
61844,5.0,3.35,3.2,3.85
4156,3.84,3.45,3.29,3.5267
54460,4.11,3.33,3.59,3.6767
33972,5.0,3.46,3.28,3.9133
71750,5.0,3.25,2.85,3.7
30049,4.31,3.19,3.58,3.6933
65799,4.56,2.82,3.67,3.6833
833,4.26,3.18,3.5,3.6467
65497,3.8,1.72,3.21,2.91
53501,5.0,3.49,2.95,3.8133
67771,5.0,3.35,3.47,3.94
46936,5.0,3.55,3.28,3.9433
22237,3.35,2.18,3.89,3.14
29656,4.14,3.02,4.6,3.92
16536,5.0,3.44,3.48,3.9733
41236,5.0,3.37,2.89,3.7533
18551,3.8,1.89,3.25,2.98
59002,5.0,3.29,3.31,3.8667
69066,4.83,3.3,4.02,4.05
57969,3.02,2.32,3.93,3.09
63341,3.44,2.23,3.62,3.0967
46985,4.41,3.54,3.98,3.9767
60404,5.0,3.23,3.27,3.8333
22388,4.74,3.32,3.42,3.8267
54944,3.44,2.13,3.49,3.02
32498,3.06,1.87,3.93,2.9533
53264,4.86,3.15,3.44,3.8167
15993,3.06,2.21,3.44,2.9033
24910,5.0,3.16,3.08,3.7467
9918,5.0,3.42,3.34,3.92
24980,5.0,3.6,2.95,3.85
59220,3.06,2.31,5.0,3.4567
6745,4.74,3.37,3.33,3.8133
30489,5.0,3.21,3.16,3.79
37946,4.37,3.53,3.97,3.9567
62043,4.4,2.79,2.99,3.3933
68501,3.1,2.28,3.85,3.0767
32228,3.74,2.83,3.78,3.45
34797,5.0,3.4,3.03,3.81
27480,5.0,3.26,3.21,3.8233
48687,4.4,3.6,2.79,3.5967
29671,5.0,3.51,3.13,3.88
40765,2.9,2.08,3.85,2.9433
66179,4.04,2.86,3.81,3.57
1788,5.0,3.44,3.08,3.84
41221,4.4,3.6,2.79,3.5967
13587,5.0,3.32,3.33,3.8833
67135,4.11,3.1,4.19,3.8
51895,4.41,3.35,3.25,3.67
48556,3.06,2.22,3.28,2.8533
4834,3.35,2.02,3.97,3.1133
9379,5.0,3.42,3.19,3.87
14779,5.0,3.38,3.16,3.8467
8478,5.0,3.53,3.02,3.85
86,5.0,3.13,3.02,3.7167
23094,3.8,1.66,3.24,2.9
4319,2.88,2.19,4.35,3.14
18022,5.0,3.5,2.96,3.82
67201,5.0,3.52,3.1,3.8733
55006,5.0,3.19,3.04,3.7433
35414,4.4,3.6,2.96,3.6533
45096,4.4,3.6,2.77,3.59
71263,5.0,3.6,3.06,3.8867
37471,3.8,2.4,3.21,3.1367
13611,5.0,3.5,3.31,3.9367
8326,3.8,2.4,3.99,3.3967
6637,5.0,3.51,3.81,4.1067
20139,4.86,3.52,3.36,3.9133
19184,3.58,2.69,3.68,3.3167
23448,5.0,3.6,2.93,3.8433
32943,3.54,2.08,3.23,2.95
37212,3.21,2.17,4.27,3.2167
47651,3.66,2.01,3.75,3.14
4037,3.35,2.52,4.89,3.5867
19609,4.7,3.15,3.45,3.7667
31108,5.0,3.51,2.98,3.83
66895,4.74,3.45,3.45,3.88
57360,4.4,3.42,3.03,3.6167
22174,4.7,3.01,3.05,3.5867
61478,5.0,3.44,3.48,3.9733
15402,4.34,3.36,3.39,3.6967
4237,5.0,3.22,2.93,3.7167
32306,4.1,2.78,3.93,3.6033
51679,3.21,2.22,3.59,3.0067
21949,5.0,3.48,3.27,3.9167
70483,5.0,3.4,3.86,4.0867
51900,3.27,2.02,3.88,3.0567
13876,4.74,3.54,3.46,3.9133
10282,3.8,2.26,3.48,3.18
72141,4.7,2.75,3.44,3.63
28328,3.13,2.36,4.18,3.2233
24050,5.0,3.4,3.34,3.9133
60297,4.4,3.2,3.17,3.59
61125,5.0,3.54,3.65,4.0633
2140,3.1,2.16,4.24,3.1667
48067,4.34,3.15,4.04,3.8433
60502,3.27,2.15,3.73,3.05
20695,3.5,2.88,2.85,3.0767
42509,3.44,2.17,3.55,3.0533
61863,3.44,2.21,3.65,3.1
60449,3.54,2.21,3.52,3.09
61529,5.0,2.84,2.88,3.5733
15906,5.0,3.45,3.01,3.82
1865,5.0,3.13,2.81,3.6467
71357,4.64,3.51,3.64,3.93
38821,5.0,3.48,3.15,3.8767
51827,5.0,3.54,3.36,3.9667
38554,5.0,3.48,3.27,3.9167
69120,3.15,2.28,3.27,2.9
38529,5.0,3.16,3.27,3.81
41667,5.0,3.54,2.98,3.84
35525,5.0,3.6,2.97,3.8567
1028,3.02,2.34,4.06,3.14
12516,2.97,2.21,4.18,3.12
4537,5.0,3.42,3.5,3.9733
23393,3.92,3.06,4.08,3.6867
58328,3.35,1.93,4.06,3.1133
34882,4.7,3.21,4.05,3.9867
1093,5.0,3.45,3.55,4.0
31555,3.8,2.43,3.52,3.25
60027,3.8,2.19,3.39,3.1267
65003,5.0,3.16,3.27,3.81
45191,5.0,3.52,4.15,4.2233
22851,4.7,2.91,3.22,3.61
11173,3.4,2.7,3.42,3.1733
54767,4.3,3.45,3.28,3.6767
10246,5.0,3.41,3.18,3.8633
51389,4.1,2.99,3.87,3.6533
58505,4.4,3.6,2.79,3.5967
2664,5.0,3.31,3.76,4.0233
25156,3.5,2.7,3.14,3.1133
55938,3.51,2.16,3.91,3.1933
69845,3.66,2.21,3.48,3.1167
33052,4.14,3.03,3.49,3.5533
30815,3.8,2.45,3.7,3.3167
1861,4.1,2.72,3.45,3.4233
16883,3.44,2.18,3.61,3.0767
35540,5.0,3.55,3.07,3.8733
43369,4.17,3.4,4.4,3.99
48877,3.8,2.2,2.98,2.9933
30427,4.31,3.31,3.8,3.8067
21272,5.0,3.56,3.46,4.0067
14367,4.3,3.57,3.48,3.7833
64403,3.1,2.19,4.06,3.1167
71046,4.7,3.25,3.34,3.7633
29925,4.4,3.6,2.79,3.5967
2947,3.06,2.37,4.48,3.3033
40272,5.0,3.38,3.66,4.0133
58145,3.1,2.31,4.62,3.3433
44460,5.0,3.56,3.38,3.98
49353,5.0,3.47,2.88,3.7833
44711,3.35,2.37,3.64,3.12
3263,3.14,3.21,3.43,3.26
38819,5.0,3.38,3.4,3.9267
68574,4.64,3.38,3.56,3.86
55471,4.26,3.02,3.98,3.7533
18934,5.0,3.51,3.03,3.8467
32948,4.4,3.6,2.79,3.5967
42548,3.06,2.1,3.31,2.8233
34015,5.0,3.53,3.29,3.94
59584,4.7,3.01,3.05,3.5867
22721,3.27,2.34,3.75,3.12
21124,3.54,2.2,4.17,3.3033
63585,2.91,2.32,4.02,3.0833
68845,5.0,3.29,3.05,3.78
11265,5.0,3.4,3.18,3.86
25296,5.0,3.25,3.28,3.8433
25039,5.0,3.51,4.02,4.1767
58104,5.0,3.6,3.07,3.89
18768,2.93,2.32,3.86,3.0367
24160,3.8,2.11,3.4,3.1033
58537,3.1,2.34,4.66,3.3667
69509,4.17,3.02,3.87,3.6867
48939,3.8,1.66,3.24,2.9
43454,3.27,2.37,3.72,3.12
21422,4.74,3.42,3.62,3.9267
7007,5.0,3.29,3.21,3.8333
34488,3.81,3.08,3.53,3.4733
57048,3.35,2.3,4.0,3.2167
71530,4.4,3.41,3.43,3.7467
62288,5.0,3.28,2.9,3.7267
12491,4.4,2.61,3.17,3.3933
35008,3.8,2.45,3.69,3.3133
67780,4.4,3.6,2.84,3.6133
52286,3.21,2.13,3.99,3.11
27121,3.35,2.3,3.84,3.1633
6095,5.0,3.01,3.06,3.69
45433,4.34,3.34,4.14,3.94
51140,5.0,3.41,3.78,4.0633
13218,5.0,3.57,3.38,3.9833
70024,5.0,3.55,3.34,3.9633
13180,5.0,3.44,2.91,3.7833
5380,3.81,2.98,3.51,3.4333
17278,4.1,3.13,2.78,3.3367
53204,2.97,2.31,3.66,2.98
65194,5.0,3.53,3.65,4.06
11301,5.0,3.11,3.07,3.7267
13198,2.94,2.13,3.93,3.0
55657,3.8,2.58,3.47,3.2833
17758,5.0,3.46,3.17,3.8767
69143,4.4,3.35,2.88,3.5433
39526,5.0,3.52,4.29,4.27
35328,2.84,2.23,3.97,3.0133
8182,5.0,3.42,3.41,3.9433
46240,4.4,3.6,2.71,3.57
26893,5.0,3.59,3.91,4.1667
41466,5.0,3.6,3.29,3.9633
56464,5.0,3.25,3.86,4.0367
20333,5.0,3.15,3.17,3.7733
23803,4.74,3.46,3.78,3.9933
56041,3.8,1.76,3.16,2.9067
55393,2.92,2.21,4.34,3.1567
51612,4.17,2.98,3.76,3.6367
10619,5.0,3.52,3.04,3.8533
30104,3.13,2.21,3.95,3.0967
3797,3.32,2.76,3.84,3.3067
53782,2.82,2.14,4.35,3.1033
16751,4.1,2.21,3.15,3.1533
53831,4.64,3.48,3.76,3.96
44461,3.66,2.14,3.29,3.03
28109,5.0,3.33,3.49,3.94
51120,5.0,3.57,3.65,4.0733
49972,5.0,3.6,3.82,4.14
69752,3.54,2.13,3.8,3.1567
19172,4.44,3.14,3.61,3.73
37846,3.35,2.56,3.62,3.1767
64843,5.0,3.5,2.96,3.82
17053,2.8,2.12,4.23,3.05
43910,4.86,3.3,3.15,3.77
57554,5.0,3.51,3.19,3.9
5075,4.47,3.32,3.53,3.7733
17876,4.4,3.47,2.98,3.6167
2896,5.0,3.56,3.75,4.1033
17644,3.2,2.18,3.38,2.92
61835,3.8,3.19,3.04,3.3433
17143,4.86,3.49,3.72,4.0233
43021,5.0,3.5,2.96,3.82
23347,5.0,3.38,3.95,4.11
7873,4.4,3.08,3.73,3.7367
23413,5.0,3.41,3.09,3.8333
61407,5.0,3.21,3.22,3.81
27629,3.66,2.34,3.79,3.2633
64899,5.0,3.55,3.57,4.04
44647,5.0,3.37,3.44,3.9367
23546,5.0,3.57,3.97,4.18
33937,4.86,3.2,3.46,3.84
56565,3.15,1.96,4.45,3.1867
37246,5.0,3.5,3.74,4.08
29751,5.0,3.44,3.15,3.8633
2081,4.41,3.55,4.34,4.1
12647,4.1,2.75,3.24,3.3633
46291,3.06,2.28,3.65,2.9967
42939,5.0,3.48,2.99,3.8233
23944,5.0,3.48,3.32,3.9333
55558,5.0,3.32,3.07,3.7967
41866,4.7,2.81,4.08,3.8633
3218,4.86,3.19,3.35,3.8
25730,5.0,3.58,3.71,4.0967
10164,5.0,3.47,3.25,3.9067
10847,3.06,2.4,3.68,3.0467
54446,5.0,3.33,3.13,3.82
15975,2.92,2.34,4.07,3.11
17419,2.98,2.22,3.71,2.97
65138,4.41,3.26,3.35,3.6733
47938,3.66,2.13,3.23,3.0067
54287,5.0,3.51,2.98,3.83
4280,3.24,2.15,4.51,3.3
20015,5.0,3.44,3.05,3.83
16043,2.95,2.3,4.51,3.2533
61516,5.0,3.38,3.66,4.0133
43918,4.44,3.09,4.37,3.9667
15024,3.21,2.15,3.67,3.01
71017,4.4,3.6,2.72,3.5733
5785,5.0,2.9,3.37,3.7567
16798,5.0,3.28,3.0,3.76
27128,5.0,3.44,3.44,3.96
52600,5.0,3.26,3.56,3.94
25505,3.06,2.36,3.45,2.9567
69836,4.01,3.29,3.69,3.6633
29791,3.66,2.4,3.93,3.33
27702,4.0,3.55,3.97,3.84
8149,3.54,2.2,3.71,3.15
13326,5.0,3.53,3.19,3.9067
16673,4.74,3.29,3.53,3.8533
7565,2.88,2.01,3.98,2.9567
21797,3.44,2.11,3.95,3.1667
67621,5.0,3.42,3.84,4.0867
1265,5.0,3.28,3.0,3.76
6624,5.0,3.41,3.37,3.9267
29452,4.4,2.87,3.3,3.5233
34088,5.0,3.55,3.65,4.0667
62904,5.0,3.49,2.95,3.8133
54768,3.8,1.89,3.25,2.98
30851,4.86,3.36,3.37,3.8633
38310,4.4,3.6,2.72,3.5733
58845,3.35,2.31,4.13,3.2633
17766,2.94,2.36,4.16,3.1533
16364,4.7,3.05,3.74,3.83
66180,3.5,2.88,2.85,3.0767
60110,4.1,3.36,2.9,3.4533
13052,2.78,2.23,4.63,3.2133
9414,5.0,3.53,4.07,4.2
66225,4.86,3.28,3.76,3.9667
19247,2.78,2.08,3.81,2.89
53903,5.0,3.58,3.59,4.0567
52823,4.64,3.07,3.39,3.7
71716,5.0,3.53,3.59,4.04
32017,5.0,3.58,3.63,4.07
33912,5.0,3.32,2.97,3.7633
39105,5.0,3.25,2.94,3.73
5106,4.17,3.31,3.42,3.6333
27973,4.86,3.6,3.08,3.8467
67964,5.0,3.6,3.21,3.9367
58473,3.92,3.19,4.11,3.74
1624,5.0,3.48,3.05,3.8433
34853,5.0,3.6,3.08,3.8933
638,4.4,3.6,2.79,3.5967
32946,5.0,3.54,3.06,3.8667
22354,4.4,2.88,3.42,3.5667
17634,3.8,2.37,3.76,3.31
7853,4.4,3.38,3.0,3.5933
36633,5.0,3.35,3.51,3.9533
40308,4.86,3.39,3.98,4.0767
28222,3.06,1.95,3.92,2.9767
65167,5.0,3.56,3.37,3.9767
35674,5.0,3.41,3.62,4.01
55666,2.79,2.13,4.09,3.0033
66145,2.88,2.35,4.44,3.2233
41717,4.1,3.2,3.76,3.6867
62781,5.0,3.52,3.21,3.91
38022,4.7,3.34,3.81,3.95
52921,2.92,2.04,4.57,3.1767
9175,3.27,2.09,3.69,3.0167
62589,3.02,2.27,4.18,3.1567
21259,4.7,2.96,3.29,3.65
17589,4.86,3.36,3.84,4.02
18856,4.4,3.6,2.77,3.59
71582,3.54,2.79,4.18,3.5033
58048,4.55,3.55,3.55,3.8833
13913,3.2,2.34,3.11,2.8833
65730,4.4,3.06,3.42,3.6267
20751,5.0,3.37,3.27,3.88
16965,3.21,2.48,4.45,3.38
3765,2.84,2.31,3.86,3.0033
49000,4.7,3.31,3.58,3.8633
4201,5.0,2.94,2.99,3.6433
62954,5.0,3.18,3.12,3.7667
47621,3.06,2.19,3.89,3.0467
54864,4.35,3.27,4.2,3.94
70554,4.19,3.23,4.37,3.93
22255,5.0,3.3,3.39,3.8967
50362,5.0,3.25,3.28,3.8433
35298,5.0,3.6,2.9,3.8333
70763,3.54,2.33,4.02,3.2967
33979,5.0,3.13,3.07,3.7333
50364,5.0,3.6,3.72,4.1067
11910,5.0,3.38,3.05,3.81
66905,5.0,3.34,3.45,3.93
55286,5.0,3.49,3.5,3.9967
68052,5.0,3.23,3.27,3.8333
65352,3.66,2.24,3.64,3.18
58110,4.86,3.52,3.55,3.9767
18724,5.0,3.44,3.1,3.8467
42036,5.0,3.36,3.47,3.9433
42410,4.1,3.36,2.9,3.4533
17581,4.4,3.6,2.77,3.59
68551,5.0,3.53,3.81,4.1133
37352,3.98,3.17,4.45,3.8667
39287,5.0,3.56,3.34,3.9667
13057,2.83,2.34,4.89,3.3533
70211,2.14,2.28,3.53,2.65
27545,3.8,2.36,3.41,3.19
533,3.02,2.27,4.51,3.2667
30953,4.4,2.51,3.08,3.33
69221,5.0,3.19,3.19,3.7933
9924,5.0,3.16,3.08,3.7467
67259,5.0,3.6,3.32,3.9733
54836,5.0,3.12,3.42,3.8467
44754,3.8,2.33,3.92,3.35
60704,3.5,2.76,3.15,3.1367
59178,5.0,3.6,2.73,3.7767
69907,5.0,3.26,3.3,3.8533
57878,3.06,2.29,3.97,3.1067
47371,5.0,3.34,3.5,3.9467
25019,5.0,3.41,3.37,3.9267
71572,4.7,2.95,3.21,3.62
67557,4.34,3.03,3.49,3.62
32659,5.0,3.53,3.35,3.96
44388,5.0,3.49,3.0,3.83
44645,3.66,2.55,4.49,3.5667
5556,5.0,3.46,2.87,3.7767
56388,5.0,3.13,2.94,3.69
50783,5.0,3.09,3.35,3.8133
16379,5.0,3.48,3.36,3.9467
3877,3.8,2.12,3.78,3.2333
53786,4.12,3.56,3.25,3.6433
58068,4.55,3.47,3.8,3.94
26625,4.37,3.6,3.78,3.9167
4195,3.66,2.36,3.8,3.2733
33156,3.15,2.15,4.15,3.15
53927,2.84,2.26,3.86,2.9867
54737,5.0,3.44,3.14,3.86
52351,5.0,3.31,3.57,3.96
35622,3.95,3.06,3.89,3.6333
19986,4.71,3.46,3.44,3.87
65384,4.4,3.6,2.96,3.6533
64581,4.41,3.35,4.48,4.08
46941,5.0,3.21,3.05,3.7533
50457,3.8,1.72,3.21,2.91
70035,5.0,2.98,3.16,3.7133
10776,5.0,3.06,3.05,3.7033
52531,4.4,3.41,2.97,3.5933
20596,4.55,3.31,3.51,3.79
43523,3.21,1.73,3.37,2.77
66014,5.0,3.33,3.34,3.89
41144,3.8,2.29,3.88,3.3233
66218,5.0,3.51,3.6,4.0367
42908,5.0,3.55,3.59,4.0467
67324,3.1,2.11,3.92,3.0433
21156,2.78,2.11,3.95,2.9467
15013,3.87,2.85,3.64,3.4533
59676,5.0,2.82,2.81,3.5433
42647,3.43,2.75,3.96,3.38
31420,2.86,1.98,4.84,3.2267
26140,3.27,2.39,4.19,3.2833
32201,5.0,3.39,3.02,3.8033
857,4.1,2.75,3.39,3.4133
13342,5.0,3.6,3.03,3.8767
43606,4.1,3.25,3.21,3.52
24941,2.97,2.31,4.01,3.0967
46451,5.0,3.35,3.09,3.8133
71176,3.35,2.35,3.66,3.12
35228,5.0,3.56,3.68,4.08
36825,3.1,2.35,3.81,3.0867
9464,4.86,3.34,3.61,3.9367
25767,4.47,3.29,3.9,3.8867
15283,5.0,3.25,3.28,3.8433
40461,4.4,3.35,3.04,3.5967
39519,4.4,3.6,2.79,3.5967
7473,3.92,2.88,3.81,3.5367
47870,4.4,3.6,2.79,3.5967
39760,5.0,3.15,3.28,3.81
15904,5.0,3.51,2.98,3.83
66512,5.0,3.17,3.13,3.7667
43066,5.0,3.48,3.32,3.9333
397,5.0,3.51,3.17,3.8933
3109,2.88,2.1,4.07,3.0167
17936,5.0,3.6,3.09,3.8967
68964,5.0,3.55,3.04,3.8633
59284,4.4,3.6,2.98,3.66
53193,5.0,3.39,3.5,3.9633
11164,5.0,3.08,2.95,3.6767
16879,2.73,2.29,4.64,3.22
36834,5.0,3.45,3.22,3.89
37419,2.85,2.21,4.28,3.1133
12378,4.64,3.27,3.27,3.7267
46869,5.0,3.19,3.48,3.89
46348,3.21,2.35,4.38,3.3133
1001,3.81,2.74,3.44,3.33
64532,5.0,3.38,3.55,3.9767
16101,5.0,3.47,3.19,3.8867
62268,5.0,3.25,2.99,3.7467
49875,5.0,3.35,2.93,3.76
50864,4.17,3.26,3.69,3.7067
52096,2.92,2.29,4.25,3.1533
30325,2.92,2.29,3.88,3.03
43708,3.35,2.22,3.94,3.17
47211,2.78,1.85,4.74,3.1233
23895,5.0,3.39,3.29,3.8933
70155,2.99,2.24,4.55,3.26
54436,4.4,3.6,2.89,3.63
4029,4.6,3.48,3.81,3.9633
32834,3.27,2.19,4.14,3.2
34279,5.0,3.55,3.35,3.9667
71810,4.05,3.14,3.59,3.5933
13624,3.5,2.88,2.85,3.0767
934,5.0,3.23,3.01,3.7467
9331,3.66,2.18,3.51,3.1167
65729,3.35,2.19,4.2,3.2467
40185,2.87,2.29,4.06,3.0733
32267,3.44,1.8,3.15,2.7967
47052,5.0,3.4,2.96,3.7867
60699,3.96,2.85,4.95,3.92
50912,4.1,3.36,2.9,3.4533
49581,3.96,2.76,4.99,3.9033
41389,5.0,3.6,3.84,4.1467
57424,2.81,1.96,4.32,3.03
53473,2.99,2.07,4.45,3.17
34275,3.44,2.41,3.7,3.1833
57375,5.0,3.17,2.95,3.7067
40057,3.8,1.76,3.16,2.9067
7720,2.8,2.39,4.58,3.2567
16526,4.55,3.4,3.65,3.8667
60180,2.89,2.27,4.25,3.1367
53608,4.86,3.22,3.3,3.7933
24879,5.0,3.42,3.32,3.9133
10131,5.0,3.56,3.71,4.09
32864,5.0,3.23,3.27,3.8333
33741,3.8,1.72,3.21,2.91
64794,4.7,3.01,3.05,3.5867
51837,4.4,3.6,2.79,3.5967
62782,5.0,3.35,2.99,3.78
29547,3.21,2.36,3.92,3.1633
46265,5.0,3.44,3.44,3.96
44575,5.0,3.42,3.03,3.8167
34929,3.95,2.97,3.8,3.5733
56484,5.0,3.16,3.22,3.7933
17146,4.55,3.43,4.15,4.0433
13046,2.71,2.36,4.89,3.32
2107,5.0,3.44,2.81,3.75
42697,5.0,3.42,3.05,3.8233
19377,5.0,3.38,3.49,3.9567
64259,3.1,2.26,4.0,3.12
57437,3.44,2.01,3.59,3.0133
8570,3.21,2.29,4.08,3.1933
57728,4.04,3.6,3.29,3.6433
37214,5.0,3.25,3.28,3.8433
17191,5.0,3.32,3.07,3.7967
2699,5.0,3.39,3.24,3.8767
50334,5.0,3.47,3.51,3.9933
23176,2.71,2.26,4.53,3.1667
22662,3.35,2.01,3.75,3.0367
1809,5.0,3.22,2.93,3.7167
66237,4.71,3.03,3.4,3.7133
36168,2.83,2.21,3.91,2.9833
24482,5.0,3.25,3.28,3.8433
40338,4.4,3.6,2.96,3.6533
64449,3.8,2.33,4.46,3.53
61630,5.0,3.49,3.72,4.07
68831,5.0,3.44,3.3,3.9133
57433,5.0,3.6,3.05,3.8833
32636,5.0,3.41,3.84,4.0833
17254,5.0,3.4,3.24,3.88
60045,5.0,3.57,3.78,4.1167
37554,5.0,3.19,3.29,3.8267
13090,3.35,2.23,3.77,3.1167
51811,3.44,2.32,4.37,3.3767
8450,5.0,3.21,3.05,3.7533
54477,5.0,3.37,3.22,3.8633
48886,4.7,3.28,3.51,3.83
18244,5.0,3.33,3.18,3.8367
61008,5.0,3.35,3.09,3.8133
866,2.91,2.33,3.95,3.0633
40359,3.06,2.38,3.99,3.1433
53561,5.0,3.6,3.38,3.9933
48916,4.56,3.01,3.87,3.8133
43428,2.8,2.13,4.54,3.1567
18986,4.1,2.69,3.42,3.4033
4309,5.0,3.37,2.94,3.77
10260,3.54,2.31,3.73,3.1933
9739,5.0,3.23,3.27,3.8333
58699,5.0,3.04,3.54,3.86
13217,5.0,3.58,3.6,4.06
71820,4.1,3.36,2.9,3.4533
38767,5.0,3.39,3.17,3.8533
65369,4.64,3.53,3.35,3.84
4866,5.0,3.48,3.11,3.8633
70558,5.0,3.15,3.84,3.9967
68462,5.0,3.11,4.01,4.04
6161,5.0,3.21,3.0,3.7367
21973,3.54,2.04,4.31,3.2967
55808,5.0,3.4,3.01,3.8033
48226,3.15,2.3,3.96,3.1367
21732,4.56,3.15,3.9,3.87
58312,2.86,2.34,4.16,3.12
63828,5.0,3.49,3.0,3.83
18578,4.12,3.36,4.13,3.87
16956,4.4,3.0,4.68,4.0267
7609,4.25,3.21,5.0,4.1533
53496,3.06,2.29,4.07,3.14
49617,4.26,3.06,4.13,3.8167
50004,5.0,3.42,3.85,4.09
6824,5.0,3.5,3.15,3.8833
31530,5.0,3.25,3.12,3.79
43422,2.9,2.4,3.54,2.9467
68143,5.0,3.25,3.21,3.82
35609,3.51,2.73,3.55,3.2633
9721,5.0,3.47,3.81,4.0933
687,2.82,2.14,3.8,2.92
55878,3.8,2.3,3.74,3.28
60370,4.4,3.03,3.27,3.5667
70620,3.81,3.04,3.28,3.3767
28332,3.17,1.99,3.64,2.9333
36489,5.0,3.52,3.0,3.84
32958,2.83,2.3,4.32,3.15
29679,3.5,2.88,2.85,3.0767
40075,4.7,3.01,3.03,3.58
63106,5.0,3.56,3.59,4.05
18908,4.74,3.06,3.05,3.6167
19234,2.83,1.98,4.81,3.2067
37449,5.0,3.11,3.04,3.7167
49759,5.0,3.42,3.32,3.9133
56352,5.0,3.43,3.17,3.8667
59481,2.56,2.38,3.78,2.9067
43955,5.0,3.37,3.16,3.8433
29974,4.04,2.99,4.2,3.7433
65640,5.0,3.6,3.0,3.8667
69936,4.4,3.6,2.84,3.6133
46272,5.0,3.6,3.32,3.9733
9393,3.44,2.06,3.28,2.9267
9263,4.4,3.6,2.79,3.5967
57098,5.0,3.51,3.48,3.9967
58734,5.0,3.57,3.73,4.1
46640,5.0,3.2,3.24,3.8133
51772,5.0,3.51,3.29,3.9333
24598,5.0,3.6,3.06,3.8867
23490,5.0,2.9,3.3,3.7333
2407,4.1,2.65,3.94,3.5633
51210,5.0,3.29,2.86,3.7167
57278,4.4,3.6,2.79,3.5967
29453,5.0,3.41,3.09,3.8333
55461,5.0,2.99,3.32,3.77
33129,5.0,3.42,2.85,3.7567
54500,5.0,3.13,3.19,3.7733
18865,4.34,2.91,3.52,3.59
57000,5.0,3.13,3.26,3.7967
52997,4.4,3.28,3.55,3.7433
22013,5.0,3.42,3.15,3.8567
71211,4.7,2.98,3.68,3.7867
45941,2.76,2.15,3.99,2.9667
5599,4.4,3.12,2.78,3.4333
52056,3.35,2.18,3.46,2.9967
31565,3.65,2.32,3.79,3.2533
57,5.0,3.25,3.02,3.7567
17732,4.4,3.08,2.93,3.47
60268,5.0,3.13,3.26,3.7967
33565,4.1,3.16,2.89,3.3833
47208,5.0,3.42,3.26,3.8933
41849,3.5,2.88,2.86,3.08
48508,5.0,3.19,3.23,3.8067
47727,5.0,3.41,3.23,3.88
54175,3.54,2.06,3.47,3.0233
56986,4.47,3.12,3.74,3.7767
37736,3.02,2.2,3.95,3.0567
54615,5.0,3.53,3.4,3.9767
59448,5.0,3.6,3.17,3.9233
65540,4.8,3.36,3.2,3.7867
45377,5.0,3.38,3.45,3.9433
29165,4.1,3.36,2.98,3.48
67870,3.06,2.19,3.69,2.98
800,4.7,3.28,3.04,3.6733
38065,4.56,3.19,3.61,3.7867
6334,4.22,3.31,3.4,3.6433
10848,5.0,3.51,3.5,4.0033
44621,5.0,3.49,3.39,3.96
17156,3.23,2.83,4.08,3.38
11665,5.0,3.42,3.65,4.0233
35366,5.0,3.6,3.11,3.9033
19743,4.7,3.29,3.18,3.7233
13550,3.27,2.14,3.82,3.0767
54362,4.52,3.52,3.05,3.6967
13780,2.95,2.29,3.77,3.0033
23424,3.15,2.21,4.25,3.2033
9902,5.0,3.55,3.34,3.9633
59589,4.14,3.29,3.67,3.7
61882,3.02,2.22,3.74,2.9933
20858,5.0,3.56,3.34,3.9667
29214,5.0,3.13,3.26,3.7967
55205,4.55,3.33,3.89,3.9233
26751,5.0,3.13,3.26,3.7967
19819,3.8,1.72,3.21,2.91
69003,3.8,2.4,3.88,3.36
14130,3.54,2.31,3.68,3.1767
55709,5.0,3.44,3.28,3.9067
61808,3.27,2.32,3.74,3.11
8206,5.0,3.47,3.18,3.8833
23697,3.27,1.83,3.55,2.8833
59812,3.02,2.23,3.67,2.9733
45860,5.0,3.0,3.06,3.6867
12137,4.86,3.57,3.78,4.07
8094,5.0,3.58,3.39,3.99
63742,3.89,3.18,4.12,3.73
40060,5.0,3.53,3.45,3.9933
1687,2.9,2.4,3.54,2.9467
50655,5.0,3.57,3.51,4.0267
67233,5.0,3.5,3.12,3.8733
54692,3.06,2.32,4.89,3.4233
58909,5.0,3.4,3.18,3.86
47182,3.27,2.08,3.63,2.9933
67041,3.15,2.38,4.02,3.1833
25038,5.0,3.53,4.21,4.2467
59101,5.0,3.18,3.12,3.7667
52819,5.0,3.31,3.42,3.91
47142,3.11,2.29,3.74,3.0467
35908,5.0,3.29,3.05,3.78
25941,3.8,3.59,4.32,3.9033
43870,4.4,3.6,2.92,3.64
61805,4.7,3.22,3.66,3.86
62584,5.0,3.21,3.05,3.7533
62707,5.0,3.54,4.0,4.18
56106,4.4,3.02,3.37,3.5967
71600,3.15,2.25,4.28,3.2267
55903,5.0,3.47,3.39,3.9533
54007,5.0,2.95,3.44,3.7967
1312,4.4,3.6,2.83,3.61
35409,5.0,3.56,3.29,3.95
35816,4.1,2.33,3.05,3.16
9411,4.7,3.1,3.55,3.7833
62044,4.4,2.71,2.99,3.3667
55354,4.86,3.24,3.54,3.88
30849,4.55,3.44,3.36,3.7833
46552,2.92,2.36,5.0,3.4267
13594,3.06,2.35,4.13,3.18
1086,5.0,3.47,3.3,3.9233
59182,5.0,3.31,3.01,3.7733
26802,4.08,3.57,4.03,3.8933
23641,3.35,2.29,4.32,3.32
50983,5.0,3.28,3.86,4.0467
67289,4.4,3.13,2.96,3.4967
61600,3.35,2.11,3.73,3.0633
66747,3.27,2.37,3.51,3.05
6737,4.35,3.48,3.67,3.8333
3945,4.7,3.1,3.66,3.82
648,5.0,3.23,3.27,3.8333
25113,4.1,2.72,3.5,3.44
51849,4.74,3.4,3.95,4.03
69102,3.35,2.1,3.6,3.0167
8940,3.1,2.33,3.62,3.0167
863,4.47,3.37,3.6,3.8133
34556,5.0,3.42,3.31,3.91
59902,5.0,3.51,3.28,3.93
48859,5.0,3.54,3.25,3.93
462,5.0,3.5,3.06,3.8533
58839,4.4,2.94,3.2,3.5133
49812,3.36,2.35,3.55,3.0867
23213,3.8,2.32,4.35,3.49
61293,5.0,3.56,3.84,4.1333
57949,3.44,2.42,3.39,3.0833
23028,5.0,3.51,2.97,3.8267
2968,5.0,3.58,3.77,4.1167
39805,5.0,3.34,3.08,3.8067
21987,4.4,3.3,3.36,3.6867
55152,3.1,2.11,3.67,2.96
14989,5.0,3.19,3.04,3.7433
22628,3.35,2.34,3.95,3.2133
21740,2.99,2.12,3.47,2.86
58617,5.0,3.49,4.04,4.1767
44062,5.0,3.51,3.02,3.8433
17974,4.4,3.49,3.16,3.6833
8437,4.1,2.85,3.5,3.4833
1272,5.0,3.3,3.51,3.9367
3847,5.0,3.45,3.16,3.87
28728,3.87,2.9,3.85,3.54
46836,5.0,3.6,3.42,4.0067
2771,4.7,3.23,3.55,3.8267
1869,4.7,3.16,3.21,3.69
20857,4.4,3.44,2.96,3.6
6958,4.74,3.3,3.46,3.8333
65833,5.0,3.16,3.03,3.73
27075,4.64,3.57,3.45,3.8867
10356,2.84,2.25,5.0,3.3633
32170,5.0,3.57,3.23,3.9333
40940,5.0,3.6,3.28,3.96
56960,5.0,3.38,3.22,3.8667
20466,3.44,2.53,5.0,3.6567
12679,3.54,2.31,3.64,3.1633
20371,3.96,2.65,3.66,3.4233
3158,4.74,3.32,3.79,3.95
49386,4.86,3.6,3.71,4.0567
13375,4.01,3.38,4.73,4.04
61134,5.0,3.54,3.31,3.95
51305,3.32,2.03,4.11,3.1533
50625,5.0,3.27,2.99,3.7533
65645,3.51,2.72,3.7,3.31
53796,5.0,3.36,3.47,3.9433
7388,3.15,2.36,3.83,3.1133
42572,5.0,2.97,3.02,3.6633
62153,5.0,2.99,2.98,3.6567
47848,4.64,3.57,3.68,3.9633
46429,4.64,3.02,3.74,3.8
33947,3.02,2.02,3.34,2.7933
14881,5.0,3.6,2.73,3.7767
61789,4.86,3.57,3.73,4.0533
56818,5.0,3.46,3.17,3.8767
31209,5.0,3.32,2.92,3.7467
44792,5.0,3.35,3.09,3.8133
24763,5.0,3.44,3.15,3.8633
71155,5.0,3.22,3.34,3.8533
44484,3.8,1.76,3.16,2.9067
14552,4.19,3.38,3.57,3.7133
61928,3.15,2.34,3.87,3.12
43499,5.0,3.6,2.78,3.7933
2075,4.41,3.55,4.34,4.1
37644,5.0,3.54,3.27,3.9367
45978,5.0,3.08,2.85,3.6433
456,3.44,2.4,3.96,3.2667
36833,5.0,3.48,3.2,3.8933
16171,5.0,3.39,3.33,3.9067
33381,4.4,3.6,2.95,3.65
24845,4.4,3.6,2.83,3.61
24305,3.27,2.21,3.9,3.1267
53902,4.7,3.24,3.21,3.7167
32261,3.41,2.31,3.36,3.0267
32211,5.0,3.13,2.89,3.6733
34125,5.0,3.18,3.35,3.8433
29641,3.27,2.3,4.48,3.35
24665,4.55,3.6,3.64,3.93
59755,5.0,3.37,3.1,3.8233
50792,2.81,2.16,3.37,2.78
45134,3.06,2.2,3.45,2.9033
41493,3.06,2.31,3.51,2.96
47147,2.78,2.0,4.21,2.9967
64395,2.97,2.2,4.48,3.2167
59722,5.0,3.53,3.24,3.9233
52949,5.0,3.48,3.27,3.9167
1059,5.0,3.55,3.4,3.9833
17691,5.0,3.34,2.98,3.7733
54281,4.47,3.35,3.69,3.8367
33170,3.44,2.22,3.63,3.0967
39606,2.85,2.25,3.91,3.0033
26108,3.06,2.27,3.94,3.09
52433,5.0,3.25,3.34,3.8633
50509,3.44,2.04,3.69,3.0567
51019,3.8,2.11,3.32,3.0767
26326,4.35,3.58,3.97,3.9667
12675,4.7,3.01,3.46,3.7233
7019,5.0,3.4,3.27,3.89
31438,4.1,2.85,3.4,3.45
8285,2.94,2.34,3.51,2.93
62545,5.0,3.6,3.2,3.9333
17607,5.0,3.06,3.11,3.7233
35688,5.0,3.26,3.33,3.8633
2717,4.37,3.44,3.67,3.8267
45800,4.04,2.75,3.48,3.4233
57892,2.89,2.25,4.29,3.1433
28967,2.97,2.2,4.32,3.1633
11631,5.0,3.19,3.24,3.81
44254,4.04,3.03,3.87,3.6467
64275,5.0,3.37,3.16,3.8433
60903,5.0,3.39,3.47,3.9533
34995,3.54,1.91,3.12,2.8567
44098,4.86,3.4,3.65,3.97
71064,5.0,3.51,3.08,3.8633
43731,5.0,3.55,3.28,3.9433
3960,4.86,3.5,3.77,4.0433
42294,3.1,2.27,4.17,3.18
12920,2.58,2.11,4.61,3.1
29815,3.8,2.21,3.31,3.1067
53083,3.15,2.35,3.92,3.14
22968,3.21,2.22,3.91,3.1133
31397,5.0,3.4,3.13,3.8433
44067,5.0,3.29,3.52,3.9367
15497,3.35,2.22,3.7,3.09
16435,2.72,2.15,4.31,3.06
21295,4.74,3.38,3.97,4.03
69893,4.47,3.01,3.25,3.5767
45655,3.27,2.35,3.62,3.08
45325,5.0,3.38,3.01,3.7967
10495,3.8,2.15,3.88,3.2767
51404,4.17,3.07,4.15,3.7967
14379,5.0,3.41,3.51,3.9733
24136,5.0,3.4,3.01,3.8033
54369,5.0,3.49,2.95,3.8133
51563,2.99,2.04,3.73,2.92
61129,3.54,2.33,3.48,3.1167
24295,5.0,3.33,3.53,3.9533
67049,2.82,2.25,4.68,3.25
5537,2.87,2.12,4.72,3.2367
38195,3.44,1.56,3.58,2.86
65165,3.1,2.06,3.93,3.03
16979,4.4,2.85,2.9,3.3833
23808,5.0,3.55,3.28,3.9433
45642,3.45,2.61,4.46,3.5067
64721,5.0,3.07,3.13,3.7333
56522,5.0,3.4,3.41,3.9367
67974,5.0,3.56,3.29,3.95
59030,5.0,3.48,3.2,3.8933
61233,4.22,3.2,3.86,3.76
38943,4.4,3.06,3.27,3.5767
52786,5.0,3.21,3.05,3.7533
63922,2.46,2.37,4.95,3.26
14836,4.55,3.37,3.91,3.9433
59385,5.0,3.55,3.4,3.9833
55423,5.0,3.6,3.05,3.8833
20374,5.0,3.49,3.47,3.9867
11573,3.73,3.27,4.4,3.8
4047,4.04,3.0,4.45,3.83
57438,3.8,1.76,3.16,2.9067
32251,3.27,2.14,3.61,3.0067
12526,5.0,3.49,2.9,3.7967
15874,5.0,3.38,3.28,3.8867
14904,3.95,3.0,4.01,3.6533
68454,3.21,2.29,4.95,3.4833
22024,5.0,3.18,3.28,3.82
62421,3.66,2.38,3.8,3.28
26838,5.0,3.34,3.61,3.9833
71640,5.0,3.58,3.82,4.1333
14729,3.8,3.23,3.45,3.4933
47988,3.07,2.22,3.87,3.0533
64245,2.97,2.29,4.04,3.1
25248,3.1,2.21,3.74,3.0167
27326,4.7,3.11,3.46,3.7567
37111,4.34,3.06,3.2,3.5333
35849,5.0,3.32,3.47,3.93
39965,5.0,3.46,3.39,3.95
51606,5.0,3.56,3.93,4.1633
36914,4.1,2.64,3.74,3.4933
3878,3.35,2.19,3.8,3.1133
31109,4.7,3.26,3.06,3.6733
11111,5.0,3.35,3.61,3.9867
35953,5.0,3.41,3.09,3.8333
54558,5.0,3.41,3.71,4.04
17912,3.54,2.36,3.45,3.1167
4544,3.27,2.32,4.26,3.2833
9065,4.86,3.5,3.93,4.0967
52352,4.3,3.12,3.64,3.6867
69862,5.0,3.57,3.44,4.0033
50815,5.0,3.44,3.05,3.83
14237,5.0,3.41,3.09,3.8333
59958,3.54,2.24,3.66,3.1467
59327,5.0,3.53,3.22,3.9167
4869,3.8,2.24,3.5,3.18
8762,5.0,3.44,3.05,3.83
56406,4.55,3.42,3.54,3.8367
65975,4.7,3.32,4.25,4.09
14864,4.4,2.88,3.53,3.6033
33924,5.0,2.87,3.08,3.65
43336,5.0,3.6,3.06,3.8867
17134,5.0,3.46,3.33,3.93
29408,5.0,3.51,2.98,3.83
61970,2.78,2.38,4.74,3.3
55413,4.4,2.98,3.94,3.7733
30119,3.11,2.15,3.79,3.0167
50028,3.1,2.33,4.61,3.3467
1579,2.92,2.3,4.23,3.15
69916,5.0,3.57,3.55,4.04
60563,4.7,3.21,3.41,3.7733
751,4.4,2.6,3.29,3.43
354,3.2,2.24,3.4,2.9467
36304,3.66,2.33,3.64,3.21
8733,5.0,3.37,2.94,3.77
53721,2.67,2.47,4.9,3.3467
12035,3.54,2.27,4.09,3.3
41441,3.8,2.53,3.46,3.2633
20559,5.0,3.1,2.91,3.67
4535,5.0,3.56,3.34,3.9667
24758,4.86,3.52,3.62,4.0
19107,3.1,2.17,4.33,3.2
59377,3.17,2.31,4.34,3.2733
36045,4.86,3.56,3.82,4.08
62580,4.7,3.23,3.96,3.9633
62621,5.0,3.49,3.29,3.9267
66057,3.8,2.12,3.23,3.05
46145,3.21,2.21,3.68,3.0333
29727,5.0,3.11,2.99,3.7
51871,5.0,3.51,3.02,3.8433
19665,5.0,3.52,3.15,3.89
29917,5.0,3.4,2.96,3.7867
54799,3.1,2.21,4.27,3.1933
62474,5.0,3.16,3.08,3.7467
6718,4.7,3.27,3.5,3.8233
58235,3.35,2.38,3.65,3.1267
52869,4.4,3.6,3.27,3.7567
34884,3.35,2.37,4.3,3.34
10746,3.8,2.03,4.0,3.2767
46637,4.7,3.21,3.41,3.7733
67660,4.7,3.22,4.02,3.98
46738,3.5,2.88,2.85,3.0767
19447,5.0,3.42,3.53,3.9833
18245,3.66,2.19,3.74,3.1967
12794,3.44,2.14,3.5,3.0267
10300,4.1,2.73,3.39,3.4067
69271,5.0,3.31,3.32,3.8767
49372,4.44,3.36,3.26,3.6867
36240,2.71,2.28,5.0,3.33
45605,5.0,3.5,2.91,3.8033
46255,5.0,3.47,3.34,3.9367
15681,2.92,2.32,4.19,3.1433
30330,2.94,2.25,3.63,2.94
24091,5.0,3.54,3.53,4.0233
59473,4.7,3.27,3.17,3.7133
59034,5.0,3.47,3.34,3.9367
58019,2.84,2.32,4.15,3.1033
33021,5.0,3.51,3.13,3.88
2420,4.7,3.29,3.56,3.85
37443,4.05,3.05,3.24,3.4467
52747,4.74,3.15,3.28,3.7233
66193,4.7,3.17,3.51,3.7933
4398,3.21,2.05,3.34,2.8667
19560,5.0,3.13,3.26,3.7967
20859,5.0,3.48,3.32,3.9333
22446,5.0,3.47,2.93,3.8
24816,4.4,3.6,2.79,3.5967
50700,4.37,3.51,3.87,3.9167
65106,4.4,3.6,3.26,3.7533
68741,5.0,3.4,3.67,4.0233
23081,4.86,3.57,3.51,3.98
17685,5.0,3.29,3.0,3.7633
22261,4.64,3.42,3.81,3.9567
54406,2.8,2.33,4.95,3.36
62765,5.0,3.6,2.83,3.81
47518,3.27,2.29,4.07,3.21
66240,4.31,3.09,3.4,3.6
13631,4.37,3.53,3.97,3.9567
66189,2.75,2.35,4.08,3.06
59653,5.0,3.42,3.16,3.86
46333,3.02,2.05,3.81,2.96
40605,2.89,2.38,3.73,3.0
52621,5.0,3.6,3.03,3.8767
69344,2.97,2.11,4.26,3.1133
14898,4.64,3.5,4.0,4.0467
29459,4.4,2.87,3.46,3.5767
9508,5.0,3.49,3.44,3.9767
14497,4.74,3.27,3.03,3.68
2676,3.8,1.95,3.35,3.0333
16572,2.99,2.38,4.23,3.2
23273,4.86,3.37,4.01,4.08
58,3.35,2.34,3.86,3.1833
9306,5.0,3.6,3.22,3.94
4233,2.94,2.29,3.99,3.0733
322,5.0,3.38,3.5,3.96
3389,5.0,3.46,3.47,3.9767
18568,4.4,3.6,2.78,3.5933
54426,5.0,3.35,3.09,3.8133
70139,3.06,1.99,3.36,2.8033
25732,3.66,2.27,3.85,3.26
16689,5.0,3.23,3.01,3.7467
29116,3.8,2.26,3.32,3.1267
50893,2.87,2.32,4.15,3.1133
1468,4.86,3.22,3.77,3.95
71847,4.86,3.52,3.62,4.0
31204,5.0,3.31,3.62,3.9767
42238,3.44,2.56,3.77,3.2567
39937,5.0,3.57,3.62,4.0633
31992,5.0,3.27,3.41,3.8933
50669,4.7,3.36,2.97,3.6767
5364,4.86,3.38,3.81,4.0167
30400,4.64,3.44,4.09,4.0567
69806,4.26,3.48,3.1,3.6133
9551,5.0,3.02,2.94,3.6533
20282,5.0,3.35,2.99,3.78
47407,3.11,2.01,3.67,2.93
47491,3.66,1.8,3.55,3.0033
34348,4.7,3.32,3.35,3.79
63289,5.0,3.16,3.16,3.7733
31105,5.0,3.23,3.27,3.8333
38457,3.02,2.34,4.6,3.32
7197,4.1,2.69,3.94,3.5767
1029,4.56,3.18,3.84,3.86
30882,2.84,2.13,4.42,3.13
26471,4.1,2.75,3.38,3.41
61892,4.7,3.01,3.05,3.5867
24865,4.55,2.96,3.28,3.5967
57117,5.0,3.57,3.82,4.13
58928,5.0,3.4,3.18,3.86
52317,5.0,3.48,3.59,4.0233
39002,4.4,3.09,3.92,3.8033
9429,3.21,2.08,3.42,2.9033
65460,4.7,3.32,3.98,4.0
3403,4.55,3.37,3.45,3.79
18966,3.96,2.7,4.04,3.5667
54936,5.0,3.28,3.0,3.76
58468,5.0,3.32,3.52,3.9467
32242,3.27,2.2,2.91,2.7933
41824,4.4,3.6,3.19,3.73
4070,4.4,3.6,2.91,3.6367
39588,5.0,3.48,3.47,3.9833
33987,5.0,3.06,3.49,3.85
61204,4.64,3.45,3.81,3.9667
30388,5.0,3.42,3.27,3.8967
42311,5.0,3.42,3.26,3.8933
9715,3.27,2.29,3.85,3.1367
17321,3.8,2.19,3.39,3.1267
21876,3.15,2.3,3.33,2.9267
52722,4.7,3.36,3.19,3.75
50031,5.0,3.29,3.39,3.8933
9524,4.64,3.23,3.54,3.8033
65565,5.0,3.48,3.15,3.8767
2883,5.0,3.35,3.09,3.8133
66639,4.74,3.32,3.73,3.93
68526,2.82,2.29,4.59,3.2333
70071,3.15,2.38,3.74,3.09
45699,5.0,3.46,3.37,3.9433
23211,2.99,2.35,4.75,3.3633
27644,4.4,3.6,2.71,3.57
58501,5.0,3.18,2.82,3.6667
51382,5.0,3.52,3.42,3.98
15121,5.0,3.6,3.07,3.89
5812,5.0,3.38,3.59,3.99
15050,5.0,3.2,3.01,3.7367
11221,5.0,3.4,3.18,3.86
66064,5.0,3.06,3.39,3.8167
43620,5.0,3.6,3.38,3.9933
51714,4.4,3.08,3.11,3.53
12058,5.0,3.57,3.46,4.01
63622,5.0,3.23,3.27,3.8333
48452,5.0,3.6,3.39,3.9967
48246,3.15,1.96,3.59,2.9
36959,4.4,3.48,2.99,3.6233
60827,2.87,2.26,4.63,3.2533
48959,4.4,3.0,3.16,3.52
24261,4.64,3.27,4.05,3.9867
1243,5.0,3.37,3.38,3.9167
4652,2.68,2.3,5.0,3.3267
27483,3.1,2.22,3.26,2.86
46003,4.1,3.36,2.98,3.48
45762,2.86,2.37,4.42,3.2167
41319,3.06,2.34,3.26,2.8867
5323,5.0,3.41,3.09,3.8333
68068,4.25,3.17,3.37,3.5967
69633,5.0,3.31,3.27,3.86
34429,4.4,2.86,3.56,3.6067
36137,5.0,3.33,3.64,3.99
24979,5.0,3.1,3.01,3.7033
68392,2.82,2.38,4.24,3.1467
48933,4.25,2.99,4.0,3.7467
58483,4.55,3.51,4.45,4.17
66547,5.0,3.6,3.42,4.0067
29483,5.0,3.49,3.33,3.94
18940,3.02,2.26,4.63,3.3033
40834,3.15,2.38,3.76,3.0967
43232,5.0,3.3,3.01,3.77
4384,5.0,3.4,3.18,3.86
16080,3.8,2.04,3.82,3.22
36423,3.02,2.02,4.05,3.03
34310,5.0,3.51,3.69,4.0667
43296,3.1,2.21,3.98,3.0967
10712,4.22,3.6,3.48,3.7667
53843,2.98,2.03,4.22,3.0767
2602,2.81,2.38,3.95,3.0467
6596,5.0,3.6,2.97,3.8567
63216,4.1,3.36,3.24,3.5667
50529,3.02,2.55,4.75,3.44
55268,4.4,2.74,3.19,3.4433
21184,3.8,2.01,3.75,3.1867
60049,4.7,2.85,3.43,3.66
44088,5.0,3.35,3.25,3.8667
19372,5.0,3.5,2.96,3.82
39646,4.7,3.05,3.34,3.6967
20740,3.8,2.4,3.97,3.39
22101,5.0,3.13,3.26,3.7967
47456,4.1,2.41,3.02,3.1767
47423,2.99,2.29,4.05,3.11
67892,3.66,2.23,3.88,3.2567
67499,3.54,2.34,3.93,3.27
19804,5.0,3.42,3.31,3.91
58680,5.0,3.25,3.14,3.7967
58407,5.0,3.33,3.44,3.9233
8889,5.0,3.48,2.94,3.8067
33990,4.31,3.4,4.15,3.9533
12706,5.0,3.53,3.03,3.8533
24695,5.0,3.35,3.15,3.8333
70268,3.8,2.4,3.3,3.1667
42373,5.0,3.52,3.05,3.8567
25542,3.15,2.37,3.48,3.0
14214,4.7,3.23,3.29,3.74
27716,2.87,2.28,4.02,3.0567
34661,5.0,3.5,3.4,3.9667
25699,5.0,3.6,3.14,3.9133
12857,4.4,3.6,3.1,3.7
5426,3.54,2.38,4.4,3.44
2389,5.0,3.42,3.2,3.8733
44314,4.4,2.93,3.42,3.5833
62248,3.15,2.3,4.11,3.1867
34152,5.0,3.13,3.26,3.7967
69230,5.0,3.6,3.0,3.8667
41168,5.0,3.27,3.33,3.8667
40196,2.91,2.32,4.2,3.1433
13087,2.87,2.36,3.92,3.05
12677,5.0,3.35,3.46,3.9367
52902,2.81,2.18,4.29,3.0933
3171,4.14,3.12,3.72,3.66
16915,3.27,2.45,3.87,3.1967
56584,4.4,3.33,3.13,3.62
44529,5.0,3.51,4.54,4.35
51831,3.41,2.27,3.83,3.17
6478,3.21,2.2,3.87,3.0933
28326,2.81,2.36,4.33,3.1667
65113,4.4,3.6,2.95,3.65
59062,5.0,3.6,2.97,3.8567
27649,5.0,3.4,3.06,3.82
48230,2.89,2.23,4.21,3.11
4606,3.8,2.4,3.7,3.3
477,5.0,3.5,3.36,3.9533
21744,4.05,3.45,3.54,3.68
3510,5.0,3.53,3.74,4.09
70361,3.06,2.03,3.54,2.8767
3522,5.0,3.29,3.1,3.7967
34399,5.0,3.42,3.31,3.91
48813,4.4,3.6,2.79,3.5967
53191,5.0,3.54,3.15,3.8967
65152,5.0,3.51,2.93,3.8133
15206,5.0,3.23,3.27,3.8333
44242,3.06,2.19,4.34,3.1967
26818,5.0,3.13,3.21,3.78
35077,5.0,3.54,3.38,3.9733
24952,5.0,3.4,3.48,3.96
44224,5.0,3.43,3.51,3.98
37002,3.8,2.32,4.07,3.3967
71854,3.44,2.4,4.06,3.3
63952,5.0,3.49,2.95,3.8133
67214,5.0,3.3,3.01,3.77
33113,3.19,2.64,4.14,3.3233
4230,5.0,3.48,3.76,4.08
62320,4.7,3.06,3.26,3.6733
41960,4.86,3.31,4.07,4.08
68466,5.0,3.48,3.31,3.93
10425,4.64,3.54,3.53,3.9033
43275,4.4,2.86,3.14,3.4667
19284,4.11,3.08,3.87,3.6867
39237,5.0,3.52,3.21,3.91
21169,3.44,2.46,3.85,3.25
25396,5.0,3.48,2.99,3.8233
1516,3.75,2.95,3.38,3.36
44111,3.54,2.51,3.98,3.3433
52537,5.0,3.21,3.26,3.8233
28841,3.8,2.25,3.7,3.25
24185,3.21,2.22,3.91,3.1133
20106,4.7,3.21,3.41,3.7733
22624,4.47,3.28,4.14,3.9633
20620,5.0,3.16,3.27,3.81
3421,5.0,2.98,3.28,3.7533
49720,4.64,3.07,3.26,3.6567
57464,4.1,2.85,4.32,3.7567
63934,2.49,2.37,4.95,3.27
17913,5.0,3.57,3.56,4.0433
53749,3.21,2.23,4.5,3.3133
25417,5.0,3.6,3.04,3.88
37563,5.0,3.11,3.2,3.77
63534,5.0,3.49,3.34,3.9433
32146,5.0,3.29,2.81,3.7
57645,5.0,3.29,3.45,3.9133
17604,5.0,3.44,3.4,3.9467
41920,5.0,3.5,3.01,3.8367
54673,4.4,3.05,3.82,3.7567
41750,3.96,2.85,4.95,3.92
69622,3.8,2.26,4.88,3.6467
24131,4.74,3.35,3.46,3.85
49003,5.0,3.46,3.28,3.9133
20876,4.4,3.52,3.09,3.67
52827,5.0,3.52,3.09,3.87
71027,4.7,3.14,3.43,3.7567
69197,3.8,2.23,3.65,3.2267
11473,3.17,2.23,3.43,2.9433
26316,5.0,3.23,3.27,3.8333
12877,4.26,3.47,3.94,3.89
18549,4.7,3.24,3.21,3.7167
47899,2.92,2.31,4.12,3.1167
49100,2.85,2.17,4.14,3.0533
20869,3.21,2.27,4.27,3.25
18991,5.0,3.43,3.51,3.98
51565,3.27,2.06,3.72,3.0167
43985,2.92,2.25,3.69,2.9533
12633,3.02,2.28,3.77,3.0233
72066,2.91,2.32,4.63,3.2867
19862,3.46,3.03,4.04,3.51
69569,4.4,3.29,3.21,3.6333
69412,5.0,3.52,3.1,3.8733
27277,2.86,1.96,4.01,2.9433
22154,5.0,3.49,2.95,3.8133
44240,5.0,3.56,4.13,4.23
36979,3.44,2.38,3.66,3.16
4954,5.0,3.25,3.28,3.8433
69540,2.87,2.38,3.75,3.0
52101,5.0,3.42,2.8,3.74
67808,4.7,3.18,3.52,3.8
57600,5.0,3.51,3.75,4.0867
58153,3.35,2.29,4.26,3.3
53788,4.41,3.42,3.87,3.9
64216,5.0,3.6,2.91,3.8367
29003,2.78,2.23,4.4,3.1367
15741,5.0,3.17,3.18,3.7833
24548,3.06,2.15,3.73,2.98
39833,5.0,3.53,3.11,3.88
50026,2.84,2.34,4.82,3.3333
41275,5.0,3.53,3.64,4.0567
6719,4.7,3.27,3.51,3.8267
41934,5.0,3.35,3.25,3.8667
21520,3.27,2.34,4.2,3.27
24728,5.0,3.37,3.38,3.9167
64825,3.35,1.99,3.4,2.9133
8424,5.0,3.42,3.39,3.9367
49639,4.35,3.54,3.51,3.8
19579,5.0,3.41,3.09,3.8333
62449,4.56,3.15,3.4,3.7033
485,5.0,3.02,3.11,3.71
6416,2.97,2.29,3.68,2.98
60702,5.0,3.47,2.88,3.7833
22292,4.47,3.05,3.52,3.68
51145,4.6,3.52,3.16,3.76
53653,5.0,3.29,3.45,3.9133
70391,3.66,2.21,3.49,3.12
9944,2.83,2.16,4.23,3.0733
21313,4.7,2.88,3.23,3.6033
57904,4.86,3.19,3.35,3.8
55380,4.7,3.13,3.05,3.6267
68984,2.82,2.33,4.29,3.1467
40121,3.8,2.35,3.84,3.33
49364,5.0,3.58,3.6,4.06
48993,3.1,2.17,4.69,3.32
14591,4.7,2.66,2.8,3.3867
25386,3.15,2.12,4.08,3.1167
35200,5.0,3.32,2.87,3.73
35658,5.0,3.0,2.79,3.5967
18831,4.11,3.31,4.31,3.91
17306,4.7,3.3,3.2,3.7333
11092,5.0,3.52,3.63,4.05
23599,5.0,3.5,3.27,3.9233
44620,5.0,3.37,2.94,3.77
66697,4.26,2.85,3.81,3.64
43438,5.0,3.46,3.17,3.8767
5528,5.0,3.52,3.56,4.0267
37905,5.0,3.55,3.39,3.98
64586,4.7,3.12,3.36,3.7267
20043,5.0,3.49,3.35,3.9467
49965,4.41,3.49,4.45,4.1167
16456,4.55,3.31,3.49,3.7833
6821,3.8,2.18,3.39,3.1233
41569,5.0,3.41,4.54,4.3167
50573,5.0,3.5,3.2,3.9
49573,5.0,3.44,3.2,3.88
12624,4.1,2.82,3.51,3.4767
61777,5.0,2.95,3.02,3.6567
45215,3.21,2.23,4.6,3.3467
71290,3.17,2.36,4.32,3.2833
7500,5.0,2.82,2.81,3.5433
17862,5.0,3.54,3.25,3.93
16254,3.06,2.21,3.8,3.0233
41969,4.41,3.47,4.09,3.99
53638,3.44,2.35,3.98,3.2567
18705,5.0,3.26,3.42,3.8933
49818,4.37,3.53,3.97,3.9567
45738,4.4,2.9,3.34,3.5467
64645,4.11,3.15,3.84,3.7
10072,3.02,2.2,3.95,3.0567
61212,2.98,2.29,4.09,3.12
54875,4.11,3.3,4.56,3.99
8145,4.1,2.85,3.7,3.55
3868,5.0,3.55,3.26,3.9367
44579,3.8,2.35,3.85,3.3333
37958,5.0,3.47,3.14,3.87
34718,5.0,3.19,3.15,3.78
12895,5.0,3.38,3.43,3.9367
56199,4.64,3.25,4.05,3.98
45095,5.0,3.13,3.26,3.7967
38525,2.28,2.37,4.74,3.13
25365,5.0,3.46,2.97,3.81
62956,5.0,3.6,2.92,3.84
41961,4.56,3.21,4.61,4.1267
62130,5.0,3.41,3.47,3.96
60789,5.0,3.2,2.96,3.72
8417,3.06,2.32,4.43,3.27
33449,4.15,3.37,3.76,3.76
489,5.0,2.38,4.63,4.0033
71605,3.17,2.25,4.28,3.2333
59031,5.0,3.46,3.33,3.93
60319,2.95,2.33,4.01,3.0967
6527,4.4,3.6,2.77,3.59
56141,3.17,2.24,3.82,3.0767
48057,5.0,3.6,2.85,3.8167
16542,5.0,3.29,3.16,3.8167
38279,3.8,3.0,3.1,3.3
67779,4.4,3.6,2.78,3.5933
27046,3.66,2.23,3.94,3.2767
41651,4.86,3.2,3.36,3.8067
60599,5.0,3.13,2.89,3.6733
25591,5.0,3.4,3.24,3.88
66659,5.0,3.49,3.44,3.9767
15589,5.0,3.19,3.17,3.7867
28993,2.81,2.24,4.38,3.1433
49477,5.0,3.51,3.66,4.0567
4602,5.0,3.2,3.29,3.83
37180,5.0,3.55,3.07,3.8733
27242,3.54,1.99,4.01,3.18
22758,3.35,2.22,3.71,3.0933
10346,4.86,3.34,4.01,4.07
56927,5.0,3.48,3.85,4.11
5918,5.0,3.6,3.02,3.8733
62122,2.81,2.31,4.74,3.2867
10480,4.11,3.18,3.65,3.6467
48171,3.27,2.31,4.18,3.2533
44608,5.0,3.57,4.06,4.21
17883,5.0,3.09,3.83,3.9733
44429,5.0,3.34,3.81,4.05
9674,4.7,3.26,3.46,3.8067
34999,5.0,3.58,3.91,4.1633
53270,3.66,2.17,3.16,2.9967
238,5.0,3.2,3.24,3.8133
55531,5.0,3.48,3.15,3.8767
63076,4.4,3.6,2.78,3.5933
3108,5.0,3.19,3.24,3.81
37193,3.06,2.25,4.46,3.2567
34212,3.44,2.23,3.49,3.0533
9158,5.0,3.23,3.27,3.8333
20464,3.15,2.14,4.14,3.1433
38316,3.8,2.32,3.39,3.17
53086,3.8,2.34,3.93,3.3567
7980,5.0,3.42,2.8,3.74
26946,3.8,2.22,3.71,3.2433
27525,5.0,3.42,3.39,3.9367
66415,3.5,2.88,2.85,3.0767
45542,2.71,2.31,5.0,3.34
38157,4.41,3.57,3.59,3.8567
47350,3.66,2.51,3.98,3.3833
34418,4.4,3.06,3.32,3.5933
50396,5.0,3.38,3.0,3.7933
28482,5.0,3.25,3.23,3.8267
55000,5.0,3.54,3.62,4.0533
36464,3.02,1.83,3.91,2.92
71799,4.4,3.6,3.09,3.6967
23678,3.21,2.37,3.64,3.0733
37479,4.61,3.09,3.66,3.7867
46550,4.47,3.49,3.46,3.8067
61772,4.0,2.4,3.55,3.3167
46894,3.66,2.21,3.38,3.0833
41982,4.7,3.21,3.41,3.7733
22068,4.74,3.48,3.6,3.94
34708,2.92,2.29,4.75,3.32
46989,5.0,3.25,3.28,3.8433
70440,4.64,3.13,4.35,4.04
42098,5.0,3.25,2.99,3.7467
26954,4.7,3.2,3.35,3.75
30459,3.5,2.88,2.85,3.0767
4815,5.0,3.57,3.3,3.9567
68822,5.0,3.52,3.04,3.8533
61170,5.0,3.47,3.18,3.8833
56688,4.4,3.6,2.91,3.6367
36503,3.87,3.02,4.79,3.8933
58671,5.0,3.34,3.35,3.8967
19228,3.02,2.33,4.1,3.15
66417,4.7,3.14,3.39,3.7433
6698,5.0,3.56,3.51,4.0233
70972,4.7,2.84,3.22,3.5867
17959,4.7,3.31,4.51,4.1733
59444,5.0,3.57,3.59,4.0533
25383,5.0,3.6,2.71,3.77
39670,5.0,3.4,3.01,3.8033
61730,4.86,3.48,3.79,4.0433
56300,3.27,2.44,3.93,3.2133
2091,5.0,3.21,3.05,3.7533
16702,5.0,3.6,3.03,3.8767
24372,3.66,2.37,3.59,3.2067
68376,5.0,3.52,3.16,3.8933
36652,5.0,3.55,3.71,4.0867
61916,3.54,2.34,3.93,3.27
32667,5.0,3.17,3.15,3.7733
62853,5.0,3.55,3.04,3.8633
46457,4.86,3.4,3.86,4.04
50528,3.8,2.48,3.29,3.19
56162,3.27,1.99,4.16,3.14
55291,4.4,3.6,2.79,3.5967
56764,3.81,2.78,3.62,3.4033
13463,5.0,3.47,3.13,3.8667
20846,3.21,2.27,3.56,3.0133
35924,5.0,3.1,3.62,3.9067
51995,5.0,3.08,2.8,3.6267
10317,5.0,3.3,3.01,3.77
63081,5.0,3.55,3.37,3.9733
16114,4.14,2.91,3.57,3.54
64351,5.0,3.34,3.24,3.86
68290,5.0,3.35,3.73,4.0267
41290,3.8,2.57,3.47,3.28
496,4.3,3.52,3.72,3.8467
38957,5.0,3.37,2.72,3.6967
15912,5.0,3.21,3.05,3.7533
1429,5.0,3.46,3.47,3.9767
27634,4.7,3.05,3.64,3.7967
24880,4.61,3.44,3.35,3.8
34747,4.7,3.23,3.9,3.9433
15356,2.99,2.4,3.53,2.9733
50212,4.4,2.99,3.66,3.6833
12518,4.7,3.08,3.38,3.72
57922,5.0,3.3,2.91,3.7367
3559,3.66,2.38,3.58,3.2067
36657,4.64,3.52,3.53,3.8967
50524,4.4,3.6,2.79,3.5967
5340,4.37,3.29,3.24,3.6333
44507,5.0,3.35,3.09,3.8133
29198,5.0,3.29,3.24,3.8433
57080,3.8,2.63,5.0,3.81
49421,4.7,3.26,3.45,3.8033
13842,5.0,3.44,3.09,3.8433
61131,3.44,2.37,3.5,3.1033
64146,4.86,3.28,3.5,3.88
21834,5.0,3.39,3.23,3.8733
52284,5.0,3.42,3.32,3.9133
42817,5.0,3.09,2.93,3.6733
39182,3.1,2.25,3.94,3.0967
10719,3.02,2.4,3.46,2.96
23549,5.0,3.41,3.6,4.0033
66139,5.0,3.28,3.49,3.9233
53454,4.1,2.74,3.68,3.5067
63054,3.06,2.35,4.1,3.17
44330,5.0,3.1,3.01,3.7033
2917,5.0,3.26,3.9,4.0533
23105,5.0,3.57,3.49,4.02
12221,5.0,3.16,3.22,3.7933
61784,5.0,3.49,3.33,3.94
49555,4.1,2.11,3.12,3.11
43849,5.0,3.44,3.21,3.8833
44190,4.4,3.6,2.96,3.6533
5625,2.93,2.27,4.0,3.0667
25538,4.1,2.66,3.76,3.5067
50600,5.0,3.48,2.94,3.8067
21452,3.21,2.5,4.18,3.2967
54600,4.1,3.18,2.85,3.3767
12392,3.54,2.11,4.02,3.2233
34044,5.0,3.55,3.25,3.9333
9106,3.8,2.4,3.27,3.1567
5332,2.79,2.09,4.06,2.98
10016,5.0,3.6,2.81,3.8033
20626,3.35,1.7,3.21,2.7533
1581,5.0,3.39,3.23,3.8733
28504,4.4,2.72,3.81,3.6433
61524,3.32,2.82,3.77,3.3033
36586,5.0,3.27,3.48,3.9167
33617,3.15,2.12,3.75,3.0067
54323,3.1,2.26,4.3,3.22
36306,4.1,2.7,3.41,3.4033
67634,5.0,3.46,2.87,3.7767
48718,2.83,2.2,3.86,2.9633
23449,5.0,3.31,3.01,3.7733
72160,3.45,2.79,3.84,3.36
11011,2.84,2.36,3.78,2.9933
58741,5.0,2.98,3.54,3.84
56576,4.22,3.32,3.62,3.72
807,5.0,3.23,3.75,3.9933
16049,5.0,3.44,3.09,3.8433
46381,3.15,2.28,4.24,3.2233
29068,4.05,3.04,4.13,3.74
58031,4.86,3.47,3.45,3.9267
7414,4.4,3.6,2.72,3.5733
46990,5.0,3.16,3.27,3.81
48516,5.0,3.41,3.09,3.8333
33299,5.0,3.06,2.95,3.67
33261,3.06,2.33,4.89,3.4267
63844,4.01,3.02,3.78,3.6033
28540,3.21,2.15,3.83,3.0633
25158,3.8,2.34,3.76,3.3
50016,5.0,3.49,2.95,3.8133
23093,4.7,2.66,3.89,3.75
40203,5.0,3.23,3.27,3.8333
36867,3.21,2.19,3.45,2.95
47985,3.44,2.37,3.84,3.2167
10279,4.7,2.99,3.02,3.57
27513,2.92,2.05,3.91,2.96
2182,4.35,3.1,3.52,3.6567
3708,5.0,3.2,3.01,3.7367
43564,5.0,3.54,3.27,3.9367
68293,4.04,2.96,3.74,3.58
46960,3.54,2.13,3.32,2.9967
14851,2.85,2.29,4.74,3.2933
43359,5.0,3.52,3.16,3.8933
29685,4.7,3.27,3.03,3.6667
32782,3.44,2.26,3.78,3.16
17832,5.0,3.38,3.22,3.8667
62995,4.4,3.6,2.72,3.5733
69045,2.92,2.24,4.6,3.2533
27236,4.7,3.34,4.52,4.1867
45651,5.0,3.56,3.42,3.9933
63655,4.4,3.38,3.0,3.5933
62367,4.22,3.43,4.21,3.9533
72048,5.0,3.42,3.49,3.97
2672,4.1,2.32,3.13,3.1833
55978,4.4,2.56,3.07,3.3433
39431,4.4,3.6,2.87,3.6233
35130,3.27,2.26,4.68,3.4033
47260,3.54,2.15,3.09,2.9267
42083,4.02,3.37,4.01,3.8
60872,4.4,2.97,3.71,3.6933
26291,5.0,3.13,2.78,3.6367
60066,4.7,3.35,4.3,4.1167
32764,3.47,2.56,3.44,3.1567
61259,3.8,2.35,4.26,3.47
9825,5.0,3.24,3.39,3.8767
5506,3.21,2.34,4.15,3.2333
40571,5.0,3.57,3.63,4.0667
71576,4.4,3.6,2.79,3.5967
66865,5.0,3.31,3.5,3.9367
11819,3.5,2.88,2.85,3.0767
41952,3.96,2.76,4.99,3.9033
17788,3.8,2.32,3.04,3.0533
27243,5.0,3.53,3.38,3.97
7332,3.06,2.16,3.92,3.0467
35482,5.0,3.09,3.32,3.8033
68431,2.89,1.91,4.78,3.1933
62077,3.15,2.04,3.99,3.06
24788,5.0,3.57,3.53,4.0333
54777,3.1,2.3,3.77,3.0567
8854,4.04,2.96,4.39,3.7967
25392,4.4,2.9,2.8,3.3667
62797,3.36,2.74,4.59,3.5633
3107,3.96,2.26,3.62,3.28
37427,4.12,3.42,4.86,4.1333
33615,5.0,3.34,3.24,3.86
69132,5.0,3.52,3.04,3.8533
45515,3.44,2.4,3.91,3.25
10650,3.06,1.86,3.78,2.9
56401,3.02,2.34,3.58,2.98
64939,5.0,3.55,3.24,3.93
27650,5.0,3.23,3.02,3.75
26606,5.0,3.52,3.57,4.03
29256,4.1,2.76,3.69,3.5167
16243,3.96,2.83,3.82,3.5367
36554,4.86,2.95,3.38,3.73
54582,4.4,3.6,2.99,3.6633
59502,2.91,2.37,4.11,3.13
64202,4.26,2.87,3.62,3.5833
32902,5.0,3.56,3.1,3.8867
15095,5.0,3.13,3.11,3.7467
46706,4.44,3.21,4.3,3.9833
22054,3.02,2.06,3.88,2.9867
41617,4.4,3.6,2.84,3.6133
30931,3.1,2.22,4.35,3.2233
33641,5.0,3.44,3.16,3.8667
24671,5.0,3.21,3.05,3.7533
47910,5.0,3.6,3.14,3.9133
69048,4.44,3.42,4.1,3.9867
22349,5.0,3.53,3.32,3.95
59340,5.0,3.13,3.26,3.7967
55189,4.05,3.07,3.95,3.69
22826,4.7,2.95,3.48,3.71
431,5.0,3.23,3.27,3.8333
58753,3.51,2.29,3.94,3.2467
6933,5.0,3.55,3.42,3.99
25759,3.85,3.15,3.76,3.5867
58649,3.8,2.58,3.47,3.2833
26211,4.47,3.22,3.46,3.7167
27779,3.66,2.34,4.58,3.5267
67729,3.1,2.33,3.74,3.0567
25343,4.3,3.51,3.34,3.7167
23622,2.81,2.09,5.0,3.3
65119,4.7,2.89,3.16,3.5833
26693,3.84,2.71,3.33,3.2933
65207,4.7,3.25,3.43,3.7933
50830,5.0,3.23,3.02,3.75
33799,5.0,3.29,3.0,3.7633
2054,3.8,2.34,3.48,3.2067
68871,2.99,2.28,3.95,3.0733
17170,4.4,3.6,2.79,3.5967
9532,4.64,3.25,3.52,3.8033
15260,3.52,2.78,4.21,3.5033
54709,2.94,2.58,3.66,3.06
53908,5.0,3.5,3.06,3.8533
42710,5.0,3.25,2.89,3.7133
50516,3.1,2.18,3.96,3.08
10427,5.0,3.41,3.07,3.8267
60489,5.0,3.37,3.21,3.86
66542,5.0,3.44,3.26,3.9
45879,5.0,2.9,2.8,3.5667
12822,3.8,2.19,3.39,3.1267
9261,3.8,2.48,3.55,3.2767
41971,4.4,3.47,3.18,3.6833
34768,3.52,2.6,3.78,3.3
50990,5.0,3.55,3.74,4.0967
31051,4.86,3.5,3.14,3.8333
42692,4.4,3.6,2.93,3.6433
4796,3.8,2.12,3.23,3.05
2842,3.35,2.31,3.51,3.0567
4259,3.5,2.88,2.85,3.0767
68613,5.0,3.39,3.35,3.9133
6049,4.74,3.08,3.48,3.7667
43883,3.06,2.1,3.85,3.0033
28801,4.83,3.33,4.16,4.1067
3649,4.4,2.89,3.37,3.5533
24900,5.0,3.39,3.4,3.93
59588,4.4,3.6,2.77,3.59
4809,3.54,2.15,3.3,2.9967
1857,3.21,2.16,3.26,2.8767
13616,5.0,3.48,2.89,3.79
44811,5.0,3.36,3.26,3.8733
62736,5.0,3.6,2.77,3.79
38116,2.89,2.14,4.56,3.1967
41721,3.8,1.89,3.25,2.98
45834,4.25,3.07,3.5,3.6067
12152,3.54,2.32,3.79,3.2167
43314,5.0,3.13,2.91,3.68
33249,5.0,3.37,3.11,3.8267
36218,2.97,2.28,4.1,3.1167
66744,5.0,3.51,3.57,4.0267
55445,4.44,3.09,3.46,3.6633
61279,5.0,3.37,3.39,3.92
21801,3.66,2.28,3.95,3.2967
40347,3.54,2.2,3.32,3.02
18055,4.4,3.6,2.79,3.5967
851,4.1,2.79,3.32,3.4033
44334,5.0,3.2,2.96,3.72
40533,4.55,3.27,4.03,3.95
31065,4.4,3.0,3.74,3.7133
55624,5.0,3.49,3.5,3.9967
10567,2.97,2.31,4.37,3.2167
10786,3.5,2.88,2.86,3.08
54607,5.0,3.19,3.29,3.8267
24134,5.0,3.37,2.99,3.7867
35279,3.8,2.17,3.39,3.12
48384,5.0,3.37,3.21,3.86
16738,3.65,2.48,3.98,3.37
31814,4.56,3.16,2.97,3.5633
34173,3.54,2.14,3.92,3.2
5045,5.0,3.32,3.46,3.9267
66854,3.65,2.3,3.11,3.02
2739,4.86,3.45,3.77,4.0267
69638,5.0,3.15,3.44,3.8633
46316,5.0,3.31,3.06,3.79
27620,5.0,3.26,3.76,4.0067
25906,3.74,2.72,3.68,3.38
28040,5.0,3.44,2.99,3.81
41271,3.06,2.22,3.92,3.0667
50473,3.96,2.68,4.26,3.6333
32972,4.4,3.6,2.79,3.5967
34435,3.35,2.35,4.15,3.2833
2244,4.7,2.86,3.65,3.7367
43086,4.14,3.25,3.79,3.7267
3818,3.44,2.18,3.51,3.0433
24121,2.8,2.2,4.88,3.2933
37861,4.04,3.37,3.62,3.6767
56395,2.85,2.27,4.08,3.0667
59726,5.0,3.43,3.59,4.0067
34834,4.11,2.96,3.7,3.59
34382,3.8,2.61,3.98,3.4633
66375,4.47,3.56,3.33,3.7867
36654,5.0,3.26,3.42,3.8933
28763,5.0,3.6,3.4,4.0
39941,5.0,3.58,3.63,4.07
22146,3.66,1.99,3.33,2.9933
47772,5.0,3.41,3.33,3.9133
18764,2.88,2.3,3.97,3.05
48043,5.0,3.25,3.25,3.8333
55421,4.7,3.21,3.41,3.7733
25304,5.0,3.47,3.34,3.9367
63753,4.04,3.34,3.45,3.61
16677,5.0,3.02,3.04,3.6867
57682,5.0,3.53,3.39,3.9733
9889,4.4,3.6,2.71,3.57
63064,3.41,2.36,3.39,3.0533
25825,5.0,3.42,3.14,3.8533
46754,4.4,3.6,2.83,3.61
38730,2.99,2.18,3.96,3.0433
66497,5.0,3.37,3.05,3.8067
35367,4.4,3.4,3.63,3.81
23185,3.27,2.23,3.98,3.16
19781,5.0,3.22,3.04,3.7533
6279,5.0,3.25,2.8,3.6833
58846,3.21,2.13,4.11,3.15
20042,4.86,3.52,3.34,3.9067
41377,5.0,3.2,3.06,3.7533
63162,4.4,3.6,2.82,3.6067
10651,2.92,2.02,4.59,3.1767
21936,4.74,3.46,3.99,4.0633
38009,5.0,3.32,3.02,3.78
43135,3.43,3.42,4.44,3.7633
18976,5.0,3.43,3.59,4.0067
66052,2.85,2.34,3.27,2.82
51640,4.4,3.6,2.82,3.6067
44262,3.27,2.2,3.61,3.0267
45382,5.0,3.13,3.26,3.7967
57663,4.7,3.08,3.13,3.6367
9964,3.84,3.14,4.24,3.74
61870,3.27,2.31,4.23,3.27
7805,5.0,3.25,3.03,3.76
3004,3.8,2.4,3.52,3.24
26780,4.86,3.34,3.03,3.7433
472,5.0,2.9,2.98,3.6267
66626,4.64,3.29,3.34,3.7567
47550,5.0,3.39,3.17,3.8533
13165,5.0,3.5,3.01,3.8367
36520,4.4,3.6,2.79,3.5967
16618,3.35,2.31,3.85,3.17
55706,5.0,3.25,3.12,3.79
21009,4.86,3.4,3.87,4.0433
1400,3.66,2.37,3.68,3.2367
24475,3.66,2.19,3.61,3.1533
63721,5.0,3.52,2.99,3.8367
68414,5.0,3.42,2.8,3.74
41616,4.4,3.08,3.11,3.53
70015,4.4,2.51,3.08,3.33
51585,3.27,2.25,3.64,3.0533
6758,4.1,2.83,3.98,3.6367
39890,4.4,3.28,2.95,3.5433
7928,3.1,2.24,3.71,3.0167
32437,3.54,2.96,4.32,3.6067
27394,5.0,3.47,3.19,3.8867
34135,3.6,2.54,3.35,3.1633
34093,4.64,3.34,3.82,3.9333
47072,4.4,3.03,3.96,3.7967
4689,4.4,3.06,3.99,3.8167
63456,5.0,3.44,2.81,3.75
27237,4.7,3.12,3.47,3.7633
3304,4.26,3.18,3.19,3.5433
11307,5.0,3.46,3.17,3.8767
37385,5.0,2.98,3.31,3.7633
18120,4.52,3.42,3.26,3.7333
7714,5.0,3.5,2.96,3.82
54937,5.0,3.52,3.16,3.8933
4997,5.0,3.32,3.02,3.78
23366,4.25,2.93,3.41,3.53
48100,4.4,3.6,3.08,3.6933
67186,3.21,2.08,4.19,3.16
52983,5.0,3.6,3.3,3.9667
52939,5.0,3.46,3.23,3.8967
9281,4.74,3.42,3.57,3.91
21787,4.4,3.6,2.96,3.6533
61564,3.27,2.21,3.9,3.1267
29075,4.02,3.47,4.1,3.8633
3374,3.96,3.47,3.53,3.6533
31788,5.0,3.41,2.97,3.7933
54551,3.27,2.34,4.86,3.49
43841,5.0,3.53,3.27,3.9333
42364,3.66,2.25,3.69,3.2
61202,4.7,3.08,2.97,3.5833
58716,5.0,3.56,3.69,4.0833
39691,5.0,3.13,3.26,3.7967
15256,5.0,3.39,3.5,3.9633
35379,5.0,3.13,3.26,3.7967
50507,3.02,2.25,3.96,3.0767
29209,5.0,3.42,3.15,3.8567
40764,3.1,2.08,3.53,2.9033
51719,3.8,2.24,3.75,3.2633
19711,5.0,3.32,2.87,3.73
21305,5.0,3.47,3.76,4.0767
52302,4.1,2.69,3.73,3.5067
6329,3.8,2.45,3.73,3.3267
32601,4.25,3.18,4.74,4.0567
3803,4.74,3.31,3.69,3.9133
51693,3.8,2.32,3.44,3.1867
50420,5.0,3.42,2.85,3.7567
47786,5.0,3.41,3.39,3.9333
36934,4.0,2.81,4.18,3.6633
66022,4.4,3.6,2.85,3.6167
14786,5.0,3.6,2.96,3.8533
153,3.35,2.36,4.41,3.3733
20929,3.96,2.81,3.56,3.4433
33008,5.0,3.42,3.49,3.97
25284,3.8,2.38,3.99,3.39
30905,4.4,3.01,3.41,3.6067
31139,3.02,2.08,4.05,3.05
53171,5.0,3.44,3.05,3.83
29504,3.02,2.27,3.85,3.0467
57002,4.64,3.25,3.77,3.8867
71891,3.27,2.48,3.73,3.16
49958,3.54,2.1,3.6,3.08
5262,3.87,2.67,4.05,3.53
36324,3.54,3.09,3.89,3.5067
28189,3.8,2.4,3.97,3.39
39560,3.54,2.16,4.07,3.2567
61603,5.0,3.56,3.46,4.0067
66919,4.55,3.33,3.79,3.89
34268,3.54,2.7,3.86,3.3667
69773,4.4,3.6,2.78,3.5933
48768,3.54,2.16,3.32,3.0067
44503,5.0,3.35,3.09,3.8133
39916,4.1,2.88,3.26,3.4133
69285,4.4,3.6,2.79,3.5967
21290,5.0,3.41,3.09,3.8333
22439,2.71,2.35,4.89,3.3167
66368,3.57,2.72,3.87,3.3867
11511,5.0,3.43,3.44,3.9567
18374,4.4,3.6,2.77,3.59
58141,2.99,2.34,3.98,3.1033
25738,4.1,2.35,3.08,3.1767
9687,4.11,3.34,3.71,3.72
26821,5.0,3.22,3.19,3.8033
59199,4.64,3.46,3.38,3.8267
56394,2.88,2.21,4.54,3.21
59560,4.74,3.34,3.82,3.9667
7238,5.0,3.48,3.16,3.88
24124,3.7,2.77,4.03,3.5
21266,5.0,3.44,3.79,4.0767
3644,3.8,1.89,3.25,2.98
1690,4.4,3.6,2.77,3.59
16398,5.0,3.25,3.08,3.7767
14270,3.5,2.88,2.85,3.0767
9216,3.5,2.88,2.85,3.0767
46309,4.4,2.92,3.25,3.5233
13596,4.7,3.09,3.18,3.6567
11731,5.0,3.41,3.73,4.0467
60929,5.0,3.56,3.55,4.0367
36438,4.7,3.32,3.41,3.81
44703,4.7,3.17,3.31,3.7267
60546,2.97,2.3,3.46,2.91
15552,5.0,3.41,3.49,3.9667
16980,2.75,2.31,4.18,3.08
27598,4.74,3.38,3.56,3.8933
50775,4.4,3.6,2.79,3.5967
20494,4.7,3.3,3.3,3.7667
15617,5.0,3.32,2.92,3.7467
53288,4.1,2.69,3.58,3.4567
35973,5.0,3.19,3.14,3.7767
30643,5.0,3.16,3.27,3.81
25353,5.0,3.37,2.78,3.7167
26556,5.0,3.21,3.66,3.9567
58784,2.81,2.12,4.71,3.2133
29048,3.8,1.72,3.21,2.91
39455,4.4,3.6,3.25,3.75
51374,5.0,3.5,3.19,3.8967
18456,3.66,2.13,3.79,3.1933
18772,3.35,2.19,3.47,3.0033
44873,4.07,3.54,4.04,3.8833
65351,5.0,3.6,3.09,3.8967
21522,5.0,3.38,3.11,3.83
11892,3.44,2.4,3.58,3.14
12315,3.54,2.32,3.72,3.1933
53917,4.22,3.49,3.47,3.7267
33856,5.0,3.23,3.02,3.75
66742,5.0,3.52,3.76,4.0933
31796,4.35,3.42,3.4,3.7233
67002,4.14,3.04,3.69,3.6233
70556,4.19,3.23,4.37,3.93
40991,2.85,2.01,4.32,3.06
9604,4.37,3.56,3.77,3.9
28262,3.1,2.26,3.89,3.0833
46315,3.02,2.01,3.9,2.9767
39558,4.7,3.29,3.38,3.79
19023,4.64,3.48,3.16,3.76
69552,4.55,3.5,3.45,3.8333
67564,4.74,3.35,3.58,3.89
21963,5.0,3.55,3.39,3.98
49005,5.0,3.57,3.72,4.0967
49429,4.7,3.14,2.95,3.5967
40309,5.0,3.47,3.39,3.9533
5168,5.0,3.49,3.74,4.0767
5951,5.0,3.44,3.3,3.9133
51994,2.74,2.11,3.55,2.8
47309,4.7,3.17,3.38,3.75
38928,4.4,3.6,2.83,3.61
44667,4.1,2.63,4.11,3.6133
72027,3.15,2.41,3.77,3.11
52220,5.0,3.26,3.88,4.0467
45370,5.0,3.06,3.34,3.8
30661,3.8,1.98,3.25,3.01
33242,5.0,3.2,3.01,3.7367
41933,3.21,2.18,3.92,3.1033
45761,4.4,3.6,2.9,3.6333
25207,5.0,3.23,2.92,3.7167
63100,5.0,3.53,3.24,3.9233
16009,5.0,3.4,3.68,4.0267
39378,4.86,3.49,3.74,4.03
30547,4.4,3.6,2.78,3.5933
71831,5.0,3.55,3.65,4.0667
37410,3.54,2.21,3.37,3.04
27396,2.85,2.32,3.51,2.8933
20520,5.0,3.4,2.96,3.7867
30262,5.0,3.38,2.95,3.7767
70604,3.35,2.31,3.85,3.17
10002,3.1,2.29,3.67,3.02
44659,3.02,2.4,3.62,3.0133
63836,5.0,3.38,3.32,3.9
60116,3.54,2.5,3.31,3.1167
65958,2.84,2.23,4.19,3.0867
19102,2.91,2.3,4.65,3.2867
33023,4.4,3.6,2.79,3.5967
29223,5.0,3.22,3.3,3.84
41139,3.8,2.14,3.97,3.3033
45480,4.83,3.53,4.23,4.1967
10561,3.8,2.19,3.39,3.1267
67510,5.0,3.13,3.26,3.7967
42667,5.0,3.48,2.89,3.79
59927,5.0,3.28,3.65,3.9767
41648,3.1,1.99,3.8,2.9633
30013,3.02,2.21,3.84,3.0233
10609,3.15,2.35,4.08,3.1933
606,4.64,3.48,3.37,3.83
38615,4.86,3.57,3.61,4.0133
62655,4.4,3.6,2.83,3.61
29601,4.25,3.23,3.24,3.5733
49393,5.0,3.3,3.43,3.91
25508,3.21,2.37,4.54,3.3733
71734,5.0,3.44,3.41,3.95
10487,5.0,3.44,3.45,3.9633
46296,4.4,3.6,2.79,3.5967
34914,4.12,3.37,3.51,3.6667
22730,3.21,2.27,3.83,3.1033
37383,5.0,2.98,3.31,3.7633
47089,5.0,3.49,3.71,4.0667
3907,4.3,3.24,3.58,3.7067
36282,4.4,3.6,2.77,3.59
26705,5.0,3.37,3.37,3.9133
21005,4.4,3.6,3.19,3.73
57312,5.0,3.57,3.51,4.0267
67288,5.0,3.04,2.92,3.6533
69662,5.0,3.47,3.3,3.9233
35966,5.0,3.29,3.03,3.7733
64702,3.65,2.78,3.93,3.4533
35210,4.86,3.35,3.19,3.8
24800,5.0,3.6,2.89,3.83
27628,3.87,2.91,3.51,3.43
15305,3.8,2.19,3.39,3.1267
38056,3.44,2.31,3.92,3.2233
51295,5.0,3.6,3.1,3.9
2606,3.27,2.31,3.73,3.1033
44239,4.4,3.01,3.39,3.6
60505,3.54,2.24,3.66,3.1467
62785,5.0,3.45,3.11,3.8533
50480,2.91,2.22,4.38,3.17
63281,4.86,3.54,3.71,4.0367
55962,3.8,2.36,3.38,3.18
55296,5.0,3.41,3.09,3.8333
28224,2.79,2.2,4.19,3.06
29079,4.4,3.6,2.79,3.5967
529,5.0,3.11,3.09,3.7333
59133,4.86,3.55,3.69,4.0333
45247,3.32,2.81,3.85,3.3267
71470,4.7,3.18,3.03,3.6367
28006,5.0,3.53,3.07,3.8667
37459,5.0,3.19,3.29,3.8267
22690,5.0,3.39,3.3,3.8967
66317,3.66,2.32,3.67,3.2167
14569,2.87,1.93,3.63,2.81
22324,4.7,3.22,3.23,3.7167
19133,3.56,2.58,3.74,3.2933
29394,4.86,3.58,4.11,4.1833
17414,2.99,2.32,3.62,2.9767
52057,4.7,2.99,3.11,3.6
8436,3.06,2.29,3.96,3.1033
50751,5.0,3.45,3.57,4.0067
40070,5.0,3.53,3.4,3.9767
28244,3.8,2.54,3.95,3.43
56381,5.0,3.47,3.46,3.9767
51118,5.0,3.42,3.39,3.9367
42671,3.15,2.15,3.78,3.0267
22678,5.0,3.53,3.11,3.88
6851,2.97,2.31,4.02,3.1
11281,5.0,3.39,3.02,3.8033
20267,5.0,3.48,3.87,4.1167
69348,2.85,2.2,4.17,3.0733
45457,4.4,2.96,3.04,3.4667
11454,5.0,3.56,3.45,4.0033
22564,4.3,3.43,4.42,4.05
16857,3.5,2.88,2.85,3.0767
28921,3.35,2.17,3.86,3.1267
28028,2.94,2.0,4.28,3.0733
8446,5.0,3.19,3.64,3.9433
57329,5.0,3.47,3.29,3.92
3915,3.8,3.16,3.14,3.3667
69234,5.0,3.44,3.15,3.8633
10554,4.86,3.35,4.05,4.0867
2561,3.02,2.26,4.03,3.1033
16051,3.66,1.85,3.31,2.94
20133,5.0,3.53,3.11,3.88
10974,4.4,3.6,2.84,3.6133
42768,3.27,2.52,3.86,3.2167
24589,5.0,3.42,3.54,3.9867
32899,3.29,2.55,4.26,3.3667
37932,2.97,2.24,3.84,3.0167
30785,3.06,2.32,3.82,3.0667
61896,4.74,3.4,3.54,3.8933
62752,3.27,2.22,4.17,3.22
43062,3.45,2.67,3.58,3.2333
3478,5.0,3.46,3.17,3.8767
40760,4.7,3.15,3.6,3.8167
56155,3.66,2.35,4.44,3.4833
62245,4.7,3.29,3.71,3.9
71301,5.0,3.28,3.44,3.9067
32148,3.41,2.34,3.83,3.1933
15367,5.0,3.6,3.29,3.9633
65672,5.0,3.41,3.26,3.89
59615,5.0,3.55,3.35,3.9667
19798,4.7,3.31,3.43,3.8133
13745,3.1,2.32,3.81,3.0767
27851,5.0,3.46,3.61,4.0233
61264,3.8,2.37,4.23,3.4667
36132,4.64,3.57,3.59,3.9333
1479,5.0,3.09,3.3,3.7967
71611,3.27,2.11,4.07,3.15
41198,5.0,3.33,3.23,3.8533
22276,5.0,3.4,3.2,3.8667
22949,3.54,2.38,3.93,3.2833
6555,4.86,3.09,3.33,3.76
26716,5.0,3.13,3.4,3.8433
63953,5.0,3.58,3.97,4.1833
68248,5.0,3.57,3.79,4.12
64693,5.0,3.6,3.03,3.8767
10839,4.64,3.41,3.32,3.79
18167,4.47,3.19,3.47,3.71
6075,4.4,3.6,2.77,3.59
57296,4.4,2.99,3.87,3.7533
26648,5.0,3.04,2.92,3.6533
35618,4.55,3.42,3.58,3.85
60949,4.4,3.6,2.79,3.5967
39443,5.0,3.24,3.19,3.81
26541,5.0,3.3,2.91,3.7367
70343,5.0,3.54,3.19,3.91
12216,3.2,2.2,3.81,3.07
2338,5.0,3.39,3.25,3.88
40579,5.0,3.53,3.17,3.9
58642,3.35,2.35,4.38,3.36
60933,3.02,2.2,4.5,3.24
16300,4.7,2.89,3.25,3.6133
44515,4.55,3.2,3.56,3.77
54104,4.55,3.57,3.44,3.8533
23996,3.35,2.47,3.97,3.2633
41366,2.88,2.35,3.96,3.0633
35925,4.64,2.9,3.65,3.73
55051,3.54,2.37,3.56,3.1567
30816,3.8,2.31,3.8,3.3033
3162,4.04,2.85,3.89,3.5933
20704,5.0,3.21,3.16,3.79
51542,3.21,2.11,3.86,3.06
58169,4.55,3.4,4.36,4.1033
12818,4.74,3.53,3.88,4.05
59253,4.4,3.6,2.79,3.5967
46380,5.0,3.53,3.29,3.94
44502,5.0,3.29,3.1,3.7967
18178,3.21,2.4,3.93,3.18
7282,3.8,1.76,3.16,2.9067
41901,4.4,3.6,2.89,3.63
5216,4.1,2.69,3.07,3.2867
29969,4.04,2.94,4.24,3.74
23352,4.7,3.32,4.0,4.0067
341,3.1,2.37,3.82,3.0967
8996,3.35,2.4,3.29,3.0133
54146,4.7,3.29,3.16,3.7167
24625,3.15,2.08,3.91,3.0467
17580,4.7,3.36,3.0,3.6867
25835,5.0,3.6,3.19,3.93
51792,3.02,2.25,3.68,2.9833
38849,5.0,3.44,3.05,3.83
31747,5.0,3.35,2.99,3.78
10994,5.0,3.11,2.99,3.7
21293,3.02,2.24,3.72,2.9933
62432,5.0,3.5,2.96,3.82
28514,4.86,3.27,3.63,3.92
48634,2.81,2.34,3.94,3.03
18012,3.35,2.12,4.15,3.2067
8276,3.1,2.28,4.05,3.1433
62106,2.78,2.24,4.73,3.25
26280,5.0,3.25,3.28,3.8433
10598,5.0,3.32,3.07,3.7967
12807,3.21,2.0,3.48,2.8967
48389,4.7,2.87,3.07,3.5467
61752,5.0,3.29,2.86,3.7167
5572,5.0,3.22,3.25,3.8233
41532,3.54,2.3,3.76,3.2
55570,4.86,3.57,3.61,4.0133
49344,5.0,3.42,3.47,3.9633
20477,5.0,3.08,2.8,3.6267
66892,4.4,3.6,2.71,3.57
60920,4.12,3.12,3.67,3.6367
16004,4.4,3.6,2.79,3.5967
26634,5.0,3.29,3.16,3.8167
20640,2.99,2.2,4.0,3.0633
43154,2.88,2.29,4.18,3.1167
16136,5.0,3.51,3.24,3.9167
55418,4.26,2.77,3.43,3.4867
50833,3.7,2.45,3.35,3.1667
32666,5.0,3.15,3.14,3.7633
60195,3.8,2.05,3.39,3.08
51283,3.06,2.28,3.96,3.1
14000,5.0,3.34,3.82,4.0533
13986,5.0,3.32,3.12,3.8133
33768,5.0,3.47,3.39,3.9533
52615,4.07,3.48,4.58,4.0433
20384,4.74,3.41,4.53,4.2267
9971,4.1,3.36,2.9,3.4533
45557,4.04,2.97,3.2,3.4033
9762,5.0,3.42,3.27,3.8967
17228,5.0,3.41,3.19,3.8667
18421,3.15,2.04,3.64,2.9433
42395,4.6,3.28,2.95,3.61
25600,4.4,3.6,2.83,3.61
3113,2.94,2.11,3.73,2.9267
46942,5.0,3.55,3.39,3.98
62071,2.88,2.17,3.89,2.98
67082,4.17,3.26,4.43,3.9533
60018,4.1,3.16,2.84,3.3667
33250,5.0,3.27,3.09,3.7867
63151,4.4,2.94,3.2,3.5133
39167,2.99,2.27,3.99,3.0833
58481,5.0,3.54,3.87,4.1367
22997,2.86,2.36,4.2,3.14
8079,5.0,3.4,3.18,3.86
55626,4.41,3.36,4.24,4.0033
35175,5.0,3.41,3.88,4.0967
33951,2.97,2.19,3.51,2.89
57917,4.64,3.44,3.76,3.9467
67644,4.4,3.44,2.96,3.6
9458,4.64,3.51,3.47,3.8733
12651,4.74,3.54,3.84,4.04
42202,3.15,2.17,3.61,2.9767
56754,2.99,2.31,4.61,3.3033
39093,5.0,3.57,3.47,4.0133
68927,3.02,2.37,4.22,3.2033
29711,4.1,3.13,2.83,3.3533
45956,4.4,3.13,3.24,3.59
56161,3.54,2.26,4.14,3.3133
42542,5.0,3.52,3.15,3.89
22803,4.17,3.14,3.89,3.7333
47481,3.95,2.69,3.82,3.4867
22607,5.0,3.35,3.77,4.04
46013,5.0,3.45,3.16,3.87
33273,2.94,2.32,4.09,3.1167
31683,5.0,3.55,3.3,3.95
58432,3.06,2.37,4.02,3.15
4109,4.41,3.29,3.67,3.79
28458,5.0,3.32,3.69,4.0033
7748,2.75,2.25,4.64,3.2133
4950,3.35,2.21,3.89,3.15
46704,3.63,2.37,4.44,3.48
20808,5.0,3.13,2.89,3.6733
14593,5.0,3.4,3.41,3.9367
9139,4.86,3.2,3.2,3.7533
20479,5.0,3.57,4.74,4.4367
39856,4.86,3.6,3.08,3.8467
29770,3.35,2.04,3.66,3.0167
64097,2.84,2.36,4.15,3.1167
6731,3.1,2.3,3.62,3.0067
45886,4.4,2.71,3.24,3.45
34519,5.0,3.13,3.18,3.77
40162,5.0,3.31,3.58,3.9633
10042,3.66,2.28,3.84,3.26
6128,4.74,2.84,3.25,3.61
52129,4.1,2.59,3.27,3.32
8915,4.4,3.13,3.18,3.57
35253,4.4,3.6,3.33,3.7767
58509,5.0,3.31,3.22,3.8433
2254,4.7,3.2,3.61,3.8367
11227,5.0,3.32,2.97,3.7633
50907,4.4,3.6,2.77,3.59
66527,4.1,2.68,3.5,3.4267
34323,5.0,2.99,3.17,3.72
61286,4.4,3.6,2.88,3.6267
50958,4.41,3.15,4.18,3.9133
26014,4.4,3.6,2.79,3.5967
31424,5.0,3.52,3.6,4.04
57693,5.0,3.38,3.05,3.81
14243,4.86,3.24,3.19,3.7633
53549,5.0,3.27,3.54,3.9367
45719,5.0,3.58,3.76,4.1133
64074,3.81,2.54,4.11,3.4867
35812,3.8,2.57,3.08,3.15
22809,2.88,2.12,4.24,3.08
7616,5.0,3.6,2.77,3.79
69642,5.0,3.35,3.35,3.9
43010,4.55,3.49,3.7,3.9133
60591,2.89,2.19,4.29,3.1233
46511,5.0,3.41,3.34,3.9167
70648,4.4,3.06,3.38,3.6133
50470,2.81,2.2,4.58,3.1967
28985,5.0,3.4,3.06,3.82
31578,5.0,3.49,2.95,3.8133
37249,5.0,3.46,3.02,3.8267
52321,4.04,3.07,3.83,3.6467
31541,5.0,3.54,3.1,3.88
17420,5.0,3.6,3.33,3.9767
16453,5.0,3.6,2.81,3.8033
44650,5.0,3.47,3.18,3.8833
8007,4.11,3.17,4.09,3.79
14456,3.5,2.88,2.85,3.0767
12916,5.0,3.52,3.19,3.9033
65136,3.27,2.18,3.74,3.0633
72061,5.0,3.13,3.26,3.7967
22063,2.97,2.24,3.9,3.0367
12062,4.86,3.44,3.24,3.8467
23582,4.41,3.23,3.75,3.7967
17199,3.8,2.1,4.01,3.3033
42207,4.05,3.14,4.44,3.8767
22913,2.87,2.33,4.48,3.2267
16604,3.95,2.84,3.98,3.59
12108,4.7,3.2,3.67,3.8567
47749,4.7,3.25,3.75,3.9
52371,4.3,3.23,3.58,3.7033
65204,3.15,2.16,3.95,3.0867
35891,4.41,3.51,3.57,3.83
53525,5.0,3.23,3.27,3.8333
42531,5.0,3.27,3.04,3.77
44819,4.47,3.37,4.06,3.9667
512,5.0,3.47,3.18,3.8833
56431,5.0,3.53,3.34,3.9567
48974,4.04,2.86,4.08,3.66
27130,3.27,2.29,3.88,3.1467
13250,5.0,3.13,3.26,3.7967
34474,5.0,3.55,3.28,3.9433
2481,4.0,3.51,3.85,3.7867
49991,4.74,3.26,3.66,3.8867
57496,4.44,3.03,4.11,3.86
14755,4.86,3.38,3.66,3.9667
10867,4.61,3.4,3.71,3.9067
24011,5.0,3.37,3.05,3.8067
53375,4.52,3.57,3.54,3.8767
42632,5.0,3.44,3.05,3.83
64933,5.0,3.36,3.37,3.91
15350,5.0,3.13,3.26,3.7967
9789,5.0,3.13,3.26,3.7967
62870,5.0,3.35,3.3,3.8833
52185,4.4,3.6,2.83,3.61
14049,5.0,3.42,3.15,3.8567
34132,4.55,3.47,3.62,3.88
46922,5.0,3.55,3.04,3.8633
59168,3.65,2.63,4.3,3.5267
37645,3.54,2.37,3.44,3.1167
6427,3.44,2.22,3.46,3.04
7023,4.64,3.57,3.54,3.9167
62423,5.0,3.56,3.66,4.0733
56875,3.54,1.88,3.76,3.06
13893,2.94,2.35,3.14,2.81
6439,5.0,3.51,3.28,3.93
50703,4.34,3.12,3.85,3.77
2781,5.0,3.53,3.4,3.9767
45008,5.0,3.13,3.26,3.7967
12720,4.1,3.22,2.92,3.4133
58550,3.44,2.24,3.74,3.14
14725,5.0,3.26,3.34,3.8667
65089,3.02,2.33,3.97,3.1067
30282,3.5,2.88,2.85,3.0767
70132,3.21,2.2,3.34,2.9167
24501,3.54,2.22,4.02,3.26
44410,5.0,3.57,3.49,4.02
16507,3.06,2.34,3.92,3.1067
16793,2.8,2.37,4.84,3.3367
57968,3.21,2.25,3.82,3.0933
25495,3.66,1.93,3.0,2.8633
45229,3.35,2.22,3.71,3.0933
35650,5.0,3.47,3.84,4.1033
22784,4.4,3.6,2.83,3.61
9329,5.0,3.42,2.98,3.8
44840,5.0,3.57,3.5,4.0233
68884,3.8,2.51,3.24,3.1833
26636,5.0,3.53,3.27,3.9333
47691,5.0,3.17,3.31,3.8267
66946,4.4,2.76,3.19,3.45
22079,5.0,3.35,3.15,3.8333
46947,5.0,3.6,2.94,3.8467
59527,5.0,2.93,3.15,3.6933
4693,5.0,3.32,3.43,3.9167
37597,3.35,1.98,3.55,2.96
59336,2.8,2.2,3.63,2.8767
17093,3.27,2.2,3.09,2.8533
60623,5.0,3.54,3.49,4.01
52165,4.86,3.47,4.57,4.3
48083,4.1,3.29,3.33,3.5733
3394,4.61,3.04,3.07,3.5733
5463,4.4,3.6,2.79,3.5967
40438,4.34,2.82,3.44,3.5333
56511,3.1,2.35,4.48,3.31
54058,4.0,3.45,4.79,4.08
38380,5.0,3.25,3.25,3.8333
69449,5.0,3.6,3.39,3.9967
21260,2.99,2.27,3.73,2.9967
62308,5.0,3.6,2.92,3.84
22177,5.0,3.52,3.05,3.8567
46406,4.01,3.54,4.68,4.0767
36710,5.0,3.37,3.23,3.8667
4346,5.0,3.51,3.18,3.8967
32609,5.0,3.44,3.1,3.8467
53497,4.1,2.64,3.9,3.5467
2068,2.84,2.26,4.35,3.15
6830,3.75,3.02,3.56,3.4433
4958,4.7,3.03,3.04,3.59
39447,5.0,3.23,3.27,3.8333
8256,5.0,3.35,3.25,3.8667
31033,5.0,3.47,3.61,4.0267
46424,4.86,3.02,3.49,3.79
31758,5.0,3.23,3.27,3.8333
65761,5.0,3.56,3.3,3.9533
348,4.4,3.6,2.83,3.61
68473,3.27,2.4,4.02,3.23
60485,3.8,1.98,3.25,3.01
68397,3.27,2.26,3.85,3.1267
38624,4.1,2.7,3.2,3.3333
64547,5.0,3.6,3.6,4.0667
58014,2.89,2.3,4.18,3.1233
3167,4.1,2.61,3.43,3.38
50165,4.74,3.16,3.48,3.7933
2613,5.0,3.29,3.16,3.8167
4726,5.0,3.13,2.81,3.6467
70675,5.0,3.29,3.16,3.8167
2434,5.0,3.53,3.27,3.9333
3500,4.35,3.15,4.19,3.8967
6059,2.98,2.25,3.58,2.9367
46433,4.74,3.38,3.57,3.8967
59244,5.0,3.49,3.0,3.83
26972,4.1,2.81,3.43,3.4467
34074,4.74,3.31,3.21,3.7533
40047,5.0,3.47,3.25,3.9067
39724,3.8,1.7,3.49,2.9967
36442,5.0,3.34,3.5,3.9467
10010,2.86,2.27,3.68,2.9367
58041,4.7,3.23,4.14,4.0233
12286,3.35,2.31,4.02,3.2267
29067,4.7,3.33,3.49,3.84
49316,4.7,3.1,3.29,3.6967
11075,4.0,3.2,3.58,3.5933
44299,4.64,3.47,3.66,3.9233
19021,5.0,3.47,3.08,3.85
30149,3.21,2.33,3.73,3.09
10423,5.0,3.34,3.35,3.8967
30057,4.4,3.6,2.77,3.59
24888,5.0,3.54,3.31,3.95
24408,5.0,3.6,2.76,3.7867
6646,2.92,2.24,4.22,3.1267
31016,4.4,3.6,2.96,3.6533
11427,5.0,3.56,3.59,4.05
60967,2.81,2.25,4.71,3.2567
64264,4.86,3.19,3.62,3.89
55655,5.0,3.29,3.0,3.7633
7243,3.15,2.29,3.9,3.1133
70740,3.02,2.3,4.35,3.2233
46645,5.0,3.53,3.24,3.9233
43891,3.44,2.37,3.8,3.2033
46816,3.8,2.1,3.67,3.19
7359,2.91,2.25,4.47,3.21
47785,2.83,2.3,3.58,2.9033
20460,3.54,2.36,4.31,3.4033
16320,3.27,2.28,3.62,3.0567
7528,5.0,3.39,3.6,3.9967
40550,4.64,3.35,4.11,4.0333
33776,5.0,3.55,3.04,3.8633
20546,5.0,3.4,4.13,4.1767
7471,3.17,2.24,3.75,3.0533
27754,4.4,2.72,3.52,3.5467
34517,3.35,2.13,4.16,3.2133
48470,5.0,3.53,3.01,3.8467
69691,5.0,3.54,3.56,4.0333
69810,4.4,3.6,2.72,3.5733
897,4.56,2.91,3.14,3.5367
63528,5.0,3.22,3.5,3.9067
30055,5.0,3.32,3.32,3.88
1617,5.0,3.4,3.48,3.96
47718,4.4,3.6,2.83,3.61
36607,5.0,3.45,3.46,3.97
47629,3.8,2.3,4.08,3.3933
24604,3.8,2.19,3.39,3.1267
58548,4.4,3.02,3.48,3.6333
15166,2.78,2.13,4.13,3.0133
68665,4.86,3.18,3.52,3.8533
31761,3.8,1.76,3.16,2.9067
62335,3.84,2.77,3.79,3.4667
41986,5.0,3.06,2.9,3.6533
21677,3.36,2.57,4.37,3.4333
4242,4.44,3.39,3.82,3.8833
64520,3.06,2.2,3.54,2.9333
55648,4.7,3.26,3.27,3.7433
70906,5.0,3.23,3.11,3.78
48063,3.8,2.21,3.3,3.1033
64101,2.88,2.33,4.16,3.1233
70897,5.0,3.49,2.95,3.8133
49285,3.15,2.2,3.72,3.0233
52432,5.0,3.35,3.47,3.94
30060,5.0,3.44,2.86,3.7667
12492,3.8,1.89,3.25,2.98
58336,4.7,3.03,3.53,3.7533
71765,4.64,3.54,3.1,3.76
68857,4.1,2.88,3.32,3.4333
35407,3.8,1.72,3.21,2.91
67271,5.0,3.28,2.95,3.7433
61553,4.74,3.41,3.58,3.91
70166,3.44,1.83,3.83,3.0333
60927,5.0,3.31,3.57,3.96
32420,3.15,2.27,4.04,3.1533
70477,4.55,3.53,3.55,3.8767
63947,2.91,2.3,3.64,2.95
38858,4.7,3.1,3.56,3.7867
3768,5.0,3.54,3.2,3.9133
18077,3.65,2.57,3.57,3.2633
60898,4.35,3.27,3.58,3.7333
25183,5.0,3.58,3.76,4.1133
59436,5.0,3.25,3.14,3.7967
53158,3.8,1.89,3.25,2.98
66058,5.0,3.54,3.31,3.95
49744,4.47,3.5,3.69,3.8867
71418,4.4,3.6,2.83,3.61
51861,4.86,3.46,3.12,3.8133
61370,5.0,3.6,3.82,4.14
5175,5.0,3.6,3.17,3.9233
7129,3.15,2.01,3.43,2.8633
13615,4.64,3.16,3.5,3.7667
30336,4.4,3.6,2.92,3.64
44727,4.74,3.11,3.34,3.73
12752,2.99,2.2,4.1,3.0967
9459,4.3,3.47,4.24,4.0033
45777,5.0,3.42,3.2,3.8733
47366,4.4,3.34,3.03,3.59
20044,4.74,3.53,3.56,3.9433
319,5.0,3.29,3.84,4.0433
43309,3.92,3.16,4.18,3.7533
56206,5.0,3.6,3.81,4.1367
24818,3.44,2.37,3.48,3.0967
71389,3.8,2.94,2.8,3.18
13353,5.0,3.46,3.31,3.9233
54579,5.0,3.35,2.93,3.76
58382,4.1,2.41,3.1,3.2033
36167,5.0,3.38,3.0,3.7933
39602,3.21,2.33,4.71,3.4167
59767,5.0,3.2,2.96,3.72
49279,5.0,3.41,3.09,3.8333
48004,4.4,2.78,3.42,3.5333
43461,4.7,3.16,3.51,3.79
6867,5.0,3.06,3.1,3.72
2490,2.71,2.31,4.74,3.2533
38713,3.66,2.25,3.85,3.2533
29405,5.0,3.23,3.27,3.8333
61934,3.35,2.55,3.46,3.12
36255,3.8,1.72,3.21,2.91
19944,5.0,3.6,2.97,3.8567
18830,4.44,3.09,3.28,3.6033
32529,5.0,3.56,3.69,4.0833
1551,4.64,3.44,3.42,3.8333
41568,4.55,3.52,4.07,4.0467
47774,3.57,2.66,3.8,3.3433
59289,4.86,3.54,3.28,3.8933
13276,4.4,2.99,3.46,3.6167
46292,3.54,2.16,3.21,2.97
36570,4.4,3.6,2.83,3.61
27602,5.0,3.37,3.91,4.0933
15679,3.44,2.15,3.36,2.9833
36528,4.7,3.05,2.91,3.5533
71690,4.35,3.33,4.11,3.93
69952,5.0,3.11,3.17,3.76
61145,4.64,3.6,3.45,3.8967
56212,5.0,3.29,3.1,3.7967
18708,4.41,3.1,4.45,3.9867
60348,3.8,2.36,3.62,3.26
19002,3.8,2.36,4.47,3.5433
41882,5.0,3.57,3.5,4.0233
47000,5.0,3.49,3.55,4.0133
23315,4.4,3.6,2.77,3.59
70971,5.0,3.5,2.96,3.82
36316,3.17,2.28,4.04,3.1633
53126,3.1,2.28,4.41,3.2633
47768,4.7,3.21,3.78,3.8967
23187,2.69,1.89,4.12,2.9
47125,3.54,2.27,3.77,3.1933
50648,5.0,3.52,3.04,3.8533
58663,3.66,2.28,3.85,3.2633
4472,5.0,3.5,2.96,3.82
26475,5.0,3.41,3.02,3.81
26231,5.0,3.6,3.81,4.1367
14805,3.57,2.52,3.73,3.2733
27836,5.0,3.3,3.2,3.8333
61331,4.64,3.44,3.53,3.87
38593,4.19,3.54,3.36,3.6967
31668,3.5,2.88,2.85,3.0767
55300,4.74,3.58,3.89,4.07
48050,5.0,3.6,2.77,3.79
16010,4.64,3.5,3.4,3.8467
69214,4.4,3.6,2.82,3.6067
54452,4.4,3.6,2.83,3.61
3750,3.66,2.58,3.68,3.3067
38156,5.0,3.31,3.22,3.8433
34397,5.0,3.18,3.23,3.8033
70557,4.56,3.13,3.92,3.87
71120,3.8,3.12,2.9,3.2733
31426,3.35,2.14,3.39,2.96
72032,4.4,3.6,3.03,3.6767
49198,3.35,1.93,3.85,3.0433
68965,3.1,2.21,4.14,3.15
11600,4.7,3.28,3.75,3.91
60855,5.0,3.33,3.29,3.8733
3034,3.02,2.19,3.82,3.01
71009,5.0,3.6,3.63,4.0767
3340,4.55,3.29,4.31,4.05
50661,5.0,3.44,3.53,3.99
71019,4.4,3.6,2.77,3.59
62987,5.0,3.47,3.04,3.8367
7674,4.4,3.6,2.71,3.57
51143,3.15,2.37,3.97,3.1633
1978,5.0,3.37,3.44,3.9367
8745,4.7,3.17,3.53,3.8
12984,3.8,1.82,3.21,2.9433
64011,4.4,3.6,2.79,3.5967
25667,3.06,2.26,4.28,3.2
23409,5.0,3.47,3.51,3.9933
55367,4.4,2.87,3.15,3.4733
34924,4.05,3.02,4.06,3.71
67275,4.74,3.6,3.57,3.97
60081,5.0,3.49,3.66,4.05
58184,4.52,3.45,4.12,4.03
66274,4.4,3.6,2.79,3.5967
15745,3.5,2.88,2.85,3.0767
17544,5.0,3.13,2.89,3.6733
58914,5.0,3.57,3.34,3.97
13640,3.36,2.35,3.55,3.0867
26277,5.0,3.25,3.28,3.8433
51011,5.0,3.17,3.23,3.8
19922,3.27,2.2,3.57,3.0133
64956,5.0,3.5,3.31,3.9367
64140,4.7,3.34,4.03,4.0233
2928,5.0,3.21,3.96,4.0567
1091,2.84,2.27,3.61,2.9067
32988,4.4,3.6,2.84,3.6133
55954,3.02,2.14,4.08,3.08
6751,3.06,2.33,3.71,3.0333
17472,4.1,3.36,3.23,3.5633
30366,5.0,3.16,3.27,3.81
9118,3.06,2.57,4.18,3.27
41260,4.86,3.34,3.55,3.9167
11490,3.27,2.32,3.48,3.0233
32260,3.17,1.95,3.09,2.7367
24028,3.96,2.67,3.68,3.4367
58940,5.0,3.51,3.02,3.8433
45657,4.4,3.41,3.05,3.62
24208,5.0,3.6,3.0,3.8667
23684,5.0,3.32,3.12,3.8133
46189,3.44,2.22,3.96,3.2067
44654,5.0,3.46,3.17,3.8767
59602,5.0,3.48,4.71,4.3967
6893,5.0,3.54,3.31,3.95
7397,4.25,3.32,3.6,3.7233
42032,5.0,3.38,2.9,3.76
51135,5.0,3.44,3.52,3.9867
9696,5.0,3.6,2.94,3.8467
19445,5.0,3.44,3.7,4.0467
56034,4.26,3.3,3.19,3.5833
56268,5.0,3.23,3.27,3.8333
54240,3.8,2.33,3.06,3.0633
11200,4.34,3.33,3.67,3.78
35093,3.8,2.18,3.16,3.0467
4852,5.0,3.57,3.6,4.0567
53915,5.0,3.08,3.11,3.73
44877,4.1,3.09,3.24,3.4767
12898,5.0,3.47,3.03,3.8333
27100,3.66,2.56,3.59,3.27
21506,5.0,3.44,3.47,3.97
14004,2.71,2.32,5.0,3.3433
29039,5.0,2.92,3.99,3.97
23479,4.7,3.31,3.53,3.8467
62109,4.41,3.26,3.92,3.8633
56130,4.55,3.48,3.96,3.9967
50766,5.0,3.17,2.95,3.7067
28190,3.02,2.36,4.15,3.1767
13551,4.04,3.18,3.17,3.4633
40850,4.55,3.29,3.42,3.7533
53283,2.98,2.2,3.84,3.0067
10562,3.02,2.28,4.13,3.1433
14451,2.83,2.32,4.95,3.3667
8131,3.21,2.28,3.91,3.1333
53699,4.14,2.5,3.5,3.38
28192,4.4,3.6,2.77,3.59
53880,4.4,3.06,4.67,4.0433
66230,5.0,3.45,3.16,3.87
53680,5.0,3.6,3.12,3.9067
68640,2.95,2.09,4.24,3.0933
17262,4.74,3.11,3.41,3.7533
11262,3.1,2.32,4.05,3.1567
29577,3.8,1.72,3.21,2.91
52955,2.81,2.24,4.04,3.03
35727,3.6,1.97,3.62,3.0633
68661,4.1,2.72,3.07,3.2967
35356,2.92,1.97,3.51,2.8
4372,5.0,3.27,3.15,3.8067
68186,4.56,3.12,3.64,3.7733
16658,4.7,3.17,3.13,3.6667
9841,4.47,3.48,3.38,3.7767
42157,4.1,2.84,4.6,3.8467
49399,2.97,2.32,4.85,3.38
45223,3.27,2.13,3.73,3.0433
68493,4.09,3.58,4.07,3.9133
22593,5.0,3.41,2.97,3.7933
23361,3.81,2.82,4.18,3.6033
432,5.0,3.32,2.92,3.7467
40394,3.44,2.58,3.58,3.2
47097,2.92,2.22,4.28,3.14
57135,3.27,2.25,4.16,3.2267
11414,4.74,3.47,3.3,3.8367
12668,4.7,3.03,3.38,3.7033
67036,2.85,2.27,4.46,3.1933
70963,5.0,3.34,3.03,3.79
30354,3.87,2.74,3.86,3.49
32363,3.8,1.89,3.25,2.98
42533,5.0,3.48,3.42,3.9667
362,3.1,2.31,3.66,3.0233
59232,3.21,1.95,4.1,3.0867
2060,3.8,2.58,3.48,3.2867
1120,2.79,1.8,3.74,2.7767
33219,4.4,3.6,2.78,3.5933
55277,5.0,3.35,3.62,3.99
33545,3.66,2.24,3.5,3.1333
33756,5.0,3.51,3.18,3.8967
5129,3.74,2.66,3.83,3.41
30188,5.0,3.35,3.3,3.8833
25849,2.95,2.04,4.25,3.08
43240,3.15,2.09,3.71,2.9833
28500,3.35,2.21,4.12,3.2267
63579,3.02,2.36,3.84,3.0733
14129,3.54,2.34,3.71,3.1967
51331,3.35,2.13,3.8,3.0933
27235,3.44,2.37,4.74,3.5167
35792,4.1,2.33,3.05,3.16
63793,4.25,3.19,4.1,3.8467
1195,4.64,3.37,3.94,3.9833
4673,2.68,2.32,5.0,3.3333
28798,4.26,3.07,4.0,3.7767
69397,5.0,3.5,3.23,3.91
20240,5.0,3.26,3.58,3.9467
32891,3.1,2.11,4.05,3.0867
36164,4.7,3.03,3.15,3.6267
53457,3.54,2.37,3.94,3.2833
19178,5.0,3.32,3.02,3.78
72137,5.0,3.05,3.4,3.8167
58274,5.0,3.44,3.24,3.8933
3545,4.06,3.55,3.64,3.75
44490,2.98,2.3,4.12,3.1333
54840,2.94,2.0,3.88,2.94
5043,5.0,2.97,3.28,3.75
51316,2.84,2.33,3.73,2.9667
55456,2.93,2.29,4.39,3.2033
25225,4.86,3.42,2.98,3.7533
37728,5.0,3.42,3.32,3.9133
26109,5.0,3.37,3.32,3.8967
47861,5.0,3.4,2.96,3.7867
20308,4.86,3.17,3.34,3.79
3834,2.88,2.34,3.99,3.07
30832,5.0,3.37,3.1,3.8233
49957,5.0,3.57,3.43,4.0
32087,4.7,3.05,3.21,3.6533
39831,4.7,3.06,3.2,3.6533
45925,5.0,3.35,3.2,3.85
18803,4.4,3.6,2.83,3.61
23889,3.66,2.43,3.35,3.1467
5314,5.0,3.56,3.61,4.0567
19258,3.8,1.98,3.25,3.01
48386,5.0,3.33,3.49,3.94
45871,5.0,3.22,3.44,3.8867
70925,4.26,3.33,3.38,3.6567
62793,2.94,2.25,4.68,3.29
23596,4.11,3.01,3.74,3.62
19230,3.54,2.2,3.97,3.2367
30619,5.0,3.5,3.64,4.0467
55578,4.86,3.33,3.23,3.8067
56666,5.0,3.55,3.55,4.0333
44689,5.0,3.51,3.14,3.8833
19032,4.37,3.4,3.94,3.9033
66416,3.15,2.35,3.73,3.0767
916,3.06,2.3,4.52,3.2933
19730,3.32,2.63,4.09,3.3467
53402,4.1,2.79,3.38,3.4233
47360,4.7,3.19,3.39,3.76
20671,3.21,2.13,4.0,3.1133
31187,2.89,2.22,3.93,3.0133
1453,3.06,2.54,4.3,3.3
46880,5.0,3.42,3.46,3.96
4531,5.0,3.48,3.41,3.9633
57595,3.44,2.18,4.03,3.2167
17917,5.0,3.53,3.65,4.06
22454,2.92,2.18,4.18,3.0933
31194,3.2,2.15,3.4,2.9167
65414,3.51,2.4,3.19,3.0333
19755,5.0,3.13,3.26,3.7967
581,5.0,3.55,3.18,3.91
69644,5.0,3.37,3.53,3.9667
60573,5.0,3.38,2.9,3.76
7427,5.0,3.33,3.34,3.89
37528,5.0,3.6,3.26,3.9533
37350,3.21,2.27,3.82,3.1
3025,5.0,3.4,3.01,3.8033
39446,5.0,3.6,3.03,3.8767
59307,5.0,3.6,2.9,3.8333
6425,4.4,2.9,3.43,3.5767
52054,5.0,3.17,3.41,3.86
58831,4.47,3.22,3.67,3.7867
28345,5.0,3.4,3.18,3.86
20255,5.0,3.09,2.88,3.6567
61489,5.0,3.6,2.97,3.8567
6914,4.05,3.11,4.33,3.83
17177,4.41,3.51,3.5,3.8067
18790,4.7,2.95,3.29,3.6467
22492,5.0,3.33,3.08,3.8033
11721,5.0,3.13,3.26,3.7967
60375,5.0,3.54,3.16,3.9
50400,3.54,2.29,3.88,3.2367
50704,3.35,2.31,3.85,3.17
27874,5.0,3.51,3.14,3.8833
49970,4.64,3.27,3.81,3.9067
47502,5.0,3.6,3.19,3.93
50423,4.86,3.48,3.86,4.0667
25489,4.0,3.32,3.43,3.5833
68807,4.7,3.07,3.61,3.7933
8318,2.87,1.96,4.8,3.21
6619,3.27,2.34,3.43,3.0133
55507,3.66,2.33,3.78,3.2567
11715,5.0,3.44,3.28,3.9067
71073,5.0,3.23,3.27,3.8333
15321,2.94,2.13,4.19,3.0867
55554,5.0,3.49,3.28,3.9233
69055,4.14,3.14,4.12,3.8
4162,4.1,2.74,3.28,3.3733
71137,5.0,3.32,3.07,3.7967
43304,3.27,2.57,3.63,3.1567
65840,4.4,3.04,3.15,3.53
49906,5.0,3.45,3.22,3.89
41111,5.0,3.09,3.32,3.8033
57106,3.38,2.64,3.8,3.2733
52965,5.0,3.41,3.09,3.8333
7433,5.0,3.21,3.38,3.8633
22444,4.4,3.6,2.83,3.61
35810,3.66,2.21,4.11,3.3267
42635,4.64,3.08,3.74,3.82
41433,5.0,3.46,3.12,3.86
19194,5.0,3.55,4.42,4.3233
21047,3.15,2.08,4.26,3.1633
23013,5.0,3.49,3.22,3.9033
25157,5.0,3.33,3.73,4.02
70357,4.4,3.6,2.9,3.6333
37175,4.1,3.18,2.85,3.3767
66943,5.0,3.52,3.15,3.89
10990,5.0,3.57,3.85,4.14
281,5.0,3.31,4.31,4.2067
37468,5.0,3.4,3.01,3.8033
24931,5.0,3.54,3.63,4.0567
59097,5.0,3.57,3.23,3.9333
54428,3.66,2.13,3.49,3.0933
23626,2.89,2.27,4.7,3.2867
60084,2.94,2.17,4.64,3.25
23730,5.0,3.42,2.9,3.7733
14423,3.15,2.04,3.44,2.8767
21965,3.8,2.42,3.29,3.17
3920,4.1,2.58,3.4,3.36
50710,3.8,2.59,4.95,3.78
6629,3.5,2.88,2.85,3.0767
55537,5.0,3.6,2.72,3.7733
31774,4.7,3.17,3.63,3.8333
40368,5.0,3.5,3.42,3.9733
26507,4.86,3.34,3.6,3.9333
38412,2.94,2.3,4.53,3.2567
36940,5.0,3.47,2.88,3.7833
7716,4.4,3.6,2.88,3.6267
94,3.54,2.22,3.49,3.0833
50136,4.41,3.22,3.44,3.69
66850,3.65,2.33,3.1,3.0267
64436,3.41,2.32,4.47,3.4
8702,5.0,3.54,3.25,3.93
57642,4.35,3.42,3.84,3.87
30863,2.94,2.18,4.5,3.2067
36245,2.68,2.31,5.0,3.33
50373,5.0,3.49,3.96,4.15
59105,5.0,3.36,3.42,3.9267
47804,3.54,2.28,3.98,3.2667
70729,3.21,2.01,3.67,2.9633
45545,5.0,3.27,3.26,3.8433
44781,4.47,3.46,3.21,3.7133
52350,5.0,3.34,3.55,3.9633
56605,4.7,2.76,2.84,3.4333
61972,3.36,2.93,3.99,3.4267
12593,3.02,2.31,4.14,3.1567
44487,5.0,3.47,3.03,3.8333
17351,5.0,3.54,3.33,3.9567
39997,5.0,3.56,3.75,4.1033
4033,2.79,2.22,4.84,3.2833
64614,3.06,2.22,4.06,3.1133
12831,3.5,2.88,2.85,3.0767
26443,3.66,2.32,4.08,3.3533
44363,5.0,3.53,3.45,3.9933
45649,5.0,3.27,3.04,3.77
36333,4.7,2.88,3.48,3.6867
58633,3.8,2.24,3.5,3.18
12638,5.0,3.44,3.21,3.8833
46903,5.0,3.41,3.04,3.8167
35807,3.66,2.23,4.12,3.3367
4421,3.95,3.05,3.2,3.4
8068,5.0,3.6,3.0,3.8667
9019,5.0,3.38,3.28,3.8867
69174,4.1,3.36,2.9,3.4533
22808,3.66,2.22,3.95,3.2767
29494,2.67,2.32,4.51,3.1667
39216,4.7,3.18,3.27,3.7167
7217,5.0,3.46,3.61,4.0233
30322,4.4,3.6,2.79,3.5967
61135,4.4,3.6,2.79,3.5967
64650,5.0,3.51,2.97,3.8267
29162,3.66,2.29,3.28,3.0767
4061,4.1,3.36,2.82,3.4267
2124,5.0,3.46,3.07,3.8433
38070,5.0,3.54,3.42,3.9867
29695,4.86,2.99,3.81,3.8867
50476,3.65,2.67,4.25,3.5233
66377,4.17,2.99,4.06,3.74
55669,2.85,2.22,3.81,2.96
44260,3.4,2.62,4.6,3.54
8625,5.0,3.27,3.13,3.8
40753,3.06,2.06,3.62,2.9133
68432,3.21,2.23,4.72,3.3867
52757,4.05,3.19,4.03,3.7567
40000,5.0,3.13,3.05,3.7267
16074,5.0,3.25,3.28,3.8433
57792,3.1,1.72,3.38,2.7333
4320,2.85,2.27,4.88,3.3333
17595,5.0,3.38,3.0,3.7933
22139,5.0,3.44,2.99,3.81
61465,3.54,2.37,3.45,3.12
4868,3.8,2.44,3.57,3.27
56105,4.86,3.57,4.63,4.3533
46188,3.15,2.32,4.74,3.4033
19036,4.4,3.6,2.79,3.5967
36179,4.4,3.07,3.5,3.6567
71193,5.0,3.4,3.3,3.9
31670,5.0,3.35,3.09,3.8133
39951,3.1,1.99,4.0,3.03
11643,3.06,2.38,3.73,3.0567
22077,5.0,3.38,3.73,4.0367
40134,5.0,3.4,3.53,3.9767
48975,2.99,2.03,4.21,3.0767
57146,5.0,3.34,2.98,3.7733
23566,5.0,3.42,3.32,3.9133
70227,4.4,3.6,2.77,3.59
16050,3.27,2.37,3.54,3.06
66866,5.0,3.07,2.97,3.68
6772,3.06,2.33,4.89,3.4267
55802,5.0,3.52,3.09,3.87
52906,3.27,2.18,4.12,3.19
57069,4.35,3.35,3.62,3.7733
62562,3.8,2.54,3.24,3.1933
2106,4.86,3.19,3.35,3.8
57528,3.21,2.34,3.41,2.9867
58486,3.44,2.1,3.38,2.9733
18264,5.0,3.5,3.64,4.0467
70138,4.1,3.16,2.84,3.3667
17653,5.0,3.1,3.01,3.7033
56730,4.1,2.64,3.47,3.4033
39857,5.0,3.47,2.93,3.8
51873,4.34,3.22,3.81,3.79
34254,5.0,3.23,3.02,3.75
15692,2.99,2.01,4.04,3.0133
6693,4.4,3.6,2.77,3.59
56793,5.0,3.27,3.04,3.77
35572,5.0,3.55,3.39,3.98
58086,3.66,2.4,3.61,3.2233
62222,2.81,2.13,4.54,3.16
43915,5.0,3.51,3.38,3.9633
50406,5.0,3.21,3.26,3.8233
20782,5.0,3.33,3.95,4.0933
35230,5.0,3.6,2.97,3.8567
71548,3.17,2.6,3.75,3.1733
35350,2.94,1.91,4.19,3.0133
711,2.88,2.36,4.4,3.2133
60762,4.4,3.6,3.29,3.7633
21547,3.66,2.25,3.38,3.0967
32471,3.8,2.38,4.1,3.4267
47403,4.4,3.35,2.98,3.5767
53646,3.35,2.35,4.13,3.2767
20098,5.0,3.5,2.91,3.8033
20936,2.78,2.22,5.0,3.3333
19696,4.4,2.8,3.3,3.5
66060,4.34,2.96,3.54,3.6133
72050,5.0,3.37,3.59,3.9867
57108,5.0,3.57,3.82,4.13
13413,4.55,3.37,3.97,3.9633
37891,3.96,3.3,3.57,3.61
3056,3.27,2.16,3.79,3.0733
30653,5.0,3.49,3.05,3.8467
7057,5.0,3.28,2.98,3.7533
60785,3.06,2.29,3.47,2.94
39648,4.74,3.55,3.78,4.0233
29344,4.7,3.08,3.53,3.77
51372,5.0,3.48,3.39,3.9567
22209,5.0,3.52,2.94,3.82
17865,5.0,3.43,3.92,4.1167
18792,5.0,3.41,3.04,3.8167
23628,3.44,2.25,4.16,3.2833
10210,4.7,3.26,3.21,3.7233
51107,4.64,3.4,3.21,3.75
6057,4.55,3.55,4.07,4.0567
26914,5.0,3.6,4.23,4.2767
10814,3.8,2.49,3.65,3.3133
40433,4.1,2.52,3.08,3.2333
43015,3.8,2.17,3.05,3.0067
43078,2.77,2.19,3.19,2.7167
46006,3.27,2.25,3.56,3.0267
63274,5.0,3.54,3.69,4.0767
10362,4.86,3.18,3.32,3.7867
50139,2.99,2.19,3.69,2.9567
42760,5.0,3.6,2.78,3.7933
25960,3.35,2.32,3.95,3.2067
24566,5.0,3.54,3.63,4.0567
8035,4.55,3.32,3.56,3.81
53643,4.34,3.25,3.79,3.7933
41559,3.35,2.14,3.39,2.96
8801,5.0,3.19,3.16,3.7833
37270,4.56,3.07,3.47,3.7
39379,5.0,3.47,3.74,4.07
15316,5.0,3.5,3.06,3.8533
49670,5.0,3.52,3.3,3.94
49590,4.74,3.22,3.09,3.6833
66549,4.7,3.36,3.08,3.7133
2638,5.0,3.43,3.61,4.0133
46244,2.86,2.34,4.58,3.26
28650,5.0,3.55,3.93,4.16
68447,3.27,2.31,3.84,3.14
9931,4.1,2.35,3.08,3.1767
46893,5.0,3.6,3.04,3.88
6414,4.7,3.32,3.41,3.81
64492,2.99,2.12,4.15,3.0867
69728,5.0,3.43,3.17,3.8667
1324,4.41,3.42,3.87,3.9
22498,4.04,2.76,3.19,3.33
19960,5.0,3.36,3.31,3.89
13672,5.0,3.6,3.11,3.9033
53188,2.94,2.3,3.74,2.9933
33354,3.88,2.94,4.11,3.6433
12436,4.47,3.56,3.53,3.8533
19746,5.0,3.13,2.94,3.69
12144,3.1,2.37,4.37,3.28
54165,5.0,3.57,3.53,4.0333
48178,3.35,2.33,4.89,3.5233
65321,5.0,3.3,3.06,3.7867
49806,4.4,3.3,3.2,3.6333
9751,5.0,3.15,3.17,3.7733
32214,3.74,2.53,3.89,3.3867
15886,3.66,2.3,4.1,3.3533
13248,4.7,3.28,3.72,3.9
17325,4.55,3.37,3.91,3.9433
37704,2.81,2.23,4.28,3.1067
2204,4.4,3.48,2.99,3.6233
20881,5.0,3.2,3.08,3.76
54474,3.8,2.19,3.39,3.1267
29061,3.84,2.47,4.03,3.4467
50349,3.66,2.24,3.43,3.11
7236,4.55,3.54,3.77,3.9533
55790,4.47,3.21,3.18,3.62
56333,4.4,3.6,3.08,3.6933
49267,3.48,2.82,4.35,3.55
47825,3.44,2.3,3.57,3.1033
61997,4.7,3.09,3.49,3.76
47201,3.1,2.22,4.44,3.2533
67579,3.06,2.31,4.22,3.1967
66923,4.47,3.34,3.81,3.8733
59535,3.66,2.2,3.74,3.2
48250,5.0,3.1,3.12,3.74
34086,5.0,3.56,3.88,4.1467
68472,5.0,3.17,2.95,3.7067
16250,2.5,2.18,3.56,2.7467
60779,2.85,2.36,4.05,3.0867
29997,4.1,3.2,2.81,3.37
31605,4.74,3.33,3.96,4.01
34604,4.1,2.62,3.35,3.3567
35247,5.0,3.54,3.7,4.08
64148,5.0,3.27,3.45,3.9067
14514,5.0,3.5,3.37,3.9567
60125,5.0,3.6,3.0,3.8667
38396,3.8,2.4,4.28,3.4933
65656,5.0,3.52,3.26,3.9267
4645,3.98,3.5,4.4,3.96
14339,3.27,2.07,4.06,3.1333
29598,5.0,3.3,3.2,3.8333
41238,5.0,3.3,2.91,3.7367
18980,2.84,2.24,4.1,3.06
18170,2.94,2.18,3.87,2.9967
56006,4.74,3.17,3.41,3.7733
2840,3.54,2.19,3.52,3.0833
32080,4.4,3.6,2.89,3.63
44892,3.8,2.19,3.39,3.1267
37511,5.0,3.53,3.01,3.8467
44743,4.4,3.6,2.79,3.5967
24078,4.1,2.64,3.1,3.28
56087,4.7,3.33,3.98,4.0033
24030,5.0,3.37,3.1,3.8233
50405,5.0,3.6,2.94,3.8467
13887,5.0,3.57,3.14,3.9033
17350,4.3,3.21,3.28,3.5967
47770,4.22,3.33,3.7,3.75
9941,3.27,2.3,4.09,3.22
51530,5.0,3.25,3.32,3.8567
45004,5.0,3.31,3.47,3.9267
15883,5.0,3.18,2.92,3.7
42088,5.0,3.36,3.74,4.0333
57898,5.0,2.93,3.54,3.8233
55588,3.8,2.25,3.27,3.1067
4991,5.0,3.53,3.06,3.8633
62049,4.4,2.79,2.99,3.3933
56765,2.88,2.1,3.91,2.9633
29250,5.0,3.42,3.37,3.93
3838,3.74,2.81,3.67,3.4067
50201,3.8,1.81,3.25,2.9533
31115,5.0,2.86,3.06,3.64
27387,4.4,3.6,2.9,3.6333
68157,4.4,3.6,2.96,3.6533
48,5.0,3.52,3.09,3.87
7181,3.66,2.15,3.52,3.11
33660,4.4,3.1,4.43,3.9767
18668,5.0,3.23,3.27,3.8333
50545,5.0,3.19,3.11,3.7667
47229,4.55,3.44,3.57,3.8533
42940,5.0,3.4,3.06,3.82
44425,5.0,3.09,3.51,3.8667
58226,4.4,2.99,3.13,3.5067
51729,5.0,3.42,3.6,4.0067
68700,2.86,2.29,4.52,3.2233
42700,5.0,3.37,2.99,3.7867
63312,5.0,3.12,3.52,3.88
22147,4.4,3.04,3.88,3.7733
50236,5.0,3.38,3.44,3.94
25604,4.1,3.36,2.79,3.4167
56884,4.4,3.6,2.79,3.5967
29448,3.54,2.1,3.41,3.0167
23030,4.4,3.6,2.71,3.57
10095,5.0,3.4,2.73,3.71
17906,4.47,3.18,3.5,3.7167
11587,5.0,3.52,3.67,4.0633
40846,4.4,3.19,2.99,3.5267
51312,3.1,2.13,4.36,3.1967
62578,3.44,2.3,4.11,3.2833
17889,4.4,3.6,2.83,3.61
58776,5.0,3.6,3.06,3.8867
23922,4.86,3.4,3.61,3.9567
62759,2.78,2.29,4.63,3.2333
50607,4.71,3.27,3.61,3.8633
37564,3.54,2.21,3.98,3.2433
66210,5.0,3.56,3.27,3.9433
13029,2.88,2.18,4.0,3.02
32378,4.83,3.33,3.08,3.7467
33396,5.0,3.52,3.16,3.8933
47080,4.4,2.86,3.56,3.6067
63184,5.0,3.15,3.31,3.82
52094,3.8,2.0,3.16,2.9867
24235,5.0,3.39,3.17,3.8533
10755,5.0,3.33,3.5,3.9433
52304,3.8,2.3,3.84,3.3133
23518,4.4,3.01,3.4,3.6033
55672,5.0,3.51,3.81,4.1067
28892,4.22,3.57,3.43,3.74
2704,3.54,2.18,3.36,3.0267
62170,5.0,3.21,3.26,3.8233
14531,5.0,3.57,3.54,4.0367
30541,5.0,3.27,3.13,3.8
30054,3.35,2.02,3.62,2.9967
43591,5.0,3.56,3.24,3.9333
72129,5.0,3.35,3.61,3.9867
317,3.95,3.04,4.23,3.74
60675,4.74,3.44,3.13,3.77
10385,3.54,2.2,3.97,3.2367
68612,5.0,3.4,3.18,3.86
55410,4.1,2.64,3.69,3.4767
32347,4.64,3.23,3.05,3.64
68434,3.02,2.36,4.15,3.1767
36362,5.0,3.45,3.16,3.87
66745,5.0,3.34,3.19,3.8433
4762,2.82,2.38,3.99,3.0633
66423,5.0,3.5,3.4,3.9667
11929,4.56,2.85,3.32,3.5767
64930,4.74,3.41,3.31,3.82
8225,4.64,3.38,3.77,3.93
749,2.79,2.16,3.55,2.8333
32164,5.0,3.6,2.97,3.8567
6504,4.7,3.15,3.56,3.8033
69376,5.0,3.45,3.01,3.82
54507,3.8,3.15,3.95,3.6333
41769,3.15,1.9,4.08,3.0433
41471,4.74,3.47,3.68,3.9633
62608,2.24,2.4,3.46,2.7
12360,4.26,3.13,3.44,3.61
52730,4.4,3.6,2.88,3.6267
19070,4.64,3.51,3.38,3.8433
4192,3.8,2.34,4.4,3.5133
2050,5.0,3.47,3.29,3.92
51422,4.55,3.22,3.63,3.8
71253,5.0,3.57,3.26,3.9433
9777,3.66,2.25,3.85,3.2533
32466,3.8,2.33,3.6,3.2433
40678,2.94,2.35,3.28,2.8567
61786,5.0,3.45,3.46,3.97
63752,4.64,3.47,3.61,3.9067
37522,5.0,3.45,3.01,3.82
59112,3.74,2.64,4.11,3.4967
13743,2.92,1.9,3.86,2.8933
7490,3.54,2.19,3.79,3.1733
44511,5.0,3.49,3.0,3.83
3,4.4,2.83,3.22,3.4833
47368,5.0,3.58,3.68,4.0867
57953,4.4,2.97,3.72,3.6967
54852,2.99,2.1,3.83,2.9733
31056,5.0,3.34,3.45,3.93
8832,4.1,3.2,2.91,3.4033
45529,5.0,3.6,2.86,3.82
66707,5.0,3.31,3.31,3.8733
23982,3.21,2.24,4.12,3.19
48133,3.54,2.24,4.01,3.2633
55375,3.21,2.47,3.85,3.1767
68058,5.0,3.51,3.6,4.0367
62757,4.4,3.6,2.79,3.5967
6252,4.1,2.73,3.11,3.3133
7914,5.0,3.54,3.73,4.09
14428,4.4,3.03,3.29,3.5733
20025,4.74,3.28,3.39,3.8033
28820,5.0,3.4,3.03,3.81
65501,5.0,3.2,3.01,3.7367
12056,5.0,3.39,3.07,3.82
32727,4.4,3.6,2.82,3.6067
35010,5.0,3.57,3.8,4.1233
51376,5.0,3.54,3.36,3.9667
4540,4.7,3.21,3.41,3.7733
65600,5.0,2.96,3.46,3.8067
21191,5.0,3.44,2.81,3.75
47747,3.35,2.38,4.81,3.5133
49976,5.0,3.5,2.96,3.82
35957,4.7,3.01,3.05,3.5867
70784,3.44,2.29,4.57,3.4333
49282,5.0,3.4,3.24,3.88
17822,4.35,3.37,4.12,3.9467
61685,4.4,3.6,2.79,3.5967
59682,4.7,3.22,3.45,3.79
30574,5.0,3.13,2.89,3.6733
56674,5.0,3.39,3.07,3.82
70064,4.0,3.22,4.5,3.9067
5697,3.87,3.11,3.94,3.64
12097,5.0,3.04,2.87,3.6367
28202,5.0,3.31,3.52,3.9433
37518,5.0,3.6,2.97,3.8567
15806,5.0,3.6,3.0,3.8667
42980,3.57,3.1,4.07,3.58
25945,3.8,3.55,3.51,3.62
34791,5.0,3.56,3.47,4.01
69727,5.0,2.9,3.05,3.65
7870,5.0,3.53,3.28,3.9367
30205,4.4,2.84,3.38,3.54
24520,4.74,3.35,4.0,4.03
44773,2.93,2.33,3.93,3.0633
30187,5.0,3.43,3.82,4.0833
21818,4.35,3.53,3.6,3.8267
17536,5.0,3.53,3.4,3.9767
34948,2.93,2.05,3.84,2.94
61848,3.5,2.88,2.85,3.0767
12493,4.4,3.6,2.85,3.6167
8956,3.5,2.88,2.85,3.0767
23583,5.0,3.04,3.02,3.6867
16214,5.0,3.48,3.27,3.9167
39495,3.5,2.88,2.85,3.0767
43549,4.4,3.6,2.83,3.61
11645,5.0,3.5,3.54,4.0133
62720,4.7,3.26,3.81,3.9233
42007,3.27,2.11,3.62,3.0
43163,4.4,3.6,2.98,3.66
20419,3.35,2.26,4.03,3.2133
9622,5.0,3.45,3.69,4.0467
32790,5.0,3.51,3.02,3.8433
42066,5.0,3.13,3.26,3.7967
58435,5.0,3.6,2.8,3.8
44678,5.0,3.52,3.62,4.0467
30711,3.06,2.2,3.71,2.99
61254,5.0,3.6,2.97,3.8567
31929,2.8,2.24,4.22,3.0867
19612,4.47,3.57,3.51,3.85
60843,3.54,2.32,3.7,3.1867
16576,2.99,2.38,4.23,3.2
64277,5.0,3.24,3.88,4.04
44211,3.8,1.89,3.25,2.98
54765,5.0,3.5,3.19,3.8967
18868,5.0,3.37,3.27,3.88
69795,4.1,2.85,3.74,3.5633
57928,4.7,3.24,3.16,3.7
12423,5.0,3.25,3.03,3.76
40479,4.7,3.21,3.97,3.96
35818,3.54,2.38,3.69,3.2033
57210,3.54,2.37,3.57,3.16
44597,3.66,2.17,3.81,3.2133
17760,5.0,3.58,3.9,4.16
10245,5.0,3.46,3.42,3.96
7140,3.27,2.09,3.29,2.8833
12932,3.66,2.06,3.85,3.19
55488,5.0,3.26,3.33,3.8633
49223,5.0,3.23,3.27,3.8333
15833,4.74,3.27,3.52,3.8433
65830,4.4,3.6,2.79,3.5967
40973,3.27,2.13,3.72,3.04
13067,5.0,3.53,3.11,3.88
16906,5.0,3.5,3.36,3.9533
44482,5.0,3.37,2.78,3.7167
60617,4.4,3.32,2.97,3.5633
9643,5.0,3.41,3.09,3.8333
59303,5.0,3.58,3.43,4.0033
30838,5.0,3.31,3.11,3.8067
11475,4.14,3.44,3.77,3.7833
48144,4.4,2.85,3.54,3.5967
60128,4.4,3.35,3.04,3.5967
30818,3.15,2.31,4.39,3.2833
52179,3.66,1.81,3.62,3.03
71839,5.0,3.49,3.38,3.9567
31435,5.0,3.32,3.47,3.93
23470,3.92,2.97,3.7,3.53
2297,2.87,2.29,3.57,2.91
29211,3.5,2.88,2.85,3.0767
28549,3.21,2.43,3.88,3.1733
70325,5.0,3.11,3.12,3.7433
70693,4.04,3.02,3.26,3.44
61048,5.0,3.08,3.06,3.7133
39327,5.0,3.3,3.3,3.8667
54414,5.0,3.44,3.05,3.83
17871,3.92,3.16,4.34,3.8067
28277,5.0,3.38,3.06,3.8133
20026,4.86,3.23,3.38,3.8233
20629,4.1,2.84,3.77,3.57
28335,3.17,1.97,3.65,2.93
17675,5.0,3.54,3.19,3.91
11003,5.0,3.44,3.38,3.94
5113,4.64,3.27,3.11,3.6733
4702,4.64,3.41,3.27,3.7733
44083,4.4,3.6,3.03,3.6767
16863,5.0,3.35,3.14,3.83
23870,4.26,3.53,3.98,3.9233
45944,3.89,2.89,4.31,3.6967
33437,5.0,3.55,3.56,4.0367
46367,3.54,2.29,3.99,3.2733
31248,3.54,2.26,3.73,3.1767
28173,4.86,3.43,3.46,3.9167
19458,3.44,2.55,3.48,3.1567
5662,3.5,2.88,2.85,3.0767
6306,5.0,3.27,3.13,3.8
67529,4.4,2.64,3.53,3.5233
47934,3.44,2.27,3.09,2.9333
26386,5.0,3.56,3.86,4.14
21576,5.0,3.44,2.86,3.7667
1478,4.7,3.04,3.25,3.6633
30773,5.0,3.4,3.18,3.86
50483,3.02,2.28,4.74,3.3467
3270,4.7,3.14,3.27,3.7033
67017,3.8,2.03,4.0,3.2767
39486,2.99,2.36,4.11,3.1533
13367,3.15,2.12,3.88,3.05
68193,4.1,2.83,4.68,3.87
11921,4.47,3.44,3.14,3.6833
41233,4.1,3.36,2.9,3.4533
54690,2.75,2.32,4.2,3.09
13349,5.0,3.52,3.09,3.87
17120,4.44,3.2,3.69,3.7767
35543,3.66,2.36,4.32,3.4467
68241,5.0,3.39,3.3,3.8967
15766,2.73,2.16,4.74,3.21
66248,5.0,3.54,3.1,3.88
3610,2.94,2.14,3.86,2.98
22083,5.0,3.29,3.16,3.8167
56639,3.8,2.26,3.31,3.1233
871,2.89,2.3,3.97,3.0533
49125,2.92,2.29,4.15,3.12
51560,4.7,3.31,3.18,3.73
65198,3.02,2.28,3.65,2.9833
5568,3.97,2.84,3.95,3.5867
56303,4.4,3.6,2.88,3.6267
39622,4.74,3.13,3.71,3.86
50667,5.0,2.94,3.49,3.81
33774,3.1,2.4,3.67,3.0567
7902,5.0,3.42,3.26,3.8933
32288,5.0,3.54,3.32,3.9533
63965,5.0,3.41,3.73,4.0467
23317,3.8,2.29,3.93,3.34
57162,3.44,2.44,3.69,3.19
60122,5.0,3.51,3.33,3.9467
5440,4.1,2.84,4.29,3.7433
69660,5.0,3.6,2.89,3.83
71973,3.1,2.13,4.85,3.36
15264,4.7,3.36,4.09,4.05
59944,5.0,3.58,3.55,4.0433
605,4.7,3.25,2.95,3.6333
40900,4.26,3.37,4.45,4.0267
71454,4.25,3.16,4.38,3.93
8040,3.5,2.88,2.85,3.0767
16238,4.86,3.4,3.41,3.89
63638,5.0,3.48,2.94,3.8067
62959,5.0,3.3,2.96,3.7533
56259,3.95,3.1,3.9,3.65
4107,4.4,3.6,2.84,3.6133
16516,2.88,2.29,4.34,3.17
40252,4.17,3.03,3.86,3.6867
30713,3.15,2.31,3.84,3.1
68802,5.0,3.34,3.76,4.0333
52605,5.0,3.32,3.38,3.9
56991,4.26,3.49,3.61,3.7867
6064,5.0,3.31,3.22,3.8433
7141,5.0,3.23,3.27,3.8333
68901,5.0,3.6,3.05,3.8833
2554,3.06,2.06,4.17,3.0967
25007,4.7,3.01,3.05,3.5867
19641,3.8,1.98,3.25,3.01
6663,5.0,3.6,2.91,3.8367
27257,4.4,2.99,3.46,3.6167
34285,5.0,3.6,3.51,4.0367
36110,5.0,3.52,3.9,4.14
22404,4.86,3.39,3.74,3.9967
56319,5.0,3.52,4.1,4.2067
54054,4.44,3.4,4.44,4.0933
32152,3.24,2.37,4.2,3.27
62084,4.4,3.6,2.96,3.6533
31765,5.0,3.33,3.18,3.8367
40110,2.93,2.34,3.55,2.94
42365,5.0,2.9,2.91,3.6033
12001,5.0,3.33,3.18,3.8367
14372,3.96,3.13,3.84,3.6433
41536,3.15,1.91,4.0,3.02
17579,5.0,3.44,3.05,3.83
33514,3.15,2.28,3.96,3.13
41740,3.8,2.62,5.0,3.8067
40603,4.55,3.18,3.62,3.7833
21541,4.4,3.6,2.71,3.57
28931,3.66,2.38,3.71,3.25
60735,4.74,3.37,3.49,3.8667
3333,2.86,2.25,4.05,3.0533
49890,5.0,3.6,3.08,3.8933
4797,4.64,3.33,3.28,3.75
18519,5.0,3.6,3.0,3.8667
43673,5.0,3.08,3.63,3.9033
16896,3.06,2.35,3.75,3.0533
36995,2.79,2.35,4.13,3.09
63972,4.7,3.27,3.11,3.6933
57271,2.79,2.39,4.47,3.2167
66965,3.89,3.14,3.39,3.4733
17195,2.79,2.13,4.85,3.2567
31842,5.0,3.3,3.06,3.7867
46805,4.1,2.77,4.12,3.6633
52958,5.0,3.52,3.21,3.91
1476,5.0,3.28,2.95,3.7433
62306,4.74,3.26,3.94,3.98
8292,3.32,2.82,3.77,3.3033
45298,5.0,3.6,3.43,4.01
40587,5.0,3.59,4.54,4.3767
70639,3.1,2.1,4.14,3.1133
4899,4.34,3.17,3.87,3.7933
37492,5.0,3.34,2.98,3.7733
70460,5.0,3.4,3.86,4.0867
51000,5.0,2.96,3.35,3.77
26317,5.0,3.22,3.25,3.8233
46280,5.0,3.52,3.25,3.9233
20729,4.56,3.28,3.47,3.77
41976,4.55,3.32,4.14,4.0033
35556,3.02,2.24,4.22,3.16
14419,3.35,2.08,3.39,2.94
32826,2.78,2.17,4.05,3.0
23981,3.35,2.24,4.06,3.2167
63727,2.89,2.15,3.63,2.89
5597,5.0,3.2,3.13,3.7767
49016,4.86,3.6,3.7,4.0533
38658,5.0,3.35,3.04,3.7967
68255,4.56,3.23,4.18,3.99
38956,5.0,3.04,3.02,3.6867
47512,2.95,1.85,3.91,2.9033
61999,3.8,2.4,3.13,3.11
32915,3.27,2.58,3.94,3.2633
46073,3.1,2.35,3.64,3.03
55974,3.8,1.89,3.25,2.98
25846,5.0,3.02,3.05,3.69
21688,5.0,3.25,3.08,3.7767
53839,5.0,3.58,3.98,4.1867
54320,3.27,2.37,3.62,3.0867
69859,3.02,2.4,3.83,3.0833
58901,5.0,3.35,3.51,3.9533
571,4.4,3.6,2.72,3.5733
47940,5.0,3.46,2.82,3.76
65233,5.0,3.02,2.88,3.6333
67157,3.35,1.91,3.42,2.8933
17667,4.02,3.31,3.5,3.61
49090,3.15,2.1,4.18,3.1433
49336,3.1,2.22,3.47,2.93
40703,5.0,3.6,3.6,4.0667
31808,5.0,3.46,2.92,3.7933
4674,5.0,3.4,3.18,3.86
16539,5.0,3.55,3.29,3.9467
66635,5.0,3.52,3.2,3.9067
3958,3.06,2.23,4.01,3.1
21900,5.0,3.52,3.09,3.87
30558,5.0,3.51,3.39,3.9667
3700,5.0,3.34,3.55,3.9633
14668,4.4,3.6,2.85,3.6167
49475,2.78,2.14,4.24,3.0533
17316,4.74,3.42,3.45,3.87
55376,5.0,3.26,3.51,3.9233
63744,5.0,3.19,3.4,3.8633
9797,3.66,2.38,3.68,3.24
60955,5.0,3.6,2.94,3.8467
64124,3.66,2.28,3.86,3.2667
35245,5.0,3.1,3.01,3.7033
31933,5.0,3.54,3.43,3.99
8866,4.74,3.6,3.07,3.8033
52663,4.44,3.07,3.66,3.7233
53684,5.0,3.6,3.11,3.9033
14097,5.0,3.31,3.27,3.86
1608,5.0,3.49,3.44,3.9767
24615,3.35,2.03,3.66,3.0133
6394,5.0,3.57,3.46,4.01
19281,3.96,3.08,3.91,3.65
9125,4.74,3.34,3.29,3.79
59895,4.01,3.32,3.71,3.68
52009,4.4,3.28,3.19,3.6233
63444,3.8,2.4,3.99,3.3967
66557,5.0,3.54,3.76,4.1
60040,5.0,3.27,3.18,3.8167
19853,5.0,3.6,3.14,3.9133
53734,3.8,2.58,3.77,3.3833
7116,5.0,3.51,3.08,3.8633
40093,4.35,3.35,4.09,3.93
45204,5.0,3.57,3.63,4.0667
29512,4.74,3.09,3.53,3.7867
35982,5.0,3.25,3.12,3.79
50623,5.0,3.35,3.51,3.9533
70197,4.4,3.6,2.79,3.5967
39704,5.0,3.53,3.23,3.92
23160,4.4,3.6,2.92,3.64
23813,3.8,2.42,3.11,3.11
55055,5.0,3.32,3.27,3.8633
31121,4.4,3.6,2.83,3.61
30021,4.35,3.34,3.96,3.8833
71824,4.7,3.36,3.35,3.8033
6243,3.54,2.34,3.85,3.2433
7059,5.0,3.4,3.89,4.0967
30321,5.0,3.52,3.04,3.8533
38913,2.86,2.17,4.25,3.0933
57493,4.04,2.97,3.99,3.6667
33047,4.86,3.41,3.85,4.04
69140,3.35,2.59,4.25,3.3967
48503,4.74,3.22,3.34,3.7667
1055,4.74,3.3,3.79,3.9433
50372,4.26,2.73,3.99,3.66
43840,4.7,3.13,3.48,3.77
36884,5.0,2.9,2.98,3.6267
18529,4.47,3.51,3.81,3.93
68211,3.66,2.4,4.07,3.3767
14156,5.0,3.13,3.32,3.8167
34646,4.35,3.5,3.72,3.8567
46335,4.4,3.03,3.27,3.5667
13554,5.0,3.54,3.33,3.9567
10050,3.06,2.27,4.16,3.1633
56560,2.89,2.31,3.81,3.0033
47045,2.91,2.25,5.0,3.3867
8413,3.02,2.3,3.97,3.0967
68798,5.0,3.41,3.73,4.0467
17375,5.0,3.23,3.75,3.9933
28928,3.35,2.4,3.8,3.1833
12057,4.7,3.21,2.94,3.6167
25783,5.0,3.54,3.31,3.95
38692,3.66,1.9,3.28,2.9467
56492,5.0,3.28,3.25,3.8433
48966,5.0,3.4,3.18,3.86
36251,3.75,3.01,4.31,3.69
51289,3.8,2.19,3.39,3.1267
31224,3.35,2.36,3.74,3.15
57090,3.21,2.3,4.42,3.31
35493,3.66,2.15,3.3,3.0367
70932,3.44,2.14,3.98,3.1867
35408,3.5,2.88,2.85,3.0767
38940,4.4,3.06,3.26,3.5733
46107,4.71,3.38,3.93,4.0067
24162,3.8,2.11,3.4,3.1033
6873,4.34,2.98,3.67,3.6633
21714,3.54,2.25,3.72,3.17
41494,5.0,3.22,2.93,3.7167
19290,4.37,3.36,3.91,3.88
22704,5.0,3.2,3.01,3.7367
46760,2.92,2.12,4.16,3.0667
35604,5.0,3.39,3.07,3.82
34091,5.0,3.16,3.11,3.7567
37721,4.64,3.28,3.83,3.9167
70799,4.74,3.18,3.52,3.8133
29326,3.27,2.1,3.93,3.1
5435,3.21,2.39,4.32,3.3067
18404,4.14,2.85,3.64,3.5433
9457,3.27,2.09,3.81,3.0567
10773,5.0,3.53,3.16,3.8967
14810,3.1,2.35,4.02,3.1567
52895,3.81,2.84,3.96,3.5367
11039,2.98,2.28,3.8,3.02
1966,5.0,3.2,3.36,3.8533
57714,4.35,3.42,3.89,3.8867
42288,5.0,3.39,3.89,4.0933
6666,5.0,3.49,2.95,3.8133
39040,4.1,3.6,3.07,3.59
19072,5.0,3.4,2.96,3.7867
15654,4.74,3.4,3.81,3.9833
69937,5.0,3.6,3.18,3.9267
66501,3.84,2.72,3.3,3.2867
63179,4.7,3.14,3.52,3.7867
3764,4.7,3.3,3.32,3.7733
40279,4.7,3.11,3.25,3.6867
62094,3.41,3.57,3.27,3.4167
7307,5.0,3.41,3.59,4.0
4989,5.0,3.47,3.04,3.8367
38292,5.0,3.4,3.01,3.8033
8386,4.64,3.21,3.34,3.73
22140,3.15,2.35,4.37,3.29
40181,5.0,3.16,3.27,3.81
43774,2.86,2.19,4.2,3.0833
71259,5.0,3.35,3.04,3.7967
69228,5.0,3.49,3.13,3.8733
64137,3.8,2.64,3.65,3.3633
39901,4.1,2.51,3.41,3.34
35612,4.55,3.38,3.57,3.8333
33751,3.21,2.01,3.22,2.8133
25125,3.8,1.9,3.01,2.9033
22555,4.86,3.43,3.43,3.9067
38228,2.94,2.34,3.47,2.9167
49899,4.34,3.09,3.79,3.74
10500,4.4,2.82,3.44,3.5533
976,3.66,2.6,3.52,3.26
43048,2.89,2.06,4.42,3.1233
58343,3.21,2.13,4.12,3.1533
25882,4.4,3.19,3.54,3.71
57113,5.0,3.35,3.09,3.8133
43269,3.8,2.79,3.09,3.2267
28031,3.15,2.12,4.07,3.1133
37312,3.5,2.88,2.86,3.08
46173,3.06,2.13,5.0,3.3967
48070,3.35,2.55,4.22,3.3733
3451,4.1,3.16,2.84,3.3667
12212,3.15,2.07,4.7,3.3067
12525,5.0,3.46,2.87,3.7767
47570,3.32,2.72,4.06,3.3667
4205,5.0,3.4,2.96,3.7867
56651,3.8,1.76,3.16,2.9067
8180,5.0,3.5,3.25,3.9167
66073,5.0,3.55,3.17,3.9067
48335,5.0,3.6,2.8,3.8
41921,5.0,3.46,3.17,3.8767
71693,3.8,2.4,3.99,3.3967
6706,4.86,3.34,3.71,3.97
19522,4.4,3.0,3.65,3.6833
58295,5.0,3.6,2.97,3.8567
58366,5.0,3.13,3.26,3.7967
44853,4.76,3.31,3.27,3.78
59616,4.4,3.6,3.01,3.67
61474,5.0,3.35,3.52,3.9567
28750,5.0,3.3,3.05,3.7833
4085,5.0,3.1,2.91,3.67
44259,5.0,3.29,2.91,3.7333
15245,4.7,3.3,3.49,3.83
44660,2.93,2.28,3.73,2.98
71645,5.0,3.25,3.28,3.8433
15940,5.0,3.6,3.02,3.8733
26410,5.0,3.17,2.95,3.7067
7412,5.0,3.18,3.76,3.98
51641,3.8,2.36,3.6,3.2533
69944,4.1,2.61,3.44,3.3833
53929,3.8,2.94,2.8,3.18
54269,5.0,3.44,3.1,3.8467
15236,2.91,2.2,4.05,3.0533
55261,5.0,2.99,3.82,3.9367
51839,3.8,1.96,2.98,2.9133
45732,4.64,3.22,3.85,3.9033
62664,5.0,3.58,3.63,4.07
48293,3.44,2.28,4.03,3.25
30839,5.0,3.53,3.57,4.0333
66687,4.4,3.6,2.92,3.64
13508,5.0,3.37,2.94,3.77
33003,4.14,2.65,3.44,3.41
4547,5.0,3.42,3.58,4.0
61447,5.0,3.55,3.49,4.0133
10723,5.0,3.35,3.04,3.7967
41118,5.0,3.48,3.43,3.97
8649,4.7,3.03,3.03,3.5867
43986,4.7,3.22,3.17,3.6967
41140,3.8,2.19,3.39,3.1267
47927,5.0,3.6,3.09,3.8967
58520,4.86,3.38,3.84,4.0267
3224,4.41,3.56,3.71,3.8933
37978,5.0,3.06,3.05,3.7033
33604,5.0,3.51,3.23,3.9133
62671,5.0,3.46,3.48,3.98
29706,2.91,2.29,4.39,3.1967
2937,5.0,3.38,3.72,4.0333
21300,5.0,3.22,2.93,3.7167
12328,5.0,3.3,3.31,3.87
56032,5.0,3.57,3.46,4.01
49431,4.55,3.43,3.62,3.8667
59542,3.02,2.05,3.91,2.9933
30292,4.64,3.56,4.49,4.23
58092,4.4,3.6,2.72,3.5733
61852,5.0,3.5,3.2,3.9
47293,4.74,2.99,3.41,3.7133
27473,4.7,3.24,3.42,3.7867
14093,4.74,3.33,3.44,3.8367
51550,5.0,3.4,3.18,3.86
41390,5.0,3.58,4.22,4.2667
48181,5.0,3.16,3.27,3.81
21428,2.75,2.34,3.68,2.9233
47859,5.0,3.11,3.09,3.7333
8518,3.21,2.22,4.25,3.2267
53418,4.7,3.3,3.82,3.94
2953,5.0,3.13,3.27,3.8
69656,5.0,3.42,3.32,3.9133
58770,5.0,3.5,3.56,4.02
7982,3.5,2.88,2.85,3.0767
11816,4.86,3.41,3.44,3.9033
29226,4.4,3.5,3.22,3.7067
42163,3.21,2.12,3.68,3.0033
15508,5.0,3.46,3.59,4.0167
18486,3.06,1.85,3.76,2.89
43525,5.0,3.51,3.44,3.9833
15146,4.7,2.86,3.12,3.56
61770,4.4,3.6,2.77,3.59
28633,3.66,2.37,3.28,3.1033
26848,4.86,3.24,3.32,3.8067
18858,2.99,2.27,3.46,2.9067
50636,2.88,2.18,4.4,3.1533
28851,3.41,2.2,3.94,3.1833
28451,5.0,3.6,2.95,3.85
27192,4.86,3.6,3.82,4.0933
1094,5.0,3.55,3.04,3.8633
67973,5.0,3.44,2.99,3.81
9771,4.1,2.27,3.08,3.15
49839,3.95,3.01,4.23,3.73
21791,3.44,2.22,3.86,3.1733
49067,3.27,2.37,3.56,3.0667
58875,5.0,3.08,3.95,4.01
69294,5.0,3.25,2.94,3.73
53624,5.0,3.42,2.8,3.74
39674,3.27,2.02,3.19,2.8267
34682,5.0,2.86,3.73,3.8633
63304,5.0,3.13,3.26,3.7967
2185,5.0,3.6,3.34,3.98
27522,4.7,3.3,3.45,3.8167
61696,3.8,2.23,3.64,3.2233
56399,5.0,3.35,3.35,3.9
6628,4.35,3.35,3.79,3.83
42174,5.0,3.6,3.42,4.0067
22216,5.0,3.38,3.22,3.8667
62743,5.0,3.16,3.27,3.81
44911,2.76,2.18,4.62,3.1867
12183,4.74,3.31,3.37,3.8067
32957,5.0,3.53,3.59,4.04
15622,4.86,3.19,3.35,3.8
19725,4.11,3.47,3.78,3.7867
49303,5.0,3.53,3.54,4.0233
64251,2.99,2.31,4.32,3.2067
20423,3.8,2.13,3.69,3.2067
42914,5.0,3.55,3.28,3.9433
59760,5.0,3.55,3.57,4.04
37460,5.0,3.16,3.11,3.7567
70007,3.35,2.27,3.55,3.0567
35516,3.21,2.35,4.63,3.3967
25965,3.66,2.16,3.47,3.0967
70813,3.15,2.01,3.36,2.84
39255,5.0,3.06,2.9,3.6533
58023,5.0,3.57,3.53,4.0333
52099,4.55,3.46,3.73,3.9133
21289,2.82,2.38,4.11,3.1033
24140,4.04,3.07,3.83,3.6467
48158,3.15,2.02,3.35,2.84
58554,4.74,3.53,3.13,3.8
33115,2.91,2.3,5.0,3.4033
13628,5.0,3.42,3.15,3.8567
68124,5.0,3.4,3.18,3.86
27719,4.71,3.55,3.15,3.8033
59928,4.47,3.4,3.9,3.9233
64102,3.1,2.53,4.03,3.22
69951,4.19,3.27,4.14,3.8667
13492,3.5,2.88,2.85,3.0767
21306,5.0,3.46,3.16,3.8733
40781,5.0,3.5,3.68,4.06
36542,5.0,3.13,3.13,3.7533
41590,4.05,3.19,4.03,3.7567
3012,5.0,3.49,3.23,3.9067
69269,4.1,3.36,3.1,3.52
59339,5.0,3.15,3.14,3.7633
59741,3.06,2.12,4.08,3.0867
45283,4.8,3.18,3.12,3.7
25678,4.8,3.53,4.07,4.1333
35300,5.0,3.52,3.36,3.96
55212,5.0,3.6,3.0,3.8667
56694,5.0,3.49,3.85,4.1133
35988,3.54,1.95,3.28,2.9233
69073,2.77,2.1,4.3,3.0567
27607,3.35,2.22,3.69,3.0867
66227,2.82,2.29,3.95,3.02
45131,2.99,2.15,4.53,3.2233
65479,4.4,3.49,2.95,3.6133
10789,4.1,3.36,2.9,3.4533
29345,3.8,2.4,3.19,3.13
62611,5.0,3.6,2.97,3.8567
68210,3.54,2.2,3.97,3.2367
35434,5.0,3.41,3.53,3.98
7807,4.4,3.6,2.79,3.5967
31067,3.44,2.32,4.55,3.4367
4512,5.0,3.49,3.58,4.0233
55174,5.0,3.21,3.05,3.7533
7644,4.47,3.5,3.93,3.9667
16521,4.86,3.49,3.07,3.8067
45206,5.0,3.35,3.35,3.9
5209,3.57,2.51,3.36,3.1467
33659,3.8,2.4,3.63,3.2767
38704,4.4,3.6,2.81,3.6033
50311,5.0,3.13,2.94,3.69
53115,5.0,3.42,3.21,3.8767
28273,4.86,3.57,3.37,3.9333
32457,4.25,2.98,3.95,3.7267
2813,4.1,3.16,2.84,3.3667
27888,3.21,2.19,3.45,2.95
62957,4.4,3.02,3.51,3.6433
16577,2.86,2.35,4.53,3.2467
27095,3.15,2.07,3.5,2.9067
53259,4.3,3.1,3.44,3.6133
6789,4.4,3.44,2.96,3.6
36054,3.21,2.34,3.67,3.0733
40596,4.4,3.6,3.1,3.7
61096,2.94,2.04,4.42,3.1333
54677,5.0,3.47,3.08,3.85
59520,5.0,3.58,3.9,4.16
26196,5.0,3.18,3.23,3.8033
67153,5.0,3.52,3.04,3.8533
54461,5.0,3.22,3.14,3.7867
4888,5.0,3.51,3.95,4.1533
68101,5.0,3.27,3.09,3.7867
23116,4.26,3.51,3.24,3.67
4444,5.0,3.54,3.73,4.09
32602,2.92,2.18,4.56,3.22
54823,2.78,2.38,4.47,3.21
714,2.89,2.36,4.39,3.2133
70674,3.27,2.24,4.09,3.2
30887,3.57,2.4,4.01,3.3267
46260,3.02,2.28,3.77,3.0233
10710,4.4,3.6,2.79,3.5967
919,2.81,2.29,4.65,3.25
70090,5.0,3.2,3.01,3.7367
64909,5.0,3.44,3.45,3.9633
9537,3.11,2.29,4.44,3.28
69684,3.51,2.55,4.31,3.4567
6621,4.4,3.6,3.28,3.76
16541,5.0,3.28,3.58,3.9533
44783,5.0,3.13,3.05,3.7267
16978,5.0,3.49,2.95,3.8133
8293,5.0,2.9,2.87,3.59
3963,4.11,2.85,3.7,3.5533
33518,2.81,2.29,4.08,3.06
8346,4.74,3.01,3.45,3.7333
57974,3.5,2.88,2.85,3.0767
28995,4.55,3.33,3.94,3.94
26837,4.1,2.7,3.39,3.3967
23002,4.74,3.12,3.23,3.6967
12247,4.4,3.6,2.77,3.59
11570,2.71,2.32,5.0,3.3433
50885,2.99,2.22,3.88,3.03
68146,4.14,2.87,3.62,3.5433
9545,4.7,3.1,3.45,3.75
49212,3.02,2.26,3.3,2.86
53436,4.26,3.57,3.92,3.9167
24561,5.0,3.22,3.14,3.7867
49541,3.44,2.32,4.08,3.28
70025,5.0,3.33,3.28,3.87
18157,4.4,3.6,2.88,3.6267
68956,4.3,3.41,3.44,3.7167
18031,4.7,3.21,3.41,3.7733
69838,5.0,3.53,3.73,4.0867
49904,4.74,3.22,3.81,3.9233
1868,4.41,3.33,3.49,3.7433
35054,5.0,3.54,3.01,3.85
53422,4.64,3.48,3.65,3.9233
71830,5.0,3.25,3.93,4.06
52866,3.96,2.8,3.42,3.3933
47439,5.0,3.4,3.18,3.86
6301,4.64,3.34,3.54,3.84
22493,5.0,3.19,3.27,3.82
17443,3.54,2.21,3.73,3.16
56077,3.95,2.75,3.41,3.37
22461,3.17,2.31,3.5,2.9933
26928,3.8,2.4,3.99,3.3967
29702,2.76,2.08,4.46,3.1
40978,3.66,2.31,4.49,3.4867
53704,4.1,3.29,3.27,3.5533
15070,5.0,3.53,3.07,3.8667
52175,5.0,3.6,2.94,3.8467
71330,3.51,2.6,4.09,3.4
28533,4.47,3.5,4.12,4.03
60836,3.44,2.29,4.27,3.3333
38375,4.86,3.33,3.6,3.93
5586,4.34,3.03,3.22,3.53
914,2.99,2.18,3.96,3.0433
60867,5.0,3.6,2.84,3.8133
60881,4.4,3.0,3.52,3.64
31667,5.0,3.4,3.08,3.8267
71020,5.0,3.46,3.17,3.8767
72012,5.0,3.52,3.15,3.89
70399,4.7,2.91,3.31,3.64
14955,3.27,2.29,4.19,3.25
28599,4.74,3.54,3.53,3.9367
61351,3.66,3.02,3.78,3.4867
14154,4.3,3.35,3.95,3.8667
35494,3.66,2.36,4.08,3.3667
35890,2.75,2.36,4.74,3.2833
32307,4.4,2.97,4.03,3.8
14001,3.8,1.98,3.25,3.01
27273,2.86,1.95,3.99,2.9333
63634,5.0,3.23,3.27,3.8333
27735,5.0,3.35,3.36,3.9033
2202,3.44,2.38,4.68,3.5
39280,5.0,3.36,3.15,3.8367
14633,3.5,2.88,2.85,3.0767
70418,3.27,1.79,3.57,2.8767
69833,5.0,3.22,3.25,3.8233
50300,5.0,3.44,3.14,3.86
36146,4.14,3.24,4.07,3.8167
22051,3.54,2.4,3.7,3.2133
52719,4.7,3.36,3.09,3.7167
42675,5.0,3.5,2.96,3.82
17298,4.4,3.6,2.78,3.5933
19652,5.0,3.02,3.21,3.7433
45825,5.0,3.25,3.25,3.8333
60796,5.0,3.55,3.08,3.8767
38664,4.31,2.96,3.9,3.7233
24661,4.64,3.6,3.62,3.9533
67428,4.64,3.12,3.43,3.73
8003,3.21,2.3,3.91,3.14
17142,3.66,2.54,3.51,3.2367
3936,2.81,2.32,4.36,3.1633
57341,4.86,3.6,3.47,3.9767
27347,5.0,3.27,3.48,3.9167
70778,3.1,2.35,4.26,3.2367
12298,3.15,2.34,3.56,3.0167
14883,4.1,3.18,2.9,3.3933
14727,5.0,3.22,2.93,3.7167
47769,3.8,2.19,3.39,3.1267
58127,5.0,3.46,3.82,4.0933
7199,2.91,2.25,4.3,3.1533
6136,4.4,3.6,2.79,3.5967
39625,5.0,3.49,2.95,3.8133
1123,2.89,2.29,4.79,3.3233
4302,2.94,2.23,4.2,3.1233
19999,3.2,2.11,3.11,2.8067
53163,4.44,3.28,3.81,3.8433
52289,5.0,3.44,3.09,3.8433
10051,5.0,3.13,3.26,3.7967
12523,5.0,3.6,2.78,3.7933
54015,5.0,3.37,3.0,3.79
36010,4.86,3.37,3.54,3.9233
27848,4.4,3.6,2.82,3.6067
20233,5.0,3.33,3.39,3.9067
56354,4.4,3.46,2.97,3.61
32121,4.26,2.84,3.32,3.4733
36065,5.0,3.37,3.75,4.04
47967,3.1,2.17,5.0,3.4233
10220,3.44,2.32,3.62,3.1267
7287,2.99,2.12,3.76,2.9567
56813,2.78,2.39,4.35,3.1733
777,4.11,3.31,3.54,3.6533
42582,5.0,3.16,3.03,3.73
41710,5.0,3.38,3.78,4.0533
9286,4.74,3.42,3.57,3.91
36864,4.4,3.6,2.97,3.6567
58140,4.74,3.54,3.83,4.0367
61601,3.35,2.18,3.77,3.1
63600,2.63,1.85,3.77,2.75
61873,2.97,2.17,3.71,2.95
14706,4.4,3.6,2.72,3.5733
69354,4.86,2.97,2.96,3.5967
70927,5.0,3.5,3.01,3.8367
10198,3.8,2.42,3.93,3.3833
35595,2.6,2.34,4.62,3.1867
55627,3.02,2.4,4.55,3.3233
6400,4.14,3.04,3.88,3.6867
66181,2.99,2.24,4.64,3.29
41958,3.35,2.31,3.85,3.17
18119,5.0,3.53,3.28,3.9367
72183,3.8,2.17,3.82,3.2633
45495,2.99,2.08,3.96,3.01
33998,4.4,2.96,3.09,3.4833
32356,4.4,3.6,2.96,3.6533
55080,3.74,2.62,3.76,3.3733
70651,5.0,3.46,3.23,3.8967
36655,4.19,3.32,3.85,3.7867
13686,5.0,2.82,2.81,3.5433
51754,4.7,2.92,3.34,3.6533
52816,2.94,2.26,3.68,2.96
16087,3.41,2.14,3.97,3.1733
34400,5.0,3.44,3.05,3.83
68948,4.08,3.19,3.67,3.6467
32788,5.0,3.54,3.25,3.93
15381,5.0,3.47,2.98,3.8167
40496,4.4,3.6,3.14,3.7133
60248,4.7,3.08,3.33,3.7033
60640,3.35,2.29,4.12,3.2533
29415,4.4,3.34,3.08,3.6067
52859,4.1,3.36,2.9,3.4533
23643,3.44,2.25,4.12,3.27
67167,4.04,2.88,4.07,3.6633
46701,4.4,3.12,4.25,3.9233
12642,5.0,3.56,3.94,4.1667
35577,5.0,3.28,3.65,3.9767
68008,2.77,2.28,4.39,3.1467
22878,5.0,3.55,3.29,3.9467
29971,5.0,3.31,3.56,3.9567
56091,5.0,3.39,3.12,3.8367
3599,4.4,2.89,3.05,3.4467
7591,3.96,3.23,4.58,3.9233
51634,5.0,3.51,3.43,3.98
55600,2.8,2.32,3.51,2.8767
66184,3.35,2.37,4.05,3.2567
42276,3.15,2.09,4.27,3.17
15666,3.1,2.19,3.63,2.9733
51785,5.0,3.33,3.33,3.8867
39122,5.0,3.4,3.12,3.84
66140,5.0,3.54,3.72,4.0867
66614,5.0,3.34,2.98,3.7733
70846,3.21,2.29,4.11,3.2033
12369,5.0,3.25,3.05,3.7667
23003,4.1,3.16,2.84,3.3667
11670,3.06,2.33,4.68,3.3567
57613,4.86,3.55,3.23,3.88
49137,4.86,3.43,3.99,4.0933
25998,5.0,3.24,3.58,3.94
4249,5.0,3.17,3.54,3.9033
35900,5.0,3.53,3.02,3.85
14222,5.0,3.6,3.03,3.8767
62325,4.4,2.93,3.31,3.5467
45820,4.74,3.31,3.67,3.9067
52532,5.0,3.23,3.27,3.8333
30537,4.55,3.6,3.32,3.8233
43140,2.7,2.02,3.56,2.76
4538,5.0,3.5,3.45,3.9833
7925,3.35,2.16,3.69,3.0667
39851,5.0,3.46,2.87,3.7767
11081,5.0,3.49,3.05,3.8467
12455,4.4,3.39,3.23,3.6733
32735,4.34,3.31,3.13,3.5933
13746,4.1,2.86,4.02,3.66
32621,5.0,3.55,3.37,3.9733
62024,4.7,3.34,4.58,4.2067
57694,2.84,2.19,4.64,3.2233
67730,4.4,3.6,2.79,3.5967
36983,3.8,2.6,4.04,3.48
17905,5.0,3.01,3.22,3.7433
24197,5.0,3.53,3.29,3.94
69913,5.0,3.47,3.4,3.9567
53222,3.5,2.88,2.85,3.0767
54185,3.41,3.03,4.63,3.69
44646,4.86,3.22,3.46,3.8467
40417,5.0,3.53,3.03,3.8533
54845,4.83,3.07,3.5,3.8
69987,2.92,2.19,4.57,3.2267
20002,3.8,2.64,3.25,3.23
59010,2.79,2.33,4.19,3.1033
48275,5.0,3.41,3.25,3.8867
2562,5.0,3.36,3.26,3.8733
14830,5.0,3.32,2.92,3.7467
12445,5.0,3.4,3.73,4.0433
58651,3.66,2.36,4.4,3.4733
1946,3.66,1.85,3.15,2.8867
42458,3.54,2.34,4.18,3.3533
53221,5.0,3.16,3.03,3.73
11261,4.4,2.96,3.73,3.6967
41262,5.0,3.38,3.22,3.8667
50816,5.0,3.54,3.31,3.95
13047,2.97,2.25,4.34,3.1867
26255,5.0,3.28,3.35,3.8767
56430,4.7,3.18,3.61,3.83
52918,2.84,2.15,4.84,3.2767
18717,5.0,2.83,3.28,3.7033
10952,4.64,3.11,3.26,3.67
21637,3.5,2.88,2.85,3.0767
51778,3.8,2.37,3.54,3.2367
13318,5.0,3.59,3.97,4.1867
30504,4.1,2.69,3.69,3.4933
64183,4.55,3.47,3.74,3.92
7208,3.8,2.29,4.06,3.3833
16518,5.0,3.5,3.24,3.9133
40288,2.94,2.31,4.19,3.1467
50357,5.0,3.4,3.45,3.95
21528,4.12,3.32,3.62,3.6867
49020,5.0,3.5,3.06,3.8533
14280,3.06,2.27,3.72,3.0167
63987,5.0,3.38,3.49,3.9567
63967,4.12,3.37,4.04,3.8433
17147,3.8,2.33,4.3,3.4767
17654,5.0,3.21,3.26,3.8233
42986,3.54,2.18,4.11,3.2767
4927,4.41,3.11,3.52,3.68
62730,3.35,2.34,3.86,3.1833
50626,5.0,3.32,2.97,3.7633
2480,4.0,3.51,3.89,3.8
7301,5.0,3.57,4.06,4.21
63086,4.4,3.12,3.09,3.5367
23615,3.15,2.23,4.3,3.2267
38325,5.0,3.48,3.38,3.9533
326,5.0,3.23,3.27,3.8333
63556,5.0,3.18,3.07,3.75
58804,4.64,3.55,3.39,3.86
68585,4.1,2.75,3.55,3.4667
36738,2.95,2.29,4.82,3.3533
31724,3.5,2.88,2.85,3.0767
18093,4.11,3.29,4.54,3.98
55262,4.74,3.38,3.67,3.93
48048,3.66,1.94,3.79,3.13
46156,5.0,3.32,3.07,3.7967
19182,5.0,3.44,3.0,3.8133
31515,2.76,2.38,4.43,3.19
7969,4.47,3.52,3.77,3.92
24299,5.0,3.56,3.26,3.94
60488,5.0,3.23,3.27,3.8333
13034,2.87,2.24,4.27,3.1267
49145,4.4,3.08,3.84,3.7733
21717,3.96,2.76,3.54,3.42
3249,5.0,3.6,2.94,3.8467
14236,3.66,2.33,4.14,3.3767
6841,4.61,3.55,3.65,3.9367
28350,4.55,3.54,4.79,4.2933
19439,4.4,3.6,2.79,3.5967
60070,5.0,3.44,3.56,4.0
37595,3.35,1.98,3.5,2.9433
21336,5.0,3.51,2.97,3.8267
56116,3.27,2.11,3.62,3.0
34691,5.0,3.5,2.96,3.82
46630,5.0,3.16,3.22,3.7933
69368,4.64,3.58,3.78,4.0
39164,3.35,2.48,3.38,3.07
26314,4.55,3.28,4.01,3.9467
48460,4.4,3.44,2.91,3.5833
12723,4.47,3.13,3.49,3.6967
68345,4.76,3.55,3.29,3.8667
16682,4.37,3.14,3.61,3.7067
62221,2.84,2.16,4.09,3.03
8427,5.0,3.42,3.58,4.0
50428,5.0,3.44,2.91,3.7833
35065,3.8,2.29,3.61,3.2333
61385,5.0,3.45,3.06,3.8367
9476,5.0,3.13,3.26,3.7967
11034,5.0,3.44,3.28,3.9067
42310,5.0,3.44,3.09,3.8433
15398,5.0,3.47,4.17,4.2133
10409,4.74,3.47,4.29,4.1667
66964,3.15,2.06,3.16,2.79
22118,4.7,3.24,3.21,3.7167
15983,2.84,2.07,3.58,2.83
56760,5.0,3.51,3.79,4.1
8989,5.0,3.27,3.36,3.8767
71752,5.0,3.54,3.05,3.8633
2902,5.0,3.32,2.97,3.7633
37661,5.0,3.45,3.11,3.8533
55937,5.0,3.6,2.81,3.8033
63271,5.0,3.48,3.16,3.88
62295,5.0,3.11,3.2,3.77
61034,4.7,2.98,3.28,3.6533
70910,3.6,2.64,3.7,3.3133
55869,2.84,1.97,3.96,2.9233
18490,4.4,3.6,2.96,3.6533
23842,5.0,3.35,3.09,3.8133
19600,5.0,3.5,3.45,3.9833
52256,4.64,3.51,3.82,3.99
28167,4.19,3.35,3.83,3.79
44644,3.66,2.55,4.61,3.6067
39923,4.1,2.88,3.26,3.4133
3740,3.27,2.25,3.93,3.15
67398,5.0,3.6,2.81,3.8033
21788,5.0,3.6,2.98,3.86
50315,2.86,2.13,4.25,3.08
5580,5.0,3.47,3.13,3.8667
12509,4.86,3.42,3.75,4.01
49348,4.4,3.28,3.34,3.6733
22152,3.8,2.31,3.99,3.3667
57458,4.1,2.86,4.31,3.7567
43152,3.21,2.38,3.93,3.1733
71126,5.0,3.38,3.28,3.8867
66301,5.0,3.5,3.29,3.93
51421,4.4,3.6,2.79,3.5967
64584,3.54,2.3,3.42,3.0867
617,3.21,2.29,4.9,3.4667
3011,3.35,2.22,3.5,3.0233
33284,3.8,1.89,3.25,2.98
71696,5.0,3.4,3.18,3.86
10274,5.0,3.33,3.08,3.8033
46904,4.74,3.47,3.87,4.0267
25815,5.0,3.41,3.62,4.01
22931,5.0,3.52,4.01,4.1767
17861,5.0,3.25,2.93,3.7267
45117,5.0,3.29,3.26,3.85
16407,5.0,3.43,3.6,4.01
50851,5.0,3.53,3.12,3.8833
34191,5.0,3.6,2.99,3.8633
60293,5.0,3.55,3.08,3.8767
45765,3.44,2.52,4.01,3.3233
43646,5.0,3.29,3.16,3.8167
24722,4.7,3.24,3.59,3.8433
40795,4.4,3.6,2.95,3.65
69729,5.0,2.95,3.0,3.65
66005,3.66,2.27,3.93,3.2867
53634,4.34,3.27,3.69,3.7667
2397,3.81,2.82,4.17,3.6
28535,4.7,3.1,3.08,3.6267
6829,2.88,2.29,4.0,3.0567
23041,4.74,3.34,3.65,3.91
17565,5.0,3.57,3.31,3.96
6257,4.4,3.08,3.32,3.6
65494,5.0,3.53,3.81,4.1133
55360,3.35,2.15,3.73,3.0767
41467,5.0,3.44,3.04,3.8267
7256,3.8,2.18,3.24,3.0733
2191,2.63,2.33,3.56,2.84
20774,4.34,3.19,3.53,3.6867
54354,5.0,3.35,2.99,3.78
12875,5.0,3.25,3.28,3.8433
13609,5.0,3.34,3.45,3.93
52632,2.76,2.22,4.37,3.1167
3433,3.27,1.79,3.15,2.7367
7456,5.0,3.23,3.16,3.7967
24062,5.0,3.44,2.99,3.81
7862,5.0,3.21,3.05,3.7533
26805,5.0,3.51,3.27,3.9267
32409,5.0,3.6,2.97,3.8567
50697,5.0,3.48,2.94,3.8067
63128,4.4,3.6,2.79,3.5967
60123,4.56,3.02,3.56,3.7133
40102,4.44,3.22,3.44,3.7
12888,3.62,2.83,3.75,3.4
17014,3.41,2.34,3.83,3.1933
58972,2.81,2.33,3.45,2.8633
13488,5.0,3.41,3.13,3.8467
45618,3.15,2.37,4.76,3.4267
9154,4.41,3.33,3.69,3.81
66224,3.66,2.1,3.59,3.1167
61880,3.27,2.3,4.26,3.2767
11925,3.8,2.38,3.39,3.19
42189,4.1,3.36,2.9,3.4533
44133,4.4,3.6,2.78,3.5933
70577,5.0,3.5,3.06,3.8533
9664,3.15,2.27,3.61,3.01
25787,3.66,2.19,3.61,3.1533
7172,2.34,2.19,3.42,2.65
39556,3.8,2.14,3.98,3.3067
49121,5.0,3.41,3.09,3.8333
48301,5.0,3.51,3.19,3.9
31848,5.0,3.18,2.87,3.6833
3786,5.0,3.47,3.34,3.9367
23354,4.4,3.6,2.72,3.5733
59398,5.0,3.53,3.23,3.92
54773,3.54,2.36,3.82,3.24
31830,4.26,2.98,3.59,3.61
2540,5.0,3.6,3.02,3.8733
70050,3.8,1.82,3.21,2.9433
1740,2.93,2.29,3.59,2.9367
69227,3.65,2.46,3.42,3.1767
25257,3.87,2.9,3.89,3.5533
16564,4.4,3.04,3.05,3.4967
25904,4.1,2.69,3.62,3.47
58795,2.94,2.19,4.38,3.17
3744,5.0,3.6,2.94,3.8467
23428,5.0,3.25,3.51,3.92
35028,3.54,2.58,4.21,3.4433
24805,5.0,3.6,2.89,3.83
71818,4.7,3.36,3.27,3.7767
41249,3.44,2.25,4.65,3.4467
48658,2.82,2.37,4.06,3.0833
42137,5.0,3.28,3.19,3.8233
13629,5.0,3.42,3.15,3.8567
38988,5.0,3.6,2.94,3.8467
19717,4.4,3.6,2.77,3.59
24522,5.0,3.55,3.75,4.1
50237,5.0,3.47,3.04,3.8367
40217,4.7,3.13,3.49,3.7733
22029,3.95,2.79,3.54,3.4267
35803,5.0,3.4,3.78,4.06
34904,3.15,2.28,4.07,3.1667
19109,5.0,3.6,2.8,3.8
4038,3.81,2.44,3.99,3.4133
5762,3.8,2.36,3.51,3.2233
23070,4.64,3.54,4.1,4.0933
51739,5.0,3.47,3.51,3.9933
33978,4.4,2.85,3.65,3.6333
28084,5.0,3.48,3.7,4.06
23590,2.85,2.19,4.34,3.1267
32511,4.1,2.73,3.16,3.33
18508,5.0,3.28,3.28,3.8533
9843,3.44,2.19,4.28,3.3033
55859,2.88,1.97,3.9,2.9167
69115,4.1,3.13,2.78,3.3367
13979,4.4,3.4,3.01,3.6033
28829,5.0,3.46,4.4,4.2867
19114,5.0,3.6,3.02,3.8733
17462,3.27,2.11,3.37,2.9167
40892,4.4,2.84,3.63,3.6233
4043,3.8,2.19,3.39,3.1267
37807,4.7,3.36,2.9,3.6533
71966,5.0,3.38,2.9,3.76
60240,3.95,2.82,3.62,3.4633
70123,4.4,3.47,2.93,3.6
24757,5.0,3.57,3.35,3.9733
2974,5.0,3.16,3.06,3.74
49827,5.0,3.3,3.81,4.0367
20587,4.0,3.24,3.91,3.7167
6213,4.17,3.58,4.22,3.99
62442,4.4,3.6,2.72,3.5733
52127,4.1,2.58,3.26,3.3133
50375,5.0,3.43,3.12,3.85
21483,2.84,2.26,3.52,2.8733
4818,3.15,2.37,4.68,3.4
4659,2.71,2.32,5.0,3.3433
25379,3.95,3.12,3.24,3.4367
15788,5.0,3.42,3.36,3.9267
37380,5.0,3.06,3.31,3.79
44554,5.0,3.23,3.02,3.75
42489,4.4,3.58,3.74,3.9067
24539,4.01,3.49,4.34,3.9467
49054,5.0,3.43,3.22,3.8833
41410,4.7,3.09,3.23,3.6733
40695,4.14,3.26,4.1,3.8333
28732,4.0,3.51,3.13,3.5467
10960,3.54,2.33,3.89,3.2533
58281,4.4,3.6,2.72,3.5733
38445,3.84,2.68,3.96,3.4933
58697,5.0,3.13,3.26,3.7967
265,4.4,3.1,3.66,3.72
26581,3.02,2.17,3.73,2.9733
7152,5.0,3.07,3.21,3.76
38854,4.4,3.46,2.97,3.61
48281,4.7,3.21,3.41,3.7733
24922,5.0,3.35,2.88,3.7433
7629,3.15,2.61,3.9,3.22
20003,4.4,3.6,2.79,3.5967
67295,5.0,3.25,3.32,3.8567
10303,3.92,3.25,3.67,3.6133
37763,5.0,3.46,3.17,3.8767
12944,4.7,3.19,3.93,3.94
12686,3.1,2.29,3.75,3.0467
41228,2.84,2.23,4.47,3.18
58499,5.0,3.5,2.96,3.82
60784,5.0,3.17,3.05,3.74
71474,3.21,2.19,3.45,2.95
12222,3.57,2.51,3.05,3.0433
65399,5.0,3.5,2.96,3.82
9547,5.0,3.6,2.94,3.8467
66450,3.54,2.34,3.93,3.27
41779,4.1,3.36,3.23,3.5633
63437,2.8,2.05,5.0,3.2833
62658,5.0,3.55,3.28,3.9433
56138,3.15,2.3,4.21,3.22
67627,3.15,2.23,4.21,3.1967
16560,4.26,2.88,3.7,3.6133
70551,5.0,3.5,2.96,3.82
42875,5.0,3.16,3.19,3.7833
26118,5.0,3.55,3.75,4.1
15542,5.0,3.48,3.32,3.9333
46952,5.0,3.52,3.25,3.9233
59781,3.44,2.16,3.6,3.0667
10827,5.0,3.23,3.27,3.8333
55916,3.1,2.2,3.15,2.8167
58395,4.74,3.15,3.5,3.7967
3705,4.7,3.33,3.86,3.9633
24639,5.0,3.6,3.0,3.8667
65723,4.7,3.27,3.12,3.6967
33966,5.0,3.13,3.26,3.7967
29777,3.15,2.29,4.02,3.1533
26030,4.17,3.49,3.4,3.6867
68227,4.7,3.22,4.58,4.1667
16091,3.66,2.6,3.6,3.2867
11052,4.7,3.32,3.66,3.8933
41813,5.0,3.56,3.27,3.9433
68672,5.0,3.29,2.86,3.7167
30349,4.34,2.97,3.82,3.71
67461,5.0,3.56,3.36,3.9733
56556,4.1,2.57,4.05,3.5733
40473,4.05,3.28,3.64,3.6567
47711,4.4,3.6,2.78,3.5933
59412,5.0,3.48,3.05,3.8433
48560,4.4,3.46,3.03,3.63
11612,5.0,3.56,3.24,3.9333
40208,5.0,3.38,3.11,3.83
68908,3.35,2.34,3.6,3.0967
60987,5.0,3.42,3.32,3.9133
19261,5.0,3.56,3.2,3.92
56546,4.7,3.24,3.21,3.7167
36973,4.44,3.37,3.38,3.73
22503,3.02,1.99,3.78,2.93
62150,5.0,3.47,3.25,3.9067
3472,5.0,3.55,3.44,3.9967
51397,5.0,3.08,3.14,3.74
40800,5.0,3.29,3.45,3.9133
8352,3.02,2.56,3.67,3.0833
51820,3.41,2.22,3.99,3.2067
10082,3.8,2.61,3.74,3.3833
51429,3.2,3.46,3.47,3.3767
14745,5.0,3.35,2.93,3.76
68529,2.89,2.19,4.22,3.1
66789,3.8,2.36,3.69,3.2833
32322,4.7,3.3,3.38,3.7933
8809,4.7,3.2,3.49,3.7967
12160,3.8,2.19,3.39,3.1267
29824,3.02,2.08,4.24,3.1133
38304,5.0,3.41,3.25,3.8867
5977,4.86,3.42,3.35,3.8767
2809,5.0,3.28,3.42,3.9
56226,3.95,2.76,3.41,3.3733
50432,2.87,2.23,3.84,2.98
45939,5.0,3.23,3.27,3.8333
70596,4.1,2.77,3.55,3.4733
62437,5.0,3.34,3.03,3.79
23911,4.64,3.37,4.33,4.1133
6202,3.17,2.02,4.27,3.1533
55298,5.0,3.57,3.69,4.0867
15410,5.0,3.22,3.3,3.84
50976,3.02,1.92,4.39,3.11
32500,5.0,3.42,3.27,3.8967
5867,4.7,3.36,3.19,3.75
13657,4.74,3.51,2.98,3.7433
71869,4.64,2.98,3.05,3.5567
5464,5.0,3.37,3.21,3.86
34318,4.1,3.2,3.35,3.55
13430,5.0,3.42,3.39,3.9367
17453,4.86,3.54,4.29,4.23
35502,3.44,2.31,3.34,3.03
34415,4.34,3.1,3.5,3.6467
40881,4.47,3.08,4.02,3.8567
50868,3.8,1.72,3.21,2.91
12733,4.86,3.49,3.18,3.8433
34414,2.92,2.34,4.08,3.1133
34479,4.7,3.01,3.05,3.5867
67419,5.0,3.17,2.9,3.69
52882,3.35,2.26,3.52,3.0433
46970,3.1,2.31,4.66,3.3567
56650,5.0,3.43,3.62,4.0167
69232,3.5,2.88,2.85,3.0767
4710,3.51,3.53,3.73,3.59
56939,3.66,2.26,3.9,3.2733
6808,3.66,1.97,3.1,2.91
2375,4.34,2.93,3.85,3.7067
66528,3.35,2.27,4.74,3.4533
32454,5.0,3.43,3.48,3.97
69957,5.0,3.42,3.31,3.91
4576,3.15,2.28,4.19,3.2067
17618,5.0,3.23,3.27,3.8333
52933,5.0,3.21,3.26,3.8233
41731,3.02,2.32,4.86,3.4
6530,4.35,3.54,3.89,3.9267
59731,4.64,3.46,3.44,3.8467
48326,3.66,2.18,3.39,3.0767
66506,5.0,3.41,3.09,3.8333
24075,5.0,3.5,3.23,3.91
59787,5.0,3.2,3.01,3.7367
59270,4.55,3.23,4.08,3.9533
60274,4.55,3.35,3.36,3.7533
25107,3.8,2.57,3.56,3.31
31406,5.0,3.23,3.1,3.7767
33593,4.86,3.08,3.71,3.8833
27903,5.0,3.4,3.62,4.0067
43382,4.53,3.12,3.49,3.7133
54976,4.52,3.35,3.57,3.8133
8374,5.0,3.42,3.55,3.99
2859,5.0,3.42,3.31,3.91
13636,5.0,3.6,2.76,3.7867
14244,5.0,3.33,3.13,3.82
69857,4.86,3.5,3.53,3.9633
33124,3.8,2.23,3.67,3.2333
40048,5.0,3.47,3.3,3.9233
4226,5.0,3.24,3.35,3.8633
43252,3.44,2.33,4.31,3.36
4487,3.02,1.96,3.34,2.7733
18210,5.0,3.37,3.21,3.86
41199,2.97,2.3,4.36,3.21
56969,4.41,3.58,3.59,3.86
45243,3.02,2.2,3.66,2.96
7560,4.17,3.23,3.56,3.6533
6450,5.0,3.11,2.99,3.7
45303,5.0,3.2,3.01,3.7367
29563,2.76,2.21,4.63,3.2
4002,2.71,2.31,5.0,3.34
51006,4.64,3.37,4.15,4.0533
3458,5.0,3.58,3.72,4.1
68603,5.0,3.52,3.16,3.8933
68037,5.0,3.57,3.5,4.0233
55920,3.27,2.13,3.74,3.0467
69453,3.21,1.9,3.81,2.9733
69125,3.27,2.38,4.89,3.5133
22715,4.1,2.62,3.65,3.4567
40388,5.0,3.5,3.42,3.9733
70785,3.35,2.28,4.62,3.4167
15364,4.86,3.55,3.29,3.9
36024,5.0,3.36,3.31,3.89
22073,2.82,2.02,4.35,3.0633
2932,5.0,3.48,3.73,4.07
70863,5.0,3.37,3.26,3.8767
70539,4.11,3.03,3.88,3.6733
21118,5.0,3.35,3.41,3.92
28505,3.5,2.88,2.85,3.0767
17523,4.74,3.03,3.28,3.6833
56163,3.27,2.0,4.17,3.1467
19940,4.34,3.17,3.8,3.77
42937,5.0,3.6,3.09,3.8967
20122,5.0,3.6,2.8,3.8
9515,2.94,2.0,3.13,2.69
44489,5.0,3.6,3.32,3.9733
51427,5.0,3.36,3.47,3.9433
11488,5.0,3.54,3.22,3.92
9933,5.0,3.44,3.28,3.9067
71737,3.66,2.34,3.92,3.3067
55136,3.35,2.13,3.64,3.04
45876,4.74,3.58,4.23,4.1833
18820,3.35,2.04,3.95,3.1133
41436,4.4,2.99,3.46,3.6167
69932,4.74,3.38,3.67,3.93
37925,5.0,3.6,3.33,3.9767
70414,3.1,1.8,3.6,2.8333
58792,4.41,3.38,4.2,3.9967
70759,4.7,3.3,3.25,3.75
11412,5.0,3.55,3.15,3.9
29513,4.4,3.6,2.79,3.5967
22760,3.21,2.33,4.2,3.2467
1422,3.06,2.26,3.89,3.07
11449,3.27,2.4,3.3,2.99
71374,5.0,3.18,3.32,3.8333
25580,4.86,2.96,3.51,3.7767
4442,4.47,3.11,3.9,3.8267
67949,5.0,3.41,3.09,3.8333
64732,3.66,2.58,4.56,3.6
64707,4.4,2.78,3.6,3.5933
48234,5.0,3.13,3.32,3.8167
32954,5.0,3.5,3.12,3.8733
66646,4.74,3.29,3.77,3.9333
52754,4.4,3.6,2.72,3.5733
61967,3.21,2.03,3.65,2.9633
31868,5.0,3.16,3.27,3.81
42255,4.37,3.02,4.0,3.7967
49164,4.7,3.1,3.35,3.7167
54096,4.35,3.49,3.12,3.6533
56150,3.27,2.08,4.56,3.3033
45114,4.56,3.19,3.56,3.77
46310,3.27,2.24,3.86,3.1233
39582,4.55,3.1,3.78,3.81
40395,4.4,3.6,2.77,3.59
861,4.47,3.39,3.63,3.83
47515,3.1,2.34,4.5,3.3133
7133,4.4,3.6,2.79,3.5967
62118,3.15,2.22,3.91,3.0933
7234,3.8,2.29,3.68,3.2567
21602,4.04,3.54,3.09,3.5567
62113,2.84,2.35,4.74,3.31
27407,3.1,2.29,3.4,2.93
25187,4.3,3.13,4.21,3.88
71920,4.1,2.74,3.28,3.3733
34809,5.0,3.58,3.7,4.0933
29306,3.21,2.19,3.45,2.95
6086,3.8,1.98,3.25,3.01
13140,5.0,3.47,3.7,4.0567
7989,4.7,2.97,3.62,3.7633
67390,4.34,3.03,3.53,3.6333
65946,5.0,3.49,3.43,3.9733
6881,3.44,2.29,3.69,3.14
8349,5.0,3.35,3.41,3.92
50832,3.75,2.63,3.56,3.3133
20849,2.71,2.3,3.74,2.9167
7210,4.04,3.57,3.66,3.7567
45496,2.87,2.09,4.73,3.23
29122,3.66,2.59,3.23,3.16
7304,4.4,2.89,3.05,3.4467
21848,3.8,2.44,3.57,3.27
5685,5.0,3.18,3.51,3.8967
559,5.0,3.13,3.26,3.7967
54125,5.0,3.49,3.05,3.8467
62436,5.0,3.31,3.01,3.7733
20357,3.15,2.26,4.0,3.1367
67655,4.1,2.88,3.49,3.49
25962,4.14,3.53,4.17,3.9467
17827,4.35,3.37,4.12,3.9467
12750,4.11,3.44,4.42,3.99
31123,2.75,2.35,3.97,3.0233
47960,5.0,3.48,3.05,3.8433
1846,4.1,2.72,3.45,3.4233
39314,5.0,3.52,3.21,3.91
27471,4.64,3.56,3.79,3.9967
34675,3.95,2.43,3.7,3.36
22478,5.0,3.19,3.35,3.8467
23784,5.0,3.55,4.95,4.5
47220,2.78,1.82,4.74,3.1133
56784,2.75,2.25,5.0,3.3333
12288,2.8,2.37,4.68,3.2833
54077,5.0,3.51,3.07,3.86
31145,5.0,3.55,3.23,3.9267
67971,5.0,3.54,3.27,3.9367
19939,5.0,3.6,2.97,3.8567
34871,4.25,3.21,3.69,3.7167
39781,5.0,3.36,3.2,3.8533
45773,4.4,3.6,3.04,3.68
20964,5.0,3.26,3.12,3.7933
45361,4.4,3.6,2.84,3.6133
30131,3.74,2.72,3.73,3.3967
18136,4.4,3.44,2.96,3.6
11644,5.0,3.57,3.59,4.0533
36921,3.1,2.17,4.24,3.17
43124,5.0,3.47,3.09,3.8533
65931,3.54,2.2,4.12,3.2867
67763,5.0,3.35,3.25,3.8667
8004,4.74,3.34,3.72,3.9333
31388,3.8,3.25,2.89,3.3133
20543,5.0,3.3,2.91,3.7367
10258,5.0,3.37,3.48,3.95
58843,4.1,2.82,3.74,3.5533
46172,2.94,2.16,5.0,3.3667
79,5.0,3.49,3.35,3.9467
709,3.27,2.38,4.0,3.2167
52826,4.4,3.6,2.83,3.61
56685,5.0,3.13,3.26,3.7967
29763,3.5,2.88,2.85,3.0767
41437,4.74,3.08,3.42,3.7467
68020,4.31,3.14,4.06,3.8367
8199,3.1,2.31,3.66,3.0233
47911,5.0,3.53,3.01,3.8467
9253,5.0,3.57,3.51,4.0267
19877,5.0,3.28,3.09,3.79
62760,3.27,2.23,3.97,3.1567
47385,5.0,3.51,3.54,4.0167
9299,5.0,3.51,3.5,4.0033
39392,3.66,2.58,4.29,3.51
32698,3.8,2.08,3.73,3.2033
70341,5.0,3.18,2.92,3.7
17540,5.0,3.44,3.16,3.8667
58386,5.0,3.19,3.4,3.8633
8000,5.0,3.3,3.12,3.8067
12687,3.84,2.88,3.23,3.3167
19310,5.0,3.12,3.28,3.8
66259,5.0,3.53,3.24,3.9233
46482,4.1,2.18,3.2,3.16
17824,4.35,3.59,4.33,4.09
30560,5.0,3.48,3.41,3.9633
11637,2.77,2.35,3.63,2.9167
36715,3.7,2.88,3.07,3.2167
50739,5.0,3.57,4.24,4.27
24787,3.35,2.13,3.49,2.99
39631,4.74,3.56,3.74,4.0133
33905,3.21,1.93,3.82,2.9867
16205,4.86,3.33,3.18,3.79
31871,5.0,3.6,3.4,4.0
69947,5.0,3.13,3.26,3.7967
5015,3.02,2.34,3.8,3.0533
71480,3.27,2.38,3.63,3.0933
2313,3.15,2.15,4.2,3.1667
48545,5.0,3.22,2.93,3.7167
44855,5.0,3.15,3.57,3.9067
24903,4.4,3.6,2.71,3.57
61622,5.0,3.37,3.1,3.8233
6068,3.06,2.33,4.1,3.1633
28638,4.52,3.46,3.81,3.93
23164,2.69,1.88,4.08,2.8833
11479,2.97,2.26,4.53,3.2533
69982,4.11,3.26,4.63,4.0
45683,3.8,2.19,3.39,3.1267
39594,4.56,3.08,3.42,3.6867
54786,5.0,3.41,4.06,4.1567
54441,3.02,2.35,3.92,3.0967
15865,4.22,3.35,3.67,3.7467
43922,2.92,2.19,4.6,3.2367
36261,5.0,3.6,3.23,3.9433
23089,4.7,3.22,3.37,3.7633
42568,5.0,3.39,3.31,3.9
31202,3.06,2.23,3.85,3.0467
4980,5.0,3.54,3.09,3.8767
49939,3.21,2.46,3.92,3.1967
43909,3.21,2.27,3.77,3.0833
64969,4.44,3.02,3.83,3.7633
54150,5.0,3.11,4.35,4.1533
34140,3.96,3.21,4.28,3.8167
36470,5.0,3.56,3.75,4.1033
64431,3.41,2.28,4.27,3.32
57378,3.1,2.18,4.19,3.1567
38417,2.9,2.27,4.31,3.16
34673,2.99,2.1,4.57,3.22
35701,5.0,3.34,3.55,3.9633
34866,3.8,2.25,3.91,3.32
10812,3.32,2.78,4.28,3.46
29077,3.66,2.16,3.2,3.0067
33089,5.0,3.46,3.6,4.02
3350,2.91,2.16,4.34,3.1367
64376,5.0,3.37,3.0,3.79
39600,4.7,3.33,4.19,4.0733
47116,4.1,2.7,3.14,3.3133
15879,5.0,3.53,3.16,3.8967
24489,5.0,3.6,3.07,3.89
71269,2.6,2.35,4.64,3.1967
39520,5.0,3.6,2.98,3.86
5904,5.0,3.44,2.91,3.7833
37623,3.74,2.8,3.46,3.3333
63040,5.0,3.42,3.54,3.9867
39415,4.47,3.26,3.93,3.8867
29335,3.06,2.09,3.86,3.0033
21048,5.0,3.41,3.09,3.8333
67169,3.1,2.17,4.37,3.2133
58155,4.56,3.0,3.46,3.6733
38173,5.0,3.55,3.66,4.07
58190,3.8,2.56,3.5,3.2867
37537,4.74,3.53,3.24,3.8367
19323,5.0,3.6,3.16,3.92
48784,5.0,3.36,3.31,3.89
70641,4.3,3.33,3.69,3.7733
15764,4.35,3.31,4.61,4.09
19636,5.0,3.55,3.61,4.0533
8672,4.4,2.88,3.75,3.6767
30241,5.0,3.52,2.99,3.8367
41479,2.92,2.08,4.15,3.05
44787,5.0,3.38,3.01,3.7967
32484,5.0,3.34,3.55,3.9633
69964,3.21,2.29,3.83,3.11
48998,3.27,2.33,3.94,3.18
59969,5.0,3.27,3.18,3.8167
35043,4.44,3.21,3.69,3.78
65350,4.1,2.66,3.28,3.3467
70969,3.66,2.39,3.57,3.2067
37229,5.0,3.13,3.49,3.8733
52176,5.0,3.54,3.11,3.8833
70824,4.64,3.23,4.19,4.02
37557,5.0,2.93,3.15,3.6933
2181,5.0,3.13,3.02,3.7167
46785,5.0,3.51,2.97,3.8267
40656,3.21,2.18,4.01,3.1333
56993,4.26,3.49,3.61,3.7867
47556,4.74,3.29,3.75,3.9267
59913,4.41,3.35,3.9,3.8867
19157,5.0,3.46,3.63,4.03
23384,5.0,3.45,3.3,3.9167
22569,3.8,1.66,3.24,2.9
3542,4.55,3.56,3.46,3.8567
71493,2.91,2.36,4.32,3.1967
46658,5.0,3.51,3.02,3.8433
71014,5.0,3.53,3.46,3.9967
12820,5.0,3.51,3.13,3.88
30159,4.4,2.85,3.02,3.4233
48665,3.35,2.07,3.55,2.99
6983,4.4,3.6,2.77,3.59
68671,3.51,2.86,4.01,3.46
4700,5.0,3.29,3.7,3.9967
58930,2.89,2.23,4.35,3.1567
40740,4.7,2.98,3.39,3.69
25050,5.0,3.58,4.17,4.25
11760,5.0,3.5,2.96,3.82
62233,4.26,3.34,4.07,3.89
10147,2.92,2.22,3.86,3.0
204,4.17,2.86,3.86,3.63
2761,3.27,2.29,3.58,3.0467
30047,3.44,2.06,3.55,3.0167
52300,5.0,3.51,3.43,3.98
52037,3.44,2.39,4.21,3.3467
41348,4.74,3.58,3.85,4.0567
18317,5.0,3.58,3.97,4.1833
53220,5.0,3.57,3.69,4.0867
541,5.0,3.53,3.18,3.9033
66371,4.52,3.48,4.02,4.0067
37717,4.64,3.15,3.91,3.9
22115,4.4,3.53,3.33,3.7533
42664,4.86,3.41,3.32,3.8633
55536,4.7,3.06,3.01,3.59
52628,2.41,2.26,4.72,3.13
26381,4.74,3.34,3.29,3.79
11885,5.0,3.6,2.97,3.8567
17975,3.5,2.88,2.85,3.0767
60527,2.68,2.31,5.0,3.33
28594,3.21,2.28,3.62,3.0367
42734,5.0,3.11,3.76,3.9567
14459,3.95,3.02,4.07,3.68
49511,3.21,2.35,3.82,3.1267
59304,4.28,3.46,3.07,3.6033
34183,3.8,2.32,3.62,3.2467
48388,4.04,3.04,4.31,3.7967
41856,5.0,3.48,3.05,3.8433
47408,5.0,3.3,2.96,3.7533
3900,2.82,2.28,4.11,3.07
27249,5.0,3.42,3.36,3.9267
5147,5.0,3.23,3.15,3.7933
55415,4.4,3.6,2.79,3.5967
41579,3.35,2.33,3.45,3.0433
55986,4.47,3.19,3.8,3.82
6402,2.82,2.1,3.94,2.9533
18009,3.44,2.32,3.73,3.1633
70980,5.0,3.51,2.93,3.8133
43978,4.4,3.48,2.94,3.6067
58467,5.0,3.57,3.55,4.04
48005,5.0,3.32,2.92,3.7467
11150,4.4,2.94,3.61,3.65
2738,4.74,3.45,3.95,4.0467
2098,4.1,2.72,3.25,3.3567
48435,3.8,2.52,3.47,3.2633
13905,3.2,2.34,3.12,2.8867
19800,5.0,3.07,3.37,3.8133
31353,3.54,2.27,3.67,3.16
40591,5.0,3.42,3.53,3.9833
55923,4.7,2.79,3.85,3.78
70724,5.0,3.42,3.15,3.8567
33904,2.73,2.2,4.51,3.1467
21007,4.4,3.6,2.83,3.61
1354,2.99,2.23,3.86,3.0267
28278,4.26,3.31,3.01,3.5267
34147,5.0,3.51,3.18,3.8967
997,4.26,3.32,3.77,3.7833
52019,5.0,3.53,3.01,3.8467
33796,5.0,3.48,3.15,3.8767
13226,3.35,2.26,3.91,3.1733
2941,3.06,2.39,4.39,3.28
29523,4.4,3.6,2.89,3.63
45082,5.0,3.55,3.95,4.1667
8298,5.0,3.5,3.31,3.9367
15143,4.4,3.37,3.05,3.6067
44063,5.0,3.16,3.27,3.81
23047,4.1,3.36,2.9,3.4533
60634,5.0,3.49,3.77,4.0867
51471,3.5,2.88,2.85,3.0767
22399,5.0,3.31,3.27,3.86
6052,5.0,3.3,3.53,3.9433
7598,4.56,2.91,3.54,3.67
49504,5.0,3.54,3.31,3.95
59753,5.0,3.6,2.75,3.7833
2128,5.0,3.49,3.45,3.98
46019,5.0,3.6,2.97,3.8567
69491,3.44,2.07,3.75,3.0867
31099,4.05,3.2,3.85,3.7
55318,5.0,3.52,3.71,4.0767
9051,4.86,3.56,3.6,4.0067
30102,5.0,3.46,3.12,3.86
28200,5.0,3.52,3.04,3.8533
55372,2.82,2.29,4.24,3.1167
56220,5.0,3.45,3.22,3.89
55566,3.5,2.88,2.79,3.0567
71821,4.7,3.36,3.27,3.7767
1642,3.35,2.34,3.87,3.1867
4541,4.4,3.6,2.79,3.5967
48321,5.0,3.45,3.44,3.9633
33529,5.0,3.38,3.05,3.81
65598,2.87,2.22,4.44,3.1767
10856,5.0,3.42,3.26,3.8933
19159,5.0,3.35,3.62,3.99
44331,5.0,3.39,3.35,3.9133
2888,4.4,3.6,2.79,3.5967
34877,4.25,3.16,3.87,3.76
6147,5.0,3.36,3.52,3.96
42171,5.0,2.98,2.86,3.6133
69625,3.15,2.18,4.71,3.3467
32801,4.1,3.16,2.84,3.3667
20992,4.7,3.01,3.05,3.5867
70109,5.0,3.47,3.24,3.9033
24630,3.5,2.88,2.85,3.0767
9376,3.02,2.15,3.95,3.04
43371,4.44,3.05,3.84,3.7767
2484,2.91,2.2,4.24,3.1167
68796,4.41,3.34,3.86,3.87
6248,4.37,3.51,3.87,3.9167
46962,4.22,3.38,3.3,3.6333
50493,5.0,3.53,3.33,3.9533
55651,5.0,3.6,3.22,3.94
44807,4.74,3.41,3.38,3.8433
45256,3.02,2.34,4.42,3.26
57140,3.21,2.04,3.93,3.06
46491,5.0,3.23,3.27,3.8333
56495,4.1,3.36,2.9,3.4533
59997,4.1,3.36,2.9,3.4533
62972,4.35,3.47,3.71,3.8433
7049,4.41,3.37,3.28,3.6867
37729,2.65,2.27,4.14,3.02
40558,4.74,3.35,3.88,3.99
15117,5.0,3.3,2.96,3.7533
17805,5.0,3.36,3.21,3.8567
64054,3.44,1.85,3.42,2.9033
1877,5.0,3.25,3.27,3.84
11140,5.0,3.53,3.59,4.04
41795,3.5,2.88,2.85,3.0767
33305,5.0,3.46,3.02,3.8267
66896,5.0,3.38,3.28,3.8867
55738,3.35,2.24,3.35,2.98
34231,4.14,3.39,4.03,3.8533
19287,4.47,3.37,3.93,3.9233
65502,3.84,2.78,3.75,3.4567
39382,5.0,3.48,3.16,3.88
49432,4.86,3.37,3.74,3.99
64959,5.0,3.16,3.38,3.8467
6045,5.0,3.58,3.58,4.0533
32906,3.35,2.23,4.11,3.23
69189,2.92,2.18,4.15,3.0833
56972,4.44,3.14,3.67,3.75
3033,4.35,3.31,3.65,3.77
11907,5.0,3.25,2.99,3.7467
59236,3.74,2.7,3.84,3.4267
63776,3.27,2.35,3.79,3.1367
1793,4.4,3.6,2.89,3.63
6895,4.4,3.08,3.43,3.6367
18598,5.0,3.18,3.02,3.7333
55985,5.0,3.35,3.26,3.87
1954,5.0,3.29,3.26,3.85
71730,3.8,2.58,3.78,3.3867
25174,4.56,3.04,4.02,3.8733
30514,4.4,3.04,3.05,3.4967
18393,4.7,2.97,3.31,3.66
6569,5.0,3.52,2.99,3.8367
18699,3.41,2.83,4.07,3.4367
15268,3.35,2.4,3.84,3.1967
38230,5.0,3.58,3.71,4.0967
55723,5.0,3.49,3.34,3.9433
60410,3.51,2.63,3.95,3.3633
69270,4.55,3.29,3.83,3.89
17503,5.0,3.55,3.45,4.0
15199,5.0,3.2,3.06,3.7533
11232,3.27,2.13,4.06,3.1533
6120,5.0,3.6,3.04,3.88
42128,3.35,2.04,3.39,2.9267
60058,3.8,2.38,3.86,3.3467
65086,5.0,3.49,3.45,3.98
12838,4.4,3.6,2.77,3.59
23207,5.0,3.6,3.36,3.9867
17257,4.7,3.17,3.64,3.8367
12166,5.0,3.48,3.2,3.8933
62344,4.1,2.65,3.71,3.4867
53661,4.44,3.2,3.58,3.74
44039,5.0,3.53,3.27,3.9333
49150,5.0,3.42,3.15,3.8567
13955,4.47,3.29,3.48,3.7467
41130,5.0,3.21,3.05,3.7533
17949,5.0,2.99,3.19,3.7267
26909,3.15,2.19,3.65,2.9967
12886,5.0,3.47,3.18,3.8833
1443,2.97,2.26,4.09,3.1067
70044,4.64,3.08,3.29,3.67
65114,4.4,3.6,2.77,3.59
10687,3.54,2.31,3.63,3.16
5987,5.0,3.47,3.46,3.9767
16468,5.0,3.51,3.14,3.8833
61687,3.44,2.38,3.76,3.1933
18279,5.0,3.34,3.08,3.8067
49707,4.35,3.47,3.55,3.79
7134,4.7,3.26,3.54,3.8333
48809,5.0,3.55,3.48,4.01
23431,5.0,3.47,3.54,4.0033
71433,4.7,2.84,4.07,3.87
54384,2.99,2.14,4.34,3.1567
70066,4.35,3.49,4.47,4.1033
11937,5.0,3.6,3.01,3.87
16094,5.0,3.44,3.05,3.83
19758,5.0,3.51,3.56,4.0233
59342,5.0,3.51,3.32,3.9433
28603,5.0,3.58,3.95,4.1767
48300,5.0,3.44,3.21,3.8833
33283,2.85,2.33,4.32,3.1667
33562,5.0,3.25,3.08,3.7767
20828,3.24,2.31,4.18,3.2433
43199,5.0,3.52,3.1,3.8733
61594,5.0,3.37,3.16,3.8433
58188,2.74,2.25,4.23,3.0733
5046,5.0,3.36,3.32,3.8933
26198,5.0,3.6,3.23,3.9433
43472,4.74,3.27,3.53,3.8467
47702,2.99,2.02,3.96,2.99
14561,5.0,3.25,3.51,3.92
16625,4.4,3.02,3.71,3.71
48180,5.0,3.39,3.17,3.8533
60423,3.21,2.46,4.08,3.25
10924,2.99,2.18,4.05,3.0733
44999,4.7,3.18,3.14,3.6733
24573,5.0,3.6,2.97,3.8567
57369,3.8,1.98,3.25,3.01
2291,2.95,2.25,3.52,2.9067
28905,5.0,3.53,3.22,3.9167
21605,4.86,3.57,3.45,3.96
59838,3.8,1.89,3.25,2.98
45604,5.0,3.37,2.78,3.7167
1026,5.0,3.54,4.42,4.32
5798,3.02,2.37,4.46,3.2833
16600,4.34,3.07,4.01,3.8067
24346,5.0,3.29,3.1,3.7967
43427,3.27,2.17,3.66,3.0333
56822,4.7,3.21,3.41,3.7733
41484,4.25,3.09,3.75,3.6967
34480,4.4,3.6,2.73,3.5767
56230,5.0,3.56,3.19,3.9167
4892,3.92,3.25,4.15,3.7733
22515,5.0,3.51,3.07,3.86
39222,3.8,2.49,3.38,3.2233
54572,4.4,2.94,3.5,3.6133
17223,3.35,2.36,4.31,3.34
22219,3.35,2.08,3.51,2.98
8860,3.96,3.15,4.2,3.77
3529,5.0,3.6,3.17,3.9233
38189,4.7,2.96,3.75,3.8033
24361,4.64,3.37,3.11,3.7067
44094,3.8,2.37,3.63,3.2667
71720,4.04,2.86,3.24,3.38
37109,4.8,3.53,4.0,4.11
71245,5.0,2.96,2.93,3.63
60310,5.0,3.5,3.01,3.8367
30956,3.5,2.88,2.85,3.0767
18269,2.97,2.19,3.79,2.9833
40914,4.64,3.4,3.69,3.91
17411,5.0,3.46,2.97,3.81
44426,4.7,2.85,3.54,3.6967
19080,5.0,3.43,3.56,3.9967
42906,4.14,2.88,3.83,3.6167
60363,5.0,3.39,3.07,3.82
70045,2.99,2.36,4.03,3.1267
70506,5.0,3.23,3.01,3.7467
29314,3.35,2.08,3.84,3.09
68471,5.0,3.37,3.0,3.79
57761,5.0,2.98,3.12,3.7
12718,4.6,3.26,3.33,3.73
15491,5.0,3.13,3.26,3.7967
71345,5.0,3.51,3.47,3.9933
42775,4.4,3.6,2.77,3.59
17753,4.34,3.27,3.81,3.8067
35617,4.14,2.91,3.4,3.4833
29012,4.17,3.32,4.08,3.8567
40332,4.1,2.78,3.53,3.47
49608,3.02,2.23,4.05,3.1
58696,4.4,3.6,2.9,3.6333
3081,4.64,3.53,3.46,3.8767
65712,2.97,2.35,3.2,2.84
39505,4.7,3.23,3.4,3.7767
25132,5.0,3.4,3.67,4.0233
9678,4.3,3.57,3.52,3.7967
37089,4.86,3.48,3.63,3.99
29454,5.0,3.5,3.93,4.1433
38436,4.86,3.08,3.13,3.69
22744,3.1,2.35,3.85,3.1
65517,4.4,3.6,2.96,3.6533
62964,5.0,3.52,3.17,3.8967
41556,5.0,3.13,3.26,3.7967
54909,5.0,3.22,3.04,3.7533
34538,5.0,3.6,2.92,3.84
22110,5.0,3.47,3.35,3.94
10849,3.27,2.58,3.89,3.2467
5461,5.0,3.45,3.16,3.87
68510,5.0,3.42,3.27,3.8967
65947,3.27,2.24,3.9,3.1367
17070,3.06,2.14,4.69,3.2967
36381,5.0,3.55,3.36,3.97
39127,5.0,3.37,3.27,3.88
44618,5.0,3.52,3.04,3.8533
53567,4.41,3.57,3.64,3.8733
54751,5.0,3.44,3.35,3.93
15674,3.02,2.52,4.0,3.18
17967,5.0,3.25,3.1,3.7833
19617,3.8,2.31,3.72,3.2767
36286,5.0,3.37,2.78,3.7167
36656,5.0,3.32,3.27,3.8633
56031,5.0,3.35,3.04,3.7967
48990,5.0,3.6,3.04,3.88
16823,4.86,3.55,3.83,4.08
65284,3.44,2.33,4.26,3.3433
21407,3.06,2.25,4.46,3.2567
14326,4.14,2.84,3.99,3.6567
34300,5.0,3.39,3.59,3.9933
23374,2.94,2.48,3.55,2.99
32694,5.0,3.6,2.78,3.7933
23446,4.7,3.24,3.48,3.8067
65941,5.0,3.23,3.27,3.8333
36897,5.0,3.55,3.36,3.97
18214,3.06,2.16,3.98,3.0667
25613,5.0,3.11,4.35,4.1533
38224,3.8,2.35,4.22,3.4567
57970,3.15,2.26,3.83,3.08
43105,3.65,2.88,4.1,3.5433
28680,4.74,3.17,3.6,3.8367
60536,4.1,2.8,3.2,3.3667
57198,5.0,3.51,3.07,3.86
60604,4.56,3.13,3.44,3.71
48456,4.1,3.16,2.84,3.3667
49183,5.0,3.32,3.52,3.9467
28296,4.04,2.78,3.78,3.5333
65969,4.4,3.21,3.37,3.66
62127,4.16,2.92,3.84,3.64
62867,4.4,3.6,2.78,3.5933
52563,4.14,3.01,3.61,3.5867
36632,4.4,3.6,2.78,3.5933
33802,5.0,3.52,3.05,3.8567
41565,3.35,1.99,3.65,2.9967
54145,5.0,3.52,3.04,3.8533
64342,5.0,3.49,3.29,3.9267
68041,5.0,3.31,3.4,3.9033
4215,3.27,2.2,3.3,2.9233
9294,5.0,3.42,3.32,3.9133
28704,4.7,3.35,4.52,4.19
19903,3.7,3.33,3.42,3.4833
60739,5.0,3.49,3.77,4.0867
40195,2.89,2.35,4.21,3.15
69421,3.54,2.08,3.18,2.9333
18180,3.06,2.15,3.68,2.9633
66743,4.64,3.5,3.58,3.9067
8114,5.0,3.51,3.32,3.9433
71068,4.26,3.13,3.21,3.5333
25477,2.99,2.26,3.8,3.0167
51495,5.0,3.6,2.94,3.8467
18984,5.0,3.48,3.62,4.0333
11965,5.0,3.42,2.8,3.74
66306,3.92,3.04,3.56,3.5067
58798,2.92,2.25,4.24,3.1367
1352,5.0,3.48,2.99,3.8233
14555,5.0,3.21,3.43,3.88
43046,5.0,3.19,3.79,3.9933
54847,5.0,3.27,3.18,3.8167
11755,5.0,3.4,3.0,3.8
221,4.64,3.23,3.39,3.7533
35480,2.81,1.84,3.88,2.8433
499,5.0,3.32,3.33,3.8833
54913,4.74,3.28,4.3,4.1067
31906,5.0,3.42,3.03,3.8167
20307,4.17,3.27,3.65,3.6967
30212,4.7,3.03,3.26,3.6633
51070,4.86,3.6,3.1,3.8533
65889,5.0,3.6,2.99,3.8633
16458,3.21,2.22,3.15,2.86
60230,4.44,3.11,3.47,3.6733
15124,5.0,3.56,3.46,4.0067
53747,3.66,2.18,3.83,3.2233
59687,4.1,3.36,2.77,3.41
65177,4.86,3.53,4.25,4.2133
69040,5.0,3.23,3.27,3.8333
42683,5.0,3.41,3.07,3.8267
6498,3.87,2.85,3.68,3.4667
40922,4.55,3.36,3.53,3.8133
68,5.0,3.34,3.08,3.8067
29640,3.66,2.24,4.07,3.3233
53807,5.0,3.32,3.12,3.8133
43031,5.0,3.39,3.02,3.8033
42552,3.2,2.15,3.3,2.8833
43466,4.74,3.58,3.81,4.0433
27548,2.84,2.23,4.37,3.1467
64618,3.57,2.51,3.7,3.26
67090,3.15,2.54,4.76,3.4833
63421,5.0,3.46,3.44,3.9667
4582,5.0,3.57,3.49,4.02
4620,5.0,3.46,2.87,3.7767
11159,5.0,3.37,2.94,3.77
60472,4.7,3.11,3.15,3.6533
12095,4.4,3.6,2.77,3.59
38613,5.0,3.58,3.63,4.07
17961,3.54,2.35,4.51,3.4667
35545,3.44,2.17,4.35,3.32
39905,4.86,3.52,3.63,4.0033
30991,5.0,2.96,2.98,3.6467
67697,4.7,3.26,3.12,3.6933
39419,4.3,3.32,4.19,3.9367
7167,4.4,3.45,3.38,3.7433
12388,3.2,2.27,3.29,2.92
1217,2.85,2.19,4.23,3.09
21952,4.86,3.48,3.16,3.8333
46840,5.0,3.3,3.01,3.77
67747,4.4,3.6,2.79,3.5967
61507,4.1,2.82,3.39,3.4367
3023,5.0,3.1,3.01,3.7033
56720,2.92,2.33,4.84,3.3633
21069,3.7,2.86,4.47,3.6767
42637,3.8,1.72,3.21,2.91
8338,3.71,2.64,4.04,3.4633
18977,3.02,2.2,3.95,3.0567
30837,4.55,3.2,3.61,3.7867
57363,5.0,3.44,3.05,3.83
35922,4.64,3.27,3.73,3.88
42361,5.0,3.34,3.14,3.8267
60475,5.0,3.26,3.5,3.92
17355,5.0,3.45,3.06,3.8367
47616,4.1,3.2,3.2,3.5
54661,5.0,3.51,3.07,3.86
68165,3.66,2.24,3.91,3.27
53679,4.1,3.36,3.05,3.5033
46652,5.0,3.46,3.17,3.8767
55368,4.7,3.05,3.5,3.75
45744,3.8,1.66,3.24,2.9
47820,5.0,3.41,3.52,3.9767
41178,3.95,2.67,3.7,3.44
41571,5.0,3.45,3.06,3.8367
47206,3.06,2.15,3.78,2.9967
20558,5.0,3.57,3.62,4.0633
65837,2.98,1.99,3.63,2.8667
13717,4.7,3.15,3.88,3.91
36068,4.74,3.49,3.56,3.93
9760,5.0,3.6,2.94,3.8467
4284,3.5,2.88,2.85,3.0767
64927,5.0,3.6,3.03,3.8767
35177,3.35,2.17,3.67,3.0633
65597,3.02,2.24,4.05,3.1033
5475,4.56,3.27,4.2,4.01
33596,4.55,3.41,3.73,3.8967
60638,5.0,3.12,3.26,3.7933
29064,3.87,2.93,4.05,3.6167
31408,5.0,3.44,3.1,3.8467
6531,2.88,2.33,4.05,3.0867
11867,5.0,3.44,2.99,3.81
48985,4.7,2.83,3.11,3.5467
13,5.0,3.45,3.86,4.1033
18567,5.0,3.0,2.79,3.5967
34478,5.0,3.39,3.07,3.82
33345,4.34,3.11,4.68,4.0433
63425,5.0,3.31,3.41,3.9067
59071,5.0,3.47,3.34,3.9367
48581,3.45,2.68,3.44,3.19
11765,5.0,2.87,3.03,3.6333
60558,5.0,3.3,3.41,3.9033
51285,3.8,1.66,3.24,2.9
32858,4.37,3.29,3.86,3.84
35348,3.65,2.41,3.94,3.3333
16520,5.0,3.56,3.19,3.9167
38448,3.84,2.68,3.98,3.5
3312,5.0,3.52,3.05,3.8567
33903,5.0,3.13,3.26,3.7967
37395,4.4,2.88,3.16,3.48
33494,3.06,2.16,3.86,3.0267
71215,3.5,2.88,2.85,3.0767
53757,5.0,3.41,3.09,3.8333
2635,4.7,3.28,3.39,3.79
26569,4.4,3.09,3.36,3.6167
67065,5.0,3.12,3.32,3.8133
52877,3.15,2.07,3.7,2.9733
68821,4.4,3.6,2.71,3.57
49111,5.0,3.54,3.05,3.8633
15670,4.64,3.47,3.5,3.87
55545,3.84,3.0,3.5,3.4467
14380,4.7,3.25,3.44,3.7967
30353,4.7,3.31,3.59,3.8667
6688,4.35,3.44,3.9,3.8967
32613,3.44,2.39,3.72,3.1833
21474,4.4,3.08,3.11,3.53
1130,2.87,2.32,4.79,3.3267
9333,5.0,3.2,2.96,3.72
31857,3.1,2.2,3.67,2.99
6650,5.0,3.49,3.44,3.9767
40583,3.44,2.27,4.0,3.2367
53512,5.0,3.38,3.22,3.8667
38071,4.7,3.21,3.11,3.6733
47564,4.86,3.46,4.18,4.1667
44125,5.0,3.26,3.38,3.88
37987,4.7,3.11,3.36,3.7233
2786,5.0,3.51,3.33,3.9467
11345,4.86,3.05,3.35,3.7533
56096,4.34,3.28,3.33,3.65
41170,5.0,3.6,2.93,3.8433
48832,5.0,3.35,3.2,3.85
11460,3.66,2.37,3.57,3.2
31117,5.0,3.28,3.19,3.8233
35173,2.71,2.36,4.89,3.32
4771,4.09,3.52,4.08,3.8967
3600,4.4,2.89,3.05,3.4467
31568,2.79,2.15,4.8,3.2467
4784,2.92,2.37,3.72,3.0033
16543,5.0,3.37,3.16,3.8433
63340,4.74,3.36,3.48,3.86
42425,4.1,2.81,3.4,3.4367
1669,5.0,3.6,3.02,3.8733
55726,3.06,2.14,3.86,3.02
54667,5.0,3.48,3.16,3.88
23828,3.45,2.58,4.27,3.4333
32516,5.0,3.41,3.02,3.81
8265,5.0,3.52,3.21,3.91
43332,5.0,3.55,3.14,3.8967
63552,2.97,2.32,4.9,3.3967
60540,2.92,2.21,3.71,2.9467
54189,4.25,3.2,3.47,3.64
32756,5.0,3.17,3.21,3.7933
2125,5.0,3.39,3.58,3.99
5058,3.96,2.69,3.6,3.4167
30008,4.74,3.39,3.78,3.97
34278,5.0,3.53,3.81,4.1133
38997,5.0,3.55,3.27,3.94
23551,5.0,3.5,3.22,3.9067
42975,5.0,3.4,2.96,3.7867
51969,5.0,3.21,3.26,3.8233
61988,5.0,3.16,3.27,3.81
15041,4.86,3.32,3.73,3.97
45526,5.0,3.44,3.63,4.0233
2435,4.86,3.41,3.92,4.0633
29260,4.64,3.25,3.79,3.8933
27764,5.0,3.46,3.07,3.8433
13154,3.02,2.24,4.32,3.1933
29874,3.95,2.78,3.87,3.5333
4790,3.78,3.28,4.19,3.75
36739,3.21,2.3,4.21,3.24
63095,4.8,3.45,3.74,3.9967
25133,5.0,3.55,4.66,4.4033
5124,3.8,2.34,3.41,3.1833
8791,5.0,3.52,2.99,3.8367
16172,4.86,3.33,3.23,3.8067
57488,4.56,3.11,3.88,3.85
48188,4.4,3.6,2.78,3.5933
16348,5.0,3.57,3.63,4.0667
49072,3.54,2.4,3.76,3.2333
3257,3.66,1.83,3.72,3.07
28319,2.98,1.94,3.5,2.8067
14491,4.64,3.48,3.15,3.7567
47464,5.0,3.3,3.2,3.8333
62880,5.0,3.44,3.2,3.88
45193,5.0,3.52,3.64,4.0533
66788,3.8,2.39,3.57,3.2533
38382,4.7,3.33,3.67,3.9
24071,4.4,3.0,3.33,3.5767
66754,2.92,2.11,3.55,2.86
62511,3.15,2.3,3.53,2.9933
15134,4.7,3.23,3.71,3.88
53084,2.86,2.2,4.31,3.1233
6655,4.35,3.42,3.82,3.8633
43455,3.5,2.88,2.85,3.0767
63067,5.0,3.6,2.94,3.8467
30031,4.56,3.26,3.4,3.74
38773,4.4,3.03,3.28,3.57
53911,4.22,2.95,3.2,3.4567
45784,5.0,3.15,3.09,3.7467
70107,5.0,3.53,3.23,3.92
23435,5.0,3.48,3.31,3.93
37544,4.4,3.15,3.22,3.59
36757,2.98,2.12,3.88,2.9933
26799,4.86,3.21,3.47,3.8467
51273,4.47,3.29,3.85,3.87
8300,5.0,3.37,3.54,3.97
40107,3.8,2.04,3.6,3.1467
64349,4.25,3.2,3.36,3.6033
60440,5.0,3.6,3.17,3.9233
46258,3.21,2.21,3.56,2.9933
22202,3.15,2.12,3.88,3.05
11220,5.0,3.4,3.18,3.86
51460,5.0,3.6,3.19,3.93
56558,5.0,3.21,3.82,4.01
44216,5.0,3.4,3.18,3.86
2260,4.41,3.45,4.07,3.9767
67123,4.1,2.5,3.61,3.4033
43111,2.81,2.33,4.63,3.2567
24274,4.64,3.25,4.05,3.98
53729,4.44,2.99,3.72,3.7167
59081,5.0,3.52,3.68,4.0667
40998,5.0,3.6,3.46,4.02
27950,4.86,3.27,3.52,3.8833
52123,4.86,3.42,3.31,3.8633
45296,2.85,2.21,4.2,3.0867
63378,5.0,3.52,3.75,4.09
50552,3.8,2.31,3.52,3.21
60821,5.0,3.49,2.9,3.7967
38822,3.88,3.12,4.03,3.6767
47442,3.54,2.26,3.5,3.1
58066,4.7,3.25,3.34,3.7633
51394,4.4,3.6,2.85,3.6167
13992,5.0,3.44,3.05,3.83
44592,2.97,2.06,4.24,3.09
23476,5.0,3.13,3.26,3.7967
34335,4.4,3.6,2.79,3.5967
40679,2.87,2.25,3.81,2.9767
19926,3.66,2.25,3.88,3.2633
2611,3.66,2.51,3.61,3.26
20120,4.4,3.6,2.91,3.6367
59357,5.0,3.47,2.88,3.7833
70754,5.0,3.37,3.44,3.9367
60579,5.0,3.41,3.47,3.96
70548,5.0,3.6,2.91,3.8367
69243,5.0,3.55,3.28,3.9433
37278,5.0,3.04,2.87,3.6367
31258,3.21,2.61,4.4,3.4067
1431,3.35,2.32,3.68,3.1167
51864,4.7,3.28,3.49,3.8233
8517,5.0,3.43,3.33,3.92
37429,4.47,3.42,3.52,3.8033
27878,5.0,3.23,3.2,3.81
29241,5.0,3.32,3.94,4.0867
64488,3.1,2.3,4.25,3.2167
2083,2.87,2.35,4.7,3.3067
71594,5.0,3.46,3.28,3.9133
9280,3.44,2.28,3.31,3.01
49671,5.0,3.6,3.03,3.8767
25845,3.02,2.32,3.6,2.98
37003,2.78,2.35,4.13,3.0867
64983,5.0,3.5,3.95,4.15
67582,2.88,2.04,3.69,2.87
20072,2.86,2.28,3.82,2.9867
22932,5.0,3.23,2.97,3.7333
1184,3.15,2.0,4.55,3.2333
26435,3.8,1.89,3.25,2.98
62597,5.0,3.6,3.08,3.8933
30722,2.7,2.21,3.93,2.9467
40792,4.7,3.36,3.17,3.7433
42208,4.7,3.23,3.59,3.84
47031,5.0,3.13,3.02,3.7167
39003,4.86,3.49,3.45,3.9333
38042,4.22,3.45,3.96,3.8767
52806,4.23,3.07,3.41,3.57
12453,4.83,3.56,3.46,3.95
23570,5.0,3.25,3.28,3.8433
20749,3.35,2.07,3.77,3.0633
28280,5.0,3.39,3.35,3.9133
19110,4.1,2.76,2.94,3.2667
1193,4.74,3.38,3.93,4.0167
2730,4.25,3.09,3.85,3.73
62137,5.0,3.58,3.96,4.18
63031,3.1,2.32,3.71,3.0433
28628,3.8,2.05,3.45,3.1
70649,3.95,3.0,3.49,3.48
46465,5.0,3.04,2.87,3.6367
21890,4.35,3.46,4.39,4.0667
52599,4.4,3.6,2.72,3.5733
64271,4.64,3.29,3.68,3.87
57782,4.4,3.2,3.06,3.5533
42237,5.0,3.42,3.57,3.9967
61679,5.0,3.4,3.37,3.9233
11312,4.4,3.03,3.49,3.64
13693,5.0,3.42,3.86,4.0933
15595,4.55,3.3,3.77,3.8733
68334,2.85,2.21,4.28,3.1133
49695,5.0,3.22,3.04,3.7533
29912,2.87,2.11,4.04,3.0067
14258,4.86,3.11,3.31,3.76
37072,3.35,2.59,3.39,3.11
34284,5.0,3.13,3.21,3.78
54448,2.88,2.3,3.98,3.0533
53490,5.0,3.56,3.34,3.9667
8189,3.23,2.83,4.51,3.5233
3643,3.35,2.37,3.58,3.1
57907,5.0,3.53,3.99,4.1733
19383,2.91,2.34,4.38,3.21
2584,3.6,2.12,3.63,3.1167
17517,5.0,3.23,3.1,3.7767
65773,3.44,2.13,3.63,3.0667
58560,5.0,3.56,3.43,3.9967
43175,5.0,3.17,2.95,3.7067
18083,3.1,2.21,4.08,3.13
44574,4.7,3.24,3.21,3.7167
53962,2.95,2.4,3.3,2.8833
48349,3.27,2.07,3.8,3.0467
70387,2.8,2.19,3.65,2.88
65161,5.0,3.37,3.39,3.92
26831,4.11,3.02,4.02,3.7167
42944,4.55,3.33,3.54,3.8067
16054,5.0,3.48,3.26,3.9133
25973,4.56,3.27,3.87,3.9
67576,4.4,3.04,3.44,3.6267
18186,2.94,2.13,3.7,2.9233
611,4.0,2.98,3.18,3.3867
63226,5.0,3.42,3.15,3.8567
68866,2.84,2.33,4.12,3.0967
66245,4.52,2.92,3.37,3.6033
48602,5.0,3.37,3.37,3.9133
58761,5.0,3.39,3.56,3.9833
3598,4.4,3.6,2.77,3.59
63172,5.0,3.29,3.45,3.9133
59478,5.0,3.46,3.1,3.8533
59204,3.21,2.18,3.39,2.9267
25833,3.35,2.38,3.84,3.19
38099,2.8,2.38,3.47,2.8833
64659,5.0,2.94,2.99,3.6433
19677,3.27,2.38,3.86,3.17
17180,5.0,3.32,3.17,3.83
21827,4.4,3.6,2.83,3.61
24351,4.86,3.39,3.99,4.08
28408,3.8,1.72,3.21,2.91
39211,5.0,3.41,3.07,3.8267
37156,3.8,1.72,3.21,2.91
27,4.64,3.58,3.58,3.9333
48926,4.7,3.31,3.8,3.9367
9846,5.0,3.42,3.15,3.8567
42559,3.66,2.22,3.51,3.13
68004,3.02,2.32,3.6,2.98
3498,5.0,3.6,3.61,4.07
5632,5.0,3.41,3.45,3.9533
17583,4.4,3.6,2.77,3.59
65892,5.0,3.45,3.16,3.87
46147,3.15,2.16,3.64,2.9833
3817,5.0,3.55,3.14,3.8967
68134,5.0,3.42,3.08,3.8333
71282,5.0,3.6,3.02,3.8733
26481,5.0,3.03,3.25,3.76
28625,5.0,3.42,3.21,3.8767
61803,5.0,3.2,2.96,3.72
19715,5.0,3.22,2.93,3.7167
34258,5.0,3.18,3.49,3.89
4153,3.35,2.14,3.39,2.96
68873,3.15,2.31,3.83,3.0967
68226,4.86,3.45,3.91,4.0733
71320,5.0,3.39,3.07,3.82
11387,5.0,3.22,3.51,3.91
52713,5.0,3.13,3.26,3.7967
49983,4.64,3.24,3.4,3.76
12295,3.5,2.88,2.85,3.0767
58906,3.66,2.55,3.66,3.29
71675,3.66,2.08,3.23,2.99
62714,4.74,3.46,4.4,4.2
13649,5.0,3.49,2.95,3.8133
55715,5.0,3.53,3.23,3.92
62085,5.0,3.58,3.74,4.1067
54443,5.0,3.36,3.36,3.9067
26068,5.0,3.23,3.27,3.8333
26907,5.0,3.42,3.14,3.8533
46588,4.7,3.21,3.41,3.7733
829,5.0,3.28,3.23,3.8367
30635,3.21,2.14,4.12,3.1567
7383,5.0,3.37,3.22,3.8633
5639,5.0,3.4,3.45,3.95
3425,4.7,2.83,3.31,3.6133
64806,3.81,2.99,3.9,3.5667
18172,5.0,3.25,3.28,3.8433
4545,5.0,3.37,3.05,3.8067
9597,4.26,2.99,3.61,3.62
3941,4.7,3.28,4.2,4.06
70453,2.88,2.33,4.15,3.12
10532,5.0,3.02,2.89,3.6367
36173,4.7,3.31,3.28,3.7633
27105,4.7,3.36,3.51,3.8567
30091,5.0,3.39,3.29,3.8933
63554,3.02,2.26,4.59,3.29
60016,5.0,3.42,2.85,3.7567
25805,5.0,3.46,2.92,3.7933
2988,4.86,3.37,3.75,3.9933
24111,4.22,3.04,4.14,3.8
20800,4.35,3.44,3.69,3.8267
39175,2.94,2.28,3.81,3.01
51699,5.0,3.16,3.03,3.73
31167,4.17,3.57,4.09,3.9433
60655,3.5,2.88,2.85,3.0767
52606,2.94,2.38,3.96,3.0933
37029,3.35,2.09,4.25,3.23
62116,2.97,2.2,4.25,3.14
12238,5.0,3.57,3.41,3.9933
2836,5.0,3.39,3.4,3.93
1536,4.74,3.14,4.34,4.0733
61511,5.0,3.57,3.77,4.1133
42650,5.0,3.39,3.45,3.9467
41255,5.0,3.48,3.74,4.0733
58742,5.0,3.22,3.13,3.7833
71694,3.66,2.28,3.95,3.2967
32311,5.0,3.41,2.97,3.7933
57469,4.1,2.83,4.33,3.7533
38064,4.56,3.21,3.25,3.6733
16710,4.86,3.52,3.75,4.0433
66723,5.0,3.49,4.3,4.2633
7578,5.0,3.29,3.1,3.7967
27505,3.35,2.4,3.53,3.0933
43570,5.0,3.54,3.27,3.9367
14437,5.0,3.52,3.04,3.8533
33542,5.0,3.39,3.29,3.8933
68732,4.74,3.24,3.14,3.7067
49726,5.0,3.6,3.46,4.02
58229,4.7,3.04,3.19,3.6433
46267,5.0,3.25,3.36,3.87
58797,5.0,3.23,3.27,3.8333
31896,4.7,3.26,3.21,3.7233
40109,5.0,3.34,3.5,3.9467
56042,5.0,3.04,2.97,3.67
67329,2.94,2.24,4.06,3.08
60344,3.8,3.4,2.96,3.3867
13466,3.5,2.88,2.85,3.0767
5235,3.1,2.22,4.27,3.1967
52362,4.7,3.21,3.41,3.7733
22429,5.0,3.16,3.03,3.73
51602,3.02,2.37,3.53,2.9733
39471,5.0,3.38,3.17,3.85
6222,2.75,2.32,4.77,3.28
52333,5.0,3.25,2.99,3.7467
19090,3.44,2.25,4.16,3.2833
10184,5.0,3.56,3.78,4.1133
36658,3.21,2.04,3.32,2.8567
63670,4.74,3.39,3.42,3.85
51491,3.27,2.32,3.18,2.9233
30394,3.87,3.21,3.57,3.55
30923,3.54,2.13,3.32,2.9967
48039,5.0,3.23,3.27,3.8333
15490,4.4,3.6,2.72,3.5733
17442,4.4,3.45,3.16,3.67
20649,5.0,3.25,3.28,3.8433
72166,4.7,3.18,3.62,3.8333
67695,5.0,3.6,2.92,3.84
57203,5.0,3.44,3.35,3.93
60714,5.0,3.52,3.5,4.0067
69484,3.35,2.16,3.48,2.9967
60419,5.0,3.46,2.92,3.7933
18690,4.26,3.48,3.1,3.6133
49205,5.0,3.54,4.05,4.1967
554,3.35,2.36,4.41,3.3733
37281,5.0,3.54,3.48,4.0067
6232,5.0,3.57,3.53,4.0333
31337,3.35,2.39,3.94,3.2267
9685,4.55,3.28,3.41,3.7467
71674,4.7,3.16,3.3,3.72
66116,5.0,3.22,3.25,3.8233
69769,5.0,3.53,3.45,3.9933
27487,5.0,3.5,3.35,3.95
21721,3.92,3.28,3.96,3.72
55512,5.0,3.58,3.7,4.0933
49141,4.74,3.3,3.23,3.7567
31943,4.74,3.39,3.66,3.93
62756,3.54,2.49,3.88,3.3033
28901,5.0,3.6,3.0,3.8667
23348,4.74,3.16,3.86,3.92
65264,5.0,3.56,3.56,4.04
37556,5.0,3.15,3.28,3.81
34548,3.06,2.37,4.13,3.1867
22293,3.75,2.71,3.73,3.3967
36205,5.0,3.55,3.38,3.9767
35145,5.0,3.22,3.34,3.8533
47712,5.0,3.19,3.28,3.8233
25048,4.56,3.18,3.84,3.86
11364,4.74,3.34,3.61,3.8967
11504,4.4,3.6,3.1,3.7
46954,5.0,3.52,3.26,3.9267
52818,3.27,2.3,3.96,3.1767
50402,4.4,3.6,2.71,3.57
6782,2.52,2.33,4.66,3.17
25312,4.7,3.01,3.05,3.5867
15974,5.0,3.6,2.94,3.8467
40675,5.0,2.97,3.02,3.6633
23324,3.95,2.91,3.66,3.5067
27555,2.91,2.16,4.13,3.0667
56428,3.8,2.61,3.54,3.3167
21409,3.02,1.9,4.18,3.0333
13305,5.0,3.42,3.15,3.8567
9589,4.7,3.21,3.41,3.7733
50769,5.0,3.38,3.28,3.8867
38521,4.1,3.36,2.9,3.4533
63986,5.0,3.54,3.37,3.97
9015,3.15,2.33,4.41,3.2967
20022,5.0,3.37,3.1,3.8233
15979,4.4,3.09,3.69,3.7267
34567,4.7,3.18,3.6,3.8267
21495,3.44,2.39,4.43,3.42
65024,2.81,2.03,4.54,3.1267
17852,3.1,2.08,4.25,3.1433
10932,3.54,2.26,3.97,3.2567
57542,3.8,2.12,3.42,3.1133
4482,5.0,3.35,2.99,3.78
38939,5.0,3.44,3.2,3.88
6111,4.02,3.49,3.82,3.7767
7973,4.86,3.4,3.64,3.9667
54577,5.0,3.31,3.27,3.86
42803,4.14,2.9,3.8,3.6133
17924,5.0,3.56,3.45,4.0033
63379,4.7,3.09,3.8,3.8633
63415,5.0,3.17,3.73,3.9667
23645,5.0,3.08,2.8,3.6267
22849,4.7,3.12,3.32,3.7133
61672,2.87,2.2,4.17,3.08
27832,3.1,2.28,3.79,3.0567
29296,5.0,3.42,3.36,3.9267
63626,3.5,2.88,2.85,3.0767
42804,2.97,2.11,4.09,3.0567
35438,3.15,2.12,3.91,3.06
18698,5.0,3.6,3.23,3.9433
38668,2.95,2.17,4.09,3.07
23872,4.26,3.38,4.34,3.9933
4959,5.0,3.04,2.87,3.6367
7815,3.8,2.26,3.31,3.1233
28975,2.52,2.23,4.62,3.1233
58072,5.0,3.45,3.84,4.0967
69015,5.0,3.32,3.07,3.7967
22779,5.0,3.6,3.02,3.8733
37813,4.7,3.31,3.15,3.72
22175,5.0,3.58,3.99,4.19
37170,5.0,3.35,4.26,4.2033
66591,3.15,2.3,3.79,3.08
19788,4.3,3.52,3.35,3.7233
11908,5.0,3.39,3.39,3.9267
2943,4.4,2.99,3.46,3.6167
27556,2.73,2.5,4.34,3.19
25806,3.15,2.37,3.98,3.1667
50749,5.0,3.31,3.88,4.0633
39957,4.41,3.3,3.28,3.6633
2661,5.0,3.21,3.26,3.8233
64333,4.1,2.6,3.38,3.36
48514,4.11,2.86,3.49,3.4867
55274,3.8,2.01,3.38,3.0633
6441,4.19,3.29,3.31,3.5967
40405,5.0,3.29,3.05,3.78
15740,5.0,3.2,3.13,3.7767
1069,3.66,2.18,3.57,3.1367
41119,5.0,3.54,3.05,3.8633
18898,3.8,2.91,3.35,3.3533
31630,3.15,2.37,3.54,3.02
55908,4.61,3.44,3.54,3.8633
64337,5.0,3.6,2.79,3.7967
63611,5.0,3.17,3.36,3.8433
24228,5.0,3.23,3.27,3.8333
57189,4.86,3.55,3.34,3.9167
35537,5.0,3.16,3.27,3.81
56877,4.74,3.21,3.7,3.8833
3814,3.15,2.14,3.44,2.91
58691,2.88,2.26,4.09,3.0767
49403,5.0,3.38,3.23,3.87
27148,3.66,2.49,3.6,3.25
14892,5.0,3.6,2.94,3.8467
16381,5.0,3.57,3.66,4.0767
46860,4.47,3.37,3.43,3.7567
1392,2.75,2.32,4.65,3.24
13467,4.4,3.6,2.83,3.61
3232,5.0,3.13,3.14,3.7567
25758,3.21,2.2,3.78,3.0633
69317,5.0,3.33,3.13,3.82
9641,5.0,3.43,3.28,3.9033
50017,5.0,3.29,3.4,3.8967
54395,3.8,2.41,3.97,3.3933
62953,5.0,3.3,2.96,3.7533
49473,4.64,3.28,3.54,3.82
69123,2.88,2.19,4.69,3.2533
5947,5.0,3.13,3.0,3.71
68027,3.75,2.94,3.83,3.5067
1033,4.1,2.84,4.87,3.9367
7337,5.0,3.37,3.21,3.86
43449,3.1,2.35,3.91,3.12
50901,4.86,3.48,3.66,4.0
35371,4.7,3.14,3.67,3.8367
9470,4.4,2.95,3.4,3.5833
36279,5.0,3.35,3.36,3.9033
54422,4.86,3.51,3.34,3.9033
34750,5.0,3.6,3.05,3.8833
18833,5.0,3.55,3.28,3.9433
47016,3.1,2.03,3.86,2.9967
1275,4.7,3.09,3.28,3.69
48352,4.14,2.68,3.52,3.4467
64250,5.0,3.15,3.14,3.7633
72154,4.4,3.6,2.96,3.6533
2148,4.7,3.42,3.73,3.95
4340,4.64,3.33,3.6,3.8567
42720,5.0,3.18,2.87,3.6833
32729,5.0,3.24,3.45,3.8967
41045,5.0,3.29,3.45,3.9133
70170,5.0,3.52,3.1,3.8733
16014,4.7,3.15,3.68,3.8433
31176,5.0,3.39,3.17,3.8533
56994,4.55,3.51,3.88,3.98
4513,5.0,3.36,3.26,3.8733
38774,4.7,3.19,3.06,3.65
19504,5.0,3.6,3.18,3.9267
27470,4.4,3.6,2.89,3.63
65769,3.21,1.93,3.86,3.0
65171,5.0,3.17,2.9,3.69
12940,3.06,2.06,4.01,3.0433
18548,4.55,3.31,3.49,3.7833
43112,2.82,2.23,4.0,3.0167
28853,3.8,1.98,3.25,3.01
59445,4.86,3.32,3.8,3.9933
34109,5.0,3.51,3.35,3.9533
38595,4.26,3.46,3.3,3.6733
28972,2.65,2.22,4.14,3.0033
27643,5.0,3.48,2.99,3.8233
50459,3.66,2.85,3.34,3.2833
6032,2.91,2.38,4.04,3.11
27678,5.0,3.44,4.06,4.1667
66086,5.0,3.27,3.18,3.8167
30870,4.4,3.08,3.29,3.59
38982,5.0,3.49,3.28,3.9233
21131,3.81,2.83,3.16,3.2667
8793,5.0,3.6,3.14,3.9133
58737,4.7,3.29,3.5,3.83
42624,5.0,3.16,3.11,3.7567
60455,3.8,2.53,3.58,3.3033
20168,5.0,3.37,3.05,3.8067
46777,4.55,3.36,3.58,3.83
53489,4.1,2.67,3.89,3.5533
52042,3.35,2.38,3.86,3.1967
65324,2.92,1.96,3.72,2.8667
39242,3.8,2.52,3.47,3.2633
1356,5.0,3.38,3.0,3.7933
22752,3.1,2.17,3.78,3.0167
67787,5.0,3.6,3.25,3.95
68523,3.06,2.29,3.94,3.0967
25389,2.9,2.11,4.24,3.0833
22392,4.55,3.48,4.05,4.0267
1238,4.4,3.6,3.12,3.7067
41204,3.51,2.66,3.64,3.27
27433,5.0,3.44,3.27,3.9033
21022,4.4,3.6,2.77,3.59
56714,4.1,2.73,3.25,3.36
40989,3.66,2.02,3.28,2.9867
39022,5.0,3.47,3.18,3.8833
17773,2.83,2.19,4.9,3.3067
42852,5.0,3.33,3.18,3.8367
12729,2.72,2.15,3.95,2.94
39353,5.0,3.47,3.35,3.94
3383,5.0,3.57,3.5,4.0233
56919,3.68,2.97,3.31,3.32
47106,3.54,2.24,3.74,3.1733
42198,5.0,3.35,3.25,3.8667
40380,2.79,2.37,4.2,3.12
42730,5.0,3.6,3.44,4.0133
17552,5.0,3.48,2.94,3.8067
57616,5.0,3.56,3.35,3.97
19946,4.44,3.18,3.86,3.8267
18270,2.92,2.07,4.08,3.0233
33393,5.0,3.38,3.16,3.8467
16278,5.0,3.28,3.0,3.76
2368,5.0,3.51,3.23,3.9133
29044,5.0,3.48,3.16,3.88
22206,3.1,2.22,3.6,2.9733
21350,3.84,2.67,4.02,3.51
59572,5.0,3.25,3.28,3.8433
68099,5.0,3.56,3.29,3.95
7452,5.0,3.51,2.97,3.8267
47265,5.0,3.54,3.71,4.0833
53890,3.84,2.5,3.62,3.32
48693,4.74,3.13,3.43,3.7667
24239,5.0,3.6,2.93,3.8433
48554,4.34,2.99,3.38,3.57
68829,3.8,2.4,3.13,3.11
4483,5.0,3.28,3.28,3.8533
60661,3.5,2.88,2.85,3.0767
47736,3.27,2.28,3.66,3.07
2220,4.4,3.6,3.03,3.6767
37673,4.64,3.27,3.64,3.85
15144,4.7,2.97,3.12,3.5967
26470,5.0,3.35,3.57,3.9733
66027,5.0,3.03,3.29,3.7733
43045,4.47,3.48,3.49,3.8133
54776,3.21,2.34,3.87,3.14
16321,3.27,2.24,3.95,3.1533
32016,5.0,3.38,3.28,3.8867
11708,5.0,3.48,3.05,3.8433
29055,3.84,2.5,3.98,3.44
55043,3.15,2.09,4.2,3.1467
55002,4.4,3.6,2.79,3.5967
18169,4.35,3.41,3.84,3.8667
36246,2.52,2.24,4.32,3.0267
34909,5.0,3.44,3.05,3.83
48977,3.66,2.28,3.95,3.2967
17130,5.0,3.16,3.16,3.7733
31675,2.55,2.36,3.97,2.96
20375,5.0,3.29,3.91,4.0667
11914,4.74,3.58,3.5,3.94
15418,4.02,3.5,4.25,3.9233
40542,5.0,3.54,3.41,3.9833
5682,5.0,3.6,3.03,3.8767
53647,4.4,3.08,3.78,3.7533
41818,4.86,3.38,3.34,3.86
4016,5.0,3.35,3.25,3.8667
51494,5.0,3.6,3.18,3.9267
28036,5.0,3.31,3.01,3.7733
49216,4.74,3.4,3.57,3.9033
53530,3.8,2.15,3.61,3.1867
10366,3.06,2.36,4.18,3.2
32095,3.54,1.96,3.58,3.0267
68096,5.0,3.48,3.37,3.95
534,4.56,3.2,4.24,4.0
51095,5.0,3.6,3.1,3.9
4010,3.35,2.21,3.89,3.15
31775,5.0,3.49,2.95,3.8133
58380,3.54,2.45,4.93,3.64
58551,5.0,3.54,3.31,3.95
62596,5.0,3.55,3.2,3.9167
47634,5.0,3.43,3.22,3.8833
18645,5.0,3.56,3.52,4.0267
24177,5.0,3.6,2.74,3.78
9503,4.1,2.59,3.42,3.37
62901,4.1,3.36,3.05,3.5033
52551,3.8,1.72,3.21,2.91
28974,3.02,2.4,4.16,3.1933
31626,3.21,2.19,4.2,3.2
9039,5.0,3.45,3.35,3.9333
13705,4.56,3.19,3.38,3.71
5919,4.55,3.54,3.32,3.8033
14746,3.8,3.27,3.43,3.5
46233,5.0,3.15,3.14,3.7633
4974,5.0,3.6,3.38,3.9933
35398,5.0,3.6,3.45,4.0167
1621,4.4,3.6,2.79,3.5967
36549,5.0,2.88,3.32,3.7333
27084,4.83,3.48,3.49,3.9333
22026,3.8,2.31,3.62,3.2433
26092,4.4,2.99,3.51,3.6333
7533,3.66,2.02,3.28,2.9867
36553,4.35,3.13,3.48,3.6533
15987,4.1,2.72,3.81,3.5433
11351,5.0,3.25,3.25,3.8333
2398,5.0,3.48,3.53,4.0033
20985,4.4,3.6,2.95,3.65
35884,5.0,2.9,2.89,3.5967
61513,4.64,3.31,3.82,3.9233
9249,5.0,3.13,2.91,3.68
7501,3.1,2.28,3.73,3.0367
52821,5.0,3.09,3.19,3.76
59749,2.96,3.05,3.1,3.0367
53240,4.86,3.26,3.55,3.89
66688,4.4,3.6,2.9,3.6333
70121,3.8,2.6,3.52,3.3067
29952,4.61,3.43,3.99,4.01
42592,3.1,2.12,4.03,3.0833
72201,5.0,3.36,3.2,3.8533
3874,3.21,2.26,4.01,3.16
58678,5.0,3.07,3.24,3.77
30696,5.0,3.54,3.22,3.92
55317,5.0,3.52,3.2,3.9067
4982,5.0,3.6,3.86,4.1533
18773,5.0,3.47,3.35,3.94
34003,3.87,2.78,3.81,3.4867
54075,4.7,3.36,3.57,3.8767
16444,4.4,3.6,2.72,3.5733
34539,5.0,3.6,2.85,3.8167
65330,2.97,2.19,3.84,3.0
23422,3.54,2.28,4.12,3.3133
42511,4.44,3.06,3.25,3.5833
39593,3.44,2.2,3.73,3.1233
35851,3.15,2.22,3.8,3.0567
41606,5.0,3.54,3.87,4.1367
27987,5.0,3.4,4.53,4.31
47254,4.4,2.61,3.54,3.5167
49604,2.93,2.29,4.79,3.3367
3811,5.0,3.33,3.08,3.8033
16052,3.8,2.28,3.32,3.1333
60006,2.84,2.25,5.0,3.3633
38075,5.0,3.6,2.75,3.7833
34585,4.41,3.39,4.02,3.94
70830,4.61,3.4,3.9,3.97
2259,3.74,2.72,4.01,3.49
38845,5.0,2.9,2.8,3.5667
51642,3.54,2.24,3.31,3.03
38311,5.0,3.51,3.02,3.8433
68617,5.0,3.4,3.18,3.86
12708,2.65,2.13,4.67,3.15
44030,5.0,3.16,3.08,3.7467
32889,3.15,2.08,3.88,3.0367
40745,4.55,3.52,3.53,3.8667
54746,5.0,3.6,3.19,3.93
72077,5.0,2.84,2.88,3.5733
52848,5.0,3.36,3.05,3.8033
5544,2.99,2.22,4.04,3.0833
57207,2.78,2.37,4.95,3.3667
20481,5.0,3.32,3.02,3.78
8410,2.99,2.31,4.45,3.25
44905,3.54,2.13,3.32,2.9967
51566,4.26,3.12,3.3,3.56
52825,5.0,3.52,3.21,3.91
44745,5.0,3.38,3.66,4.0133
15598,4.55,3.48,3.43,3.82
29461,4.25,3.18,3.69,3.7067
41053,5.0,3.49,4.38,4.29
39084,5.0,3.16,3.27,3.81
15303,4.7,3.27,3.02,3.6633
64791,5.0,3.02,3.09,3.7033
4168,4.4,2.99,3.46,3.6167
66500,5.0,3.4,3.03,3.81
19983,4.55,3.3,3.49,3.78
18542,4.55,3.32,3.56,3.81
66284,4.26,3.39,3.65,3.7667
30061,4.4,2.83,2.96,3.3967
9624,4.4,2.73,3.52,3.55
6485,5.0,3.56,3.35,3.97
38422,5.0,3.38,3.91,4.0967
29759,3.66,2.02,3.28,2.9867
47593,4.74,3.44,3.45,3.8767
13166,3.95,3.07,3.19,3.4033
46484,3.8,1.88,3.63,3.1033
15125,3.44,2.4,3.48,3.1067
12999,5.0,3.17,3.2,3.79
44035,4.1,2.72,3.29,3.37
17245,5.0,3.51,3.23,3.9133
43855,2.97,2.35,3.82,3.0467
38237,3.63,2.15,3.15,2.9767
37465,5.0,3.13,3.02,3.7167
16332,5.0,3.6,3.14,3.9133
40831,2.35,2.37,4.52,3.08
53731,5.0,3.6,2.94,3.8467
71007,3.8,2.64,3.13,3.19
4759,5.0,3.42,3.32,3.9133
26930,5.0,3.5,3.83,4.11
33764,4.86,3.37,3.98,4.07
27066,4.56,3.04,3.52,3.7067
6891,4.4,3.6,3.26,3.7533
15461,4.7,3.36,2.92,3.66
60788,5.0,3.2,2.96,3.72
43375,3.8,2.26,3.53,3.1967
11073,5.0,3.6,3.02,3.8733
1764,3.44,2.24,3.45,3.0433
58979,5.0,3.6,2.78,3.7933
53778,5.0,3.48,3.48,3.9867
40701,4.4,3.6,3.15,3.7167
22126,2.81,2.19,4.89,3.2967
61922,3.02,2.38,3.74,3.0467
22312,3.8,2.24,3.33,3.1233
69753,3.35,2.44,3.85,3.2133
13007,4.56,2.93,3.74,3.7433
15555,4.14,3.58,4.04,3.92
69863,3.1,2.4,3.97,3.1567
56621,2.97,2.24,3.98,3.0633
29893,4.1,3.16,2.84,3.3667
30936,2.91,2.11,4.39,3.1367
48786,3.81,3.03,3.64,3.4933
579,5.0,3.45,3.27,3.9067
64743,4.41,3.19,3.6,3.7333
71377,4.4,3.6,2.98,3.66
54363,5.0,3.55,3.22,3.9233
39896,5.0,3.6,3.1,3.9
51184,3.89,3.14,3.8,3.61
27759,5.0,3.21,3.26,3.8233
32862,3.5,2.88,2.85,3.0767
22640,4.11,2.98,3.6,3.5633
24153,5.0,3.52,3.61,4.0433
22512,5.0,3.6,3.04,3.88
15244,3.5,2.68,2.84,3.0067
59393,5.0,3.44,3.16,3.8667
49866,4.86,3.46,3.39,3.9033
27366,2.94,1.94,4.5,3.1267
54564,3.66,2.28,3.95,3.2967
9003,5.0,3.34,3.76,4.0333
38827,3.35,2.12,4.18,3.2167
70638,3.8,1.89,3.25,2.98
68830,5.0,3.25,3.28,3.8433
10369,4.86,3.26,3.25,3.79
36294,5.0,3.51,2.97,3.8267
8143,4.4,2.82,3.6,3.6067
10880,5.0,3.53,3.16,3.8967
8533,4.55,3.49,3.6,3.88
53378,5.0,3.13,3.18,3.77
41650,3.27,2.08,3.92,3.09
40539,2.92,2.25,4.55,3.24
68373,4.86,3.22,3.28,3.7867
36955,4.7,3.32,3.41,3.81
53509,5.0,3.43,3.39,3.94
59222,5.0,3.5,3.88,4.1267
49712,5.0,3.37,3.1,3.8233
58017,5.0,3.32,3.17,3.83
42289,3.1,2.21,4.4,3.2367
30215,5.0,3.33,3.08,3.8033
50824,5.0,3.12,3.28,3.8
50692,5.0,3.35,2.88,3.7433
34118,2.95,2.38,4.06,3.13
55714,3.35,2.27,3.97,3.1967
71739,2.99,2.37,4.48,3.28
55691,5.0,3.6,2.95,3.85
54666,4.55,3.35,3.36,3.7533
69646,5.0,3.25,3.37,3.8733
30206,2.92,2.07,4.61,3.2
15881,2.99,2.31,4.19,3.1633
18377,4.7,3.25,3.28,3.7433
67013,4.4,3.6,2.9,3.6333
10918,5.0,3.29,3.24,3.8433
22866,5.0,3.55,3.22,3.9233
17516,3.02,2.1,4.14,3.0867
11050,5.0,3.52,3.77,4.0967
56100,2.89,2.3,4.22,3.1367
6543,2.89,2.3,3.84,3.01
70049,2.75,2.03,3.83,2.87
24041,3.27,2.27,3.81,3.1167
41895,4.7,3.29,3.57,3.8533
52909,3.1,2.15,4.19,3.1467
65213,5.0,3.18,3.12,3.7667
52976,4.7,3.27,3.27,3.7467
26195,5.0,3.23,3.22,3.8167
38983,5.0,3.49,3.28,3.9233
51348,5.0,3.57,3.64,4.07
6216,5.0,3.21,3.16,3.79
71586,5.0,3.13,3.26,3.7967
22872,4.1,2.83,3.07,3.3333
15765,4.19,3.51,4.31,4.0033
30092,4.4,2.98,3.13,3.5033
60858,5.0,3.51,2.97,3.8267
40739,3.44,2.29,4.09,3.2733
19954,5.0,3.41,3.09,3.8333
68006,5.0,3.46,3.28,3.9133
9619,5.0,3.56,3.45,4.0033
11434,5.0,3.44,3.04,3.8267
178,2.99,2.22,4.14,3.1167
21216,5.0,3.6,3.26,3.9533
20284,4.41,3.53,3.81,3.9167
756,4.86,3.53,3.08,3.8233
56514,5.0,3.08,3.21,3.7633
6448,5.0,3.38,3.41,3.93
64780,4.55,3.58,3.71,3.9467
4128,5.0,3.52,2.99,3.8367
11295,3.54,2.15,3.62,3.1033
39864,3.8,2.36,3.48,3.2133
48666,3.66,2.24,3.82,3.24
26251,4.7,3.26,3.61,3.8567
23526,5.0,3.23,3.27,3.8333
29719,5.0,2.99,3.2,3.73
47653,5.0,3.4,3.69,4.03
3609,2.76,2.29,4.73,3.26
13384,4.7,3.27,3.27,3.7467
32382,5.0,3.21,3.26,3.8233
10533,4.25,2.89,3.38,3.5067
16880,2.99,2.31,4.14,3.1467
51620,4.26,2.93,3.4,3.53
57174,4.86,3.0,3.63,3.83
65199,4.7,3.26,3.45,3.8033
37629,4.34,3.5,3.58,3.8067
429,4.7,3.36,3.07,3.71
58751,5.0,3.39,3.26,3.8833
48232,3.66,2.02,3.28,2.9867
49320,5.0,3.15,3.19,3.78
58352,3.06,2.23,4.45,3.2467
46691,4.86,3.44,4.05,4.1167
29467,4.86,3.12,3.28,3.7533
63596,2.73,1.89,3.75,2.79
67111,5.0,3.56,3.13,3.8967
9318,3.21,2.09,3.7,3.0
42252,4.18,3.1,4.11,3.7967
745,4.17,3.34,4.52,4.01
6383,2.91,2.38,3.98,3.09
57930,5.0,3.55,3.28,3.9433
65472,4.14,3.6,3.05,3.5967
54881,4.14,2.92,3.69,3.5833
42399,5.0,3.25,3.12,3.79
25556,5.0,3.42,3.29,3.9033
57272,3.27,2.09,4.17,3.1767
6664,5.0,3.6,2.78,3.7933
44967,3.54,2.3,4.14,3.3267
11259,3.8,1.72,3.21,2.91
38041,4.19,3.49,3.73,3.8033
48074,5.0,3.53,3.45,3.9933
31077,3.1,2.13,4.15,3.1267
46621,4.4,2.51,3.08,3.33
14254,4.13,3.42,3.58,3.71
27932,3.54,2.34,3.61,3.1633
52890,3.1,2.0,3.73,2.9433
37716,4.02,3.5,3.92,3.8133
41401,2.63,2.13,4.3,3.02
17828,5.0,3.37,2.94,3.77
42845,5.0,3.16,3.27,3.81
51115,5.0,3.21,3.28,3.83
9632,3.06,2.31,4.11,3.16
33218,4.34,3.22,4.01,3.8567
39775,3.44,2.1,3.7,3.08
56191,5.0,3.21,3.26,3.8233
7767,5.0,3.36,3.47,3.9433
11369,5.0,3.57,3.76,4.11
7066,4.55,3.56,3.66,3.9233
293,5.0,3.42,3.92,4.1133
58035,4.7,3.13,3.37,3.7333
2295,2.99,2.25,3.53,2.9233
41141,4.1,2.68,3.57,3.45
64432,5.0,3.55,3.74,4.0967
8511,3.8,2.32,3.72,3.28
25568,5.0,3.6,3.36,3.9867
43653,4.4,3.6,2.91,3.6367
24748,2.88,2.25,4.4,3.1767
48811,5.0,3.53,3.33,3.9533
64181,2.88,2.33,4.77,3.3267
65779,2.84,2.05,3.71,2.8667
49725,4.7,3.25,3.42,3.79
66906,5.0,3.6,2.75,3.7833
53459,4.4,3.03,3.29,3.5733
41094,3.06,2.22,3.96,3.08
18765,3.36,2.73,4.16,3.4167
29630,3.66,1.79,4.27,3.24
57814,5.0,3.15,3.14,3.7633
70271,4.4,3.6,3.0,3.6667
36004,3.44,2.22,3.89,3.1833
377,4.41,3.38,3.89,3.8933
54545,5.0,3.44,3.05,3.83
53141,5.0,3.47,3.5,3.99
58567,5.0,3.11,2.99,3.7
3409,4.7,3.06,2.96,3.5733
69816,3.8,2.62,5.0,3.8067
41334,4.19,3.39,4.12,3.9
62771,5.0,3.13,3.26,3.7967
20930,3.54,2.32,3.7,3.1867
51063,5.0,3.23,3.27,3.8333
23915,3.66,2.28,3.95,3.2967
28943,5.0,3.22,3.25,3.8233
55716,3.35,2.22,3.91,3.16
59530,5.0,3.49,3.28,3.9233
15770,3.32,2.22,3.99,3.1767
5417,3.54,2.33,3.89,3.2533
42023,5.0,3.57,3.57,4.0467
18624,5.0,3.44,3.4,3.9467
2170,4.71,3.27,3.72,3.9
23398,5.0,3.56,3.35,3.97
68005,5.0,3.42,3.32,3.9133
4998,3.15,2.21,3.28,2.88
42682,4.4,3.44,2.96,3.6
71233,4.56,3.12,3.91,3.8633
62372,5.0,3.4,3.06,3.82
70579,3.66,2.02,3.28,2.9867
42776,3.27,2.54,3.58,3.13
30268,3.44,2.2,3.57,3.07
25749,2.99,2.14,3.82,2.9833
24053,5.0,3.55,3.38,3.9767
46850,4.44,3.17,3.57,3.7267
13124,5.0,3.36,3.26,3.8733
11186,4.74,3.56,3.63,3.9767
69551,5.0,3.48,3.27,3.9167
27495,5.0,3.23,3.27,3.8333
33884,4.86,3.42,4.15,4.1433
54778,3.06,2.3,3.78,3.0467
6684,4.4,3.32,3.07,3.5967
21798,3.21,2.22,3.91,3.1133
43377,3.8,2.06,3.48,3.1133
12117,5.0,3.58,4.02,4.2
14263,4.4,3.6,2.96,3.6533
32622,5.0,3.54,3.22,3.92
38626,5.0,3.35,3.19,3.8467
17642,5.0,3.29,3.1,3.7967
50741,3.21,2.35,3.81,3.1233
25181,4.86,3.19,3.86,3.97
18086,5.0,3.15,3.19,3.78
47189,5.0,3.25,3.28,3.8433
25025,4.7,3.21,3.8,3.9033
42268,2.92,2.07,4.69,3.2267
67326,3.06,2.2,3.93,3.0633
32802,3.35,2.22,3.92,3.1633
61843,5.0,3.06,2.9,3.6533
33748,5.0,3.27,2.99,3.7533
60837,4.4,3.6,2.79,3.5967
1310,4.4,3.6,2.96,3.6533
6088,5.0,3.44,3.1,3.8467
46862,4.86,3.33,3.34,3.8433
27911,5.0,3.47,3.08,3.85
20162,3.21,2.26,3.56,3.01
6563,5.0,3.44,3.16,3.8667
65044,4.4,3.6,2.79,3.5967
4988,5.0,3.32,2.92,3.7467
54313,5.0,3.57,3.58,4.05
16996,5.0,3.42,2.85,3.7567
56740,3.27,2.28,4.41,3.32
13347,3.02,2.19,4.12,3.11
39112,5.0,3.5,2.96,3.82
62717,5.0,3.56,3.27,3.9433
40343,4.4,2.87,3.14,3.47
59945,2.94,2.26,3.65,2.95
9588,5.0,3.26,3.55,3.9367
17117,4.44,3.27,3.58,3.7633
61644,2.6,2.35,4.68,3.21
50317,3.44,2.16,4.13,3.2433
50258,4.4,2.99,4.31,3.9
61674,4.1,2.65,3.39,3.38
16833,3.8,1.82,3.21,2.9433
4722,5.0,3.23,3.27,3.8333
12805,5.0,3.42,3.14,3.8533
43628,5.0,3.2,3.29,3.83
17087,4.05,3.13,3.73,3.6367
21274,2.9,2.36,3.89,3.05
5159,5.0,3.16,3.32,3.8267
17899,3.8,2.59,3.31,3.2333
23798,5.0,3.6,2.78,3.7933
9928,4.1,2.59,3.16,3.2833
20601,5.0,3.6,2.8,3.8
58176,4.4,3.6,2.77,3.59
29555,2.97,2.15,3.77,2.9633
56858,3.27,2.22,3.42,2.97
632,4.7,3.36,3.63,3.8967
63438,4.44,3.21,4.05,3.9
43543,2.84,2.27,3.53,2.88
66893,4.74,3.51,3.27,3.84
58442,5.0,3.45,3.16,3.87
16638,4.64,3.33,3.28,3.75
20431,4.4,3.6,2.79,3.5967
52817,3.21,2.28,3.86,3.1167
34301,5.0,3.47,3.24,3.9033
32433,5.0,3.44,3.3,3.9133
1921,5.0,3.15,3.14,3.7633
18227,5.0,3.28,3.05,3.7767
2356,2.97,2.36,4.29,3.2067
39190,4.4,2.9,3.18,3.4933
37633,3.44,1.93,3.49,2.9533
60828,3.35,2.11,4.08,3.18
60817,5.0,3.57,3.46,4.01
10424,5.0,3.57,3.49,4.02
26416,4.1,3.16,2.84,3.3667
41421,5.0,3.53,3.44,3.99
32861,4.41,3.24,3.73,3.7933
29222,3.54,2.37,3.42,3.11
4349,4.74,3.27,3.43,3.8133
21575,5.0,3.6,3.17,3.9233
15688,2.99,1.85,4.07,2.97
27821,2.78,2.33,4.58,3.23
34841,5.0,3.51,3.03,3.8467
62850,3.54,2.31,4.1,3.3167
59887,4.1,3.19,3.37,3.5533
37587,3.44,2.36,3.36,3.0533
34112,2.94,2.1,4.59,3.21
8728,5.0,3.25,3.19,3.8133
54042,5.0,3.6,3.81,4.1367
26423,4.4,3.53,3.32,3.75
6505,5.0,3.34,3.08,3.8067
5979,4.7,3.26,3.29,3.75
59807,3.66,2.14,3.45,3.0833
45085,2.94,2.34,4.44,3.24
38020,4.06,3.51,3.51,3.6933
61991,2.97,2.2,3.87,3.0133
25282,3.27,2.08,4.1,3.15
19223,4.86,3.37,4.03,4.0867
8693,3.27,2.25,3.6,3.04
37490,5.0,3.3,3.59,3.9633
3722,4.7,3.13,3.55,3.7933
4044,4.37,3.38,3.89,3.88
65725,3.66,2.38,3.88,3.3067
67613,3.27,2.32,4.15,3.2467
6904,3.1,2.16,3.7,2.9867
71359,5.0,3.34,3.35,3.8967
11968,5.0,3.56,3.68,4.08
9132,2.89,2.36,4.0,3.0833
1976,5.0,3.6,3.03,3.8767
759,4.86,3.25,3.29,3.8
10665,5.0,3.52,3.71,4.0767
57483,5.0,3.42,2.95,3.79
44282,4.17,3.16,3.86,3.73
7852,3.95,2.85,3.11,3.3033
15661,2.86,2.26,4.32,3.1467
3266,2.8,2.35,4.25,3.1333
31006,5.0,3.54,3.36,3.9667
36716,5.0,3.35,2.93,3.76
61023,3.8,1.89,3.25,2.98
21092,5.0,3.25,3.36,3.87
38843,3.84,2.72,3.13,3.23
14096,5.0,3.51,3.19,3.9
36192,3.8,1.89,3.25,2.98
60173,3.8,2.21,4.32,3.4433
12458,5.0,3.53,3.02,3.85
53685,5.0,3.6,3.11,3.9033
52355,5.0,3.58,3.66,4.08
20149,5.0,3.51,3.08,3.8633
47962,5.0,3.2,2.96,3.72
13864,4.1,2.84,4.22,3.72
51713,5.0,3.39,3.02,3.8033
68950,2.81,2.27,4.52,3.2
53698,4.47,3.35,3.09,3.6367
4443,4.55,3.51,3.68,3.9133
29773,5.0,3.21,3.05,3.7533
37874,5.0,3.13,3.48,3.87
36737,4.86,3.41,4.14,4.1367
55017,4.4,3.6,2.96,3.6533
564,4.4,3.6,2.79,3.5967
46642,3.75,3.01,3.64,3.4667
30308,5.0,3.34,3.55,3.9633
57727,4.74,3.13,3.51,3.7933
59119,3.75,2.73,4.17,3.55
71697,5.0,3.4,3.18,3.86
33040,5.0,3.51,3.32,3.9433
10534,5.0,3.6,2.94,3.8467
6962,4.17,3.31,4.41,3.9633
44936,5.0,3.53,3.48,4.0033
50307,3.44,2.39,3.52,3.1167
6764,5.0,2.94,3.04,3.66
56370,5.0,3.16,3.27,3.81
36866,5.0,3.52,3.5,4.0067
39644,4.56,2.69,3.63,3.6267
52566,3.06,2.4,3.8,3.0867
23782,3.87,2.79,3.44,3.3667
46064,2.28,2.09,3.59,2.6533
51222,5.0,3.45,3.22,3.89
62058,4.4,3.6,2.71,3.57
50780,5.0,3.6,3.77,4.1233
53113,4.64,3.51,3.47,3.8733
39395,5.0,3.47,3.51,3.9933
56189,5.0,3.39,3.17,3.8533
33126,4.71,3.13,3.14,3.66
61639,4.4,3.6,2.79,3.5967
52916,4.4,3.44,3.2,3.68
36918,5.0,3.6,3.37,3.99
61246,5.0,3.6,3.21,3.9367
23265,2.92,1.68,3.67,2.7567
3013,5.0,3.32,3.18,3.8333
15615,5.0,3.48,2.99,3.8233
12450,4.4,3.44,3.2,3.68
45622,4.86,3.53,4.52,4.3033
32427,2.94,2.2,4.19,3.11
9060,5.0,3.48,3.93,4.1367
57964,3.27,2.3,3.96,3.1767
57560,2.99,2.26,3.88,3.0433
58943,5.0,3.51,3.02,3.8433
18431,3.21,2.03,3.78,3.0067
44475,5.0,3.38,3.05,3.81
45836,5.0,3.53,3.12,3.8833
29033,5.0,3.53,3.38,3.97
24329,4.4,3.08,3.42,3.6333
16230,5.0,3.23,3.27,3.8333
66033,4.55,3.48,3.5,3.8433
46530,5.0,2.95,3.07,3.6733
30824,4.4,3.6,2.71,3.57
44527,5.0,3.23,3.27,3.8333
8744,5.0,3.41,3.46,3.9567
60039,3.66,2.2,3.93,3.2633
991,3.1,2.2,4.15,3.15
2079,5.0,3.38,3.67,4.0167
11552,5.0,3.24,3.35,3.8633
11850,5.0,3.45,3.45,3.9667
62569,4.7,3.01,3.05,3.5867
4578,4.86,3.13,3.81,3.9333
4911,5.0,3.42,3.55,3.99
27329,5.0,3.52,3.04,3.8533
26169,5.0,3.6,3.49,4.03
61169,5.0,3.39,3.17,3.8533
30285,5.0,3.4,2.84,3.7467
58055,5.0,3.41,3.19,3.8667
38091,5.0,3.35,3.37,3.9067
43506,3.27,2.22,3.86,3.1167
68675,5.0,3.17,3.11,3.76
69380,4.74,3.24,3.62,3.8667
13996,5.0,3.52,3.61,4.0433
34875,3.11,2.49,3.71,3.1033
27393,5.0,3.32,3.02,3.78
51408,4.4,3.6,2.98,3.66
43643,4.4,3.07,3.81,3.76
33699,4.7,3.24,2.83,3.59
18280,4.31,3.42,3.29,3.6733
13167,5.0,3.35,3.14,3.83
6001,4.4,2.98,4.24,3.8733
694,3.27,2.09,3.61,2.99
18357,5.0,3.54,3.19,3.91
398,3.06,2.27,4.17,3.1667
29911,2.92,2.08,4.07,3.0233
47834,2.98,2.22,3.76,2.9867
58736,4.7,3.21,3.5,3.8033
10312,3.35,2.07,4.18,3.2
8069,5.0,3.38,2.95,3.7767
32715,4.35,3.21,3.82,3.7933
25842,2.95,2.28,3.64,2.9567
59316,4.27,3.33,3.69,3.7633
48428,5.0,3.28,3.04,3.7733
47409,5.0,3.37,3.1,3.8233
57294,5.0,3.33,3.54,3.9567
51454,4.22,3.41,3.91,3.8467
63090,4.4,2.93,3.85,3.7267
4533,5.0,3.57,3.44,4.0033
69298,5.0,3.42,3.2,3.8733
25688,4.1,2.35,3.44,3.2967
33438,4.4,3.41,2.97,3.5933
29991,2.93,2.28,3.97,3.06
29070,5.0,3.55,3.18,3.91
54160,5.0,3.16,3.27,3.81
61837,4.47,3.49,3.13,3.6967
57306,5.0,3.5,3.76,4.0867
47853,3.87,3.07,3.53,3.49
54504,2.55,2.28,4.88,3.2367
19348,3.06,2.38,3.83,3.09
57276,3.8,2.03,4.0,3.2767
35169,2.71,2.31,5.0,3.34
44422,4.4,3.24,3.26,3.6333
58779,5.0,3.47,2.98,3.8167
2657,5.0,3.13,3.26,3.7967
17074,3.84,2.68,3.77,3.43
3196,4.86,3.55,3.39,3.9333
4423,5.0,3.17,3.15,3.7733
48483,5.0,3.27,3.13,3.8
22970,5.0,2.93,3.7,3.8767
61452,5.0,3.26,3.61,3.9567
34154,5.0,3.54,3.2,3.9133
40176,5.0,3.6,4.08,4.2267
1656,3.27,2.21,3.72,3.0667
19833,5.0,3.56,4.45,4.3367
69788,3.96,2.81,3.83,3.5333
64676,4.74,3.57,3.34,3.8833
8334,3.45,2.41,4.03,3.2967
15473,4.7,3.2,3.09,3.6633
16192,5.0,3.44,3.02,3.82
1414,5.0,3.13,3.26,3.7967
38235,4.1,2.81,4.14,3.6833
18689,3.5,2.88,2.85,3.0767
8023,5.0,3.54,3.81,4.1167
70505,5.0,3.44,3.09,3.8433
39642,3.89,2.88,4.35,3.7067
15235,3.21,2.37,3.62,3.0667
34650,5.0,3.37,3.48,3.95
54771,3.35,2.36,3.95,3.22
44844,4.26,3.25,4.1,3.87
36785,4.4,3.6,3.16,3.72
4885,5.0,3.49,3.0,3.83
46981,4.64,3.49,3.45,3.86
44379,4.86,3.41,3.85,4.04
61471,4.7,3.14,3.5,3.78
36284,5.0,3.6,3.22,3.94
27671,4.4,3.6,3.19,3.73
48600,3.35,2.28,3.57,3.0667
68386,2.99,2.38,4.25,3.2067
52031,5.0,3.35,3.09,3.8133
38149,4.64,3.52,3.96,4.04
39249,5.0,3.38,3.25,3.8767
55612,5.0,3.22,3.44,3.8867
42507,4.74,3.42,3.73,3.9633
58390,3.35,2.3,4.03,3.2267
37702,4.4,3.4,3.13,3.6433
64212,5.0,3.53,3.38,3.97
19680,5.0,3.43,3.43,3.9533
43537,4.4,3.35,2.93,3.56
18503,5.0,3.36,3.37,3.91
69068,3.36,2.21,3.85,3.14
5705,5.0,3.38,3.18,3.8533
40378,3.15,2.25,4.38,3.26
18649,5.0,3.54,3.32,3.9533
5663,4.47,3.37,3.73,3.8567
4402,5.0,3.31,3.01,3.7733
45015,4.22,3.15,3.83,3.7333
62744,5.0,3.13,3.26,3.7967
55999,2.8,2.34,4.52,3.22
24253,4.7,3.27,3.43,3.8
40243,4.25,3.05,3.85,3.7167
41402,2.72,2.19,4.11,3.0067
12154,2.81,2.37,4.18,3.12
59360,3.66,2.32,3.28,3.0867
2059,5.0,3.53,3.17,3.9
66739,5.0,3.46,3.27,3.91
34653,5.0,3.6,3.72,4.1067
1794,4.4,3.6,2.79,3.5967
63576,5.0,3.41,3.3,3.9033
37179,4.3,3.51,3.23,3.68
17412,2.73,2.24,4.06,3.01
18098,5.0,3.53,3.16,3.8967
34670,2.94,1.86,3.94,2.9133
69345,4.86,3.29,4.04,4.0633
69881,4.86,3.2,3.2,3.7533
12699,4.1,2.82,3.71,3.5433
44624,4.41,3.43,3.71,3.85
20344,4.4,3.04,3.88,3.7733
17877,5.0,3.48,3.27,3.9167
817,4.4,3.6,2.72,3.5733
66291,5.0,3.41,2.97,3.7933
71291,5.0,3.19,3.39,3.86
30243,5.0,3.56,3.37,3.9767
29668,5.0,3.35,3.25,3.8667
42241,4.41,3.5,3.26,3.7233
11856,3.5,2.88,2.85,3.0767
62232,4.26,3.32,4.07,3.8833
9824,5.0,3.56,3.38,3.98
19526,4.74,3.26,3.44,3.8133
67487,5.0,3.13,3.26,3.7967
48934,4.74,3.14,3.74,3.8733
38023,5.0,3.2,3.06,3.7533
71853,5.0,3.45,3.16,3.87
3037,4.74,3.28,3.67,3.8967
29005,2.81,2.23,4.31,3.1167
68407,5.0,3.55,3.28,3.9433
22389,3.11,2.1,3.98,3.0633
974,5.0,3.53,3.56,4.03
69079,4.7,3.26,3.06,3.6733
10125,5.0,3.51,2.97,3.8267
18189,5.0,3.36,3.31,3.89
46256,5.0,3.47,3.34,3.9367
33332,2.82,2.16,4.41,3.13
67325,2.94,2.24,4.01,3.0633
70547,3.06,2.44,4.1,3.2
71035,5.0,3.52,3.09,3.87
41899,5.0,3.06,3.36,3.8067
47872,5.0,3.1,3.01,3.7033
30664,5.0,3.32,3.9,4.0733
4742,5.0,3.48,3.05,3.8433
40045,4.4,3.03,3.38,3.6033
32629,5.0,3.42,3.21,3.8767
61626,5.0,3.44,2.91,3.7833
35144,5.0,3.45,3.32,3.9233
63514,5.0,3.25,3.1,3.7833
57632,4.86,3.57,3.48,3.97
49977,5.0,3.57,4.06,4.21
18873,4.31,3.51,3.99,3.9367
9758,3.8,1.97,3.23,3.0
19255,5.0,3.08,3.03,3.7033
43464,5.0,3.56,3.34,3.9667
62523,4.1,3.26,3.06,3.4733
40584,4.7,3.26,4.38,4.1133
60327,5.0,3.35,3.25,3.8667
72179,4.56,3.15,3.4,3.7033
54179,3.27,2.17,3.12,2.8533
70642,4.35,3.23,3.92,3.8333
20004,4.55,3.46,3.63,3.88
58147,3.06,2.3,4.78,3.38
31797,4.7,3.33,3.32,3.7833
15995,5.0,3.51,3.59,4.0333
51260,5.0,3.16,3.27,3.81
6825,5.0,3.51,2.98,3.83
5117,4.74,3.29,4.03,4.02
37239,4.01,3.03,3.79,3.61
35796,4.8,3.42,3.44,3.8867
25610,5.0,3.12,4.34,4.1533
36320,4.6,3.37,3.61,3.86
32716,5.0,3.52,4.42,4.3133
4585,3.74,2.83,3.78,3.45
13048,5.0,3.34,3.77,4.0367
54375,5.0,3.51,4.13,4.2133
39451,5.0,3.21,3.05,3.7533
58679,4.56,2.99,3.16,3.57
64055,5.0,3.47,3.4,3.9567
52746,4.86,3.08,3.29,3.7433
15946,5.0,3.6,3.46,4.02
67682,3.8,1.89,3.25,2.98
56789,3.02,2.26,4.15,3.1433
64375,3.35,1.99,3.77,3.0367
47808,5.0,3.23,3.27,3.8333
5160,5.0,3.47,3.4,3.9567
60971,2.8,2.3,4.79,3.2967
56800,5.0,3.6,3.21,3.9367
30609,5.0,3.54,3.21,3.9167
47117,3.8,2.3,3.4,3.1667
72187,4.4,3.6,2.72,3.5733
64073,5.0,3.54,3.3,3.9467
52568,5.0,3.6,3.09,3.8967
47003,5.0,3.13,3.24,3.79
15683,3.87,2.92,3.73,3.5067
22962,3.54,2.15,3.84,3.1767
50837,3.21,2.61,3.33,3.05
45901,5.0,3.22,2.93,3.7167
63650,3.44,2.27,3.84,3.1833
60075,5.0,3.53,3.23,3.92
13538,4.1,3.36,2.9,3.4533
47703,5.0,3.16,3.39,3.85
8897,5.0,3.31,3.16,3.8233
22780,4.86,3.3,3.3,3.82
59614,4.4,3.6,2.84,3.6133
41566,3.74,2.68,3.6,3.34
43324,3.8,2.19,3.39,3.1267
11224,4.44,3.09,3.22,3.5833
69255,3.35,2.1,4.06,3.17
53547,5.0,3.5,3.59,4.03
45240,5.0,3.39,3.17,3.8533
22137,5.0,3.42,2.98,3.8
11246,3.96,2.6,4.02,3.5267
28434,3.8,2.19,3.12,3.0367
61962,5.0,3.18,2.87,3.6833
23821,5.0,3.13,3.26,3.7967
26414,4.86,3.44,3.31,3.87
56695,3.15,2.2,3.83,3.06
48288,3.06,2.37,3.46,2.9633
39521,4.7,3.26,3.81,3.9233
15653,4.74,3.37,3.81,3.9733
45356,5.0,3.6,3.07,3.89
50045,3.66,2.18,3.51,3.1167
31402,4.7,2.78,3.71,3.73
36725,4.86,3.25,3.09,3.7333
48890,4.4,3.6,2.79,3.5967
12992,2.73,2.18,4.57,3.16
63858,5.0,3.37,2.89,3.7533
11521,5.0,3.6,3.32,3.9733
32781,4.7,3.16,3.96,3.94
39064,5.0,3.49,2.95,3.8133
22183,3.27,2.5,3.51,3.0933
8460,5.0,3.6,2.97,3.8567
11592,5.0,3.31,3.31,3.8733
44942,5.0,3.52,3.44,3.9867
3118,3.8,2.56,3.2,3.1867
67278,4.4,3.6,2.83,3.61
27205,5.0,3.4,3.06,3.82
16110,4.64,3.32,3.63,3.8633
17687,5.0,3.55,3.38,3.9767
16640,2.92,2.36,3.8,3.0267
459,4.4,3.6,2.77,3.59
21342,5.0,3.51,3.18,3.8967
29129,2.92,2.26,4.47,3.2167
19662,5.0,3.4,3.81,4.07
22342,5.0,3.37,3.05,3.8067
27107,3.35,2.07,3.59,3.0033
60765,5.0,3.2,3.13,3.7767
70776,3.44,2.36,4.11,3.3033
70802,4.7,3.25,3.54,3.83
71409,3.66,2.28,3.95,3.2967
6398,3.27,2.1,4.03,3.1333
54878,3.44,2.41,3.7,3.1833
21435,5.0,3.08,3.08,3.72
13929,5.0,3.17,3.26,3.81
68849,4.41,3.44,3.48,3.7767
31801,5.0,3.48,3.1,3.86
22268,4.74,3.26,3.12,3.7067
11808,4.4,2.85,3.13,3.46
57186,5.0,3.48,3.32,3.9333
13904,3.06,2.35,3.13,2.8467
29915,2.91,2.15,4.28,3.1133
63543,5.0,2.9,3.37,3.7567
66665,3.21,2.2,3.93,3.1133
31378,3.06,2.35,4.34,3.25
19561,5.0,3.44,3.08,3.84
37453,5.0,3.5,2.96,3.82
31719,4.1,3.16,2.84,3.3667
2725,5.0,3.25,3.28,3.8433
35027,5.0,3.49,3.23,3.9067
18102,5.0,3.53,3.45,3.9933
13452,5.0,3.22,2.98,3.7333
2361,3.74,2.73,3.94,3.47
26063,5.0,3.25,3.19,3.8133
68131,4.41,3.06,3.28,3.5833
66967,3.27,2.02,3.13,2.8067
48715,2.86,2.21,3.91,2.9933
25866,5.0,3.42,3.55,3.99
4273,4.4,3.04,3.46,3.6333
43725,5.0,3.08,3.22,3.7667
67570,5.0,3.42,3.08,3.8333
43441,5.0,3.4,3.18,3.86
35632,4.1,2.56,3.19,3.2833
17711,3.27,2.34,3.55,3.0533
28034,3.27,2.21,3.5,2.9933
14044,5.0,3.25,3.28,3.8433
31237,4.4,3.6,2.79,3.5967
40842,4.55,3.34,3.56,3.8167
46613,5.0,3.47,3.34,3.9367
37077,5.0,3.45,3.06,3.8367
14378,3.96,2.99,3.49,3.48
42122,3.66,2.23,3.32,3.07
11916,4.64,3.32,3.48,3.8133
37100,4.74,3.03,3.24,3.67
5183,4.4,3.33,3.24,3.6567
25682,4.4,3.09,3.9,3.7967
67630,5.0,3.51,3.24,3.9167
28026,2.99,2.27,4.1,3.12
4667,2.71,2.36,4.89,3.32
48723,4.74,3.41,3.9,4.0167
62967,5.0,3.44,3.36,3.9333
16810,3.27,2.23,4.69,3.3967
2648,4.4,3.6,2.77,3.59
60408,4.7,3.2,3.16,3.6867
46715,3.06,2.32,4.46,3.28
53085,3.44,2.31,3.87,3.2067
68853,5.0,3.44,3.09,3.8433
18406,3.21,2.37,3.94,3.1733
30326,5.0,3.45,3.27,3.9067
47576,5.0,3.6,2.94,3.8467
37057,5.0,3.09,3.25,3.78
69589,3.66,2.3,4.31,3.4233
15594,5.0,3.16,3.18,3.78
5199,3.02,2.24,4.06,3.1067
43187,5.0,3.03,3.29,3.7733
23663,5.0,3.53,3.34,3.9567
61716,4.12,3.34,3.82,3.76
69789,3.84,2.7,3.86,3.4667
70457,5.0,3.51,3.38,3.9633
45814,5.0,3.34,3.5,3.9467
21344,3.5,2.88,2.85,3.0767
61666,3.35,2.35,4.49,3.3967
26406,5.0,3.5,2.96,3.82
45628,3.8,3.03,3.07,3.3
38169,5.0,3.55,3.67,4.0733
46743,3.58,2.85,3.64,3.3567
40003,5.0,3.0,2.79,3.5967
12795,5.0,3.43,3.67,4.0333
1006,2.97,2.23,4.05,3.0833
63589,2.58,1.89,3.9,2.79
50994,4.4,2.94,3.36,3.5667
29372,3.02,2.05,4.45,3.1733
53174,4.86,3.6,4.11,4.19
21294,5.0,3.52,3.56,4.0267
10031,3.66,2.28,3.86,3.2667
1401,4.1,2.82,3.14,3.3533
7896,5.0,3.56,3.71,4.09
28315,2.83,2.35,4.25,3.1433
49445,4.4,3.6,2.79,3.5967
26776,5.0,3.57,3.53,4.0333
54961,5.0,3.21,3.29,3.8333
35321,4.74,3.55,3.66,3.9833
33506,5.0,3.27,3.15,3.8067
51750,4.64,3.26,3.35,3.75
67795,4.74,3.6,3.36,3.9
48661,3.57,2.83,3.67,3.3567
43834,5.0,3.47,3.13,3.8667
28874,5.0,3.4,3.18,3.86
13028,2.88,2.18,4.0,3.02
20886,4.55,3.37,3.87,3.93
58891,5.0,3.57,3.43,4.0
4539,5.0,3.55,3.7,4.0833
47256,4.4,3.12,3.5,3.6733
14688,5.0,3.31,3.4,3.9033
30075,4.74,3.44,3.62,3.9333
16018,3.54,2.28,3.6,3.14
36315,2.84,2.27,3.93,3.0133
56249,5.0,3.47,3.14,3.87
62726,2.98,2.4,4.34,3.24
19329,4.25,3.21,4.46,3.9733
57962,3.54,2.2,3.95,3.23
46825,3.8,3.0,3.3,3.3667
28752,5.0,3.53,3.38,3.97
38715,3.35,2.27,4.31,3.31
6524,3.15,2.4,3.75,3.1
5031,4.55,3.22,3.83,3.8667
43467,3.66,2.33,3.81,3.2667
31235,4.4,3.6,2.79,3.5967
55117,5.0,3.55,3.27,3.94
32940,4.7,3.29,3.16,3.7167
51951,5.0,3.44,3.2,3.88
27529,5.0,3.22,2.93,3.7167
59757,5.0,3.41,3.09,3.8333
64028,3.06,2.32,3.83,3.07
40068,4.86,3.6,4.01,4.1567
28299,5.0,3.42,3.73,4.05
26457,5.0,3.33,3.39,3.9067
53819,3.35,2.28,3.37,3.0
31518,4.22,3.33,4.05,3.8667
32882,4.4,3.6,2.96,3.6533
9447,5.0,3.47,3.39,3.9533
40506,4.64,3.52,4.1,4.0867
67406,2.81,2.23,4.02,3.02
3200,5.0,3.48,3.31,3.93
1105,4.7,3.26,3.2,3.72
5581,5.0,3.26,3.12,3.7933
1893,3.44,2.04,3.29,2.9233
52778,5.0,3.58,3.9,4.16
10123,4.05,2.93,3.53,3.5033
50199,5.0,3.44,2.88,3.7733
41615,5.0,3.04,3.12,3.72
10257,3.5,2.88,2.85,3.0767
10641,3.66,2.86,4.28,3.6
54521,3.21,2.12,3.78,3.0367
21725,5.0,3.38,3.0,3.7933
37475,5.0,3.49,2.95,3.8133
8851,3.58,2.89,4.22,3.5633
56129,4.64,3.48,3.84,3.9867
64648,3.8,2.2,3.79,3.2633
42462,3.1,2.32,4.51,3.31
60376,2.94,2.05,3.12,2.7033
36160,3.54,1.96,3.48,2.9933
45665,4.3,3.52,3.62,3.8133
15423,4.44,3.15,3.37,3.6533
6594,5.0,3.25,3.28,3.8433
52937,5.0,3.46,3.23,3.8967
53068,5.0,3.53,3.54,4.0233
15186,3.27,2.21,3.9,3.1267
4570,3.35,2.33,3.81,3.1633
12043,5.0,3.6,3.09,3.8967
54444,2.89,2.32,3.97,3.06
39578,4.56,3.16,3.63,3.7833
54494,4.55,3.12,3.13,3.6
18257,3.44,2.04,3.99,3.1567
33609,3.8,2.35,3.71,3.2867
3508,2.81,2.09,4.5,3.1333
49676,4.11,3.42,4.53,4.02
666,4.56,3.25,4.03,3.9467
35768,4.55,3.4,3.74,3.8967
21972,3.5,2.88,2.85,3.0767
60737,5.0,3.46,3.27,3.91
56160,5.0,3.29,3.16,3.8167
10568,3.44,2.31,4.48,3.41
18358,5.0,3.42,3.76,4.06
40691,5.0,3.41,3.67,4.0267
34724,3.54,2.29,3.92,3.25
22999,3.8,2.32,3.9,3.34
39541,4.64,3.55,3.21,3.8
10622,5.0,3.55,3.28,3.9433
67874,3.66,2.14,3.6,3.1333
8127,3.87,3.06,3.68,3.5367
11304,5.0,3.12,4.34,4.1533
64790,3.27,1.91,3.63,2.9367
28861,3.24,2.33,4.53,3.3667
54999,5.0,3.52,3.78,4.1
5693,4.74,3.13,3.49,3.7867
33931,4.55,3.42,4.34,4.1033
22907,4.7,3.08,3.28,3.6867
16036,3.27,2.37,3.94,3.1933
50494,3.02,2.33,3.62,2.99
66281,5.0,3.6,2.98,3.86
71098,3.1,2.38,3.84,3.1067
57494,4.44,3.15,3.83,3.8067
24842,3.65,2.7,4.24,3.53
25713,3.21,2.27,3.62,3.0333
42782,4.08,3.21,3.3,3.53
63515,4.4,2.98,3.21,3.53
12440,5.0,3.13,3.26,3.7967
28838,2.99,2.3,4.04,3.11
9943,3.54,2.3,4.02,3.2867
7031,5.0,3.32,3.28,3.8667
8652,4.7,3.33,3.36,3.7967
49997,3.27,2.35,3.36,2.9933
24032,3.41,2.49,3.68,3.1933
10481,3.54,2.22,4.3,3.3533
23186,2.69,2.05,4.43,3.0567
52154,4.74,3.25,4.41,4.1333
36364,5.0,3.13,3.43,3.8533
1745,5.0,2.9,2.85,3.5833
28601,5.0,3.25,3.08,3.7767
9235,5.0,3.49,3.07,3.8533
4318,5.0,3.6,2.97,3.8567
42794,3.21,2.64,3.63,3.16
21515,5.0,3.6,2.99,3.8633
62612,5.0,3.52,3.05,3.8567
23044,5.0,3.29,3.05,3.78
53665,5.0,3.43,3.67,4.0333
58862,2.98,2.3,3.63,2.97
47417,5.0,3.48,3.31,3.93
5448,4.35,3.36,3.96,3.89
55135,3.66,2.2,3.59,3.15
49788,5.0,3.13,3.26,3.7967
4738,4.4,3.6,2.82,3.6067
21858,4.7,3.01,3.05,3.5867
65585,4.35,3.57,3.71,3.8767
48844,5.0,3.6,3.49,4.03
67240,4.1,2.84,4.6,3.8467
59329,4.4,3.6,3.03,3.6767
14353,4.83,3.2,3.18,3.7367
18521,3.92,3.08,3.29,3.43
27384,3.89,2.92,4.36,3.7233
47683,3.8,2.39,4.17,3.4533
69152,5.0,3.25,3.28,3.8433
44643,4.4,2.93,3.94,3.7567
5821,4.41,3.2,4.16,3.9233
6168,5.0,3.44,3.0,3.8133
28395,5.0,3.53,3.23,3.92
22928,3.44,1.93,3.05,2.8067
5484,2.94,2.28,4.79,3.3367
11513,4.4,3.2,2.79,3.4633
55906,3.54,2.17,3.54,3.0833
54825,4.35,3.41,3.97,3.91
45308,5.0,3.54,3.45,3.9967
50555,5.0,3.6,2.94,3.8467
26903,5.0,3.44,3.05,3.83
55005,5.0,3.47,3.5,3.99
4705,4.11,3.21,3.89,3.7367
40149,5.0,3.11,3.44,3.85
10118,5.0,3.5,3.42,3.9733
38383,4.4,3.09,3.77,3.7533
9773,4.86,3.48,3.27,3.87
62842,4.86,3.5,3.69,4.0167
52993,4.7,3.03,3.69,3.8067
13451,3.88,3.14,3.86,3.6267
31616,5.0,3.6,3.29,3.9633
38751,4.4,2.82,3.05,3.4233
37065,3.8,2.4,3.22,3.14
63463,4.86,3.4,3.47,3.91
18151,5.0,3.57,3.58,4.05
54972,4.74,3.27,3.36,3.79
44339,2.91,2.35,3.86,3.04
40956,2.8,2.01,5.0,3.27
42891,5.0,3.56,3.33,3.9633
34166,5.0,3.46,3.12,3.86
44277,5.0,3.49,2.95,3.8133
60163,4.4,3.37,2.83,3.5333
12897,5.0,3.16,3.27,3.81
57707,5.0,3.52,3.05,3.8567
7429,4.86,3.47,3.76,4.03
13119,4.07,3.46,4.13,3.8867
64357,4.35,3.46,3.23,3.68
37921,5.0,3.23,3.23,3.82
45277,5.0,3.39,3.35,3.9133
39808,4.64,3.56,4.06,4.0867
3110,3.54,2.23,3.86,3.21
10309,4.86,3.47,3.3,3.8767
36097,4.4,3.6,2.79,3.5967
23098,5.0,3.5,3.27,3.9233
3244,5.0,3.12,3.8,3.9733
15464,4.7,3.18,2.98,3.62
47798,3.54,2.22,3.67,3.1433
69110,5.0,3.49,3.28,3.9233
58775,3.8,2.36,3.62,3.26
25118,4.64,3.39,3.41,3.8133
55645,5.0,3.25,3.23,3.8267
38172,5.0,3.51,3.13,3.88
14987,4.44,3.1,3.5,3.68
2671,5.0,3.08,3.79,3.9567
23240,4.55,3.42,3.44,3.8033
21100,3.27,2.02,3.38,2.89
32083,5.0,3.17,3.13,3.7667
30739,3.35,2.33,3.45,3.0433
1421,4.86,3.28,3.7,3.9467
71182,4.2,3.47,3.14,3.6033
9752,5.0,3.6,3.02,3.8733
16481,5.0,3.38,2.9,3.76
1185,5.0,3.51,3.07,3.86
41825,5.0,3.49,2.95,3.8133
38714,3.21,2.38,4.23,3.2733
11590,5.0,3.34,3.77,4.0367
63785,3.8,1.81,3.25,2.9533
51363,5.0,3.57,3.45,4.0067
64793,3.15,2.13,4.03,3.1033
26740,5.0,3.38,2.9,3.76
26540,4.74,3.02,3.21,3.6567
17259,5.0,3.29,3.26,3.85
41416,2.82,2.14,3.81,2.9233
25990,4.7,3.05,3.05,3.6
32830,2.78,2.17,4.05,3.0
13634,4.22,3.22,3.67,3.7033
32365,5.0,3.44,3.48,3.9733
44423,4.74,3.36,3.75,3.95
65381,5.0,3.6,2.99,3.8633
6507,5.0,3.38,3.28,3.8867
6127,4.41,2.86,3.49,3.5867
49582,3.06,2.25,4.62,3.31
50896,3.57,2.47,3.67,3.2367
39156,5.0,3.45,3.22,3.89
6048,3.87,3.04,3.34,3.4167
16404,4.4,3.6,2.99,3.6633
513,4.86,3.33,3.54,3.91
39661,4.4,3.6,2.84,3.6133
48249,4.11,3.51,4.39,4.0033
9939,5.0,3.44,3.29,3.91
15705,5.0,3.41,3.21,3.8733
14048,5.0,3.56,3.67,4.0767
12205,5.0,3.17,3.2,3.79
35149,4.7,3.07,3.16,3.6433
30888,4.7,3.24,3.27,3.7367
55929,3.8,2.19,3.39,3.1267
14351,4.6,3.35,3.46,3.8033
61702,4.74,3.38,3.46,3.86
18528,4.44,3.52,3.73,3.8967
7966,3.11,2.3,3.7,3.0367
39381,5.0,3.44,3.67,4.0367
7799,4.64,3.23,3.65,3.84
30126,5.0,3.38,3.62,4.0
50328,4.7,3.34,3.49,3.8433
8419,5.0,3.58,3.57,4.05
70817,5.0,3.52,3.15,3.89
14400,5.0,3.54,3.09,3.8767
1683,4.26,3.12,3.68,3.6867
54814,2.91,2.12,4.49,3.1733
13720,3.54,2.16,4.06,3.2533
47,5.0,3.31,3.11,3.8067
13473,4.7,2.66,2.9,3.42
69390,5.0,3.6,2.99,3.8633
35401,2.89,2.22,3.85,2.9867
36718,5.0,3.53,3.68,4.07
64171,5.0,3.44,3.05,3.83
50725,5.0,3.15,3.3,3.8167
59711,5.0,3.33,3.44,3.9233
37341,3.15,2.3,3.49,2.98
25628,5.0,3.57,3.36,3.9767
49559,4.7,3.24,3.91,3.95
62005,3.66,2.08,3.47,3.07
53658,4.04,2.77,3.9,3.57
51200,5.0,3.6,3.77,4.1233
10713,5.0,3.55,3.17,3.9067
9910,5.0,3.6,3.5,4.0333
35562,4.1,3.36,3.09,3.5167
64819,5.0,3.52,3.49,4.0033
70200,2.91,2.24,4.43,3.1933
50959,2.94,2.19,4.31,3.1467
50874,3.8,2.0,3.36,3.0533
16797,2.97,2.12,3.62,2.9033
32761,4.1,3.36,2.9,3.4533
7964,5.0,3.47,2.93,3.8
54706,5.0,3.48,3.2,3.8933
6172,3.96,3.21,3.75,3.64
11709,4.74,3.37,3.92,4.01
66714,5.0,2.85,3.0,3.6167
69930,3.44,2.24,3.8,3.16
31983,5.0,3.58,3.54,4.04
48821,3.35,2.14,3.39,2.96
22966,3.7,2.96,4.22,3.6267
17271,3.8,1.76,3.16,2.9067
16881,3.15,2.27,4.31,3.2433
69880,5.0,3.32,3.28,3.8667
49281,4.55,3.34,3.29,3.7267
62341,5.0,3.53,3.84,4.1233
14507,4.1,2.83,3.2,3.3767
49133,4.11,3.08,3.77,3.6533
23034,4.1,3.16,2.84,3.3667
47881,5.0,3.43,3.83,4.0867
18430,4.4,3.6,2.81,3.6033
52086,2.88,2.21,4.31,3.1333
43742,4.7,3.34,4.53,4.19
27150,2.78,2.26,4.61,3.2167
66282,4.4,3.6,2.79,3.5967
65326,3.5,2.88,2.86,3.08
41913,4.3,3.58,3.8,3.8933
62895,5.0,3.38,3.23,3.87
5100,5.0,3.54,3.12,3.8867
39544,3.21,2.23,5.0,3.48
22563,4.1,2.62,3.82,3.5133
26284,4.11,3.02,3.74,3.6233
19203,5.0,3.19,3.7,3.9633
12935,3.02,2.26,4.11,3.13
14034,3.44,1.99,3.66,3.03
18536,4.4,3.6,2.79,3.5967
30790,2.91,2.24,4.2,3.1167
48622,5.0,3.16,3.27,3.81
38987,2.87,2.27,3.34,2.8267
44015,5.0,3.35,2.83,3.7267
53095,5.0,3.55,3.56,4.0367
59859,3.02,2.27,3.96,3.0833
33927,5.0,2.87,3.08,3.65
30762,2.83,2.11,3.94,2.96
9521,5.0,3.51,3.66,4.0567
45859,3.1,2.23,3.97,3.1
61251,4.74,3.46,3.45,3.8833
19767,5.0,3.0,2.79,3.5967
19905,3.96,3.23,3.13,3.44
41159,5.0,3.35,3.3,3.8833
306,3.21,2.28,4.29,3.26
49809,5.0,3.51,2.97,3.8267
32960,4.7,2.92,3.72,3.78
29488,5.0,3.35,3.2,3.85
34620,3.06,2.17,3.67,2.9667
10547,3.8,2.32,4.17,3.43
44301,3.8,2.11,3.77,3.2267
69973,2.97,2.06,4.24,3.09
53505,4.4,3.6,2.72,3.5733
64540,4.4,3.03,3.99,3.8067
66020,4.4,3.6,2.84,3.6133
13834,5.0,3.51,2.97,3.8267
25923,3.15,2.34,4.43,3.3067
43616,5.0,3.53,3.28,3.9367
4701,3.35,1.68,3.37,2.8
13644,2.89,2.22,4.74,3.2833
38045,2.84,2.34,4.37,3.1833
3302,3.95,2.7,3.76,3.47
23145,5.0,3.56,3.26,3.94
2346,5.0,3.6,3.1,3.9
64258,5.0,3.56,3.5,4.02
23521,2.92,2.11,4.05,3.0267
61867,4.4,3.04,3.16,3.5333
14565,3.8,2.27,3.5,3.19
32877,4.09,3.39,3.77,3.75
22778,5.0,3.18,2.97,3.7167
54216,5.0,3.56,3.45,4.0033
68945,4.7,3.36,3.62,3.8933
56017,4.83,3.34,3.24,3.8033
71184,5.0,3.02,3.78,3.9333
72064,5.0,3.34,3.55,3.9633
49570,5.0,3.37,3.21,3.86
55872,5.0,3.5,2.96,3.82
32216,3.84,2.8,3.78,3.4733
48217,4.4,3.6,2.79,3.5967
47440,4.4,3.6,2.79,3.5967
32499,4.56,2.86,3.78,3.7333
50654,5.0,3.6,2.99,3.8633
30014,4.86,3.32,3.52,3.9
37838,4.55,3.27,3.52,3.78
32014,5.0,3.6,2.97,3.8567
20946,5.0,3.34,3.4,3.9133
17049,4.4,3.6,2.83,3.61
62548,2.82,2.32,3.31,2.8167
12819,5.0,3.42,3.14,3.8533
42913,4.1,3.2,2.96,3.42
2473,4.4,3.44,3.25,3.6967
65045,4.7,3.24,3.91,3.95
52174,4.7,3.21,3.41,3.7733
24960,3.15,2.04,3.44,2.8767
5592,4.4,3.6,2.79,3.5967
25413,5.0,3.24,3.49,3.91
40952,2.79,2.08,5.0,3.29
51197,4.7,3.22,3.48,3.8
24293,5.0,3.16,3.34,3.8333
26028,4.4,3.6,2.83,3.61
41872,5.0,3.37,3.39,3.92
62840,5.0,3.52,3.42,3.98
60769,5.0,3.51,3.69,4.0667
65327,4.4,3.2,2.79,3.4633
58944,3.1,2.27,3.83,3.0667
35051,5.0,3.6,3.2,3.9333
23793,5.0,3.37,3.21,3.86
36637,5.0,3.35,3.51,3.9533
22460,5.0,3.57,3.61,4.06
10433,4.4,3.44,2.96,3.6
34247,4.4,3.6,2.78,3.5933
10661,5.0,3.05,3.2,3.75
14937,5.0,3.53,3.63,4.0533
33935,5.0,3.06,3.18,3.7467
11984,5.0,3.45,3.22,3.89
46714,5.0,3.49,3.0,3.83
17719,5.0,3.44,3.1,3.8467
19558,4.4,3.13,2.81,3.4467
9382,5.0,3.55,3.26,3.9367
39270,4.86,3.4,3.66,3.9733
23086,3.66,2.34,3.88,3.2933
51698,5.0,3.4,3.18,3.86
48694,3.8,1.98,3.25,3.01
63624,5.0,3.6,3.06,3.8867
9937,5.0,3.38,3.28,3.8867
66028,2.97,2.26,3.77,3.0
11963,5.0,3.6,3.17,3.9233
23376,4.47,3.51,3.41,3.7967
8634,4.4,3.6,2.9,3.6333
29043,4.4,3.12,3.55,3.69
21763,4.55,3.56,3.72,3.9433
24701,3.66,2.35,4.02,3.3433
27568,3.8,1.82,3.21,2.9433
57558,4.7,3.03,3.57,3.7667
21771,4.86,3.5,3.54,3.9667
7860,4.4,3.6,2.98,3.66
46703,5.0,3.57,3.59,4.0533
26459,2.81,2.14,3.93,2.96
22057,2.87,2.05,4.01,2.9767
23180,2.7,1.9,4.05,2.8833
66295,5.0,3.46,3.17,3.8767
21896,4.74,3.15,3.04,3.6433
63369,5.0,3.41,3.35,3.92
16791,4.7,3.05,3.43,3.7267
11381,5.0,3.41,3.73,4.0467
54808,5.0,3.49,3.05,3.8467
19177,5.0,3.21,3.0,3.7367
35246,5.0,3.37,3.48,3.95
5329,3.66,1.82,3.28,2.92
64604,5.0,3.55,3.18,3.91
32664,5.0,3.6,2.94,3.8467
24101,4.4,3.04,4.2,3.88
30363,4.44,3.04,3.8,3.76
40289,5.0,3.55,3.39,3.98
26097,5.0,3.52,3.21,3.91
63310,5.0,3.49,3.6,4.03
34837,4.4,3.35,3.09,3.6133
53736,3.66,2.31,4.42,3.4633
21581,5.0,3.52,3.04,3.8533
44885,3.87,2.64,3.93,3.48
67609,3.2,2.4,3.62,3.0733
6364,3.96,2.56,3.28,3.2667
57036,5.0,3.57,3.58,4.05
14373,5.0,3.6,3.4,4.0
17923,5.0,3.08,3.06,3.7133
19686,3.1,2.29,3.93,3.1067
18742,5.0,3.6,2.93,3.8433
22795,3.87,2.71,3.12,3.2333
22918,5.0,3.6,2.99,3.8633
45285,4.4,2.71,3.2,3.4367
3520,4.74,3.02,3.69,3.8167
55992,5.0,3.49,2.95,3.8133
34950,4.7,3.04,2.95,3.5633
31214,5.0,3.25,3.17,3.8067
49558,4.4,3.04,4.39,3.9433
38562,3.1,1.99,3.26,2.7833
5201,2.89,2.3,4.34,3.1767
6988,4.4,3.6,2.79,3.5967
13070,4.86,3.29,3.24,3.7967
72175,5.0,3.13,2.94,3.69
50650,4.4,3.6,3.29,3.7633
48792,5.0,3.29,3.45,3.9133
22762,3.8,2.19,3.39,3.1267
45504,2.82,2.22,3.91,2.9833
65468,5.0,3.27,2.99,3.7533
19980,4.64,3.56,3.31,3.8367
31949,5.0,3.36,3.31,3.89
66855,3.65,2.27,3.1,3.0067
7436,5.0,2.85,3.3,3.7167
65631,4.4,3.6,2.98,3.66
28790,4.14,3.21,3.37,3.5733
18459,4.4,3.04,3.05,3.4967
43703,3.06,2.11,3.77,2.98
9074,2.97,2.2,4.28,3.15
42463,2.87,2.11,4.89,3.29
62955,2.91,2.28,3.49,2.8933
58112,5.0,3.21,3.05,3.7533
15439,5.0,3.4,4.03,4.1433
41229,3.15,1.93,3.17,2.75
53914,5.0,3.35,2.94,3.7633
50583,5.0,3.23,3.27,3.8333
14336,3.8,2.26,3.31,3.1233
21297,5.0,3.31,3.26,3.8567
43724,5.0,3.19,3.2,3.7967
35853,5.0,3.13,3.26,3.7967
59669,5.0,3.51,3.08,3.8633
52668,5.0,3.5,3.24,3.9133
9191,5.0,3.6,3.39,3.9967
43759,4.4,3.4,2.84,3.5467
61841,5.0,3.5,3.63,4.0433
43074,2.99,2.28,4.11,3.1267
72007,5.0,3.6,2.77,3.79
68658,3.8,2.19,3.39,3.1267
2209,3.14,2.72,4.08,3.3133
3153,4.86,3.34,3.77,3.99
57136,2.99,2.05,3.84,2.96
34928,3.8,2.4,3.97,3.39
9655,5.0,3.46,3.28,3.9133
5600,4.04,2.8,3.84,3.56
42055,5.0,3.52,3.04,3.8533
57359,5.0,3.4,3.13,3.8433
62878,3.8,2.25,3.79,3.28
41428,3.35,2.06,3.73,3.0467
27978,4.1,3.36,2.9,3.4533
48395,4.7,2.92,3.06,3.56
36675,5.0,3.5,2.96,3.82
52133,5.0,3.13,3.26,3.7967
48582,2.98,2.32,3.43,2.91
62951,3.54,2.23,3.85,3.2067
12426,4.4,3.6,2.79,3.5967
62833,5.0,3.1,3.2,3.7667
24737,5.0,3.31,3.42,3.91
23636,3.06,2.24,4.09,3.13
40028,5.0,3.38,3.12,3.8333
25723,3.8,1.72,3.21,2.91
36353,4.1,2.74,3.42,3.42
24673,5.0,3.5,2.96,3.82
3042,4.47,3.22,3.59,3.76
38243,3.86,2.82,3.1,3.26
8060,4.0,3.11,4.27,3.7933
65905,2.97,2.13,3.93,3.01
20611,5.0,3.5,4.58,4.36
34941,4.26,3.49,3.56,3.77
67534,4.4,3.6,2.71,3.57
46455,4.86,3.04,3.28,3.7267
70465,5.0,3.48,3.32,3.9333
18968,4.44,3.24,3.68,3.7867
59688,4.64,3.41,4.34,4.13
1560,5.0,3.25,3.28,3.8433
29731,5.0,3.34,2.93,3.7567
39538,5.0,3.58,3.66,4.08
44370,5.0,3.37,3.39,3.92
33525,4.4,3.6,2.78,3.5933
25406,2.99,2.27,4.45,3.2367
9130,4.4,3.6,2.72,3.5733
64445,3.06,2.36,4.79,3.4033
8308,2.6,2.35,4.63,3.1933
43953,5.0,3.28,3.14,3.8067
68122,4.64,3.03,3.36,3.6767
71751,5.0,3.44,3.05,3.83
7230,4.7,3.12,3.41,3.7433
39967,5.0,2.99,2.98,3.6567
41012,2.88,2.34,4.13,3.1167
38749,3.35,2.14,3.39,2.96
372,5.0,3.6,3.11,3.9033
34542,4.41,3.15,3.6,3.72
4301,5.0,3.51,2.98,3.83
72045,5.0,3.35,3.09,3.8133
69570,3.2,2.09,3.1,2.7967
35461,5.0,3.51,3.02,3.8433
68104,4.44,3.19,3.93,3.8533
22127,2.82,2.28,4.35,3.15
39368,4.4,3.6,2.79,3.5967
25685,4.1,2.35,3.44,3.2967
9510,3.1,2.35,3.74,3.0633
52710,5.0,3.6,3.06,3.8867
15086,5.0,2.98,3.1,3.6933
34006,5.0,3.43,3.33,3.92
69989,5.0,3.6,2.94,3.8467
69467,2.88,2.28,5.0,3.3867
43270,4.1,3.1,3.08,3.4267
43994,5.0,3.51,3.71,4.0733
46201,3.8,2.18,3.44,3.14
52552,4.1,2.6,3.57,3.4233
15240,3.21,2.31,3.67,3.0633
64811,2.94,2.28,4.11,3.11
25255,2.9,2.26,4.19,3.1167
9631,5.0,3.35,3.3,3.8833
17929,5.0,3.21,3.26,3.8233
67093,3.8,2.24,3.56,3.2
34089,5.0,3.23,3.27,3.8333
1258,5.0,3.6,2.94,3.8467
69406,5.0,3.44,3.05,3.83
67386,4.25,2.95,3.54,3.58
32375,5.0,3.23,3.15,3.7933
23227,4.74,3.42,3.23,3.7967
62303,5.0,3.35,3.3,3.8833
32084,4.4,3.6,2.71,3.57
26712,4.4,2.9,3.57,3.6233
3021,5.0,3.34,3.03,3.79
59283,4.4,3.6,2.79,3.5967
9179,5.0,3.5,3.25,3.9167
990,3.54,2.28,3.71,3.1767
28402,5.0,3.38,3.22,3.8667
22855,5.0,3.52,3.58,4.0333
56696,5.0,3.44,3.05,3.83
49864,4.86,3.46,3.39,3.9033
70450,5.0,3.21,3.41,3.8733
62322,5.0,3.21,3.16,3.79
57392,5.0,3.27,3.15,3.8067
67872,2.82,2.24,3.92,2.9933
45980,2.9,2.4,3.54,2.9467
69388,4.74,3.33,3.69,3.92
10574,4.4,3.6,3.01,3.67
60879,4.7,3.28,3.44,3.8067
30005,3.8,2.26,3.48,3.18
64036,3.81,2.96,3.52,3.43
3321,5.0,3.51,3.71,4.0733
36859,3.35,2.21,3.47,3.01
36999,3.06,2.33,3.84,3.0767
48313,5.0,3.53,3.76,4.0967
60086,3.8,2.62,3.75,3.39
5334,3.8,2.46,3.73,3.33
10790,4.1,3.05,3.16,3.4367
41313,3.66,2.02,3.28,2.9867
53242,4.1,3.2,2.91,3.4033
9614,4.74,3.45,3.36,3.85
60295,3.66,2.25,3.86,3.2567
20024,4.86,3.14,3.99,3.9967
36467,5.0,3.44,3.04,3.8267
2524,4.7,3.03,3.24,3.6567
25195,4.56,3.21,3.36,3.71
57835,3.8,2.35,3.77,3.3067
59523,5.0,3.23,3.11,3.78
70345,3.8,2.3,3.39,3.1633
41468,5.0,3.6,3.0,3.8667
25681,4.4,3.09,3.92,3.8033
44191,4.64,3.38,3.34,3.7867
70479,5.0,3.48,3.26,3.9133
46581,3.27,2.14,3.6,3.0033
62404,2.86,2.33,4.21,3.1333
41110,5.0,3.47,2.93,3.8
57784,3.66,2.3,3.73,3.23
40613,2.88,2.22,3.51,2.87
32822,2.82,2.2,4.12,3.0467
15749,2.73,2.15,4.74,3.2067
30874,2.81,2.21,4.28,3.1
22681,4.86,3.13,3.34,3.7767
38514,5.0,3.23,2.97,3.7333
60882,3.54,2.22,4.07,3.2767
5622,4.34,2.98,3.76,3.6933
7755,3.45,2.61,4.17,3.41
64796,5.0,3.55,3.61,4.0533
39165,5.0,3.6,3.12,3.9067
72042,3.65,2.64,3.6,3.2967
4695,4.7,3.17,4.08,3.9833
1199,4.05,2.96,4.09,3.7
63526,3.5,2.88,2.85,3.0767
19283,4.4,3.44,3.2,3.68
48140,5.0,3.25,3.16,3.8033
18576,3.06,2.22,3.73,3.0033
30395,5.0,3.09,3.22,3.77
6391,3.8,2.27,3.35,3.14
10648,5.0,3.27,3.08,3.7833
43147,2.92,2.23,4.25,3.1333
9200,4.4,3.6,2.78,3.5933
33710,3.27,2.36,3.82,3.15
61876,4.4,3.6,2.79,3.5967
2511,5.0,3.51,3.08,3.8633
37865,2.81,2.29,4.08,3.06
38293,3.44,2.18,3.97,3.1967
5540,3.35,2.21,3.64,3.0667
64186,4.64,3.51,3.49,3.88
36830,4.1,3.16,2.84,3.3667
6040,4.4,3.6,2.96,3.6533
61460,4.4,3.4,2.89,3.5633
69176,4.4,3.6,2.79,3.5967
70401,4.55,3.1,3.63,3.76
30015,5.0,3.29,3.05,3.78
31854,2.86,2.17,3.88,2.97
4877,3.54,2.37,4.54,3.4833
11520,4.47,3.18,3.46,3.7033
47535,4.3,2.95,3.99,3.7467
12130,5.0,3.6,3.25,3.95
19294,4.7,3.21,3.65,3.8533
20370,5.0,3.33,3.28,3.87
66882,4.14,2.8,3.9,3.6133
47572,5.0,3.38,3.59,3.99
51584,5.0,3.4,3.18,3.86
4979,5.0,3.6,3.82,4.14
50130,5.0,3.42,3.14,3.8533
47921,4.86,3.39,3.19,3.8133
36038,4.64,3.6,3.86,4.0333
35394,5.0,3.42,3.15,3.8567
23708,4.4,3.6,2.79,3.5967
36021,5.0,3.54,3.42,3.9867
14266,4.4,3.6,2.96,3.6533
45414,4.4,3.6,2.83,3.61
35721,2.92,2.04,4.62,3.1933
22711,5.0,3.42,3.37,3.93
41489,3.06,2.11,3.96,3.0433
1731,5.0,3.6,3.09,3.8967
32056,4.1,3.2,2.86,3.3867
47658,5.0,3.51,3.44,3.9833
39991,4.1,3.36,2.9,3.4533
5219,5.0,3.07,3.31,3.7933
30328,5.0,3.5,3.43,3.9767
16258,5.0,3.29,3.21,3.8333
21585,3.8,1.89,3.25,2.98
17006,5.0,3.17,3.05,3.74
54653,5.0,3.58,3.64,4.0733
4660,3.02,2.15,4.58,3.25
70695,4.7,3.33,3.67,3.9
12122,5.0,3.57,4.32,4.2967
62520,4.4,3.6,2.79,3.5967
49811,3.21,2.27,4.29,3.2567
9734,3.8,2.4,3.35,3.1833
64263,5.0,3.36,3.42,3.9267
22611,5.0,3.28,3.6,3.96
23369,5.0,3.28,3.62,3.9667
14661,2.94,2.1,4.12,3.0533
70029,5.0,3.56,3.26,3.94
29026,4.34,3.04,3.89,3.7567
23827,3.66,2.37,3.83,3.2867
25623,2.99,2.26,4.51,3.2533
2949,5.0,3.27,3.36,3.8767
53649,5.0,3.51,3.24,3.9167
70946,3.27,2.28,3.81,3.12
14690,5.0,3.42,3.34,3.92
40197,3.27,2.36,3.25,2.96
67422,5.0,3.35,3.14,3.83
34609,4.7,3.16,3.18,3.68
44353,5.0,3.6,2.93,3.8433
1074,5.0,3.13,3.02,3.7167
21608,5.0,3.38,3.22,3.8667
63441,3.66,2.27,3.91,3.28
7508,4.4,3.6,2.83,3.61
36051,5.0,3.6,2.85,3.8167
7268,5.0,3.51,3.81,4.1067
17437,4.7,3.14,3.48,3.7733
18627,4.86,3.28,3.18,3.7733
45562,3.96,2.52,3.61,3.3633
37819,5.0,3.6,2.71,3.77
68604,4.7,3.15,3.35,3.7333
62182,4.74,3.55,3.58,3.9567
14587,3.21,2.39,3.83,3.1433
35916,5.0,3.57,3.48,4.0167
23863,4.44,2.93,3.2,3.5233
18681,5.0,3.3,2.96,3.7533
23814,5.0,3.44,3.82,4.0867
30669,5.0,3.52,3.16,3.8933
3873,3.1,2.24,4.11,3.15
5696,4.3,3.02,3.65,3.6567
54028,3.44,2.28,4.03,3.25
61628,5.0,3.6,3.22,3.94
20714,5.0,3.46,2.87,3.7767
8596,4.74,3.52,4.05,4.1033
47997,4.86,3.51,3.71,4.0267
30708,3.21,2.27,3.85,3.11
48801,3.8,2.19,3.39,3.1267
23635,3.35,2.24,4.32,3.3033
67232,5.0,3.44,3.65,4.03
57432,4.19,2.97,3.77,3.6433
55309,5.0,3.13,3.07,3.7333
40453,2.71,2.18,4.05,2.98
28475,4.11,3.31,3.74,3.72
23548,3.02,2.33,3.84,3.0633
10501,3.8,2.22,3.37,3.13
19578,5.0,3.36,3.1,3.82
3961,4.4,2.71,3.09,3.4
14281,4.44,3.36,3.55,3.7833
36573,4.07,3.53,3.28,3.6267
49914,4.47,3.45,4.31,4.0767
2651,4.7,3.01,3.05,3.5867
44820,4.64,3.26,3.91,3.9367
3206,4.1,2.66,3.66,3.4733
47638,5.0,3.25,3.28,3.8433
42599,2.9,2.26,4.1,3.0867
40540,5.0,3.54,3.35,3.9633
62188,5.0,3.52,3.62,4.0467
48058,3.5,2.88,2.85,3.0767
12627,2.95,2.24,3.87,3.02
58765,4.55,3.43,3.64,3.8733
16115,4.64,3.32,3.63,3.8633
29293,3.8,1.98,3.25,3.01
52769,5.0,3.35,3.15,3.8333
40295,4.74,3.28,3.57,3.8633
66285,5.0,3.56,4.12,4.2267
56371,4.7,2.98,3.55,3.7433
68112,2.83,2.33,3.99,3.05
70468,5.0,3.42,3.41,3.9433
36050,5.0,3.4,3.01,3.8033
5047,4.74,3.32,3.47,3.8433
71183,5.0,3.02,3.78,3.9333
37589,3.1,2.32,4.17,3.1967
26659,4.4,3.6,2.79,3.5967
61745,5.0,3.36,3.26,3.8733
66922,5.0,3.5,3.42,3.9733
58484,5.0,3.37,3.37,3.9133
38721,5.0,3.21,3.1,3.77
40385,4.64,3.27,3.58,3.83
69614,3.75,2.78,3.97,3.5
53619,5.0,3.39,3.14,3.8433
2241,4.7,3.09,3.7,3.83
56254,5.0,3.47,3.29,3.92
47598,5.0,3.5,2.96,3.82
16396,5.0,3.25,2.94,3.73
36208,4.25,3.25,3.6,3.7
56261,3.27,2.34,3.97,3.1933
1291,2.81,2.33,4.43,3.19
2607,3.87,2.94,4.07,3.6267
71546,2.97,2.22,3.68,2.9567
28344,5.0,3.46,3.17,3.8767
51475,4.56,3.13,3.4,3.6967
45641,2.84,2.23,4.61,3.2267
29541,2.91,2.24,3.83,2.9933
54144,4.86,3.33,3.39,3.86
14460,3.84,3.33,4.67,3.9467
6462,5.0,2.8,3.18,3.66
58057,4.7,3.3,3.19,3.73
57778,4.56,3.14,4.04,3.9133
71219,5.0,3.15,3.23,3.7933
42762,5.0,3.18,3.46,3.88
68566,5.0,3.54,3.48,4.0067
71370,4.25,3.2,3.71,3.72
46594,5.0,3.54,3.88,4.14
1812,5.0,3.53,3.37,3.9667
7660,2.8,2.04,5.0,3.28
71648,4.4,2.67,3.06,3.3767
59922,4.26,3.39,4.21,3.9533
17073,3.02,2.26,4.62,3.3
43440,3.8,2.41,3.21,3.14
60642,2.99,2.16,3.7,2.95
31850,5.0,3.51,3.14,3.8833
37268,5.0,3.43,3.22,3.8833
39954,4.04,3.37,3.62,3.6767
21121,5.0,3.53,3.27,3.9333
26895,5.0,3.58,3.53,4.0367
23925,5.0,3.23,3.5,3.91
43553,5.0,3.55,3.28,3.9433
1297,5.0,3.36,3.36,3.9067
40659,4.55,3.42,3.91,3.96
11752,5.0,3.55,3.23,3.9267
14900,5.0,3.42,3.41,3.9433
5218,5.0,3.6,3.22,3.94
56,5.0,3.13,3.26,3.7967
9219,5.0,3.44,3.36,3.9333
67060,5.0,3.55,4.01,4.1867
40643,3.35,2.45,4.06,3.2867
71174,3.06,2.27,3.68,3.0033
3301,5.0,3.25,3.17,3.8067
59328,5.0,3.5,3.31,3.9367
3658,2.97,2.31,4.05,3.11
61890,5.0,3.6,2.94,3.8467
36417,4.61,3.19,3.24,3.68
12519,5.0,3.52,3.1,3.8733
10720,3.27,2.35,3.99,3.2033
65065,4.4,3.58,3.66,3.88
17689,5.0,3.56,3.41,3.99
56923,3.62,3.1,4.47,3.73
19113,4.41,3.41,3.31,3.71
31915,5.0,3.13,3.26,3.7967
54366,4.4,3.6,3.12,3.7067
59497,5.0,3.23,3.27,3.8333
40797,4.74,3.34,3.03,3.7033
7021,5.0,3.6,2.96,3.8533
40610,4.4,3.6,2.78,3.5933
63907,3.52,3.32,3.46,3.4333
66447,3.54,2.34,3.93,3.27
46308,3.06,2.12,3.82,3.0
53463,4.74,3.34,3.24,3.7733
26229,4.44,3.18,4.04,3.8867
71772,5.0,3.27,3.79,4.02
70021,5.0,3.53,3.29,3.94
19365,3.41,2.03,3.93,3.1233
68932,2.94,2.38,4.18,3.1667
28730,5.0,3.6,2.91,3.8367
20883,4.04,2.98,4.2,3.74
21521,3.35,2.22,4.05,3.2067
11181,5.0,3.46,3.23,3.8967
50054,5.0,3.19,2.99,3.7267
16723,5.0,3.23,3.27,3.8333
21975,4.7,3.2,3.86,3.92
29678,3.54,3.02,3.48,3.3467
18315,4.4,3.28,2.95,3.5433
45429,5.0,3.34,3.66,4.0
59035,3.27,2.69,4.2,3.3867
36034,3.5,2.88,2.85,3.0767
2139,5.0,3.28,3.96,4.08
1519,5.0,3.6,3.39,3.9967
54431,3.8,2.11,3.62,3.1767
64121,3.8,2.54,3.83,3.39
1075,5.0,3.52,3.47,3.9967
54803,3.77,2.77,4.17,3.57
28311,3.41,2.22,3.26,2.9633
20358,5.0,3.6,2.97,3.8567
39285,5.0,3.23,3.07,3.7667
68161,3.4,2.86,3.93,3.3967
22020,5.0,3.6,2.74,3.78
24552,4.4,2.65,3.48,3.51
5728,3.27,2.32,3.98,3.19
12273,4.55,3.36,3.31,3.74
54662,4.4,3.6,2.79,3.5967
4527,5.0,3.21,3.1,3.77
64745,5.0,3.37,3.48,3.95
3939,5.0,3.37,3.1,3.8233
56143,2.88,2.36,3.86,3.0333
7386,5.0,3.21,3.28,3.83
8566,5.0,3.21,3.26,3.8233
44630,4.4,3.44,2.96,3.6
52328,3.24,2.09,3.73,3.02
53835,4.17,3.27,3.7,3.7133
57405,5.0,3.4,2.79,3.73
53677,4.4,3.6,2.91,3.6367
9386,5.0,3.4,3.36,3.92
36020,5.0,3.53,3.66,4.0633
55694,5.0,3.28,3.19,3.8233
30577,3.35,2.38,3.89,3.2067
39507,4.26,2.93,3.62,3.6033
13486,2.88,2.2,3.91,2.9967
4947,4.74,2.95,2.92,3.5367
68841,4.1,2.7,3.18,3.3267
13223,4.7,3.12,3.69,3.8367
61025,4.74,3.24,3.69,3.89
62047,3.27,2.25,3.09,2.87
69993,4.7,2.7,3.04,3.48
23550,5.0,3.29,3.21,3.8333
67279,5.0,3.2,3.29,3.83
34976,2.95,2.41,4.33,3.23
260,5.0,3.23,3.27,3.8333
2343,5.0,3.28,3.0,3.76
16135,5.0,3.35,3.14,3.83
1106,3.45,2.57,3.97,3.33
38019,5.0,3.57,3.57,4.0467
11854,4.56,3.28,3.82,3.8867
10964,5.0,3.09,3.56,3.8833
32586,4.7,3.31,3.2,3.7367
22946,5.0,3.21,3.05,3.7533
54959,4.7,3.17,3.62,3.83
54282,4.47,3.35,3.68,3.8333
14233,3.8,2.34,3.86,3.3333
64917,3.8,2.45,3.02,3.09
16473,4.86,3.3,3.1,3.7533
53954,3.35,2.08,3.74,3.0567
69440,5.0,3.53,3.59,4.04
57894,5.0,3.23,3.27,3.8333
62748,5.0,3.13,3.26,3.7967
12931,5.0,3.06,3.72,3.9267
62908,3.8,2.19,3.39,3.1267
43977,5.0,3.24,3.58,3.94
17249,3.06,2.31,4.08,3.15
31917,3.66,2.15,3.25,3.02
31584,4.1,2.89,2.94,3.31
47193,5.0,3.54,3.86,4.1333
8372,5.0,3.53,3.38,3.97
2279,5.0,3.53,3.23,3.92
51255,4.64,3.56,4.12,4.1067
2391,4.25,2.99,3.49,3.5767
45892,3.66,2.28,3.93,3.29
36300,5.0,3.25,3.28,3.8433
38431,5.0,3.13,2.89,3.6733
18094,5.0,3.46,3.42,3.96
25586,5.0,3.23,3.26,3.83
24331,4.1,2.6,3.52,3.4067
65862,5.0,3.41,3.07,3.8267
33833,3.44,2.28,4.11,3.2767
3166,4.47,3.28,3.87,3.8733
21730,5.0,2.96,3.14,3.7
1099,4.4,3.47,2.93,3.6
36746,3.66,2.3,4.55,3.5033
53237,4.26,2.95,3.79,3.6667
62096,5.0,3.6,3.09,3.8967
1080,5.0,3.52,3.1,3.8733
35929,4.74,3.12,3.7,3.8533
62263,2.89,2.36,4.79,3.3467
40441,5.0,3.32,3.43,3.9167
24771,4.55,3.31,3.36,3.74
14416,2.89,1.81,4.2,2.9667
53528,3.8,2.37,3.95,3.3733
28676,4.4,3.6,2.84,3.6133
52988,3.15,2.29,3.97,3.1367
51196,5.0,3.44,3.55,3.9967
34630,5.0,3.22,2.88,3.7
12926,4.7,3.29,3.58,3.8567
14495,3.8,1.89,3.25,2.98
67296,5.0,3.29,3.0,3.7633
9639,5.0,3.52,3.25,3.9233
62627,5.0,3.6,2.94,3.8467
6071,3.8,2.29,4.4,3.4967
49510,3.1,2.35,3.67,3.04
70026,5.0,3.55,3.15,3.9
16829,5.0,3.32,2.97,3.7633
57139,5.0,3.23,3.15,3.7933
45547,5.0,3.23,3.5,3.91
8616,3.27,2.28,4.18,3.2433
21587,2.74,2.36,3.96,3.02
2684,4.7,2.82,3.39,3.6367
16349,5.0,3.22,3.19,3.8033
49576,3.15,2.12,4.14,3.1367
31730,5.0,3.04,3.37,3.8033
51653,4.4,3.47,3.04,3.6367
71166,3.8,2.37,3.8,3.3233
35889,3.15,2.28,4.04,3.1567
54834,4.64,3.51,3.86,4.0033
60959,5.0,3.42,3.15,3.8567
5595,4.22,3.12,3.9,3.7467
18880,5.0,3.53,3.38,3.97
32271,3.44,2.19,3.39,3.0067
21846,2.94,2.37,4.51,3.2733
51963,4.47,3.48,3.62,3.8567
60329,5.0,3.39,3.7,4.03
9164,3.96,3.08,3.93,3.6567
31215,4.4,3.6,2.79,3.5967
54126,5.0,3.55,3.25,3.9333
67549,3.1,2.31,4.06,3.1567
14505,5.0,3.6,2.96,3.8533
65808,3.06,2.13,4.31,3.1667
11157,5.0,3.33,3.08,3.8033
50172,5.0,3.49,3.4,3.9633
48654,3.13,2.27,3.89,3.0967
769,2.86,2.04,3.82,2.9067
61747,5.0,3.25,2.85,3.7
43877,3.15,2.12,3.99,3.0867
67100,3.8,1.72,3.21,2.91
59057,4.4,3.6,2.83,3.61
25587,5.0,3.04,3.32,3.7867
43374,3.66,2.15,3.79,3.2
48800,3.44,2.07,3.9,3.1367
68229,5.0,3.56,4.22,4.26
62985,4.35,3.47,4.04,3.9533
25598,4.4,3.6,2.79,3.5967
11395,4.7,3.01,3.05,3.5867
5067,4.86,3.38,3.5,3.9133
69801,3.02,2.06,3.6,2.8933
18296,4.7,3.04,3.63,3.79
62414,5.0,3.46,3.89,4.1167
25860,4.52,3.41,3.54,3.8233
58803,3.8,2.24,3.75,3.2633
68198,4.7,3.17,3.31,3.7267
60050,4.7,3.22,3.38,3.7667
26309,5.0,3.49,3.6,4.03
65971,3.27,2.38,4.64,3.43
15315,4.52,3.33,3.23,3.6933
13995,5.0,3.52,3.16,3.8933
19197,5.0,3.48,3.38,3.9533
34968,5.0,3.46,3.37,3.9433
43082,5.0,3.57,3.45,4.0067
29825,2.98,2.09,3.93,3.0
23573,4.7,2.88,3.57,3.7167
20238,4.4,3.6,2.9,3.6333
35042,5.0,3.38,3.28,3.8867
23719,5.0,3.46,3.42,3.96
52414,4.64,3.51,3.34,3.83
12529,2.89,1.94,3.83,2.8867
25972,4.55,3.56,3.77,3.96
57977,5.0,3.54,3.25,3.93
49458,2.73,2.34,3.78,2.95
39491,4.74,3.11,3.41,3.7533
58895,5.0,3.57,3.43,4.0
3204,5.0,3.3,3.41,3.9033
18964,5.0,3.09,3.35,3.8133
28651,3.27,2.01,3.21,2.83
3119,5.0,3.51,3.03,3.8467
52549,5.0,3.13,3.26,3.7967
60250,2.83,2.32,3.94,3.03
12659,4.86,3.23,3.66,3.9167
445,5.0,3.56,3.18,3.9133
7437,5.0,3.6,3.53,4.0433
52875,3.1,2.37,3.96,3.1433
29325,4.86,3.57,3.54,3.99
624,4.47,3.23,3.17,3.6233
1157,5.0,3.53,2.91,3.8133
25330,5.0,3.48,3.48,3.9867
58461,5.0,3.55,3.63,4.06
64410,4.1,2.69,3.55,3.4467
688,4.47,3.19,3.51,3.7233
26227,3.54,2.22,3.97,3.2433
23822,5.0,3.6,3.69,4.0967
4574,4.4,3.6,2.79,3.5967
68885,3.8,2.96,3.5,3.42
62705,5.0,3.23,3.27,3.8333
26611,4.7,3.3,3.88,3.96
55505,5.0,3.34,3.03,3.79
56115,5.0,3.57,3.46,4.01
57599,5.0,3.44,3.05,3.83
24925,3.96,3.02,3.72,3.5667
50145,5.0,3.57,3.34,3.97
35403,3.81,2.83,3.57,3.4033
44536,5.0,3.34,3.29,3.8767
62231,3.15,2.55,3.97,3.2233
22415,4.1,2.84,3.37,3.4367
39407,4.31,3.6,3.37,3.76
5158,4.4,3.42,3.44,3.7533
10380,5.0,3.6,2.72,3.7733
14320,4.7,3.29,4.14,4.0433
63969,5.0,3.45,3.78,4.0767
9436,4.4,3.6,3.16,3.72
22965,3.15,2.28,5.0,3.4767
64672,4.4,3.49,2.95,3.6133
51893,3.06,2.03,4.08,3.0567
19456,3.8,2.08,3.0,2.96
23709,4.11,2.89,3.79,3.5967
18405,2.99,2.2,4.28,3.1567
7848,3.02,2.35,4.08,3.15
21734,4.7,3.34,3.79,3.9433
49117,5.0,3.39,3.17,3.8533
67950,5.0,3.49,2.95,3.8133
23718,5.0,3.49,3.38,3.9567
71413,2.92,2.19,4.57,3.2267
43635,4.1,3.36,2.9,3.4533
61733,5.0,3.6,3.54,4.0467
38327,3.21,2.33,3.95,3.1633
57955,3.27,2.46,3.76,3.1633
40985,5.0,3.28,3.0,3.76
30779,5.0,3.44,3.84,4.0933
68423,4.64,3.16,4.0,3.9333
57734,5.0,3.6,2.97,3.8567
23281,5.0,3.34,3.86,4.0667
26392,4.4,2.98,3.17,3.5167
7820,5.0,3.6,3.0,3.8667
21916,5.0,3.6,3.03,3.8767
49986,4.86,3.48,3.59,3.9767
26649,3.02,1.96,3.48,2.82
30234,5.0,3.23,3.26,3.83
62359,4.44,3.37,3.38,3.73
48075,3.06,2.18,4.18,3.14
39770,5.0,3.39,3.17,3.8533
51978,3.35,2.36,3.74,3.15
23530,5.0,3.55,3.28,3.9433
66938,3.74,2.59,3.95,3.4267
62462,4.4,3.6,2.79,3.5967
15354,5.0,3.44,3.05,3.83
34035,4.26,3.02,4.7,3.9933
70694,5.0,3.44,3.34,3.9267
35172,2.71,2.32,5.0,3.3433
21316,4.4,3.6,2.79,3.5967
41231,3.15,1.95,3.17,2.7567
39345,4.74,3.08,4.1,3.9733
38088,3.8,2.19,3.39,3.1267
43507,3.8,2.58,3.72,3.3667
50235,4.74,3.21,3.58,3.8433
58608,5.0,3.52,3.96,4.16
38804,4.26,2.95,3.75,3.6533
6024,5.0,3.22,3.25,3.8233
20532,4.86,3.32,3.12,3.7667
41954,3.35,2.31,3.85,3.17
11306,5.0,3.35,3.09,3.8133
60341,4.7,3.22,3.8,3.9067
68010,5.0,3.07,3.94,4.0033
384,4.0,3.52,4.0,3.84
15551,5.0,3.25,3.28,3.8433
60151,5.0,3.49,3.28,3.9233
30050,4.7,2.95,3.49,3.7133
620,4.41,3.57,3.37,3.7833
45608,5.0,3.57,3.5,4.0233
20311,5.0,3.4,2.96,3.7867
46596,5.0,3.6,3.39,3.9967
68539,5.0,3.56,3.25,3.9367
7783,5.0,3.29,3.05,3.78
27211,5.0,3.4,3.06,3.82
3534,5.0,3.6,3.4,4.0
40757,4.44,3.17,3.52,3.71
30411,5.0,3.23,3.27,3.8333
4013,4.44,3.1,4.27,3.9367
28990,5.0,3.4,2.89,3.7633
35005,4.55,3.56,3.9,4.0033
67154,5.0,3.21,3.05,3.7533
62162,4.41,3.52,4.22,4.05
41878,3.82,3.05,3.71,3.5267
14825,5.0,3.06,3.1,3.72
32343,4.64,3.23,3.05,3.64
19135,4.4,2.9,3.43,3.5767
57307,5.0,3.25,3.28,3.8433
41142,3.66,2.23,4.29,3.3933
64354,4.86,3.46,3.31,3.8767
7898,5.0,3.58,3.69,4.09
22794,5.0,3.25,3.16,3.8033
10249,2.99,2.33,4.06,3.1267
10852,5.0,3.52,3.58,4.0333
43201,3.5,2.88,2.85,3.0767
58305,2.83,2.26,4.38,3.1567
64031,4.7,3.12,3.58,3.8
61804,3.02,2.23,3.69,2.98
6617,4.64,3.46,3.32,3.8067
36920,4.64,3.17,3.69,3.8333
37638,3.66,1.95,3.5,3.0367
36276,4.4,3.44,2.96,3.6
59080,4.2,2.98,3.95,3.71
34885,4.41,3.31,4.05,3.9233
3557,2.89,1.82,3.76,2.8233
42508,3.35,2.19,3.73,3.09
30543,3.1,2.4,3.15,2.8833
5233,5.0,3.47,3.25,3.9067
9679,5.0,3.5,3.35,3.95
65652,5.0,3.53,3.32,3.95
3719,4.17,3.25,3.56,3.66
12611,4.4,3.03,3.29,3.5733
7269,3.44,2.33,5.0,3.59
35619,2.88,2.28,3.79,2.9833
47410,5.0,3.53,3.22,3.9167
20950,5.0,3.4,3.01,3.8033
23075,3.35,2.24,3.97,3.1867
60406,5.0,3.32,3.23,3.85
39014,3.5,2.88,2.85,3.0767
2709,3.54,2.18,3.36,3.0267
60950,2.92,2.33,3.43,2.8933
59685,5.0,3.54,3.46,4.0
57769,5.0,3.37,3.49,3.9533
70354,4.4,3.6,3.39,3.7967
43785,2.91,2.2,4.11,3.0733
56926,5.0,3.6,3.3,3.9667
71018,5.0,3.52,3.04,3.8533
51940,5.0,3.44,3.41,3.95
55575,4.47,3.4,3.83,3.9
34582,4.41,3.6,4.09,4.0333
56126,2.99,2.11,3.91,3.0033
13858,5.0,3.58,3.75,4.11
53046,5.0,3.35,3.47,3.94
66615,3.27,2.21,3.62,3.0333
38185,3.54,2.1,3.77,3.1367
66422,4.4,3.12,3.75,3.7567
66146,2.89,2.37,4.62,3.2933
26233,5.0,3.42,2.98,3.8
8735,5.0,3.39,3.17,3.8533
12277,4.4,3.6,2.79,3.5967
34162,5.0,3.49,2.95,3.8133
51659,5.0,3.25,3.28,3.8433
56750,4.26,2.96,4.19,3.8033
54745,5.0,3.6,3.01,3.87
11873,4.25,2.96,4.05,3.7533
62635,3.15,2.31,3.41,2.9567
54084,5.0,3.36,3.26,3.8733
5271,3.44,2.36,3.43,3.0767
6924,3.24,2.61,4.23,3.36
27527,4.7,3.34,3.43,3.8233
7971,5.0,3.51,3.39,3.9667
40245,4.25,3.1,3.93,3.76
55029,4.26,3.2,3.67,3.71
19902,4.4,3.6,2.88,3.6267
67144,4.41,3.38,3.24,3.6767
26557,5.0,3.6,3.31,3.97
49728,4.7,3.12,3.64,3.82
48213,5.0,3.47,3.4,3.9567
65535,5.0,3.25,3.28,3.8433
20887,4.76,3.51,3.39,3.8867
70767,4.7,3.33,3.46,3.83
17815,4.4,3.6,2.83,3.61
60932,4.4,3.6,2.77,3.59
16196,5.0,3.6,3.2,3.9333
52604,3.54,2.62,4.14,3.4333
57081,3.06,2.35,3.89,3.1
35590,5.0,3.35,3.04,3.7967
36477,4.47,3.57,3.52,3.8533
6386,5.0,3.42,3.24,3.8867
48722,5.0,3.6,3.04,3.88
15375,4.11,3.27,3.65,3.6767
616,4.56,3.16,3.58,3.7667
22746,3.27,2.37,3.75,3.13
38102,5.0,3.35,3.36,3.9033
21182,5.0,3.55,3.44,3.9967
38369,5.0,3.56,3.52,4.0267
26900,4.64,3.39,3.25,3.76
66451,3.8,2.4,3.99,3.3967
30174,2.88,2.27,4.7,3.2833
663,5.0,3.43,3.76,4.0633
45324,3.21,2.1,3.65,2.9867
53563,5.0,3.26,3.55,3.9367
9114,2.97,2.23,4.33,3.1767
8204,5.0,3.55,3.55,4.0333
30554,2.99,2.35,4.41,3.25
58529,2.97,2.38,4.82,3.39
37376,5.0,3.6,2.78,3.7933
59743,4.14,2.94,3.77,3.6167
58134,5.0,3.51,3.03,3.8467
15967,4.35,3.38,3.45,3.7267
9625,5.0,3.54,3.58,4.04
52013,5.0,3.4,3.18,3.86
47844,4.1,2.83,3.79,3.5733
33055,2.87,2.19,4.13,3.0633
67614,5.0,3.51,4.04,4.1833
28018,5.0,3.6,2.76,3.7867
595,4.4,2.51,3.08,3.33
24059,5.0,3.6,2.94,3.8467
59472,4.7,3.31,3.52,3.8433
7445,5.0,3.42,4.06,4.16
56283,5.0,3.6,3.0,3.8667
30561,2.99,2.35,4.43,3.2567
10413,5.0,3.34,3.34,3.8933
21387,3.5,2.88,2.85,3.0767
65096,4.74,3.27,3.72,3.91
65870,5.0,3.27,3.2,3.8233
16493,5.0,3.6,2.95,3.85
14682,5.0,3.55,3.04,3.8633
61332,5.0,3.48,3.58,4.02
37782,2.86,1.97,4.81,3.2133
44765,5.0,3.29,2.91,3.7333
37699,3.5,2.88,2.85,3.0767
53269,5.0,3.31,3.16,3.8233
29318,2.97,2.29,4.04,3.1
58471,2.82,2.29,4.83,3.3133
38646,5.0,3.6,3.0,3.8667
21524,4.4,3.6,2.79,3.5967
21914,3.5,2.88,2.85,3.0767
34977,5.0,3.51,3.17,3.8933
70520,3.8,1.98,3.25,3.01
62164,5.0,3.49,3.7,4.0633
61769,4.4,3.6,2.77,3.59
2331,4.7,2.97,3.83,3.8333
42274,5.0,3.38,3.38,3.92
223,4.86,3.47,3.51,3.9467
43323,5.0,3.47,2.88,3.7833
17407,2.97,2.19,3.82,2.9933
39938,4.7,3.25,3.38,3.7767
47505,5.0,3.32,2.97,3.7633
2425,5.0,3.56,3.19,3.9167
22545,4.47,3.45,4.52,4.1467
23493,5.0,3.52,3.26,3.9267
13938,5.0,3.16,2.93,3.6967
59571,3.78,3.21,4.35,3.78
22346,5.0,3.57,3.56,4.0433
60171,5.0,3.16,3.27,3.81
2293,5.0,3.55,3.21,3.92
27368,4.31,3.3,3.85,3.82
9916,4.7,3.25,3.33,3.76
3929,5.0,3.16,2.98,3.7133
514,4.47,3.29,3.52,3.76
51226,5.0,3.52,3.69,4.07
17344,2.99,2.36,4.11,3.1533
5203,5.0,3.56,3.35,3.97
21218,5.0,3.6,3.09,3.8967
15341,4.4,3.07,3.23,3.5667
29614,3.8,2.5,3.36,3.22
6929,3.35,2.29,3.46,3.0333
61203,5.0,3.53,3.34,3.9567
18353,3.02,2.5,4.93,3.4833
28567,4.22,3.34,3.18,3.58
1430,4.56,3.16,3.63,3.7833
32912,3.89,3.02,4.23,3.7133
11962,5.0,3.25,2.98,3.7433
48691,4.4,3.6,2.9,3.6333
25754,3.1,2.29,4.14,3.1767
41697,5.0,3.23,3.27,3.8333
42197,4.7,3.28,3.57,3.85
65168,5.0,3.53,3.02,3.85
60253,3.21,2.36,3.88,3.15
16741,5.0,3.6,3.46,4.02
10638,4.1,3.11,3.46,3.5567
1407,3.44,2.27,4.25,3.32
27825,4.55,3.37,3.91,3.9433
59701,5.0,3.38,3.5,3.96
7448,5.0,3.49,3.46,3.9833
54063,2.89,2.19,4.61,3.23
48488,4.55,3.44,3.4,3.7967
128,4.44,3.3,3.46,3.7333
1649,3.46,2.14,3.66,3.0867
62998,3.54,2.04,3.19,2.9233
44596,3.87,3.01,4.81,3.8967
10489,5.0,3.3,3.33,3.8767
35036,4.86,3.47,3.95,4.0933
49789,3.8,2.26,3.48,3.18
44447,5.0,3.51,3.23,3.9133
60306,5.0,3.32,2.97,3.7633
27810,5.0,3.25,3.36,3.87
62482,5.0,3.51,3.02,3.8433
41394,4.56,3.33,3.77,3.8867
60030,2.94,2.36,3.95,3.0833
32580,4.34,3.15,3.37,3.62
49885,3.65,2.47,3.76,3.2933
38557,3.59,3.37,3.62,3.5267
69493,4.01,3.05,3.84,3.6333
34743,4.4,3.12,2.93,3.4833
5509,3.66,3.09,4.0,3.5833
70541,4.64,3.47,3.28,3.7967
31039,5.0,3.6,3.19,3.93
26062,5.0,3.35,3.14,3.83
34150,5.0,3.6,3.39,3.9967
54047,2.9,1.94,4.39,3.0767
36525,3.84,2.59,3.52,3.3167
35215,5.0,3.22,3.19,3.8033
50331,5.0,3.49,3.0,3.83
1383,5.0,3.46,3.17,3.8767
67276,3.44,1.9,3.54,2.96
61640,5.0,3.6,3.35,3.9833
16698,5.0,3.56,3.41,3.99
10185,5.0,3.53,3.84,4.1233
40330,3.15,2.27,3.84,3.0867
56241,5.0,3.42,3.03,3.8167
62377,4.7,2.93,2.95,3.5267
57972,5.0,3.32,2.97,3.7633
19276,2.81,2.31,3.82,2.98
8949,2.99,2.31,4.59,3.2967
49713,4.4,3.6,2.77,3.59
18222,2.94,2.31,4.34,3.1967
45142,3.15,2.25,3.89,3.0967
28753,5.0,3.23,3.27,3.8333
8280,5.0,3.46,3.23,3.8967
59677,5.0,3.52,3.04,3.8533
26623,4.17,3.25,3.72,3.7133
34597,4.1,2.72,3.61,3.4767
65756,3.21,2.16,3.64,3.0033
68031,4.4,3.6,2.79,3.5967
55434,4.4,3.6,2.71,3.57
53606,4.55,3.29,3.43,3.7567
41528,5.0,3.23,3.27,3.8333
44134,3.27,2.32,3.9,3.1633
37472,5.0,3.4,3.18,3.86
53689,3.1,2.17,3.83,3.0333
69021,4.7,3.22,3.36,3.76
10188,4.4,3.4,3.34,3.7133
52131,5.0,3.34,3.03,3.79
31552,2.84,2.16,4.89,3.2967
11096,3.44,2.17,3.64,3.0833
6823,5.0,3.35,3.04,3.7967
34087,5.0,3.56,3.75,4.1033
13044,3.37,2.66,3.62,3.2167
58673,5.0,3.11,3.28,3.7967
31820,5.0,3.35,3.46,3.9367
68557,5.0,3.51,3.14,3.8833
68745,4.26,3.09,3.59,3.6467
8428,2.91,2.34,4.11,3.12
5004,4.3,3.28,3.56,3.7133
63924,2.8,2.33,4.12,3.0833
36629,4.7,3.19,3.12,3.67
58892,5.0,3.47,3.29,3.92
50438,4.86,3.31,3.52,3.8967
15436,5.0,3.55,3.65,4.0667
70565,5.0,2.87,3.28,3.7167
38433,3.21,2.02,3.58,2.9367
41584,4.34,3.32,4.04,3.9
53552,5.0,3.46,3.32,3.9267
56312,5.0,3.6,3.6,4.0667
16718,5.0,3.43,3.92,4.1167
58549,4.86,3.44,3.57,3.9567
35621,5.0,3.32,2.87,3.73
29660,3.21,2.15,4.28,3.2133
50066,5.0,3.13,3.26,3.7967
23125,4.1,2.84,3.4,3.4467
57100,3.8,1.89,3.25,2.98
19605,3.02,2.2,3.56,2.9267
44446,3.27,2.31,4.45,3.3433
47801,3.21,2.44,4.3,3.3167
57425,4.19,3.0,3.74,3.6433
68772,4.7,3.25,2.95,3.6333
12103,4.7,3.27,3.18,3.7167
18547,4.55,3.29,3.5,3.78
43033,5.0,3.57,3.38,3.9833
15835,3.45,2.77,4.51,3.5767
68017,4.7,3.01,3.05,3.5867
54542,5.0,3.47,3.24,3.9033
46327,3.35,2.19,3.62,3.0533
40969,3.06,2.35,5.0,3.47
64890,4.4,3.6,2.79,3.5967
3965,5.0,3.35,2.88,3.7433
17751,5.0,3.43,3.67,4.0333
41964,3.54,2.29,4.3,3.3767
53840,5.0,3.5,2.96,3.82
45828,2.99,2.31,3.84,3.0467
68509,5.0,3.21,3.05,3.7533
26296,5.0,3.5,3.01,3.8367
24195,5.0,3.55,3.38,3.9767
21512,4.86,3.45,3.9,4.07
59793,5.0,3.13,3.26,3.7967
971,3.54,2.33,3.53,3.1333
56337,3.96,2.73,4.26,3.65
16000,3.8,1.66,3.24,2.9
17091,5.0,3.01,3.02,3.6767
38923,5.0,3.54,3.35,3.9633
57366,5.0,3.38,3.16,3.8467
11935,5.0,3.6,3.0,3.8667
20801,3.44,2.07,3.47,2.9933
3188,4.55,3.46,3.33,3.78
6710,5.0,3.6,3.17,3.9233
7524,5.0,3.42,3.33,3.9167
28807,4.4,3.32,2.77,3.4967
67321,2.99,2.34,3.7,3.01
57579,5.0,3.56,3.42,3.9933
27231,3.8,1.98,3.25,3.01
5410,3.24,2.26,3.8,3.1
41594,4.41,3.52,3.52,3.8167
7711,3.74,2.62,4.18,3.5133
18237,5.0,3.32,3.17,3.83
54072,3.54,2.17,3.77,3.16
65813,5.0,3.32,2.92,3.7467
45417,5.0,3.2,2.96,3.72
51830,3.17,2.3,4.31,3.26
57983,5.0,3.51,3.14,3.8833
42669,5.0,3.39,3.07,3.82
66076,5.0,3.58,3.97,4.1833
8816,3.21,2.17,3.79,3.0567
32316,3.8,2.29,3.39,3.16
25008,2.79,2.29,4.28,3.12
64905,5.0,3.34,3.29,3.8767
60626,5.0,3.6,3.13,3.91
49625,5.0,3.5,3.37,3.9567
14324,4.14,2.84,3.99,3.6567
52573,5.0,3.08,3.01,3.6967
32984,4.4,2.84,2.88,3.3733
35126,5.0,3.33,3.91,4.08
57472,5.0,3.35,3.89,4.08
59136,4.4,3.6,2.79,3.5967
58685,5.0,3.54,3.25,3.93
71247,3.35,2.01,4.13,3.1633
35412,4.3,3.51,3.24,3.6833
53231,4.3,3.47,3.81,3.86
52422,3.8,2.57,3.22,3.1967
47183,4.86,3.32,3.68,3.9533
7266,3.54,2.2,3.97,3.2367
25642,4.74,3.52,3.71,3.99
24994,3.54,2.28,3.75,3.19
27352,5.0,3.42,3.39,3.9367
60868,4.61,3.32,4.22,4.05
29482,5.0,3.42,3.08,3.8333
15885,5.0,3.23,3.27,3.8333
17481,5.0,3.42,3.66,4.0267
6487,3.44,2.22,3.86,3.1733
32798,3.02,2.36,4.12,3.1667
58982,5.0,3.6,2.94,3.8467
7051,5.0,3.29,2.91,3.7333
71110,4.4,3.6,2.99,3.6633
59247,4.86,3.46,3.23,3.85
17779,3.21,2.14,4.18,3.1767
69461,2.87,2.29,5.0,3.3867
63512,4.74,3.55,3.28,3.8567
18520,3.8,1.98,3.25,3.01
30897,3.4,2.51,4.42,3.4433
7171,5.0,3.5,2.96,3.82
48104,5.0,3.39,3.17,3.8533
58740,5.0,3.28,3.76,4.0133
9285,3.65,2.77,3.56,3.3267
6208,4.86,3.31,3.51,3.8933
14120,3.66,2.33,3.82,3.27
48960,3.21,2.3,3.95,3.1533
45512,5.0,3.42,2.85,3.7567
66109,5.0,3.43,3.76,4.0633
35855,4.4,3.6,3.26,3.7533
7131,5.0,3.44,3.05,3.83
31351,4.1,2.79,3.55,3.48
3438,5.0,3.13,3.1,3.7433
70290,5.0,3.35,3.41,3.92
1845,3.66,2.35,3.61,3.2067
69780,3.44,2.38,3.72,3.18
53930,4.4,3.01,3.52,3.6433
49696,5.0,3.39,3.75,4.0467
49002,4.17,3.26,3.34,3.59
71256,5.0,2.93,3.08,3.67
67506,5.0,3.21,3.26,3.8233
66428,5.0,3.6,3.05,3.8833
10612,2.99,2.31,4.11,3.1367
45675,5.0,3.39,3.12,3.8367
40565,2.82,2.26,4.49,3.19
31081,3.27,2.21,4.06,3.18
19703,4.11,3.04,3.53,3.56
29838,3.54,2.33,3.79,3.22
2470,3.06,2.22,3.02,2.7667
4315,3.27,2.31,4.58,3.3867
70128,4.1,2.93,2.95,3.3267
40264,5.0,3.6,3.41,4.0033
19906,4.1,3.36,2.92,3.46
49686,2.99,2.24,4.36,3.1967
290,4.86,3.47,2.98,3.77
19782,5.0,3.54,3.12,3.8867
59395,5.0,3.54,3.45,3.9967
54065,2.89,2.16,4.58,3.21
56536,5.0,3.46,3.43,3.9633
12267,5.0,3.55,3.17,3.9067
64239,5.0,3.41,3.07,3.8267
31383,4.04,3.48,3.43,3.65
30612,4.64,3.44,3.31,3.7967
43307,5.0,3.29,3.16,3.8167
71925,5.0,3.38,2.95,3.7767
1826,4.55,3.4,3.65,3.8667
28323,2.78,2.13,3.87,2.9267
56748,4.83,3.47,4.51,4.27
65329,5.0,3.6,2.77,3.79
41719,4.4,3.6,2.89,3.63
51681,5.0,3.55,3.23,3.9267
2449,4.7,3.3,3.35,3.7833
42859,4.1,2.76,4.02,3.6267
65491,4.7,3.34,3.82,3.9533
56607,3.8,2.24,3.68,3.24
35105,4.74,3.6,3.27,3.87
13923,4.7,3.22,3.84,3.92
32336,3.41,2.3,3.98,3.23
20305,5.0,3.31,3.16,3.8233
57431,2.88,2.14,4.03,3.0167
24126,2.81,2.24,4.83,3.2933
58449,5.0,3.16,3.53,3.8967
25085,5.0,3.2,3.25,3.8167
56377,3.35,2.17,3.9,3.14
58668,5.0,3.01,3.27,3.76
13494,2.94,2.28,4.17,3.13
22095,4.22,3.26,3.21,3.5633
65587,3.44,1.95,3.36,2.9167
58118,5.0,3.57,3.6,4.0567
36094,5.0,3.41,3.02,3.81
29985,2.85,2.15,4.09,3.03
5363,5.0,3.6,3.45,4.0167
20739,5.0,3.51,3.81,4.1067
11419,2.85,2.31,3.27,2.81
9232,5.0,3.0,3.01,3.67
36123,5.0,3.44,3.47,3.97
65176,3.8,1.98,3.25,3.01
38069,4.7,3.26,3.24,3.7333
6133,5.0,3.54,3.37,3.97
41407,2.63,2.21,4.32,3.0533
66406,4.4,3.34,3.03,3.59
60080,5.0,3.53,3.23,3.92
36067,2.93,2.28,4.03,3.08
36049,4.7,3.24,3.54,3.8267
14816,4.7,3.28,3.64,3.8733
44939,4.76,3.44,3.23,3.81
58075,3.54,2.56,4.09,3.3967
2898,2.84,2.03,3.79,2.8867
28938,5.0,3.38,2.95,3.7767
56121,3.15,2.27,3.97,3.13
23126,3.57,2.73,3.64,3.3133
56419,4.4,3.6,2.79,3.5967
46284,5.0,3.6,2.77,3.79
36221,3.02,2.27,3.94,3.0767
16519,5.0,3.55,3.54,4.03
18749,5.0,3.16,2.93,3.6967
6750,3.8,2.2,4.55,3.5167
59730,3.54,2.31,3.61,3.1533
48347,4.55,3.27,3.61,3.81
66477,3.8,2.45,3.48,3.2433
56954,4.37,3.38,3.89,3.88
65317,4.64,3.09,3.25,3.66
40367,2.91,2.39,4.08,3.1267
53276,4.7,3.21,3.65,3.8533
21041,4.71,3.56,3.45,3.9067
48119,3.11,2.22,3.52,2.95
7540,3.02,2.06,3.98,3.02
3938,2.82,2.32,4.32,3.1533
63767,5.0,3.5,3.06,3.8533
41980,4.55,3.27,4.05,3.9567
29489,5.0,3.44,3.05,3.83
19710,5.0,3.42,3.1,3.84
24073,4.1,2.66,3.29,3.35
24646,5.0,3.6,3.34,3.98
63541,2.74,2.25,4.08,3.0233
2316,3.02,2.11,4.18,3.1033
58641,3.8,2.38,4.13,3.4367
53066,4.4,3.48,3.21,3.6967
66971,4.7,3.3,3.78,3.9267
67672,3.21,2.09,3.93,3.0767
58020,4.4,2.53,3.76,3.5633
9173,5.0,3.55,3.04,3.8633
16838,3.66,2.27,3.83,3.2533
5486,4.7,3.29,3.91,3.9667
19918,3.02,2.21,3.65,2.96
3509,2.87,2.21,3.99,3.0233
64475,4.64,3.49,4.55,4.2267
54928,4.74,3.37,3.28,3.7967
21346,4.1,2.84,4.6,3.8467
13763,3.44,2.15,3.25,2.9467
16440,4.1,3.36,2.9,3.4533
33771,5.0,3.36,3.79,4.05
41434,4.4,3.01,3.5,3.6367
22130,4.86,3.52,3.4,3.9267
13489,4.35,3.57,3.61,3.8433
63355,3.8,1.86,3.0,2.8867
44166,2.94,2.33,3.86,3.0433
6832,5.0,3.27,3.2,3.8233
32670,4.86,3.19,3.14,3.73
49167,5.0,3.23,3.27,3.8333
38828,3.8,2.26,3.95,3.3367
61829,4.4,3.6,2.83,3.61
51407,5.0,3.52,3.05,3.8567
57787,5.0,3.29,4.01,4.1
36871,5.0,2.9,2.96,3.62
26398,5.0,3.16,3.22,3.7933
12244,5.0,3.5,2.96,3.82
17941,5.0,3.51,3.02,3.8433
26138,2.89,2.27,4.4,3.1867
36415,5.0,3.49,3.0,3.83
64591,3.21,2.25,3.71,3.0567
30209,3.02,1.89,3.88,2.93
55544,4.26,3.28,3.5,3.68
8855,4.11,3.11,4.1,3.7733
21652,5.0,3.25,3.2,3.8167
53159,5.0,3.49,2.95,3.8133
59281,3.66,2.26,3.49,3.1367
35019,5.0,3.45,3.85,4.1
55807,5.0,3.44,3.05,3.83
54392,3.06,2.32,4.56,3.3133
53565,4.74,3.55,3.76,4.0167
16011,4.47,3.52,3.52,3.8367
40759,4.1,3.18,2.85,3.3767
53008,4.7,3.1,3.77,3.8567
3544,5.0,3.3,3.01,3.77
65287,4.4,3.6,2.79,3.5967
51758,5.0,3.12,3.28,3.8
53182,5.0,3.42,3.26,3.8933
39574,5.0,3.34,3.03,3.79
34530,3.8,2.38,4.67,3.6167
65417,5.0,3.37,3.23,3.8667
18033,5.0,3.53,3.13,3.8867
17809,3.75,2.94,4.5,3.73
15515,5.0,3.5,3.45,3.9833
63492,4.64,3.56,3.77,3.99
64705,5.0,3.4,3.24,3.88
6853,5.0,3.11,3.09,3.7333
54272,3.8,2.19,3.39,3.1267
43793,2.98,2.26,3.68,2.9733
25076,5.0,3.21,3.22,3.81
11508,3.27,2.27,3.74,3.0933
48763,5.0,3.49,3.44,3.9767
47866,5.0,3.41,3.26,3.89
47845,5.0,3.15,3.51,3.8867
41794,5.0,3.5,3.01,3.8367
2834,2.85,2.09,3.81,2.9167
55950,2.99,2.15,4.09,3.0767
59291,4.4,3.6,3.33,3.7767
16336,5.0,3.6,3.09,3.8967
49132,3.06,2.51,4.02,3.1967
22235,3.54,2.35,4.36,3.4167
35565,4.22,3.6,3.5,3.7733
71644,4.83,3.43,4.48,4.2467
52617,5.0,3.5,3.01,3.8367
68070,5.0,3.3,3.25,3.85
68804,2.57,2.26,4.63,3.1533
68887,5.0,3.41,3.09,3.8333
47773,4.86,3.27,3.72,3.95
18386,5.0,3.41,3.04,3.8167
16647,5.0,3.45,3.27,3.9067
31798,5.0,3.46,3.23,3.8967
14253,5.0,3.38,3.16,3.8467
57216,3.1,2.31,5.0,3.47
71375,4.7,3.01,3.05,3.5867
69309,3.35,2.3,4.36,3.3367
36971,5.0,3.18,2.87,3.6833
56397,2.91,2.24,3.94,3.03
11302,4.86,3.31,3.97,4.0467
36222,3.02,2.24,3.88,3.0467
4680,3.8,2.41,3.21,3.14
45560,3.1,2.24,3.74,3.0267
4511,4.64,3.42,3.64,3.9
42437,4.17,2.98,4.31,3.82
14279,3.06,2.35,3.82,3.0767
70561,4.64,3.57,3.63,3.9467
48636,2.8,2.32,4.14,3.0867
9819,5.0,3.51,2.97,3.8267
57215,3.15,2.15,4.15,3.15
53094,3.8,2.36,3.9,3.3533
18298,5.0,3.52,3.21,3.91
62701,5.0,3.17,3.54,3.9033
59775,5.0,3.4,2.96,3.7867
23930,3.35,2.37,4.62,3.4467
53569,4.22,3.57,4.58,4.1233
17851,4.26,3.17,4.11,3.8467
22207,3.1,2.24,3.81,3.05
49524,4.4,3.6,2.79,3.5967
6344,5.0,3.53,3.01,3.8467
22149,3.1,2.28,4.35,3.2433
10319,2.91,2.23,4.13,3.09
46716,5.0,3.35,3.15,3.8333
39708,5.0,3.21,3.34,3.85
3096,4.86,3.32,4.04,4.0733
18233,4.26,2.91,3.63,3.6
7620,4.74,3.54,3.97,4.0833
18603,5.0,3.6,3.05,3.8833
47996,3.15,2.48,3.77,3.1333
23847,5.0,3.4,3.06,3.82
5315,4.7,3.3,3.4,3.8
20874,4.04,2.87,3.61,3.5067
15893,4.4,3.6,2.79,3.5967
64437,5.0,3.37,3.6,3.99
27180,3.44,2.64,3.54,3.2067
64663,2.74,2.19,4.2,3.0433
12306,5.0,3.31,3.22,3.8433
15651,5.0,3.49,2.95,3.8133
18355,5.0,3.48,3.33,3.9367
43558,4.53,3.25,3.4,3.7267
29954,4.55,3.56,4.2,4.1033
34292,4.7,3.28,3.52,3.8333
62642,4.7,3.18,3.31,3.73
21596,3.95,3.5,3.26,3.57
38109,5.0,3.53,3.13,3.8867
53541,5.0,3.5,3.44,3.98
10000,4.4,2.68,3.03,3.37
61257,4.4,3.6,2.77,3.59
30073,5.0,3.23,3.27,3.8333
13069,5.0,3.31,3.11,3.8067
9755,5.0,3.15,3.17,3.7733
29631,4.4,3.6,3.16,3.72
65278,5.0,3.34,3.5,3.9467
62257,4.7,3.18,3.44,3.7733
39562,5.0,3.34,3.14,3.8267
19340,3.87,2.89,4.72,3.8267
48113,3.11,2.38,4.11,3.2
69530,5.0,3.6,2.97,3.8567
56036,4.4,3.6,3.05,3.6833
30866,5.0,3.29,2.81,3.7
63964,5.0,3.31,3.58,3.9633
33558,3.8,2.56,3.66,3.34
50005,5.0,3.37,3.71,4.0267
9055,3.27,2.27,4.21,3.25
43851,2.99,2.3,3.8,3.03
64104,4.74,3.21,3.51,3.82
55541,4.05,3.17,3.76,3.66
1662,3.84,2.65,3.92,3.47
5384,5.0,3.21,3.5,3.9033
12975,4.7,3.34,3.45,3.83
25903,4.7,3.18,3.54,3.8067
12437,3.21,2.16,3.86,3.0767
22695,2.88,2.27,4.72,3.29
70567,5.0,3.38,3.16,3.8467
3002,3.5,2.88,2.85,3.0767
24460,4.41,3.38,3.72,3.8367
18960,5.0,3.44,3.34,3.9267
6109,4.74,3.22,3.23,3.73
46549,5.0,3.48,3.27,3.9167
24515,5.0,3.6,3.0,3.8667
49068,3.66,2.78,3.66,3.3667
34004,5.0,3.25,3.28,3.8433
28604,5.0,3.47,3.29,3.92
18584,5.0,3.25,3.05,3.7667
58221,4.4,3.16,3.11,3.5567
51091,5.0,3.6,3.11,3.9033
63598,2.84,2.08,4.05,2.99
14981,5.0,3.47,3.46,3.9767
46396,5.0,3.42,3.03,3.8167
27072,4.74,3.4,3.86,4.0
63392,5.0,3.44,3.1,3.8467
35420,3.95,3.16,3.29,3.4667
52978,3.02,2.22,4.01,3.0833
21008,4.7,3.11,3.36,3.7233
36622,4.7,2.83,3.16,3.5633
40280,2.97,2.37,3.97,3.1033
15553,5.0,3.48,3.31,3.93
26978,5.0,3.56,3.38,3.98
69168,3.06,1.91,3.67,2.88
38270,3.32,2.46,4.36,3.38
61797,3.87,3.11,4.34,3.7733
1961,5.0,3.2,3.2,3.8
45530,2.85,2.31,4.12,3.0933
23681,3.27,2.33,3.43,3.01
14736,4.55,3.47,3.33,3.7833
51567,3.66,1.82,3.28,2.92
5845,4.4,3.08,3.11,3.53
67205,4.7,3.2,3.16,3.6867
51804,5.0,3.18,2.87,3.6833
56147,2.97,2.38,3.79,3.0467
52724,4.7,3.27,3.07,3.68
22975,4.19,3.55,3.49,3.7433
57281,3.5,2.88,2.85,3.0767
34824,5.0,3.42,4.09,4.17
47289,3.1,2.34,3.62,3.02
69800,5.0,3.27,3.13,3.8
52858,5.0,3.54,3.05,3.8633
63923,2.44,2.37,4.95,3.2533
4992,3.27,2.1,3.09,2.82
21062,3.5,2.88,2.85,3.0767
37898,5.0,3.37,3.49,3.9533
6144,5.0,3.36,3.52,3.96
31106,4.86,3.5,3.87,4.0767
38817,3.88,3.12,4.03,3.6767
65928,3.66,2.26,4.03,3.3167
72164,5.0,3.49,3.44,3.9767
49826,2.99,2.21,4.09,3.0967
71254,5.0,3.27,3.32,3.8633
62203,5.0,3.11,3.28,3.7967
28117,5.0,3.45,3.36,3.9367
9260,2.87,2.38,4.09,3.1133
45218,3.27,2.36,3.83,3.1533
17392,4.35,3.58,3.59,3.84
55250,3.55,3.0,4.17,3.5733
798,3.54,2.4,3.19,3.0433
37059,5.0,3.35,4.1,4.15
14412,4.64,3.21,3.36,3.7367
32090,5.0,3.43,3.28,3.9033
52277,5.0,3.38,3.16,3.8467
63371,3.35,2.03,3.77,3.05
71173,5.0,2.95,2.9,3.6167
32360,4.1,3.16,2.84,3.3667
9157,5.0,3.36,3.68,4.0133
19812,3.27,2.15,3.77,3.0633
25126,5.0,3.53,3.12,3.8833
70266,4.56,3.17,3.37,3.7
1066,4.74,3.24,3.82,3.9333
16558,4.4,2.9,3.67,3.6567
35135,2.94,2.29,4.41,3.2133
24908,5.0,3.42,2.98,3.8
68913,2.87,2.37,4.41,3.2167
17059,3.1,2.2,4.03,3.11
18261,4.4,2.83,3.57,3.6
21873,5.0,3.06,3.2,3.7533
44858,4.55,3.17,3.69,3.8033
58174,3.35,2.34,3.95,3.2133
30453,5.0,3.6,3.04,3.88
48887,5.0,2.97,3.12,3.6967
64915,5.0,3.16,3.16,3.7733
16397,3.44,2.17,3.49,3.0333
65902,3.27,2.13,4.06,3.1533
33347,4.56,3.28,4.41,4.0833
56380,2.97,2.28,4.17,3.14
47817,5.0,3.55,3.04,3.8633
28913,3.35,2.08,3.9,3.11
46516,3.8,2.15,3.2,3.05
65660,4.4,3.6,2.9,3.6333
50083,5.0,3.51,3.39,3.9667
16623,5.0,3.36,3.69,4.0167
68754,5.0,3.53,3.27,3.9333
21539,4.74,3.47,3.6,3.9367
69555,5.0,3.6,2.92,3.84
9502,4.0,3.26,3.7,3.6533
65771,3.15,2.19,4.09,3.1433
60568,3.96,2.77,4.12,3.6167
7811,3.1,2.26,4.67,3.3433
59026,3.49,2.93,4.41,3.61
5483,4.34,3.25,4.79,4.1267
45230,3.8,2.26,3.31,3.1233
67855,3.66,2.02,3.28,2.9867
49246,4.1,2.38,3.17,3.2167
36779,5.0,3.51,3.44,3.9833
41635,5.0,3.4,3.18,3.86
49099,2.97,1.99,3.92,2.96
1853,5.0,3.03,3.09,3.7067
27350,5.0,3.39,3.49,3.96
10637,4.7,3.25,3.66,3.87
55464,5.0,3.55,3.44,3.9967
44044,3.06,2.25,3.59,2.9667
57181,2.93,2.58,3.92,3.1433
20506,4.7,3.02,3.37,3.6967
53499,2.94,2.06,4.24,3.08
18453,3.11,1.91,3.58,2.8667
19577,5.0,3.42,3.15,3.8567
35238,3.35,2.14,3.35,2.9467
47534,4.86,3.29,3.75,3.9667
58648,5.0,3.51,3.03,3.8467
27904,5.0,3.39,3.6,3.9967
1353,5.0,3.51,3.44,3.9833
57984,4.4,2.72,3.29,3.47
52200,4.86,3.28,3.04,3.7267
34704,4.34,3.13,3.83,3.7667
56806,4.26,3.57,3.92,3.9167
26657,5.0,3.51,3.5,4.0033
7808,5.0,3.19,3.04,3.7433
5019,4.55,3.13,3.87,3.85
37809,5.0,3.23,3.27,3.8333
56763,2.99,2.32,4.6,3.3033
40382,5.0,3.57,3.7,4.09
2239,2.94,1.98,4.08,3.0
71221,3.96,2.76,4.97,3.8967
33669,5.0,3.55,3.22,3.9233
41106,5.0,3.34,2.98,3.7733
433,5.0,3.35,2.93,3.76
29227,4.4,3.6,3.19,3.73
28499,5.0,3.36,3.41,3.9233
38425,5.0,3.52,3.0,3.84
44483,3.5,2.88,2.85,3.0767
57535,5.0,3.46,3.17,3.8767
25316,5.0,3.5,3.41,3.97
9336,4.55,3.13,3.46,3.7133
5198,3.51,2.27,4.1,3.2933
9985,4.64,3.44,3.62,3.9
3040,4.55,3.25,3.58,3.7933
69732,3.8,2.28,3.41,3.1633
30853,5.0,3.23,3.27,3.8333
16047,3.27,2.38,3.8,3.15
51911,3.95,2.65,3.4,3.3333
69118,5.0,3.39,3.29,3.8933
15136,4.7,3.26,3.57,3.8433
69959,4.4,3.6,3.09,3.6967
26090,3.15,2.27,4.56,3.3267
16282,4.1,3.16,2.84,3.3667
21139,4.7,3.07,3.16,3.6433
48009,5.0,3.44,2.99,3.81
1384,5.0,3.54,3.16,3.9
1565,5.0,3.38,3.85,4.0767
59164,3.74,2.53,4.11,3.46
29159,5.0,3.6,3.51,4.0367
4668,5.0,3.41,3.98,4.13
42721,5.0,3.3,2.96,3.7533
10718,5.0,3.51,3.18,3.8967
38182,4.4,2.86,3.82,3.6933
70855,5.0,3.37,2.94,3.77
43729,5.0,3.23,3.27,3.8333
665,4.7,3.18,3.24,3.7067
1911,4.86,3.27,3.38,3.8367
41803,5.0,3.53,3.11,3.88
43026,4.1,2.75,3.89,3.58
4414,4.7,3.02,3.67,3.7967
55353,3.15,2.01,3.63,2.93
54769,4.7,3.18,3.36,3.7467
45276,5.0,3.49,3.33,3.94
56214,3.5,2.88,2.85,3.0767
60978,3.06,2.28,4.5,3.28
36980,4.4,2.86,3.72,3.66
10919,5.0,3.29,3.24,3.8433
50665,5.0,3.36,3.36,3.9067
22827,5.0,2.98,2.86,3.6133
59325,5.0,3.51,3.19,3.9
10490,5.0,3.49,3.43,3.9733
57264,4.64,3.49,3.5,3.8767
38240,5.0,3.6,2.92,3.84
8257,3.8,2.59,3.17,3.1867
45404,4.7,2.94,3.67,3.77
59557,4.05,3.5,4.39,3.98
33114,3.06,2.32,4.7,3.36
6379,4.4,3.6,2.79,3.5967
58876,5.0,3.46,3.28,3.9133
53752,3.5,2.88,2.85,3.0767
44955,3.44,2.26,3.44,3.0467
65343,4.14,3.01,3.61,3.5867
50222,3.96,3.02,4.07,3.6833
7225,5.0,3.44,2.86,3.7667
50078,5.0,3.6,3.6,4.0667
39794,5.0,3.43,3.28,3.9033
21396,5.0,3.49,4.36,4.2833
54631,5.0,3.3,2.96,3.7533
44670,4.7,3.18,3.63,3.8367
6073,3.06,2.27,3.7,3.01
21805,5.0,3.15,3.14,3.7633
1503,4.86,3.13,3.22,3.7367
34515,5.0,3.52,3.1,3.8733
18905,5.0,3.38,3.28,3.8867
44052,5.0,3.6,3.03,3.8767
33627,5.0,3.2,2.84,3.68
13383,5.0,3.31,3.06,3.79
3809,5.0,3.55,3.39,3.98
42888,5.0,3.56,3.33,3.9633
9014,2.83,2.34,4.89,3.3533
62152,5.0,3.5,3.06,3.8533
34893,5.0,3.46,3.28,3.9133
17599,5.0,3.31,3.22,3.8433
32638,5.0,3.4,3.97,4.1233
7218,3.5,2.88,2.85,3.0767
26697,3.54,2.34,3.33,3.07
45728,3.8,1.72,3.21,2.91
70461,4.17,3.28,3.79,3.7467
29421,4.4,3.6,3.19,3.73
2999,3.02,2.25,4.24,3.17
42039,3.45,2.8,3.78,3.3433
2964,4.7,3.32,3.44,3.82
2774,4.7,3.3,3.3,3.7667
24288,4.05,3.19,4.03,3.7567
10134,3.35,2.31,3.85,3.17
58810,4.86,3.25,3.11,3.74
51687,4.4,2.79,3.08,3.4233
47615,3.15,2.35,3.88,3.1267
36212,5.0,3.42,3.37,3.93
24606,5.0,3.27,3.08,3.7833
664,4.56,3.06,3.25,3.6233
52505,5.0,3.6,2.72,3.7733
44171,3.8,1.89,3.25,2.98
12352,5.0,3.36,3.31,3.89
40712,3.87,2.85,4.2,3.64
50752,3.1,2.32,3.8,3.0733
66509,5.0,3.37,3.16,3.8433
13845,5.0,3.56,3.2,3.92
33782,5.0,3.42,3.15,3.8567
9008,5.0,3.41,3.07,3.8267
50620,4.7,3.35,4.26,4.1033
4055,5.0,3.38,3.24,3.8733
32005,4.7,3.17,3.31,3.7267
29934,5.0,3.54,3.12,3.8867
33662,5.0,3.16,3.55,3.9033
17213,5.0,3.28,3.0,3.76
10308,4.44,3.49,3.35,3.76
66398,4.86,3.39,3.8,4.0167
70085,4.4,2.94,3.31,3.55
22578,4.35,3.2,3.54,3.6967
36741,3.35,2.52,4.26,3.3767
33702,4.74,3.52,3.47,3.91
10593,5.0,3.38,3.11,3.83
1680,4.86,3.09,3.51,3.82
38637,5.0,3.35,3.19,3.8467
42674,4.26,2.97,3.07,3.4333
23282,4.4,3.6,2.79,3.5967
15659,5.0,3.52,3.04,3.8533
45012,2.8,2.21,4.58,3.1967
44099,3.1,2.14,4.23,3.1567
68183,3.84,2.89,3.51,3.4133
37305,5.0,3.6,3.39,3.9967
18282,2.99,2.22,3.77,2.9933
4236,5.0,3.02,3.38,3.8
10468,2.88,2.33,3.84,3.0167
20515,4.86,3.12,3.45,3.81
53439,4.86,3.57,3.54,3.99
26719,5.0,3.06,3.44,3.8333
25146,4.4,3.48,3.33,3.7367
9342,3.44,1.87,3.96,3.09
36319,5.0,3.46,3.28,3.9133
7940,4.15,3.2,3.69,3.68
70862,5.0,3.54,3.33,3.9567
67886,5.0,3.31,3.27,3.86
38459,5.0,3.16,3.61,3.9233
22310,3.8,2.19,3.39,3.1267
45561,5.0,3.18,3.27,3.8167
2807,4.4,3.6,2.89,3.63
17313,5.0,3.35,3.04,3.7967
39159,4.74,3.27,3.27,3.76
5341,5.0,3.54,3.67,4.07
39204,2.94,2.16,3.98,3.0267
20911,4.4,3.6,2.79,3.5967
19341,4.55,3.6,3.7,3.95
33653,3.54,2.23,3.96,3.2433
64768,2.93,2.27,3.86,3.02
8356,5.0,3.44,3.48,3.9733
63142,4.4,3.08,3.5,3.66
34014,5.0,3.55,3.41,3.9867
56931,3.54,2.37,3.78,3.23
23336,4.04,2.61,3.38,3.3433
17432,4.7,3.29,3.12,3.7033
22790,5.0,3.23,3.27,3.8333
29092,5.0,3.55,3.31,3.9533
71792,4.56,3.25,3.95,3.92
18927,5.0,3.33,3.29,3.8733
72010,4.56,3.11,3.41,3.6933
37980,5.0,3.52,3.8,4.1067
59201,4.4,3.6,2.77,3.59
32220,4.04,2.7,4.04,3.5933
12096,5.0,3.19,3.27,3.82
7453,5.0,3.33,3.13,3.82
54116,4.4,3.6,2.71,3.57
61610,4.86,3.04,3.07,3.6567
41781,5.0,3.6,2.92,3.84
66595,3.06,2.2,3.91,3.0567
27809,5.0,3.58,3.82,4.1333
60643,4.4,3.04,3.41,3.6167
37982,4.7,3.09,3.39,3.7267
42468,2.99,2.29,3.8,3.0267
69692,4.55,3.58,4.6,4.2433
66794,5.0,3.41,3.84,4.0833
5507,4.4,3.6,2.85,3.6167
7627,5.0,3.23,3.07,3.7667
62136,4.3,3.09,3.34,3.5767
31773,4.26,2.99,3.59,3.6133
59656,5.0,3.56,3.28,3.9467
36611,5.0,3.49,3.43,3.9733
43276,5.0,3.55,3.39,3.98
70143,4.86,3.22,3.89,3.99
59061,4.56,3.09,4.6,4.0833
35905,3.66,2.54,3.53,3.2433
8231,3.66,2.35,3.75,3.2533
17377,4.4,3.6,2.79,3.5967
17261,3.27,2.28,3.49,3.0133
11391,3.1,2.22,3.92,3.08
18439,2.94,2.34,4.12,3.1333
20509,3.21,2.32,3.48,3.0033
33039,5.0,3.39,3.12,3.8367
4316,3.89,3.28,4.43,3.8667
10904,5.0,3.57,3.41,3.9933
55284,5.0,3.29,3.31,3.8667
25867,5.0,3.23,3.27,3.8333
13462,5.0,3.54,3.49,4.01
61958,5.0,3.17,2.9,3.69
32911,5.0,3.48,2.99,3.8233
3857,4.83,3.19,3.37,3.7967
49398,5.0,3.53,3.33,3.9533
58774,4.4,2.96,3.09,3.4833
10544,4.86,3.41,3.95,4.0733
3886,2.84,2.21,4.54,3.1967
41838,5.0,3.08,3.57,3.8833
68102,3.02,2.39,4.32,3.2433
28929,3.21,2.32,3.98,3.17
66101,5.0,3.41,2.97,3.7933
7249,5.0,3.23,3.27,3.8333
38524,5.0,3.52,3.21,3.91
762,5.0,3.25,3.11,3.7867
50744,5.0,3.36,3.85,4.07
20288,5.0,3.13,2.97,3.7
58230,3.74,2.63,3.63,3.3333
4389,5.0,3.25,3.28,3.8433
22621,4.35,3.33,4.11,3.93
2668,5.0,3.42,3.31,3.91
6218,5.0,3.49,3.0,3.83
17708,5.0,3.41,3.23,3.88
27661,4.1,3.36,2.9,3.4533
5641,4.3,3.52,3.96,3.9267
26553,5.0,3.6,3.35,3.9833
54123,5.0,3.25,3.28,3.8433
38538,5.0,3.49,3.49,3.9933
23333,2.78,2.26,4.84,3.2933
64505,5.0,3.34,3.14,3.8267
56744,2.63,2.17,4.65,3.15
16904,5.0,3.23,3.27,3.8333
56421,5.0,3.51,3.13,3.88
58310,4.55,3.51,2.86,3.64
68905,4.3,3.39,4.02,3.9033
5035,5.0,3.6,2.87,3.8233
22241,4.7,3.33,3.44,3.8233
22736,3.27,2.29,3.81,3.1233
4903,4.14,3.08,4.0,3.74
51527,3.44,2.33,4.35,3.3733
5190,4.4,3.4,2.89,3.5633
19990,3.96,2.85,3.59,3.4667
25354,5.0,3.53,3.27,3.9333
18071,5.0,3.53,3.12,3.8833
18837,4.44,3.17,3.32,3.6433
36695,5.0,3.54,3.47,4.0033
12585,4.1,3.36,2.9,3.4533
28349,4.55,3.49,4.39,4.1433
22948,5.0,3.47,3.29,3.92
67745,3.27,2.34,4.26,3.29
38330,5.0,3.48,3.38,3.9533
11158,4.7,3.31,3.94,3.9833
50676,5.0,3.57,3.29,3.9533
23406,3.54,2.36,3.35,3.0833
71336,4.7,3.26,3.63,3.8633
13386,5.0,3.54,3.15,3.8967
35333,5.0,3.58,3.93,4.17
3709,5.0,3.39,3.12,3.8367
44766,5.0,3.16,3.27,3.81
30447,5.0,3.54,3.28,3.94
56360,5.0,3.56,3.4,3.9867
51815,3.35,2.3,4.46,3.37
25522,3.74,2.66,4.01,3.47
24881,5.0,3.4,3.18,3.86
66448,2.81,2.0,4.85,3.22
67504,3.8,2.19,3.39,3.1267
41774,4.2,3.55,3.5,3.75
14089,3.27,2.15,4.06,3.16
43801,5.0,3.53,3.24,3.9233
70898,5.0,3.25,3.12,3.79
52565,5.0,3.48,3.53,4.0033
13436,5.0,3.4,2.79,3.73
30305,5.0,3.13,3.24,3.79
17396,5.0,3.52,3.67,4.0633
65378,4.4,3.6,2.89,3.63
34293,3.74,2.78,3.94,3.4867
28826,3.5,2.88,2.85,3.0767
786,5.0,3.38,3.0,3.7933
5708,5.0,3.38,3.46,3.9467
37797,3.35,2.25,3.49,3.03
26519,3.27,2.16,3.8,3.0767
31366,3.35,2.26,4.18,3.2633
13155,3.06,2.18,4.21,3.15
22285,3.02,3.5,3.16,3.2267
12734,5.0,3.19,3.4,3.8633
62272,5.0,3.44,3.2,3.88
13468,5.0,2.99,3.03,3.6733
8669,4.26,2.62,4.05,3.6433
59255,4.35,3.6,3.83,3.9267
61249,3.27,2.14,3.76,3.0567
24214,2.98,2.73,4.12,3.2767
29127,5.0,3.35,2.93,3.76
41316,5.0,3.01,3.44,3.8167
28796,4.4,3.02,3.95,3.79
